Compound	CMap_Score	a_score	b_score
DB02656	0.27006061800798387	0.12990269358610007	-0.1401579244218838
DB04430	0.25923927016942255	0.1312817943368434	-0.12795747583257916
DB02774	0.2580144269101626	0.12907090718928477	-0.1289435197208778
DB03423	0.25626497191955233	0.0835997349673363	-0.17266523695221603
DB07046	0.24708757602720205	0.1017013563758426	-0.14538621965135945
DB07867	0.2463155149423435	0.06547237691587404	-0.18084313802646945
DB08202	0.244777826933365	0.1129165092350741	-0.1318613176982909
DB16276	0.24221452860874276	0.11727093018798695	-0.12494359842075581
DB04336	0.23600770927704742	0.06993850585097935	-0.16606920342606807
DB08427	0.2357350071956903	0.0661672662756887	-0.1695677409200016
DB00222	0.23481167170129397	0.13005328032680058	-0.10475839137449339
DB12270	0.2346434761812527	0.09298238408927878	-0.14166109209197392
DB08029	0.22909879279735662	0.13330759669037723	-0.09579119610697939
DB08496	0.2276172707773727	0.09676101610456744	-0.13085625467280526
DB08698	0.2275311338882311	0.1610002245111407	-0.06653090937709039
DB08205	0.22541195820450682	0.06152700430951874	-0.16388495389498808
DB04274	0.22515356982264634	0.0852487966750447	-0.13990477314760164
DB11056	0.22211156802884946	0.06030232341651198	-0.16180924461233748
DB15952	0.22183807958544266	0.09588843439072603	-0.12594964519471663
DB17640	0.22083638804744965	0.07472908076377593	-0.14610730728367372
DB11889	0.21987967196158936	0.10283459004813295	-0.11704508191345642
DB02075	0.2195260478131047	0.07349481707817906	-0.14603123073492563
DB13774	0.21938078095493513	0.14723988193999527	-0.07214089901493986
DB02018	0.2192017164468864	0.09147542150597693	-0.12772629494090948
DB03367	0.21834673396142973	0.13231235523138335	-0.08603437873004638
DB16109	0.2179696813177059	0.07520383968809374	-0.14276584162961214
DB14633	0.21751882843643078	0.07197717652599123	-0.14554165191043955
DB06614	0.2154252174784534	0.09720127697556113	-0.11822394050289226
DB00507	0.214774711411495	0.14862418477814465	-0.06615052663335036
DB12474	0.21405091449130914	0.06682574102366134	-0.1472251734676478
DB02683	0.21384456608542102	0.09362689533947732	-0.1202176707459437
DB02401	0.21294096923356892	0.0943759959259442	-0.11856497330762472
DB01048	0.2124063512839096	0.12274325234504624	-0.08966309893886337
DB16256	0.21224947364681096	0.1464757226794583	-0.06577375096735266
DB18061	0.2122293816188921	0.12807101123103287	-0.08415837038785923
DB03291	0.2111782957197581	0.07364074931962172	-0.13753754640013638
DB13351	0.21069260095074038	0.08486658014773929	-0.1258260208030011
DB00594	0.2104151138403923	0.06111357525777711	-0.1493015385826152
DB12991	0.20964177292742026	0.10535787623412679	-0.10428389669329347
DB07270	0.2087107807499079	0.10790443491641066	-0.10080634583349724
DB02021	0.20805194624925683	0.10051774459393603	-0.1075342016553208
DB03487	0.20801478666284112	0.10982619552182415	-0.09818859114101697
DB13752	0.20740803352563875	0.09727739172813343	-0.11013064179750531
DB02862	0.20668402011711506	0.14142476960228667	-0.06525925051482839
DB14879	0.20581769109584747	0.10706114916848741	-0.09875654192736005
DB03380	0.20577435204085465	0.06038911613797027	-0.14538523590288438
DB06682	0.20561328153404151	0.05781818978310038	-0.14779509175094113
DB04391	0.20522807555748612	0.07241908016142895	-0.13280899539605717
DB03787	0.20517856976852422	0.09478723462509375	-0.11039133514343047
DB01022	0.20501234492908543	0.0490603387380284	-0.15595200619105704
DB09409	0.20464937357826063	0.04885116006549156	-0.15579821351276907
DB19419	0.204356353429691	0.0985833894611185	-0.1057729639685725
DB04977	0.20425569590367143	0.09785673998871969	-0.10639895591495174
DB19163	0.2036999607901417	0.09496656974356443	-0.10873339104657725
DB00426	0.20327004360457157	0.09120600813715984	-0.11206403546741173
DB06287	0.20314902025655912	0.04268915063602363	-0.1604598696205355
DB02100	0.20250170420892805	0.06420142482436109	-0.13830027938456696
DB13063	0.20225772185247282	0.046287352356545575	-0.15597036949592724
DB09251	0.20185507264648211	0.12013344723166813	-0.08172162541481398
DB02365	0.20176561202462823	0.10953296206856894	-0.09223264995605929
DB14184	0.20161889660478804	0.08284077779420551	-0.11877811881058253
DB12147	0.2014219399723684	0.05797370481713293	-0.14344823515523547
DB15665	0.2012663803672075	0.04095931967648492	-0.1603070606907226
DB13235	0.20080304757000111	0.0718175545808486	-0.12898549298915252
DB17219	0.20055119204209249	0.06126224543995973	-0.13928894660213276
DB13693	0.1996209766756738	0.1009552675241897	-0.0986657091514841
DB04121	0.19950652120178541	0.05605303938801548	-0.14345348181376993
DB08571	0.1992576201029541	0.09846045592189201	-0.1007971641810621
DB00162	0.19879376837046808	0.09698662242154432	-0.10180714594892376
DB18008	0.1984462281810001	0.05581155301474661	-0.1426346751662535
DB06844	0.1982457790823111	0.06735443738055735	-0.13089134170175376
DB01685	0.19789453312188793	0.07564902885241953	-0.1222455042694684
DB11739	0.19732408316870664	0.10679036682930032	-0.09053371633940632
DB04158	0.19694181888662088	0.11109304070222703	-0.08584877818439385
DB00593	0.19671314034544157	0.055277654570444534	-0.14143548577499704
DB04271	0.19654970756882706	0.15845339203478281	-0.038096315534044245
DB13279	0.19626937745722228	0.16371845207782326	-0.03255092537939902
DB01526	0.1960350893211779	0.07128037060765857	-0.12475471871351934
DB11824	0.19584925000162362	0.07998401042607833	-0.11586523957554529
DB02306	0.19563893476531452	0.13482852277145313	-0.06081041199386139
DB06148	0.1956385399924636	0.09305685607740705	-0.10258168391505657
DB08051	0.1955478886847531	0.1256378032953855	-0.0699100853893676
DB08392	0.19548235957515814	0.13790487298692905	-0.05757748658822909
DB12212	0.1947743758545719	0.13400659296130202	-0.060767782893269895
DB00694	0.1944544251935375	0.08501470274177392	-0.10943972245176359
DB13357	0.19441244237430655	0.05142263400850955	-0.142989808365797
DB19204	0.19437229970594522	0.1368849900612752	-0.057487309644670026
DB12678	0.19372121421431865	0.1197066022703005	-0.07401461194401815
DB15494	0.19333844373156095	0.0499184093659476	-0.14342003436561335
DB12921	0.19314418046875337	0.10579813710512054	-0.08734604336363283
DB13086	0.1928881034182618	0.10504985790087562	-0.08783824551738617
DB07647	0.192767605372833	0.08418702325606864	-0.10858058211676436
DB08194	0.192608196732376	0.08441947442489556	-0.10818872230748044
DB18763	0.1924626401618721	0.03184471495298957	-0.16061792520888252
DB08731	0.1924216983968529	0.08728390802709463	-0.10513779036975829
DB02139	0.19240350382553995	0.1004843417169079	-0.09191916210863205
DB05034	0.1923634534830872	0.09360855113651917	-0.09875490234656803
DB07840	0.19234400455287703	0.12113635492473396	-0.07120764962814308
DB15795	0.19229452741678338	0.07273531231690011	-0.11955921509988326
DB18897	0.19220317570562784	0.07977154622465349	-0.11243162948097435
DB08122	0.19215307457373765	0.10318614163915035	-0.0889669329345873
DB16163	0.19136399050151048	0.010034552812138886	-0.1813294376893716
DB12403	0.1913279929480834	0.0777824322770358	-0.1135455606710476
DB03772	0.1911906374651915	0.11051670417645476	-0.08067393328873673
DB16354	0.19110743590321552	0.018233316358100743	-0.17287411954511478
DB12479	0.19082690840518512	0.08555106533274193	-0.1052758430724432
DB18765	0.19049570035059643	0.1026341727859642	-0.08786152756463222
DB05804	0.1903338880528619	0.13574929224231874	-0.054584595810543146
DB03160	0.19022003428920575	0.06755348567235614	-0.12266654861684961
DB12934	0.18964708198553426	0.11418308062140303	-0.07546400136413123
DB02465	0.18943286677549662	0.09631582694024171	-0.0931170398352549
DB19207	0.1893655166169444	0.06830313384697101	-0.12106238276997339
DB07316	0.18924379923279072	0.1303700600704198	-0.05887373916237093
DB04289	0.18896658910016884	0.12148078786982741	-0.06748580123034142
DB19166	0.18893108182915325	0.018274659263274873	-0.17065642256587837
DB17234	0.18878273001217305	0.1391870506354761	-0.049595679376696955
DB02519	0.18855181017996936	0.12414973250318972	-0.06440207767677963
DB08609	0.1877384953321931	0.054733078157256365	-0.13300541717493675
DB13319	0.18760517672006677	0.09685437988380186	-0.09075079683626491
DB16025	0.18759038547276657	0.10588876294361482	-0.08170162252915175
DB05611	0.18750514318984357	0.11545704444772992	-0.07204809874211365
DB02720	0.18675043937581573	0.06937449005853716	-0.11737594931727857
DB00946	0.18659505487151606	0.07089377337516906	-0.11570128149634701
DB06755	0.18657881187889336	0.10986151495737023	-0.07671729692152313
DB19357	0.18626291719053656	0.06065004189049328	-0.12561287530004328
DB00913	0.18588796257349616	0.05702117523368322	-0.12886678733981294
DB08583	0.18576936198467336	0.053211878282106495	-0.13255748370256687
DB04175	0.18567425356413025	0.10760463040537949	-0.07806962315875077
DB18268	0.18550552955785313	0.09727739172813343	-0.0882281378297197
DB08236	0.1854618976068742	0.10781463046013828	-0.07764726714673592
DB08826	0.1849339685101158	0.041832996566622316	-0.14310097194349347
DB05403	0.1849262927250877	0.10961510029076932	-0.07531119243431839
DB17074	0.1849232013989731	0.055961318373225155	-0.12896188302574796
DB12732	0.18481810586203307	0.08021481883046122	-0.10460328703157185
DB05255	0.18472547750641605	0.008306912205192196	-0.17641856530122385
DB07712	0.18451332848654148	0.05444997508473928	-0.1300633534018022
DB11480	0.18446881784760422	0.053056089453999866	-0.13141272839360435
DB02705	0.18446330057864788	0.04970156445933885	-0.13476173611930903
DB03454	0.18432491995980443	0.1359113783341273	-0.04841354162567714
DB17053	0.18385199800270402	0.035256462909116826	-0.1485955350935872
DB02223	0.18378276948945801	0.06944430754740741	-0.1143384619420506
DB00425	0.18377819776515264	0.07309206599532359	-0.11068613176982905
DB12691	0.18366262164575198	0.0828287308549494	-0.10083389079080257
DB08218	0.183553848990725	0.03561349038161418	-0.1479403586091108
DB16580	0.18269003505455567	0.06633783998379139	-0.11635219507076427
DB06886	0.18261988964952702	0.006425946916804981	-0.17619394273272204
DB19178	0.18259468786011085	0.053545907052387764	-0.12904878080772308
DB08428	0.18199945635958048	0.05024176016734294	-0.13175769619223754
DB04570	0.18195600269311496	0.0882821612209026	-0.09367384147221236
DB07327	0.18191911690077334	0.09257114539012917	-0.08934797151064416
DB03707	0.1818768634711206	0.05886764246874643	-0.12300922100237416
DB06499	0.18179329260550975	0.04101298331498915	-0.1407803092905206
DB12608	0.1815196927342821	0.06449986036502231	-0.11701983236925978
DB02141	0.18144380083735134	0.07531144075917617	-0.10613236007817517
DB03474	0.181288438618616	0.06251622229888465	-0.11877221631973134
DB14135	0.18124445328226246	0.0640442670258845	-0.11720018625637796
DB01208	0.18085592357299485	0.07597128447751877	-0.10488463909547607
DB07362	0.18059158176185086	0.11681287270218321	-0.06377870905966765
DB06956	0.18046175561599398	0.12415986288392777	-0.056301892732066205
DB00918	0.18042596181629644	0.1065362859286274	-0.07388967588766904
DB08025	0.18039093846038845	0.13440332057452953	-0.04598761788585892
DB12328	0.18030795657040188	0.08377304661617901	-0.09653490995422287
DB09198	0.18015296683895327	0.10718243994326992	-0.07297052689568334
DB08622	0.17989675289142462	0.08092640962879	-0.09897034326263462
DB13266	0.1797707057405193	0.07561535218131737	-0.10415535355920191
DB03350	0.1796977650890142	0.06096161954670648	-0.11873614554230771
DB13516	0.17965522513067933	0.06653497171707212	-0.11312025341360721
DB08499	0.17950965582556744	0.10456277824322768	-0.07494687758233975
DB00904	0.1794558680246343	0.030699981929591114	-0.1487558860950432
DB01267	0.17940721545441474	0.07598442659307081	-0.10342278886134393
DB08643	0.17919455068291243	0.02806553534955289	-0.15112901533335954
DB12234	0.17917403204562257	0.07136962747578293	-0.10780440456983964
DB07088	0.17915861680252582	0.14900475854100614	-0.030153858261519673
DB08086	0.1791004132762365	0.06042689972018245	-0.11867351355605404
DB08693	0.1789550349902459	0.026754061735087764	-0.15220097325515813
DB12061	0.17888911110779998	0.06589018667279956	-0.11299892443500043
DB13614	0.17882593471705038	0.11056133261051698	-0.0682646021065334
DB00394	0.17879065666898059	0.10645825461753705	-0.07233240205144353
DB18012	0.17878559466226357	0.06571879158247501	-0.11306680307978856
DB07205	0.17869179153905002	0.10817932416670772	-0.07051246737234229
DB03771	0.1785250732335475	0.12457794643492737	-0.053947126798620126
DB04526	0.1784552398264171	0.07647397039738468	-0.1019812694290324
DB12837	0.17833548357190993	0.13182582316188346	-0.046509660410026465
DB01414	0.1782402032341574	0.09853821343890828	-0.07970198979524912
DB13014	0.1780687381034884	0.08375086929618503	-0.09431786880730336
DB12045	0.1780279364191581	0.015037865720434362	-0.16299007069872373
DB19143	0.1778863721482914	0.05383503359453279	-0.1240513385537586
DB00588	0.17781812101621658	0.08370487189175274	-0.09411324912446384
DB04543	0.17777577526065516	0.0990231027439642	-0.07875267251669096
DB16205	0.17776103176813535	0.0539930127752315	-0.12376801899290385
DB12903	0.177698864595077	0.08934283946358262	-0.08835602513149438
DB15951	0.17732968193915483	0.048900990586959736	-0.1284286913521951
DB03290	0.17698825754522346	0.10961263614410333	-0.06737562140112013
DB13820	0.17695748754841858	0.11065579156604735	-0.06630169598237123
DB06246	0.1768964633064365	0.08319999561929481	-0.09369646768714168
DB00684	0.17667121674213837	0.10941495682267455	-0.06725625991946382
DB08063	0.17665154495628654	0.0362637513073667	-0.14038779364891985
DB05932	0.17664246518071614	0.04957069089196631	-0.12707177428874983
DB09246	0.17642661675719068	0.0376006877707139	-0.13882592898647678
DB16108	0.17636760139963525	0.06713184279839446	-0.1092357586012408
DB11405	0.17612110395808167	0.07349810260706713	-0.10262300135101454
DB07602	0.17610205298437448	0.08315454580301063	-0.09294750718136385
DB16634	0.17603793104897392	0.08912572076289982	-0.0869122102860741
DB01622	0.17582057357438918	0.05528285665785049	-0.1205377169165387
DB01053	0.17581268448467563	0.11942979646148538	-0.05638288802319025
DB12269	0.17576219176358654	0.05550189191705135	-0.12026029984653519
DB02179	0.17564860224304846	0.09889195538251772	-0.07675664686053074
DB00453	0.1754338744650351	0.10633833281312466	-0.06909554165191045
DB00487	0.1751255600521457	0.11752446350051199	-0.0576010965516337
DB00571	0.17497307585483918	0.03170781791598898	-0.1432652579388502
DB15979	0.17487428076525313	0.07774026798963962	-0.09713401277561351
DB13134	0.17482431653040004	0.060870172325990235	-0.1139541442044098
DB04241	0.17468841597648277	0.05563550342516388	-0.11905291255131889
DB02651	0.17468809124397633	0.12684413998543415	-0.04784395125854218
DB18298	0.17454581701870858	0.06569798323285092	-0.10884783378585766
DB01366	0.17446874717052924	0.11755430705457809	-0.05691444011595115
DB13124	0.17434119733586903	0.1003285528888013	-0.07401264444706773
DB02699	0.17425413400398876	0.06107223235260295	-0.11318190165138581
DB01804	0.1742255161559515	0.0587137701991578	-0.1155117459567937
DB08014	0.17418542442602247	0.05649795475826719	-0.11768746966775528
DB17525	0.1740372859137279	0.055608397811837795	-0.11842888810189012
DB12318	0.174036480449766	0.08251934355132817	-0.09151713689843782
DB08833	0.17374958883134117	0.017901204146337446	-0.15584838468500373
DB05020	0.17374058864707154	0.12377600359217833	-0.04996458505489321
DB08272	0.17346380512382042	0.0972275612066652	-0.07623624391715522
DB08680	0.1733944015097132	0.1523628428586291	-0.021031558651084088
DB02516	0.1732995159448118	0.05805502165711124	-0.11524449428770056
DB06736	0.17324346456729012	0.03037334559930782	-0.1428701189679823
DB01224	0.17320153268649158	0.05394236087154125	-0.11925917181495033
DB02595	0.1731995078838049	0.06770297723676066	-0.10549653064704423
DB04763	0.17312872574837151	0.040429254349218846	-0.13269947139915267
DB00145	0.173085682773017	0.05815139717115969	-0.11493428560185731
DB03867	0.17292521079278406	0.09525761284422757	-0.07766759794855649
DB12237	0.1726182717175688	0.05715341777142577	-0.11546485394614303
DB07662	0.1725494570790859	0.020517032729343604	-0.1520324243497423
DB08027	0.1725369548775904	0.040715642950623965	-0.13182131192696644
DB00950	0.17251010714007825	0.059095712932389285	-0.11341439420768895
DB03412	0.1724351512368424	0.09238688197832645	-0.08004826925851594
DB11882	0.1723566169087325	0.11427151610730535	-0.05808510080142715
DB17516	0.1723190434475539	0.10094677990789569	-0.0713722635396582
DB02125	0.1722030534533901	0.1026582666644763	-0.06954478678891379
DB17191	0.17209647115095517	0.017543355291618046	-0.15455311585933712
DB07671	0.17203436765093727	0.054589883856553834	-0.11744448379438344
DB12472	0.17192751155442831	0.029937191639424154	-0.14199031991500416
DB08593	0.17184638254991935	0.033421495025161674	-0.13842488752475768
DB15122	0.17177166223693324	0.07571747737091977	-0.09605418486601347
DB14679	0.17171644497624172	0.04234663424944829	-0.12936981072679343
DB15797	0.17164643646825006	0.06555670549066639	-0.10608973097758367
DB06936	0.17161897746954935	0.08283174258976339	-0.08878723487978596
DB01080	0.17153383069618708	0.026797868786927997	-0.14473596190925908
DB01587	0.17141530651501286	0.1243816360838686	-0.04703367043114426
DB02940	0.1713796718979164	0.06792310767225762	-0.10345656422565877
DB14650	0.1713276032690758	0.08284926541049942	-0.0884783378585764
DB04912	0.17126064788337442	0.11950728018442769	-0.05175336769894673
DB04304	0.1711299143966909	0.11614919586680461	-0.054980718529886285
DB07048	0.17103828889146133	0.07659745152475927	-0.09444083736670206
DB12434	0.17098355236222526	0.06138216724437218	-0.10960138511785308
DB16846	0.17082751839291282	0.025905300105684537	-0.1449222182872283
DB09120	0.17074746546278774	0.11189635251534613	-0.05885111294744161
DB01161	0.17060369492106897	0.08819016641203814	-0.08241352850903083
DB01771	0.17052556810041797	0.05501152673051546	-0.11551404136990251
DB09227	0.17024470631892513	0.05785898510012644	-0.1123857212187987
DB14500	0.17004517411201908	0.020269796680520702	-0.14977537743149838
DB09526	0.16997380300096132	0.06979312119768477	-0.10018068180327655
DB03023	0.16980719293962765	0.05268865780669041	-0.11711853513293724
DB18791	0.1696847305809006	0.044630624414765174	-0.12505410616613544
DB00316	0.16952481255611984	0.032502094524666125	-0.13702271803145372
DB07379	0.16931463421684767	0.1072424008454761	-0.06207223337137158
DB02177	0.1689686794860873	0.05568971465181616	-0.11327896483427113
DB15346	0.16886985574363295	0.08726857555895057	-0.08160128018468238
DB03994	0.1688573981132659	0.07802035932734269	-0.0908370387859232
DB00627	0.16880801967038506	0.04295281432928666	-0.1258552053410984
DB02376	0.1687784658286532	0.0768852090965344	-0.09189325673211879
DB00736	0.16872176816977064	0.06294224587803021	-0.10577952229174042
DB07756	0.16862639232245752	0.07153992738981158	-0.09708646493264594
DB19446	0.16859643734057062	0.08862686796006991	-0.0799695693805007
DB04307	0.1685115293411102	0.07253571643695345	-0.09597581290415674
DB12467	0.16842764329394905	0.07129789342839465	-0.0971297498655544
DB13047	0.16838607116582915	0.06242422749002019	-0.10596184367580896
DB16240	0.16824413759132778	0.04781594467169353	-0.12042819291963425
DB07032	0.16815750723612266	0.12669054150991954	-0.04146696572620312
DB12007	0.16810063447637907	0.12046884497231941	-0.04763178950405966
DB15246	0.168074203797282	0.07104381252772174	-0.09703039126956026
DB00452	0.1679649886146236	0.07653310991736895	-0.09143187869725466
DB11637	0.1679621392460628	0.11431833489395954	-0.05364380435210325
DB06683	0.16790681374120242	0.09191814652363661	-0.07598866721756581
DB12752	0.16785273941158724	0.07134799774393685	-0.09650474166765038
DB08804	0.1677138971632005	0.016400265032663675	-0.15131363213053683
DB03627	0.16769111813297397	0.05566151386219392	-0.11202960427078004
DB08320	0.16757130457273034	0.07858108959089694	-0.0889902149818334
DB00941	0.16755648148891	0.10051500665319602	-0.06704147483571399
DB18768	0.1674838401006951	0.09112003679792358	-0.07636380330277154
DB15041	0.1673867036938131	0.08138118158570573	-0.08600552210810736
DB14552	0.16730061774310395	0.06936353829557712	-0.09793707944752683
DB12083	0.16725654008084184	0.12262059259989377	-0.04463594748094807
DB01724	0.1672269798718058	0.06791462005596349	-0.0993123598158423
DB19319	0.16721294633368727	0.057684030686839805	-0.10952891564684747
DB00270	0.16713498506294144	0.08900141825330332	-0.07813356680963812
DB15143	0.16711537695013007	0.026289159397433995	-0.1408262175526961
DB00997	0.16707937621305102	0.07127735887284453	-0.09580201734020649
DB11873	0.16698550623314498	0.11060130654532113	-0.05638419968782385
DB14086	0.16681784238299158	0.07366374802183784	-0.09315409436115374
DB15619	0.1668005838053734	0.09786604898723572	-0.06893453481813769
DB01810	0.16679928805900002	0.06166444893466727	-0.10513483912433275
DB12562	0.16676521979869902	0.07028376017829469	-0.09648145962040433
DB08351	0.16646241310380983	0.08417086940570256	-0.08229154369810726
DB17159	0.1664128786619798	0.06402564902885244	-0.10238722963312735
DB03139	0.16635121132228914	0.08826847151720246	-0.07808273980508668
DB04896	0.16632730209559443	0.11936052656076312	-0.046966775534831307
DB01051	0.1663159237232632	0.047725045039125114	-0.11859087868413809
DB12340	0.16626844910429223	0.057322896303232396	-0.10894555280105983
DB16853	0.16619926197852267	0.06341590962605206	-0.1027833523524706
DB12619	0.16619276414474313	0.06183967714202798	-0.10435308700271514
DB15956	0.16617892799305012	0.08859757199415186	-0.07758135599889826
DB16830	0.1660658064693592	0.06293978173136427	-0.10312602473799493
DB12966	0.16601638027169796	0.1256761344657456	-0.04034024580595236
DB08482	0.16600481724754942	0.06866618478909645	-0.09733863245845298
DB12967	0.1658994542838394	0.060266182598743834	-0.10563327168509556
DB19031	0.1658683691054842	0.07558550862725127	-0.09028286047823292
DB11324	0.16580651393032408	0.07494291393557073	-0.09086359999475335
DB08652	0.16574566797285528	0.023072626616069458	-0.14267304135678582
DB19053	0.16569808829336768	0.05452828018990358	-0.11116980810346411
DB09325	0.1655411692687928	0.10652478657751929	-0.05901638269127352
DB03030	0.16551561091035	0.05639363921607282	-0.10912197169427718
DB02134	0.16547959107135868	0.05436126580476286	-0.11111832526659582
DB02042	0.16545714632459468	0.08601158696521172	-0.07944555935938297
DB07738	0.16535676577630104	0.06709734474507034	-0.0982594210312307
DB08316	0.16532681716171815	0.053956324369315356	-0.1113704927924028
DB07657	0.16525584719081554	0.08002617471347451	-0.08522967247734103
DB12371	0.16503800580112338	0.08826299563572249	-0.07677501016540089
DB04400	0.1649875449165546	0.11453764394723442	-0.05044990096932017
DB15492	0.16488502177044928	0.10974624765221586	-0.055138774118233425
DB01675	0.1648353281460181	0.09104173169275925	-0.07379359645325884
DB01965	0.16470796933047935	0.1248733702407746	-0.039834599089704735
DB19094	0.16464982947723034	0.04588843439072604	-0.1187613950865043
DB12791	0.1646185500961017	0.0408029832602303	-0.12381556683587142
DB04759	0.16461532824025413	0.037138249579726085	-0.12747707866052804
DB06600	0.16448492266972914	0.04339663452324238	-0.12108828814648676
DB01881	0.16440506394237742	0.08803273481948759	-0.07637232912288983
DB01704	0.16435213572749052	0.03559487238458209	-0.12875726334290843
DB15123	0.16418901494877436	0.060900015880056224	-0.10328899906871813
DB03782	0.164094145302133	0.08050339778445836	-0.08359074751767465
DB03308	0.16396393393438144	0.05017276406069467	-0.11379116987368676
DB02265	0.16390052832068594	0.09433081990373401	-0.06956970841695193
DB08746	0.16385985079878465	0.1297145970572613	-0.03414525374152336
DB02829	0.16385573433671852	0.0604726233305406	-0.10338311100617792
DB02784	0.16369477525772624	0.013486548497144368	-0.15020822676058188
DB03386	0.16367288128276214	0.11868671934464647	-0.044986161938115665
DB07508	0.16363648258918007	0.03270251178683481	-0.13093397080234526
DB02846	0.16346811196827749	0.06875051336388871	-0.09471759860438878
DB08368	0.16343165278530708	0.05904642999906912	-0.10438522278623796
DB06391	0.1634191187472915	0.08876047946818241	-0.0746586392791091
DB08229	0.16334306448410757	0.055664251802933884	-0.10767881268117369
DB02590	0.1633066466886135	0.06321220683499529	-0.10009443985361821
DB04487	0.16330251112463529	0.09672405390457728	-0.06657845722005801
DB11154	0.16327723292757051	0.056494943023453204	-0.10678228990411731
DB01036	0.1632658577388914	0.04092427403501281	-0.1223415837038786
DB08748	0.16325746244850603	0.08216478022549678	-0.08109268222300925
DB11474	0.16316830745724636	0.014841007781227544	-0.14832729967601882
DB07741	0.16310609571305967	0.06830094349437899	-0.09480515221868069
DB03831	0.1628599516568808	0.005785816371790459	-0.15707413528509034
DB03509	0.16281872336317937	0.07263948439099982	-0.09017923897217955
DB07220	0.16256530147847525	0.03284953920457345	-0.1297157622739018
DB00118	0.16241833136647313	0.04911674031727256	-0.11330159104920057
DB04268	0.16216489674716078	0.05071898323832674	-0.11144591350883404
DB01168	0.16214881930444336	0.02536154507471844	-0.13678727422972492
DB15630	0.16208138000363442	0.06413872598141485	-0.09794265402221958
DB11220	0.16202749987679263	0.08298068656601995	-0.07904681331077268
DB13834	0.16191852665168827	0.08332128639407732	-0.07859724025761095
DB00733	0.16190822435374086	0.05448584210843338	-0.10742238224530748
DB01976	0.16189547064373572	0.06632004336898134	-0.09557542727475438
DB12751	0.16188916382907753	0.09848591877077406	-0.06340324505830347
DB14856	0.16179503278970575	0.12478739890153823	-0.037007633888167524
DB12131	0.1617825528737744	0.0839427989420597	-0.07783975393171472
DB04918	0.16159613094589997	0.0772019888401535	-0.08439414210574647
DB05340	0.16155642125421377	0.07924421883812749	-0.08231220241608628
DB13686	0.16149571856108608	0.06831080008104307	-0.09318491848004301
DB08430	0.16144606632413122	0.09621534451508335	-0.06523072180904788
DB07730	0.1614313769536958	0.1377614048921525	-0.02366997206154331
DB07454	0.1614252197706828	0.0592035877975457	-0.1022216319731371
DB06272	0.1613797922399628	0.09129033671195219	-0.0700894555280106
DB03178	0.16136602612861423	0.05601443442358134	-0.10535159170503289
DB05100	0.16092991037255483	0.014396639999123884	-0.14653327037343095
DB13731	0.1608420097401924	0.053924290462657204	-0.10691771927753518
DB16880	0.16070758321716178	0.07511294005552543	-0.08559464316163634
DB12279	0.16050219627418483	0.03613835362147422	-0.12436384265271061
DB00249	0.16043880339509742	0.05503507302087951	-0.10540373037421791
DB06965	0.16041202251427772	0.1061625570176159	-0.05424946549666182
DB00803	0.1604012904233072	0.12095756739441127	-0.03944372302889593
DB17816	0.16034209678123867	0.06444072084503805	-0.09590137593620063
DB01145	0.16025198987802408	0.010669755063821396	-0.14958223481420269
DB06210	0.16018372282768917	0.06503786572043435	-0.09514585710725482
DB07170	0.16003931237191377	0.09613402767510504	-0.06390528469680873
DB16290	0.15990759832040696	0.05656777224713744	-0.10333982607326953
DB18633	0.15985372137721726	0.0862404788110766	-0.07361324256614066
DB07259	0.15981825231002617	0.06342631380086416	-0.096391938509162
DB01650	0.15975674096928455	0.05842081053997672	-0.10133593042930783
DB08235	0.1597369513883078	0.02308248320273354	-0.13665446818557425
DB17129	0.15972816450872368	0.04483158926508196	-0.11489657524364172
DB07271	0.15950968638862678	0.0836479227243605	-0.07586176366426628
DB00818	0.159479323899281	0.022464803771787167	-0.13701452012749382
DB14483	0.15924384189372787	0.07850826036721259	-0.08073558152651528
DB14052	0.15923592733479802	0.11525909133222717	-0.04397683600257085
DB13479	0.15923198915724524	0.047434549526610026	-0.11179743963063521
DB19191	0.1592026963749792	0.07270300461616808	-0.08649969175881111
DB07918	0.15916803913905386	0.10177418559952689	-0.05739385353952697
DB16621	0.1591537636433815	0.037160426899720184	-0.12199333674366131
DB19148	0.15914973950722422	0.05208904878462817	-0.10706069072259605
DB01253	0.159110306793264	0.11625953487862706	-0.04285077191463693
DB19216	0.159003323350674	0.044445813414814433	-0.11455750993585956
DB13118	0.15893893398850345	0.14706410614448662	-0.011874827844016833
DB04474	0.15892669603012605	0.056203352334642076	-0.10272334369548397
DB04463	0.1589156423903012	0.08594806674004352	-0.07296757565025769
DB08153	0.15887182260385296	0.10614585557910183	-0.052725967024751116
DB05377	0.1588567066240465	0.044510702610352726	-0.11434600401369377
DB07959	0.15878165202759786	0.053949479517465315	-0.10483217251013255
DB16944	0.1587314012640627	0.08523948767652878	-0.07349191358753393
DB02129	0.15869888980960112	0.06169538766502941	-0.09700350214457171
DB03710	0.1586318516489471	0.10166658452844446	-0.05696526712050265
DB13495	0.15858188423044192	0.017338557324265286	-0.14124332690617664
DB17127	0.15852739602606364	0.08848942333492132	-0.07003797269114231
DB00467	0.15849240769032796	0.06671293786517285	-0.09177946982515511
DB00363	0.15847407940563002	0.04558041605747487	-0.11289366334815515
DB18034	0.15839137767702155	0.08838291744013493	-0.07000846023688662
DB07171	0.1583436738351049	0.004123064960381997	-0.1542206088747229
DB06788	0.1581184909438471	0.06776512849155891	-0.0903533624522882
DB07325	0.15809791818447277	0.05387829305822506	-0.10421962512624772
DB07319	0.15803232540183737	0.06422305455620719	-0.09380927084563018
DB04021	0.1579969645788149	0.11405357602440053	-0.043943388554414375
DB17837	0.1579174114820575	0.028052119439926804	-0.1298652920421307
DB03242	0.1576646677152343	0.09230638652057016	-0.06535828119466414
DB16339	0.15753272762443393	0.10214408139350228	-0.05538864623093165
DB04698	0.15752892316026612	0.0648735892760337	-0.09265533388423242
DB08039	0.15742789633061186	0.12427786812982222	-0.03315002820078963
DB13046	0.15735675125884785	0.07332561234044649	-0.08403113891840136
DB08540	0.15724734505706828	0.03850201786232543	-0.11874532719474284
DB07253	0.15719287595460218	0.054304590431444755	-0.10288828552315743
DB12617	0.15711917759391547	0.06297674393135433	-0.09414243366256114
DB12979	0.1570528239184465	0.11525826995000515	-0.04179455396844134
DB12278	0.15702507202375976	0.025924191896790627	-0.13110088012696913
DB04712	0.15699253828373388	0.0620696641641888	-0.09492287411954509
DB02640	0.1569401321877789	0.09250132790125887	-0.06443880428652005
DB08227	0.15693550315773708	0.03796948838839331	-0.11896601476934376
DB02126	0.15688626161189323	0.03912599455697385	-0.11776026705491938
DB09494	0.15682724625433786	0.023507685399657197	-0.13331956085468066
DB00298	0.15670227517781654	0.1067665467448623	-0.04993572843295424
DB04796	0.156623253750947	0.04261303588345133	-0.11401021786749566
DB12955	0.15660706806406066	0.08355620170957023	-0.07305086635449043
DB14494	0.1565818376217763	0.038078184635771756	-0.11850365298600454
DB08384	0.1565814428489254	0.08217792234104881	-0.07440352050787657
DB04533	0.15650069588265936	0.07342280923671696	-0.0830778866459424
DB04562	0.1564918134935145	0.005613326105169847	-0.15087848738834464
DB16013	0.15643349853940403	0.07366155766924576	-0.08277194087015827
DB02914	0.15636920787044623	0.06169456628280734	-0.09467464158763889
DB11297	0.15630124326705352	0.05460001423729188	-0.10170122902976164
DB15931	0.15618801349919398	0.07908377551076284	-0.07710423798843113
DB07603	0.15612198773988345	0.03508780575953213	-0.12103418198035132
DB03239	0.1561041306356849	0.030131859226038893	-0.125972271409646
DB03444	0.1560836056310908	0.08369775324582873	-0.07238585238526207
DB07872	0.15598586114667248	0.10790908941566868	-0.0480767717310038
DB02358	0.15596817914333527	0.07611174083748129	-0.07985643830585398
DB16263	0.15585969620064244	0.038324051714224705	-0.11753564448641773
DB07507	0.15585818396593143	0.0874027346552112	-0.06845544931072023
DB07860	0.15585585989995443	0.05870774672952983	-0.0971481131704246
DB08683	0.1558538541991797	0.088919280031103	-0.06693457416807669
DB00539	0.1558494639430396	0.06736456776129535	-0.08848489618174427
DB02823	0.15580966829274878	0.05103192986491001	-0.10477773842783877
DB08420	0.15572696656414042	0.09690831731638005	-0.05881864924776037
DB02958	0.155639763151571	0.007889923830488615	-0.14774983932108238
DB11434	0.15544910059920158	0.08079964297252751	-0.07464945762667408
DB13068	0.15542268902201656	0.09258018059457129	-0.06284250842744526
DB08740	0.15537330102817953	0.020790279215196668	-0.13458302181298287
DB03301	0.15532545073826975	0.07040861027603917	-0.08491684046223058
DB05260	0.15517346637433097	0.0504167145806296	-0.10475675179370136
DB01029	0.15511135650700905	0.02880231520268975	-0.1263090413043193
DB02331	0.15506401241777107	0.03795990559580331	-0.11710410682196776
DB14497	0.1549536829569047	0.04823238545824915	-0.10672129749865555
DB07851	0.15492889822590364	0.12128666787136066	-0.033642230354542974
DB09377	0.15492574959405253	0.08881030998965056	-0.06611543960440197
DB03121	0.15489989197231957	0.04117561699494576	-0.11372427497737381
DB16057	0.1548159709049862	0.041639971744451554	-0.11317599916053464
DB13038	0.1548141371214208	0.11105470953186691	-0.043759427589553895
DB12218	0.15480582460598802	0.07244509059845905	-0.08236073400752897
DB13844	0.15480091541456814	0.08632480738586895	-0.06847610802869919
DB15464	0.1545706896185055	0.03066986458145099	-0.12390082503705452
DB01691	0.154561861351445	0.06714662767839052	-0.08741523367305448
DB12930	0.15452766256141098	0.10319435546137035	-0.05133330710004064
DB08844	0.15441920508793436	0.004647106818020025	-0.14977209826991433
DB00580	0.15435831774298936	0.1504711996013558	-0.003887118141633547
DB01838	0.15435560527146563	0.11083129356748211	-0.04352431170398352
DB07092	0.15431562496935733	0.08004917341569057	-0.07426645155366676
DB09501	0.15429881210302246	0.08891462553184498	-0.06538418657117748
DB13824	0.1541548314402701	0.11834310778177515	-0.03581172365849494
DB02760	0.15407799081503654	0.03097760912062819	-0.12310038169440835
DB15445	0.15405288135152911	0.08976393474939637	-0.06428894660213275
DB08741	0.15402068826226978	0.0843762149612034	-0.06964447330106638
DB04742	0.15389998009580755	0.08856006220601359	-0.06533991788979396
DB12533	0.15377229973141432	0.06170688701613741	-0.0920654127152769
DB02074	0.15371655080083496	0.0020887749905541043	-0.15162777581028086
DB15449	0.15369266067605236	0.05490529462980309	-0.09878736604624927
DB11453	0.15348099238763335	0.052819257579988954	-0.1006617348076444
DB09555	0.15347332296990923	0.10300735410882766	-0.05046596886108157
DB07853	0.15343723309057344	0.09648311511945634	-0.0569541179711171
DB11085	0.1534271663828759	0.0909502844720429	-0.062476881910833004
DB07770	0.15329435397142122	0.09946363740903191	-0.0538307165623893
DB01096	0.1532424222396177	0.09993702736297971	-0.05330539487663799
DB19161	0.1532186721955241	0.11991550714876326	-0.03330316504676084
DB02956	0.15319029312138865	0.05123919197892879	-0.10195110114245987
DB13291	0.15317563240382154	0.06857555895060208	-0.08460007345321946
DB00879	0.1531564540840334	0.04883747036179148	-0.10431898372224191
DB03037	0.1531113894896441	0.013062989064664743	-0.14004840042497935
DB15149	0.1530525556002541	0.07365224867072984	-0.07940030692952427
DB16502	0.15296922032489302	0.015451020978102026	-0.137518199346791
DB14547	0.15292400609885853	0.0757640223635	-0.07715998373535854
DB02280	0.15289292410415528	0.05659542544861157	-0.09629749865554371
DB07243	0.1528913641146638	0.05291399032959321	-0.0999773737850706
DB00159	0.1528869133691354	0.05882383541690622	-0.09406307795222918
DB11071	0.15282856339485285	0.07394931524102089	-0.07887924815383196
DB18794	0.15282043871488954	0.12613035883451335	-0.026690079880376187
DB02649	0.15281058212822551	0.1344679359759937	-0.018342646152231794
DB08867	0.15274650794760525	0.07757599154523903	-0.07517051640236622
DB07607	0.1527261675948286	0.041107442270519545	-0.11161872532430905
DB17308	0.15272018551267688	0.04814477135456885	-0.10457541415810803
DB13203	0.1526557388447699	0.04049660769142316	-0.11215913115334675
DB18038	0.152614157165694	0.06528975626851535	-0.08732440089717863
DB09244	0.152608700386126	0.12192132253489502	-0.03068737785123099
DB00446	0.1526036829505374	0.05709318307514555	-0.09551049987539184
DB15098	0.15258922280304776	0.09514782142055322	-0.05744140138249454
DB01428	0.15256626230465598	0.11203680887530876	-0.04052945342934722
DB11975	0.15247642601186334	0.0334477792562658	-0.11902864675559754
DB16458	0.1524481997530251	0.09626599641877354	-0.05618220333425156
DB07988	0.15241982704619364	0.11089809932153827	-0.04152172772465537
DB04583	0.15240264487622407	0.044530689577754745	-0.10787195529846932
DB07818	0.15229829431385739	0.05650644237456126	-0.09579185193929612
DB02156	0.15228820850424765	0.029728560555035338	-0.12255964794921231
DB05645	0.15221220199584418	0.13622268219626654	-0.015989519799577634
DB03650	0.15208739646922803	0.09246600846571279	-0.05962138800351524
DB00361	0.15188422216440706	0.041181366670499764	-0.11070285549390729
DB13847	0.15162212801159158	0.0036565198582841907	-0.1479656081533074
DB11985	0.15162158360709554	0.011976847973102445	-0.1396447356339931
DB12798	0.15161627327552085	0.12469074959341586	-0.02692552368210499
DB12665	0.15153826743364662	0.09859653157667053	-0.05294173585697609
DB13877	0.151509703707694	0.07802008553326878	-0.07348961817442523
DB09531	0.15150964003465345	0.10810567356080142	-0.04340396647385203
DB14175	0.15136939697937643	0.034076410450172206	-0.11729298652920422
DB19208	0.1513664393666468	0.058213000837809836	-0.09315343852883695
DB15204	0.15132287108870834	0.048111916065688654	-0.10321095502301969
DB07572	0.15121558838282823	0.13138912161385174	-0.01982646676897648
DB15054	0.15107099964253956	0.07220716354815215	-0.07886383609438741
DB09276	0.15104315542194402	0.13054118136667048	-0.020501974055273542
DB03923	0.15099346816481693	0.07137181782837493	-0.079621650336442
DB16967	0.15093000842903703	0.01849123037580975	-0.1324387780532273
DB06986	0.15084842097863685	0.006425946916804981	-0.14442247406183187
DB15932	0.15084198045059366	0.045939633882564224	-0.10490234656802944
DB04587	0.15081230563008485	0.01159189350505696	-0.1392204121250279
DB03643	0.1508042287049018	0.02874399706492753	-0.12206023163997426
DB06719	0.15077470988334205	0.05806953274303328	-0.09270517714030876
DB04159	0.1507713383958495	0.07858026820867492	-0.07219107018717458
DB07315	0.15068145753192863	0.12261347395396982	-0.028067983577958797
DB00155	0.1506746699858149	0.037554416572207705	-0.11312025341360721
DB01666	0.15063937601948493	0.04728971246146349	-0.10334966355802144
DB19255	0.15062055108507139	0.014169390917702987	-0.1364511601673684
DB03275	0.15059912510695478	0.09242548694276059	-0.058173638164194186
DB07394	0.15058717049360748	0.0849878709225218	-0.06559929957108568
DB11479	0.15052784950545786	0.10544987104299114	-0.04507797846246672
DB07456	0.15049856945779982	0.034926814844019494	-0.11557175461378033
DB00896	0.15043827427213116	0.06230293671523768	-0.08813533755689348
DB02619	0.1504094176501921	0.050797014549416986	-0.09961240310077513
DB01499	0.15033405742314954	0.06724108663392092	-0.08309297078922862
DB07968	0.15030579296048696	0.06971810162140851	-0.08058769133907845
DB07174	0.15019764111760447	0.057904982504558666	-0.09229265861304581
DB02189	0.15017275769339067	0.07893428394635826	-0.0712384737470324
DB07108	0.1501588419503969	0.04490660884135822	-0.10525223310903867
DB01332	0.150067050895262	0.03564169117123628	-0.11442535972402573
DB02520	0.15002936918991466	0.011855009610171996	-0.13817435957974267
DB04160	0.15002284588691894	0.06218328870489925	-0.08783955718201969
DB19239	0.1500098788722282	0.13668238244651432	-0.013327496425713873
DB13217	0.1499442956405489	0.07554307054578113	-0.07440122509476776
DB12095	0.14990736527707887	0.042781419238962004	-0.10712594603811687
DB13409	0.14989682420522984	0.04535125041753593	-0.10454557378769391
DB18779	0.14974930332142777	0.11206747381159687	-0.0376818295098309
DB13642	0.14961693662125633	0.10341092657390522	-0.046206010047351115
DB06610	0.1496144692909384	0.09240851171017256	-0.057205957580765854
DB04705	0.14960106611592033	0.022858519650200693	-0.12674254646571964
DB13783	0.14955118465601977	0.10360586795459398	-0.04594531670142579
DB19180	0.14942306176399542	0.01845892267507762	-0.1309641390889178
DB12282	0.14935539005658877	0.08134066006275359	-0.06801472999383518
DB11522	0.14929436581460676	0.05047256857172583	-0.09882179724288093
DB00399	0.14928435004534152	0.056923156955190846	-0.09236119309015067
DB00489	0.14921604797483434	0.10066970030500655	-0.04854634766982778
DB04397	0.14908944368482513	0.0834524337555238	-0.06563700992930133
DB09026	0.14908792508281	0.05286060048516311	-0.09622732459764688
DB18390	0.14906495503346218	0.01898323832678972	-0.13008171670667246
DB13027	0.1490339908338838	0.06352460587343045	-0.08550938496045335
DB18910	0.14902102700284503	0.08692551158422723	-0.0620955154186178
DB11789	0.14900973458911854	0.023907424747698802	-0.12510230984141973
DB02933	0.14899565966352363	0.11199163285309849	-0.03700402681042514
DB13619	0.14896736654799286	0.02359091879815356	-0.1253764477498393
DB12475	0.14891934752452593	0.09940531927126972	-0.04951402825325621
DB00792	0.14890036340751123	0.06013968973655537	-0.08876067367095586
DB17736	0.1488756996552869	0.030323515077839702	-0.1185521845774472
DB04961	0.14887225812744975	0.05550764159260535	-0.0933646165348444
DB07598	0.14884601210016998	0.0012991528811350404	-0.14754685921903493
DB04295	0.1488250573025527	0.061890876633866054	-0.08693418066868663
DB15578	0.1487631702908725	0.04163230551037955	-0.10713086478049294
DB11922	0.14873487717534165	0.009604969910031264	-0.13912990726531038
DB11140	0.14872182738569825	0.037614651268487925	-0.11110717611721033
DB13568	0.14868449588207347	0.0719612964696992	-0.07672319941237427
DB06711	0.14866388173522277	0.03174176838116516	-0.11692211335405761
DB01169	0.1486465817701283	0.0630011116039404	-0.0856454701661879
DB14505	0.14859408334826468	0.061208034213307505	-0.08738604913495718
DB14966	0.14846448324170158	0.08294126021936388	-0.0655232230223377
DB03075	0.14843766097340544	0.008441071301452774	-0.13999658967195266
DB08377	0.14834035264931422	0.11635180348156543	-0.03198854916774879
DB13471	0.14825935099088625	0.026246995110037835	-0.12201235588084841
DB07558	0.1482545118398108	0.030912993719163895	-0.11734151812064691
DB16249	0.14823569645635332	0.11347723949862826	-0.03475845695772505
DB00678	0.1481752834755598	0.06780893554339912	-0.08036634793216069
DB14727	0.14815747094248966	0.06056352296310902	-0.08759394797938064
DB04142	0.1481443733980659	0.0031001702999140512	-0.14504420309815186
DB16271	0.14814340556785088	0.04983709252596935	-0.09830631304188153
DB07669	0.14813468554495907	0.044914548869504245	-0.10322013667545482
DB05737	0.14812700339262702	0.06026809915726189	-0.08785890423536513
DB05047	0.14805628811388605	0.016503211604487977	-0.13155307650939807
DB18190	0.14804036667011777	0.05013771841922254	-0.09790264825089523
DB04687	0.14796732732539997	0.07843926426056436	-0.06952806306483561
DB08484	0.14795755669734045	0.05819739457559181	-0.08976016212174864
DB11910	0.14788550746840198	0.044680454936233405	-0.10320505253216858
DB17965	0.14786397642976856	0.09222808141540584	-0.055635895014362724
DB16927	0.1478543013112698	0.036981913163471436	-0.11087238814779837
DB15584	0.1478328243947209	0.038872187450374796	-0.1089606369443461
DB04174	0.14775684653918564	0.05767663824684177	-0.09008020829234387
DB04777	0.14774889377643136	0.05190916607800938	-0.09583972769842197
DB12188	0.14772797399898663	0.06751050000273795	-0.08021747399624868
DB01185	0.14772101135201166	0.013917774163695995	-0.13380323718831566
DB07232	0.1476814735775348	0.08708650249973993	-0.06059497107779488
DB16511	0.14764209180200683	0.04358445725800708	-0.10405763454399974
DB04415	0.14759821470982226	0.03197038643295613	-0.11562782827686613
DB02732	0.14756961596369722	0.042735148040455806	-0.10483446792324141
DB04960	0.14755180661427908	0.08977789824717036	-0.05777390836710872
DB11456	0.1475017914409934	0.0827799955097771	-0.0647217959312163
DB13685	0.14740430483238895	0.042403583416840473	-0.10500072141554848
DB12354	0.14735737143426195	0.013250811799429413	-0.13410655963483253
DB06979	0.1473092569012343	0.02421051478761793	-0.12309874211361638
DB00640	0.1473001739420119	0.07502286180517903	-0.07227731213683286
DB08068	0.14727330073528366	0.07455166220382337	-0.0727216385314603
DB11848	0.14717281831012508	0.039482200647249166	-0.10769061766287591
DB07294	0.14716615492644042	0.04089443048094665	-0.10627172444549376
DB04745	0.1471497654858246	0.08494734939956955	-0.06220241608625504
DB02234	0.14713746385440685	0.09306671266407118	-0.054070751190335664
DB14911	0.1471227330964951	0.06690952201030559	-0.0802132110861895
DB04017	0.1470384490928311	0.0809485869487841	-0.066089862144047
DB09338	0.14703250839815574	0.07365307005295185	-0.07337943834520388
DB02717	0.14699909278651946	0.030071076941610708	-0.11692801584490875
DB01873	0.14695006136170907	0.069858284187297	-0.07709177717441207
DB18124	0.1468947326731967	0.03327145587260909	-0.11362327680058759
DB01377	0.14680903831168657	0.05258954435190211	-0.09421949395978446
DB07832	0.1465221530605656	0.0347880012485009	-0.1117341518120647
DB11408	0.14646755024471464	0.08864904528006395	-0.057818504964650685
DB01760	0.14644638532606385	0.09182834206736429	-0.05461804325869957
DB15923	0.14640604527127707	0.05826611688816605	-0.08813992838311102
DB09279	0.14635385566365966	0.08452296858486796	-0.061830887078791696
DB15351	0.14634489049956215	0.030968573916186154	-0.11537631658337599
DB13579	0.14628151672238693	0.05909680810868534	-0.08718470861370159
DB00995	0.1462509313773994	0.03541854900092542	-0.11083238237647397
DB08155	0.14624675760959688	0.03050120743186635	-0.11574555017773053
DB01590	0.14619159447098973	0.012837930335835801	-0.13335366413515393
DB00583	0.14618561238883804	0.08747255214408145	-0.05871306024475659
DB13167	0.1460742609756722	0.037657636938106115	-0.10841662403756608
DB11623	0.14606125575715712	0.07395314835805689	-0.07210810739910023
DB07064	0.14604671601836688	0.02302142712423133	-0.12302528889413555
DB09389	0.14603513707595825	0.11597506283574	-0.030060074240218254
DB09289	0.14602084566202578	0.06446645748799412	-0.08155438817403166
DB01130	0.14599841364986993	0.057347263975818574	-0.08865114967405135
DB12225	0.14596753222524422	0.03210618829366063	-0.11386134393158359
DB19384	0.1459410601586707	0.05242855343638941	-0.09351250672228129
DB18083	0.14586993418881877	0.08893680285183903	-0.05693313133697975
DB15552	0.145784978434578	0.04337938549658038	-0.10240559293799761
DB16776	0.14573997432957705	0.05030391142214116	-0.09543606290743589
DB13164	0.14571291965468325	0.06649034328300996	-0.07922257637167329
DB03912	0.14561142482818146	0.05673040592709411	-0.08888101890108735
DB09498	0.1455994065417937	0.03820522508610824	-0.10739418145568547
DB01193	0.14559612419655765	0.09849687053373415	-0.0470992536628235
DB07065	0.14559078839576667	0.08392746647391564	-0.06166332192185103
DB02546	0.14557459634157627	0.0067060382545079955	-0.13886855808706827
DB12406	0.14556217691503354	0.08199530169369013	-0.06356687522134341
DB02357	0.14551607126643268	0.07867856028124132	-0.06683751098519136
DB11843	0.14544128409675405	0.11431285901247956	-0.03112842508427449
DB08065	0.1453955031806593	0.0075539785016892624	-0.13784152467897004
DB02114	0.1453072300610101	0.0933361260328881	-0.051971104028121995
DB06743	0.14528162394778715	0.0890912227095757	-0.05619040123821145
DB13315	0.145263684068636	0.025914335310126546	-0.11934934875850944
DB13323	0.1451878622120498	0.09293802944929061	-0.052249832762759185
DB04608	0.14518303897923457	0.026433448874432566	-0.11874959010480202
DB01167	0.14518176551842527	0.02115141359880407	-0.1240303519196212
DB08636	0.14517230052096003	0.06694429385770373	-0.0782280066632563
DB13268	0.145168862176775	0.016749352477015034	-0.12841950969975996
DB15917	0.14516560530075512	0.05057359858503219	-0.09459200671572293
DB01746	0.14515701580759632	0.032069226093670355	-0.11308778971392597
DB08044	0.1451345487752681	0.07558058033391923	-0.06955396844134887
DB08216	0.14512168045379015	0.006983391651471105	-0.13813828880231904
DB09137	0.1449785307242159	0.06535163372923958	-0.07962689699497633
DB17805	0.14493312229540795	0.04959149924159034	-0.0953416230538176
DB02338	0.14491820051837495	0.08396744040871978	-0.06095076010965517
DB02091	0.14490434208111766	0.11666420252000065	-0.02824013956111701
DB07815	0.14481901383959	0.13039004703782187	-0.01442896680176814
DB12799	0.144762761891991	0.01270075950476135	-0.13206200238722965
DB01197	0.14472498786073484	0.03598995723336562	-0.10873503062736922
DB08803	0.1447243129265059	0.059584161560407134	-0.08514015136609876
DB04910	0.14470246670632225	0.03908985373920559	-0.10561261296711666
DB07426	0.1446798818788691	0.07684386619136013	-0.06783601568750897
DB07579	0.14457150399669305	0.04590677859368414	-0.09866472540300891
DB00897	0.14456430575946855	0.048424862692271975	-0.09613944306719657
DB12407	0.14455834914653293	0.06452778736057035	-0.08003056178596257
DB01122	0.14449968080704817	0.06880089147350499	-0.07569878933354318
DB07156	0.1444924411823473	0.08026547073415147	-0.06422697044819584
DB01349	0.1444081794642474	0.033768939705069	-0.11063923975917839
DB13316	0.1443941077223046	0.09029810698777235	-0.054096000734532246
DB07937	0.14438485284587288	0.06812270355220429	-0.07626214929366859
DB11374	0.14436358286670536	0.07130419069209659	-0.07305939217460877
DB15638	0.14436060933571582	0.07916071164555716	-0.06519989769015866
DB03978	0.14434286047568606	0.10288442056960123	-0.04145843990608483
DB13143	0.1442616168597044	0.05549176153631341	-0.08876985532339099
DB08774	0.1442146388904489	0.07854385359683275	-0.06567078529361614
DB19300	0.14420110836935002	0.03602910978594781	-0.1081719985834022
DB00144	0.14419886707832552	0.12669437462695554	-0.01750449245136998
DB03925	0.14417344880057176	0.07468965441711972	-0.06948379438345204
DB00135	0.144100530434631	0.05192559372244954	-0.09217493671218147
DB17016	0.1440681908973785	0.05232807101123099	-0.0917401198861475
DB13645	0.14404769136200068	0.037971404946911314	-0.10607628641508937
DB02934	0.14393841568995414	0.03733811925374697	-0.10660029643620716
DB04157	0.14379372507280055	0.05455593339137768	-0.08923779168142287
DB18046	0.14374314957675893	0.06681205131996121	-0.07693109825679773
DB11913	0.1437010425950992	0.04587447089295199	-0.0978265717021472
DB03266	0.14360895227667414	0.09043144470181086	-0.05317750757486328
DB12980	0.1436067460058219	0.02039847989530108	-0.12320826611052083
DB06945	0.1435908755004861	0.05047777065913195	-0.09311310484135416
DB00936	0.14358836041538758	0.0706971892300362	-0.07289117118535138
DB17199	0.14352982897293987	0.06587567558687757	-0.0776541533860623
DB11145	0.14352378958505174	0.03148467574567815	-0.1120391138393736
DB01737	0.1434805555905757	0.09200165371620694	-0.051478901874368765
DB04398	0.14342247941036734	0.0938448354223822	-0.04957764398798514
DB19361	0.143361015824406	0.06390627481258795	-0.07945474101181804
DB08587	0.14335902604189155	0.06496640546712007	-0.07839262057477148
DB15080	0.14334324786246416	0.05820670357410784	-0.08513654428835632
DB08687	0.1433360719108037	0.028474583696110473	-0.11486148821469322
DB00687	0.14329417823382953	0.02022462065831046	-0.12306955757551907
DB04202	0.1432651274091173	0.061607773561349055	-0.08165735384776823
DB00285	0.14325241190293636	0.0386901143911641	-0.10456229751177226
DB01600	0.14321754454597752	0.07334943242488462	-0.0698681121210929
DB18146	0.14320523654725553	0.0907999715254163	-0.05240526502183923
DB08585	0.14320354602803115	0.06897447691642161	-0.07422906911160954
DB04106	0.14319325964834406	0.04993292045186981	-0.09326033919647425
DB12387	0.14315620193879314	0.08230578417360734	-0.060850417765185794
DB07119	0.14312425080708763	0.04026908481592824	-0.1028551659911594
DB16949	0.1431057856253527	0.049381772980905625	-0.09372401264444707
DB03032	0.14308426413767544	0.09087115798465661	-0.05221310615301883
DB00720	0.1430842195665471	0.05664060147082178	-0.08644361809572532
DB02287	0.1430363119709009	0.07010415126574998	-0.0729321607051509
DB07238	0.14303600634030667	0.036866919652391084	-0.10616908668791558
DB04740	0.14300220232312366	0.1104561956861006	-0.03254600663702306
DB02574	0.1429429036205382	0.11415022533252289	-0.028792678288015294
DB13171	0.14293792438877384	0.00309250406584205	-0.1398454203229318
DB07280	0.14289398043989665	0.03239148171876971	-0.11050249872112694
DB03451	0.14286818012390018	0.07491608211631873	-0.06795209800758145
DB19168	0.14284698973603316	0.053462947447965425	-0.08938404228806773
DB04322	0.1427837655905031	0.07726906838828379	-0.06551469720221931
DB00364	0.14277646547641376	0.012673106303287218	-0.13010335917312654
DB03229	0.1427627853236698	0.020419562038999223	-0.12234322328467057
DB09353	0.14274412593916141	0.06984377310137502	-0.0729003528377864
DB07884	0.14267360486319408	0.04961395035565852	-0.09305965450753556
DB01273	0.14266163114793445	0.09608638750622878	-0.04657524364170569
DB09154	0.1426444585289211	0.055640431718495975	-0.08700402681042513
DB12179	0.14259632171032927	0.024315651712034425	-0.11828066999829484
DB07810	0.14255878963662683	0.08921306107250615	-0.053345728564120676
DB03470	0.14253761198336812	0.1098420755781162	-0.03269553640525191
DB12224	0.14244521603434884	0.07164123119719196	-0.07080398483715689
DB13093	0.14243405096670314	0.061198725214791416	-0.08123532575191172
DB01199	0.14238274641434817	0.02186601613194683	-0.12051673028240134
DB00867	0.14234822607545994	0.06835132160399526	-0.07399690447146468
DB04676	0.1423472009395085	0.043203062112923685	-0.09914413882658482
DB16947	0.1423062941946614	0.0798503989179658	-0.062455895276695594
DB07165	0.14230282401395616	0.0032712915961646827	-0.13903153241779148
DB03605	0.14224400922647829	0.08595162606300555	-0.05629238316347274
DB00857	0.14223873073142373	0.04498765188726256	-0.09725107884416118
DB14830	0.1422373553937496	0.08959664657018163	-0.052640708823567986
DB09168	0.14223299697412994	0.05737026267803469	-0.08486273429609525
DB14720	0.14222555041204732	0.10242800584824141	-0.03979754456380591
DB09347	0.14218748030115314	0.07077029224779463	-0.0714171880533585
DB07448	0.14210043925483695	0.07114758048176806	-0.0709528587730689
DB06883	0.14209793053704256	0.08327665796001504	-0.05882127257702752
DB12632	0.14205007069617687	0.05065655818945458	-0.09139351250672229
DB15006	0.14196918683287368	0.07042640689084928	-0.0715427799420244
DB01834	0.14190699100694715	0.09357870758245312	-0.04832828342449402
DB14810	0.1418606083806202	0.10633449969608866	-0.03552610868453154
DB09020	0.14182572192174903	0.008919663342806583	-0.13290605857894244
DB17247	0.14176301034419475	0.0855565412142219	-0.05620646912997285
DB01841	0.1416881021957394	0.11805452882777812	-0.023633573367961278
DB00484	0.1415586771900374	0.04785893034131167	-0.09369974684872573
DB08066	0.14152642361138967	0.03468478088260257	-0.1068416427287871
DB07776	0.14152053703879874	0.062329768534489904	-0.07919076850430884
DB00345	0.1414661666295453	0.01546471068180201	-0.1260014559477433
DB02898	0.14143958313515095	0.08649100038878754	-0.05494858274636341
DB01247	0.1414391055873476	0.11306353665281277	-0.02837556893453483
DB16014	0.1413735414575803	0.027399394367508323	-0.11397414709007198
DB16628	0.14136641326070026	0.07448266609717497	-0.0668837471635253
DB12108	0.14128810178823187	0.051586636658836116	-0.08970146512939575
DB03996	0.14128128877290225	0.0408517186054026	-0.10042957016749965
DB18950	0.1412489237664335	0.006328476226460555	-0.13492044753997295
DB08125	0.14122952577465575	0.005484369096315278	-0.13574515667834047
DB08759	0.14118592884384917	0.06268378427217325	-0.07850214457167592
DB14206	0.14117584303423944	0.0451839622383213	-0.09599188079591814
DB02326	0.14117333750009708	0.0714996796609334	-0.06967365783916368
DB08690	0.14112071173215246	0.10181799265136704	-0.03930271908078542
DB16731	0.14110711117070907	0.05980292302553403	-0.08130418814517504
DB05284	0.14109012957081696	0.11161571358949507	-0.02947441598132189
DB15990	0.1410828103548154	0.10394728916487328	-0.03713552118994212
DB08519	0.14107182675533517	0.002594472645234047	-0.13847735411010112
DB05786	0.14105864325230688	0.09457915112885296	-0.046479492123453925
DB15624	0.1410531227996984	0.10783324845717035	-0.033219874342528044
DB12700	0.14103475312752417	0.06155246715840079	-0.07948228596912338
DB13084	0.14098344539151725	0.0571870944425279	-0.08379635094898935
DB15651	0.14091693571709912	0.10682185314781045	-0.03409508256928867
DB04678	0.1409061526876964	0.02356463456704949	-0.11734151812064691
DB03210	0.14089871249291797	0.04739046868069585	-0.09350824381222211
DB02407	0.14087926674635987	0.03318274659263276	-0.1076965201537271
DB00938	0.14087593346269156	0.028022275885860815	-0.11285365757683075
DB04035	0.1408634885669326	0.11249185462629852	-0.028371633940634078
DB06654	0.14081197389354397	0.02189449071564295	-0.11891748317790102
DB08996	0.14080156016777595	0.04965693602527671	-0.09114462414249924
DB14793	0.14077579805560364	0.040932214063158834	-0.0998435839924448
DB08118	0.14074477336663693	0.05475990997650848	-0.08598486339012845
DB03067	0.14066204298516016	0.04444553962074038	-0.09621650336441978
DB01999	0.14060996162171158	0.0488180309825374	-0.09179193063917418
DB00876	0.140494821662638	0.08289142969789554	-0.057603391964742456
DB00427	0.14048893827369907	0.07554088019318911	-0.06494805808050996
DB15362	0.1404849109538896	0.08970643799385603	-0.05077847296003357
DB07813	0.14045693620356103	0.017770056784890853	-0.12268687941867018
DB08956	0.1404536092871969	0.013966509508868186	-0.12648709977832873
DB03802	0.14042688889576554	0.10897743389242082	-0.03144945500334473
DB08878	0.14041223454550245	0.030829212732519595	-0.10958302181298285
DB13003	0.14039720770795272	0.07913853432556306	-0.06125867338238966
DB02648	0.1403908595058183	0.03491531549291149	-0.10547554401290682
DB11447	0.14038471187376123	0.05543180063410702	-0.0849529112396542
DB04744	0.14026519757680783	0.10949846401524482	-0.03076673356156301
DB16890	0.14024969319145453	0.05262623275781819	-0.08762346043363634
DB06666	0.14018649451514065	0.037754012452154484	-0.10243248206298616
DB17493	0.14016191672152092	0.03248867861504004	-0.10767323810648088
DB08681	0.14015354053304768	0.04511523992574695	-0.09503830060730073
DB02447	0.14015044283962907	0.03751006193221951	-0.10264038090740957
DB12640	0.14011665474070617	0.06640930023710567	-0.07370735450360051
DB01110	0.1400875275083453	0.05983988522552419	-0.08024764228282111
DB07984	0.14004847364897588	0.04087252695502663	-0.09917594669394925
DB08707	0.14003131058091844	0.03991260493157889	-0.10011870564933956
DB12312	0.14002808554141888	0.06783111286339316	-0.07219697267802572
DB08043	0.1400158157465211	0.07760254957041701	-0.0624132661761041
DB14860	0.14001560244183558	0.08970342625904204	-0.050312176182793544
DB13634	0.14001012019305153	0.07283059265465258	-0.06717952753839895
DB09153	0.13999189696887027	0.04890400232177372	-0.09108789464709655
DB07095	0.13997412582327645	0.013535557636390513	-0.12643856818688592
DB02566	0.13995963065561448	0.041448042098576776	-0.0985115885570377
DB13422	0.13993002905910223	0.0732971377567504	-0.06663289130235184
DB12865	0.1399213536073387	0.02243030571846294	-0.11749104788887577
DB05422	0.139907418762433	0.06910343392527613	-0.07080398483715689
DB07068	0.13988566486815796	0.0534791012983315	-0.08640656356982646
DB04794	0.13986287947062748	0.03106193769542054	-0.10880094177520694
DB19373	0.1397981430903863	0.038577311232675715	-0.10122083185771058
DB13249	0.13969774025652848	0.012657773835143105	-0.12703996642138538
DB13804	0.13957170902388338	0.12162452975867788	-0.017947179265205504
DB08248	0.1394399185647282	0.043947781994206514	-0.09549213657052169
DB12685	0.13940282901865708	0.018831008821645068	-0.12057182019701201
DB07277	0.13940064821702117	0.09675252848827343	-0.04264811972874774
DB08110	0.13937895162848257	0.06485770921974165	-0.07452124240874092
DB06807	0.13936366054781485	0.05693931080555692	-0.08242434974225793
DB02477	0.13925647653514744	0.0671145937717324	-0.07214188276341504
DB14703	0.13924303833995721	0.0028200789622109257	-0.1364229593777463
DB07514	0.13922189889052283	0.06692622344881971	-0.07229567544170312
DB15614	0.13922180019731	0.08077828703475542	-0.05844351316255458
DB06185	0.13913765309068304	0.024668024685273737	-0.11446962840540931
DB06603	0.1391142659829201	0.10337861887317312	-0.03573564710974697
DB17740	0.13898364074040537	0.05780340490310426	-0.0811802358373011
DB04644	0.13898097602366188	0.03947973650058312	-0.09950123952307877
DB09042	0.138936936565224	0.02349536466632718	-0.11544157189889681
DB17742	0.13892062353225682	0.08775127451141446	-0.05116934902084236
DB03038	0.13887278597695513	0.05517087488158401	-0.08370191109537112
DB00845	0.1388216215052892	0.09865156418554477	-0.040170057319744434
DB15919	0.13879276169969823	0.07403063208099914	-0.0647621296186991
DB06837	0.13876550008742305	0.05347745853388741	-0.08528804155353564
DB16739	0.1387052017181024	0.0392275721584282	-0.09947762955967421
DB08016	0.13865184052654045	0.06547210312180007	-0.07317973740474037
DB07974	0.1386226146009667	0.030961181476188093	-0.1076614331247786
DB00500	0.13856125925917442	0.0014732859121997233	-0.1370879733469747
DB04141	0.138521667362613	0.06776129537452291	-0.0707603719880901
DB19006	0.13851810803965103	0.04209501749544131	-0.09642309054420972
DB08992	0.13850880859209103	0.033461195165891855	-0.10504761342619917
DB16897	0.13848132730782609	0.07641565225962249	-0.062065675048203595
DB16831	0.13842727844742714	0.07179209173196655	-0.06663518671546059
DB12262	0.13838717398289008	0.01849807522765977	-0.1198890987552303
DB02332	0.13833815210903577	0.03553217354163586	-0.10280597856739992
DB12536	0.1383008142381069	0.00915923315755754	-0.12914158108054935
DB11543	0.1383004704036883	0.05150860534774582	-0.0867918650559425
DB05382	0.1382449411450985	0.056358045986452665	-0.08188689515864583
DB09003	0.13823971995578027	0.03383875719393925	-0.10440096276184102
DB15406	0.13818956788545783	0.09699018174450635	-0.04119938614095148
DB01541	0.13818050084449546	0.06949714980368965	-0.0686833510408058
DB13259	0.1381782181659948	0.034027127516851996	-0.1041510906491428
DB18729	0.13810732778639268	0.0978989042761158	-0.04020842351027687
DB08594	0.1381037398105625	0.05357711957682387	-0.08452662023373864
DB16259	0.13809746801607664	0.0674305521331296	-0.07066691588294705
DB11176	0.13809460909655985	0.024330984180178428	-0.11376362491638142
DB06290	0.138040047668185	0.10424271297072041	-0.0337973346974646
DB02491	0.1380246228741323	0.07496372228519488	-0.06306090058893743
DB16189	0.13799679138814486	0.05146561967812768	-0.08653117171001717
DB08553	0.13798934482606243	0.052727536565198574	-0.08526180826086385
DB02834	0.1378909827131516	0.029045444340402682	-0.1088455383727489
DB08735	0.1378307703024355	0.11108920758519103	-0.026741562717244483
DB00825	0.1378206240034373	0.05063657122205245	-0.08718405278138486
DB09175	0.13781615097234468	0.03727377764635664	-0.10054237332598803
DB04790	0.1378104681534831	0.002220743734222614	-0.13558972441926048
DB00751	0.137742997016154	0.09873671414255913	-0.039006282873594866
DB17193	0.1377374701962416	0.07574951127757801	-0.0619879589186636
DB00908	0.13770139623516592	0.13031639643191562	-0.007384999803250303
DB15909	0.1376826890958772	0.07700869022390877	-0.06067399887196842
DB13925	0.13766724838356434	0.005363899703754812	-0.13230334867980953
DB02689	0.13757266526560508	0.019474972483695563	-0.11809769278190951
DB18373	0.13752491366890807	0.07241552083846697	-0.06510939283044109
DB12204	0.1375195874190731	0.11095313193041245	-0.026566455488660656
DB08718	0.13748301044097783	0.09560450993598696	-0.04187850050499087
DB04639	0.13743885955471916	0.05979388782109199	-0.07764497173362717
DB19364	0.13739403055057947	0.09125885039344206	-0.04613518015713741
DB11779	0.1373748617817474	0.010499181355718812	-0.1268756804260286
DB12115	0.13737106368488372	0.06840963974175751	-0.06896142394312621
DB15359	0.1373006158329128	0.10715725088846179	-0.030143364944451023
DB12313	0.1372980084219057	0.07318351321603994	-0.06411449520586576
DB12829	0.13729122405944405	0.016044880324610253	-0.12124634373483378
DB18100	0.13726633745157824	0.0112688164977357	-0.12599752095384253
DB11426	0.13725993831101152	0.05652861969455536	-0.08073131861645616
DB14213	0.13725424275754183	0.07761678686226514	-0.05963745589527669
DB07428	0.1372397475898799	0.0016375623566003534	-0.13560218523327955
DB08088	0.1372131545445296	0.07643782957961665	-0.06077532496491295
DB16229	0.13707563987903643	0.06010519168323114	-0.07697044819580529
DB07565	0.13706571961933198	0.07032756723013486	-0.06673815238919711
DB03905	0.13697383623828846	0.06975725417399065	-0.06721658206429781
DB03956	0.1369272466745799	0.0339009084487375	-0.1030263382258424
DB03455	0.13691579189460024	0.06490507559454384	-0.0720107163000564
DB01196	0.13690622820392234	0.004865868283146878	-0.13204035992077545
DB02676	0.1368732965073936	0.056795842710780364	-0.08007745379661324
DB03352	0.13676611886203038	0.0556376937777559	-0.08112842508427448
DB13946	0.13675628774458248	0.03316494997782271	-0.10359133776675977
DB00744	0.1367396786319771	0.055389910140784926	-0.08134976849119219
DB03066	0.13670187594785288	0.06236426658781402	-0.07433760936003886
DB15423	0.13665030078507584	0.019846237248040965	-0.11680406353703487
DB02647	0.13661233573469833	0.06965841451327626	-0.06695392122142207
DB08170	0.13658001848301016	0.0737666945936622	-0.06281332388934796
DB11331	0.13650395466887028	0.05953186689227297	-0.07697208777659731
DB19210	0.13649712573528042	0.0734926267255872	-0.06300449900969321
DB02686	0.13648182192000452	0.03446218630043968	-0.10201963561956484
DB16194	0.13637836278020427	0.049689791314156795	-0.08668857146604747
DB06810	0.13632404649303537	0.06895531133124155	-0.06736873516179381
DB14061	0.1362689247419045	0.037861613523236914	-0.09840731121866758
DB01352	0.13626574745718534	0.04344153675137863	-0.09282421070580671
DB16330	0.1362653622352905	0.021612756613495876	-0.11465260562179463
DB05616	0.13625944064252726	0.03685952721239305	-0.09939991343013421
DB11951	0.1362411219087853	0.05103932230490804	-0.08520179960387725
DB01260	0.1362247865902539	0.004708436690596285	-0.1315163498996576
DB01074	0.1361891169529852	0.037205329127856346	-0.09898378782512884
DB01938	0.13615969682463813	0.03536351639205115	-0.10079618043258698
DB04042	0.13615796491793755	0.062416835050022185	-0.07374112986791537
DB00639	0.13613807346009615	0.07288042317612076	-0.0632576502839754
DB04365	0.13612999016760918	0.13421987854494877	-0.0019101116226604153
DB04820	0.1360982682588493	0.058545113049573216	-0.07755315520927608
DB11679	0.1360862722580256	0.08275562783719104	-0.05333064442083457
DB01752	0.1360476386407232	0.03430968300122114	-0.10173795563950205
DB00891	0.13602228721966186	0.09604504460105462	-0.039977242618607245
DB18484	0.13595918086925685	0.03074105104069136	-0.10521812982856549
DB13640	0.13593144170917798	0.0510864148856362	-0.08484502682354178
DB18516	0.13590685436460237	0.03715851034120221	-0.09874834402340016
DB13842	0.13590323455225178	0.08252700978540017	-0.05337622476685161
DB04568	0.1358701277548619	0.07435535185276454	-0.06151477590209736
DB01861	0.1358668199404097	0.08945619021021911	-0.04641062973019058
DB08729	0.1358378741762141	0.03963579912276377	-0.09620207505345033
DB18802	0.13582815448658714	0.01722055207837081	-0.11860760240821633
DB13370	0.13576982043056474	0.022822378832432544	-0.11294744159813219
DB06890	0.13575113876049222	0.02576018924646395	-0.10999094951402827
DB00150	0.1357505848050401	0.07135703294837892	-0.06439355185666118
DB03637	0.13571938501521208	0.06603064303276218	-0.0696887419824499
DB04284	0.1355979859962608	0.09086759866169453	-0.044730387334566274
DB19199	0.13558121451740224	0.08317234241782068	-0.05240887209958156
DB04724	0.13557523561890267	0.012264331750803659	-0.12331090386809901
DB02340	0.13556510205451253	0.007289219632130282	-0.12827588242238225
DB02262	0.1354379247071391	0.06019362716913357	-0.07524429753800554
DB12397	0.13530998965058405	0.08569070031048254	-0.04961928934010151
DB08345	0.13530804125554574	0.05645633805901906	-0.07885170319652668
DB12231	0.1352947908958249	0.029652993390611004	-0.10564179750521391
DB11584	0.13528390280590524	0.05612723758206978	-0.07915666522383547
DB01749	0.13528293815934223	0.039893439346398774	-0.09538949881294345
DB14549	0.1352755489029963	0.018539691926907964	-0.11673585697608835
DB13109	0.13527457788912917	0.09764947787470085	-0.037625100014428314
DB07158	0.13520592243324747	0.09031124910332444	-0.04489467332992303
DB02415	0.1350990153983061	0.04515849938943922	-0.08994051600886688
DB02543	0.13504200892517743	0.01591236399279372	-0.1191296449323837
DB03247	0.13503680047046734	0.12698678669798869	-0.008050013772478645
DB18847	0.1349628951723993	0.09392779502680443	-0.04103510014559486
DB13050	0.13496024955756786	0.04360608698985319	-0.09135416256771467
DB12286	0.1349495333848575	0.0364408960732453	-0.09850863731161219
DB13939	0.13492960053953984	0.057204617263263924	-0.07772498327627592
DB02970	0.13489807920085745	0.04401349257196674	-0.0908845866288907
DB04285	0.13489076953581197	0.06615823107124663	-0.06873253846456534
DB00821	0.13485704829358164	0.08835197870977285	-0.0465050695838088
DB02099	0.13484413221732316	0.017333081442785225	-0.11751105077453794
DB02974	0.1348414165621475	0.042355943247964434	-0.09248547331418305
DB04860	0.1348409708508641	0.01643503688006176	-0.11840593397080235
DB07912	0.13480753932096787	0.09063952819805177	-0.0441680111229161
DB13332	0.13478799488119697	0.010785843751197843	-0.12400215112999913
DB16102	0.13475137333197323	0.07747852085489465	-0.057272852477078584
DB11150	0.1347333761470857	0.10702446076257122	-0.027708915384514476
DB02035	0.1347217367152887	0.04362990707429132	-0.09109182964099738
DB01682	0.13470896390337134	0.1174959889168159	-0.017212974986555434
DB11141	0.13463510954373553	0.03663474227763813	-0.0980003672660974
DB18047	0.1346327090701101	0.04199508265843099	-0.09263762641167911
DB01995	0.1346085992733378	0.10879864636209813	-0.025809952911239664
DB11423	0.13458134402836663	0.018282599291420953	-0.11629874473694568
DB16193	0.1345561326879944	0.04808234630569655	-0.08647378638229786
DB06358	0.13446546546202376	0.07352027992706134	-0.06094518553496242
DB12445	0.13439815032364366	0.10999266231881677	-0.024405488004826892
DB06445	0.1343980707323431	0.08206101227145035	-0.05233705846089276
DB13441	0.13432887723926934	0.10978074570553997	-0.024548131533729367
DB13139	0.134312535553434	0.0811002688657807	-0.053212266687653303
DB13749	0.13427777007333985	0.11420471035324908	-0.02007305972009077
DB00552	0.13425556091682544	0.04941709241645165	-0.0848384685003738
DB12497	0.1342409988924711	0.03784217414398283	-0.09639882474848827
DB07121	0.13421714060420886	0.020680761585596286	-0.11353637901861258
DB04334	0.13421657709780077	0.10465395166987013	-0.029562625427930644
DB08094	0.13421004106019693	0.03709635908640396	-0.09711368197379297
DB14210	0.1342094266153564	0.08545386843647157	-0.04875555817888483
DB08628	0.13418055407515733	0.014013054501448297	-0.12016749957370904
DB02650	0.1341793124508683	0.05065382024871454	-0.08352549220215377
DB09014	0.13416105102286285	0.04596865605440836	-0.08819239496845449
DB08895	0.13411108042070563	0.05100728839824986	-0.08310379202245577
DB04603	0.1341092561880963	0.09498984223985457	-0.03911941394824173
DB15488	0.1340914500223302	0.0707426390463205	-0.0633488109760097
DB18789	0.13408978815597394	0.018898088369775246	-0.1151916997861987
DB02470	0.13407424238314436	0.047932307153144005	-0.08614193523000035
DB04406	0.1340702946546355	0.03797085735876333	-0.09609943729587217
DB14716	0.1340310465924926	0.09950114719717001	-0.03452989939532258
DB12592	0.13402589225986694	0.059193457416807704	-0.07483243484305924
DB02152	0.13399674592559396	0.04581779551963372	-0.08817895040596024
DB03613	0.13399308790941927	0.09663753497719299	-0.03735555293222628
DB04689	0.1339673512664631	0.01970824503474447	-0.11425910623171864
DB08838	0.13395534253103125	0.027696734731873396	-0.10625860779915786
DB04262	0.13395497004374463	0.07615089339006342	-0.0578040766536812
DB01809	0.13393518364642001	0.057791084169774215	-0.0761440994766458
DB01370	0.133925053265682	0.06894846647939151	-0.06497658678629048
DB14028	0.13387486299153523	0.052159140067572385	-0.08171572292396284
DB11189	0.13384970258959522	0.09608556612400676	-0.03776413646558846
DB05460	0.13383108777621527	0.017472990214599804	-0.11635809756161547
DB00527	0.1337606813117207	0.06433558392062166	-0.06942509739109903
DB07747	0.13375981854202246	0.07457849402307537	-0.05918132451894709
DB13022	0.13373335602640501	0.006552713573067415	-0.1271806424533376
DB04236	0.1337240406605849	0.016551399361512287	-0.11717264129907262
DB03483	0.13369789332651782	0.06481910425530757	-0.06887878907121026
DB17063	0.13364835570103567	0.0661330420164386	-0.06751531368459707
DB05586	0.13364518478362047	0.12642578264036047	-0.007219402143260011
DB13154	0.13363203630076448	0.027537386580804846	-0.10609464971995963
DB08028	0.13352910564720022	0.01435748744654175	-0.11917161820065847
DB14976	0.1335099114091519	0.047600468735454676	-0.08590944267369721
DB14156	0.13350129326312482	0.044450741708146446	-0.08905055155497837
DB01630	0.13349663239656284	0.02097974471440539	-0.11251688768215745
DB03307	0.1334927356064864	0.08521265585727666	-0.048280079749209726
DB04380	0.13346988016861128	0.0649872138167441	-0.06848266635186717
DB17503	0.13346278062459938	0.03348966974958789	-0.09997311087501148
DB08260	0.1334483937011064	0.046257782596553554	-0.08719061110455284
DB12030	0.1334300049270199	0.038038210700967634	-0.09539179422605226
DB01676	0.13339015833829662	0.04342209737212446	-0.08996806096617216
DB16931	0.13333968790277173	0.07860326691089092	-0.05473642099188081
DB01453	0.13332783834994116	0.08430502850196309	-0.04902280984797808
DB04253	0.1332368814116363	0.06263915583811103	-0.07059772557352528
DB07012	0.1332363720273127	0.05806159271488731	-0.07517477931242539
DB13937	0.13320975669639817	0.09723276329407127	-0.03597699340232691
DB15582	0.13318056260734473	0.05845174927033875	-0.07472881333700598
DB07201	0.13315168051618975	0.06811147799517027	-0.0650402025210195
DB09091	0.13314696552754324	0.06353528384231655	-0.06961168168522669
DB01898	0.13313422136849407	0.05554925829185353	-0.07758496307664053
DB07827	0.1330870810329856	0.09445101550222046	-0.03863606553076515
DB03633	0.13308440358163398	0.047581576944348614	-0.08550282663728537
DB07225	0.13306999755622873	0.050525958416156036	-0.08254403914007269
DB11695	0.1330618983454815	0.03244377638690388	-0.10061812195857761
DB13786	0.1330358719901913	0.05387035303007903	-0.07916551896011226
DB01456	0.13302156784165076	0.03551930522015778	-0.09750226262149297
DB04038	0.1329711642628184	0.014079586461430635	-0.11889157780138776
DB07646	0.13285881318291726	0.04722318050148133	-0.08563563268143592
DB02606	0.13284405058848542	0.047276296551837516	-0.0855677540366479
DB16867	0.13282677290895512	0.09070167945285001	-0.0421250934561051
DB07287	0.1327925454660529	0.10149491564404578	-0.03129762982200712
DB07905	0.13276953402922864	0.06677837464885905	-0.06599115938036959
DB16232	0.13272008872965524	0.030097087378640697	-0.10262300135101454
DB13061	0.13271849053633966	0.05485053581500282	-0.07786795472133684
DB11907	0.13271224739472198	0.034172785964220576	-0.09853946143050141
DB04101	0.1327034700660939	0.08130753097979948	-0.05139593908629442
DB18398	0.1326472404040589	0.09679387139344753	-0.03585336901061137
DB16186	0.1326132262658425	0.08003219818310259	-0.0525810280827399
DB13788	0.13257638504462915	0.04731654428071558	-0.08525984076391357
DB00697	0.1325740800805642	0.09082543437429841	-0.0417486457062658
DB02984	0.13255721309214488	0.04546104184121039	-0.0870961712509345
DB12016	0.1324932057682171	0.059105569519053325	-0.07338763624916378
DB19058	0.1324587363677613	0.014246600846571311	-0.11821213552118998
DB12206	0.13244868239467172	0.08785175693657282	-0.0445969254580989
DB13413	0.13243987322952333	0.07603042399750298	-0.05640944923202035
DB00205	0.13243749822511394	0.07818901647692733	-0.05424848174818661
DB11938	0.13243336584478785	0.05902343129685306	-0.07340993454793479
DB08087	0.13240771516043628	0.08219489757363688	-0.05021281758679941
DB03750	0.1323956650375283	0.10434702851291489	-0.028048636524613424
DB07070	0.1323361148264331	0.0495356452504942	-0.0828004695759389
DB02608	0.13232284218114804	0.09688887793712597	-0.035433964244022065
DB07062	0.13231098944466535	0.03375086929618493	-0.09856012014848042
DB14477	0.13226336837770125	0.10771195768238784	-0.024551410695313414
DB15126	0.13220263384805353	0.009790876086278044	-0.12241175776177549
DB00903	0.13220011876295512	0.05948011981228678	-0.07271999895066833
DB01137	0.13217464317946487	0.07811700863546506	-0.05405763454399981
DB12292	0.13209019044224363	0.09316883785367347	-0.03892135258857014
DB02248	0.13207185579024155	0.07392248342176883	-0.05814937236847273
DB14203	0.13205489329226167	0.08792787168914518	-0.044127021603116504
DB07164	0.1320062980277784	0.056451135971613	-0.07555516205616541
DB04996	0.13200350914860615	0.02424501284094205	-0.1077584963076641
DB15959	0.13199013144280433	0.11765232533307046	-0.01433780610973387
DB13285	0.13194908143361633	0.07980385392538564	-0.05214522750823068
DB05562	0.1319467796532035	0.08498951368696578	-0.04695726596623773
DB02281	0.13192127223319305	0.05205893143648799	-0.07986234079670507
DB12858	0.1319160446765708	0.011149442281471189	-0.12076660239509962
DB04909	0.131876927144161	0.0650200691056243	-0.06685685803853669
DB11716	0.13187466356757238	0.07961630498469485	-0.05225835858287753
DB06420	0.13186389008912575	0.08090998198434995	-0.05095390810477579
DB04638	0.13185456517234947	0.0794260181032641	-0.05242854706908537
DB12945	0.13182834143063388	0.06885565028830515	-0.06297269114232873
DB03157	0.1317949576555179	0.011076886851860979	-0.12071807080365693
DB00637	0.13177732659061306	0.051217836041156733	-0.08055949054945633
DB04333	0.13175833292264216	0.052866623954791025	-0.07889170896785114
DB02751	0.13170860746169089	0.07799790821327468	-0.053710699248416205
DB00170	0.1317011386140442	0.03799057053209137	-0.09371056808195283
DB05678	0.13164817537898504	0.025495156582830858	-0.10615301879615419
DB04179	0.13160777801846185	0.03426094765604892	-0.09734683036241293
DB01061	0.13160360106700736	0.046431641833544146	-0.08517195923346321
DB06307	0.13156302223831873	0.05205811005426597	-0.07950491218405276
DB03305	0.13151976914193067	0.012396026700398098	-0.11912374244153257
DB02853	0.1315071141251382	0.028793279998247767	-0.10271383412689045
DB02151	0.13149555428464166	0.06608841358237638	-0.06540714070226528
DB13412	0.13145288379657388	0.0659824552757381	-0.06547042852083579
DB01814	0.13139681331714004	0.02717981152015947	-0.10421700179698057
DB12923	0.13138307904231156	0.01820347280403463	-0.11317960623827694
DB01228	0.13137559746005695	0.08760862779885992	-0.04376696966119703
DB01820	0.1313743335502037	0.08560281241272813	-0.04577152113747557
DB16849	0.13137279266262453	0.00962440928928543	-0.1217483833733391
DB13001	0.13135456625479114	0.1038574847086009	-0.02749708154619024
DB06947	0.13133040233593465	0.037948406244695254	-0.0933819960912394
DB11726	0.13130402577892192	0.06054791670089099	-0.07075610907803093
DB11420	0.13129227810295596	0.10640376959681086	-0.0248885085061451
DB18797	0.13127889402985027	0.03886589018667286	-0.09241300384317741
DB17694	0.131275309237672	0.08442166477748758	-0.04685364446018442
DB06944	0.1312729660697829	0.014966679261194063	-0.11630628680858884
DB07838	0.1312580188235336	0.07473838976229197	-0.05651962906124164
DB18771	0.13124672640980706	0.01851669322469185	-0.11273003318511521
DB13701	0.13120823287319378	0.005196611524540162	-0.12601162134865362
DB16772	0.13119162694424036	0.09152360926300107	-0.03966801768123929
DB13349	0.1311889685948009	0.07743334483268444	-0.053755623762116456
DB13331	0.13110502842555538	0.055299010508216506	-0.07580601791733887
DB03132	0.13110433438941438	0.0930683554285151	-0.038035978960899275
DB08623	0.1310570316876526	0.07108542922696981	-0.05997160246068278
DB13639	0.13101928949291686	0.037171652456754245	-0.09384763703616261
DB08327	0.13101633188018713	0.08361506743548042	-0.047401264444706714
DB13343	0.13098826798760205	0.0954172347893702	-0.03557103319823185
DB07023	0.13097422171487544	0.0341084443568303	-0.09686577735804514
DB13627	0.1309704299853158	0.019630761311802164	-0.11133966867351364
DB01019	0.1309481507884569	0.07189668106823499	-0.059051469720221905
DB12473	0.13094324159703702	0.042488185785706845	-0.08845505581133017
DB11123	0.1309314047788146	0.020277736708666727	-0.11065366807014787
DB04938	0.1309221276168187	0.028011871711048686	-0.10291025590577002
DB12126	0.1308682029188486	0.06538695316478571	-0.06548124975406289
DB02063	0.13086349111385415	0.028804505555281745	-0.1020589855585724
DB02618	0.13085347216093696	0.051327901258905184	-0.07952557090203177
DB00710	0.1308162489014809	0.09898477157360408	-0.03183147732787682
DB16022	0.1308121483576749	0.009361840772318324	-0.12145030758535658
DB14787	0.13073856142480905	0.041582748782985346	-0.0891558126418237
DB14702	0.13073046539771394	0.008865999704302407	-0.12186446569341153
DB16035	0.13072028407854352	0.0609446443141185	-0.06977563976442502
DB06461	0.13070919541854653	0.09769328492654106	-0.033015910492005474
DB03117	0.13070449953181218	0.04245012840942075	-0.08825437112239143
DB01466	0.1306918763515399	0.027448129712680513	-0.10324374663885938
DB12850	0.13069037685143692	0.026307777394466103	-0.10438259945697081
DB07796	0.13064334476009715	0.046399060338737974	-0.08424428442135917
DB02485	0.13063113227093592	0.04573757385595145	-0.08489355841498447
DB08247	0.1305539860151081	0.04377556552165984	-0.08677842049344825
DB18153	0.13050487818264922	0.0898685240856647	-0.04063635409698452
DB13019	0.13048473839995	0.022736407493196276	-0.10774833090675373
DB02801	0.1304782660353867	0.03414568035089449	-0.09633258568449221
DB12435	0.1304470726128627	0.07594609542271069	-0.05450097719015201
DB04411	0.13039440864109375	0.06890684978014339	-0.061487558860950364
DB12309	0.1303901552819907	0.03382999578357124	-0.09656015949841945
DB11525	0.1303808208142585	0.050305006598437174	-0.08007581421582133
DB12725	0.13035756741988053	0.09386181065497018	-0.03649575676491035
DB07792	0.13031605578114902	0.12077795848186657	-0.009538097299282455
DB11596	0.13030143645105835	0.09761114670434073	-0.032690289746717616
DB08599	0.13029264320417	0.11476023852939721	-0.015532404674772793
DB00823	0.1302919332497689	0.058246129920764	-0.0720458033290049
DB02062	0.13028483370575694	0.07717159769793946	-0.05311323600781748
DB08465	0.13027641931345946	0.05060754905020837	-0.07966887026325109
DB08711	0.13027577621575076	0.040828446109112404	-0.08944733010663836
DB14149	0.13027070784172978	0.08508287746620014	-0.04518783037552965
DB02907	0.13022825065834742	0.11847671928988768	-0.011751531368459744
DB03311	0.13022814241417865	0.05463067917358	-0.07559746324059866
DB13269	0.13022482504877028	0.013635218679326905	-0.11658960636944338
DB04303	0.13021323018810166	0.05091228185457153	-0.07930094833353013
DB15385	0.1302060669710493	0.07352739857298529	-0.056678668398064014
DB12661	0.13020330674474515	0.03417305975829457	-0.09603024698645057
DB19046	0.13016490553404042	0.11726271636576696	-0.012902189168273456
DB06684	0.13005597688006426	0.08736686763151696	-0.0426891092485473
DB12254	0.1300234558746467	0.03431981338195922	-0.09570364249268748
DB04026	0.12999925693561779	0.05626632497166231	-0.07373293196395547
DB13065	0.12999512137163963	0.08960896730351176	-0.04038615406812787
DB08912	0.1299391081979422	0.08408462427239227	-0.045854483925549916
DB01041	0.1298959219582465	0.07167080095718403	-0.058225121001062474
DB04933	0.12988450856574307	0.11950399465553962	-0.010380513910203448
DB13670	0.1298503511631855	0.03289964352011565	-0.09695070764306984
DB09053	0.12981974989993778	0.10574447346661625	-0.024075276433321524
DB16620	0.12981659171713067	0.047882476631675774	-0.0819341150854549
DB15950	0.12981148513928542	0.08822548584758433	-0.041585999291701106
DB03077	0.12981145011911316	0.07664509169363537	-0.05316635842547779
DB14136	0.12977565313576356	0.048839386920309535	-0.08093626621545402
DB04650	0.129760674052994	0.09158959363483532	-0.03817108041815867
DB02195	0.12973059809233028	0.08013131163789095	-0.04959928645443934
DB12501	0.1297268955050272	0.06302055098319453	-0.06670634452183266
DB02236	0.1297249343753809	0.033074597933402394	-0.09665033644197851
DB06873	0.12970201844811735	0.09620767828101129	-0.03349434016710606
DB06816	0.1296938682989378	0.04958821371270239	-0.08010565458623542
DB05680	0.12968544753933625	0.026094765604893266	-0.10359068193444299
DB19004	0.12965582684091176	0.07096276948181734	-0.058693057359094414
DB15405	0.12965014402205022	0.06123404465033755	-0.06841609937171267
DB13254	0.1296212396453309	0.06986704559766505	-0.059754194047665854
DB06843	0.12961475454615967	0.10199732776983783	-0.02761742677632184
DB06140	0.1296089125446969	0.12690163674097438	-0.0027072758037225042
DB04762	0.12948249609015694	0.07114621151139805	-0.05833628457875889
DB11753	0.12947517050685137	0.0713143210728347	-0.05816084943401667
DB00842	0.12942654022219602	0.0038353073886069344	-0.12559123283358908
DB00739	0.1293849489921639	0.05769854177276179	-0.07168640721940212
DB04493	0.12936263477513288	0.028248703585059598	-0.10111393119007328
DB03009	0.12935326528722835	0.07471128414896577	-0.054641981138262574
DB11254	0.12935264129143187	0.010514513823862814	-0.11883812746756905
DB03881	0.12934438608173554	0.08891134000295697	-0.04043304607877857
DB00926	0.12930453630936029	0.010057825308429025	-0.11924671100093126
DB06819	0.12929881210302252	0.016551399361512287	-0.11274741274151023
DB18028	0.1292981944745299	0.043813075309797944	-0.08548511916473195
DB08283	0.1292934380984072	0.0704902009100915	-0.058803237188315705
DB17278	0.1292911554199065	0.09776693553244731	-0.03152421988745918
DB08775	0.12926673999254018	0.01114150225332533	-0.11812523773921485
DB14011	0.12922197147778886	0.003664186092356192	-0.12555778538543266
DB01712	0.12920689688545867	0.06954615894293581	-0.05966073794252286
DB00356	0.12919776298780394	0.09306205816481306	-0.03613570482299089
DB18297	0.12918538813238953	0.0186845289920545	-0.11050085914033503
DB08471	0.1291514599527776	0.06609580602237453	-0.06305565393040308
DB14665	0.12914977898450924	0.09399323181049068	-0.03515654717401856
DB18252	0.12913540479562413	0.08767598114106412	-0.04145942365456001
DB07596	0.12912014236782465	0.06254168514776665	-0.06657845722005801
DB08134	0.12911742034534468	0.08084947349399563	-0.04826794685134905
DB07686	0.1291070289051407	0.09878134257662119	-0.03032568632851952
DB00175	0.12909818790347216	0.032995471446016	-0.09610271645745616
DB07577	0.12908105030463096	0.030977061532480192	-0.09810398877215076
DB02106	0.1290670549703366	0.006637589736007754	-0.12242946523432885
DB09095	0.12904529152510558	0.06018486575876547	-0.0688604257663401
DB09133	0.12903225765372245	0.028163279833971377	-0.10086897781975107
DB14945	0.12896558242939893	0.05833867231777634	-0.07062691011162259
DB02901	0.12894947315016125	0.0038897924093330705	-0.12505968074082818
DB14904	0.12891647778059212	0.06467016027905093	-0.0642463175015412
DB15299	0.12890725792433272	0.06118174998220338	-0.06772550794212934
DB06597	0.1288769527407232	0.004512126339537459	-0.12436482640118574
DB01826	0.12879750152083064	0.09958410680159241	-0.029213394719238228
DB15147	0.1287864510646577	0.031586527141206466	-0.09719992392345123
DB02849	0.128720667262901	0.08379549773024714	-0.04492516953265385
DB17042	0.1287093812164785	0.06939885773112325	-0.05931052348535526
DB14103	0.12870768432995003	0.05600211369025121	-0.07270557063969882
DB04883	0.12870325268633367	0.0549280195379451	-0.07377523314838857
DB01325	0.12868103397886332	0.05102097810194994	-0.07766005587691338
DB04349	0.1286788404426193	0.08449148226635783	-0.04418735817626146
DB07467	0.12853393652078032	0.07351124472261922	-0.055022691798161105
DB16466	0.12852950806081576	0.049285945055005165	-0.07924356300581059
DB17270	0.12847643021428395	0.08424972209901488	-0.044226708115269076
DB04615	0.1284212670756768	0.0619897162945805	-0.0664315507810963
DB01326	0.1284091564633803	0.018036184624819984	-0.11037297183856032
DB15161	0.12835796015519418	0.10134816202038133	-0.027009798134812857
DB03578	0.12829892251207475	0.0409354995920469	-0.08736342292002786
DB13087	0.1282790883599697	0.03044726999928815	-0.09783181836068156
DB01939	0.12826525539192862	0.024550293233453258	-0.10371496215847537
DB12767	0.12824182371303727	0.05388650688044505	-0.07435531683259222
DB04162	0.12824116151341652	0.05261418581856214	-0.07562697569485438
DB14664	0.12824049613014366	0.0047807183261325825	-0.12345977780401107
DB13983	0.1282298850179501	0.03675603305242062	-0.09147385196552948
DB16906	0.12820953193056533	0.07354656415816535	-0.054662967772399984
DB07230	0.12820589301630275	0.041127429237921564	-0.08707846377838119
DB00967	0.1281728562592572	0.04900996062841212	-0.07916289563084508
DB02273	0.1281121535661296	0.08082893893844562	-0.04728321462768398
DB00190	0.12807649984712105	0.042832071142652195	-0.08524442870446886
DB04554	0.12804836273053943	0.06734321182352332	-0.060705150907016114
DB08388	0.12802072863097735	0.03526111740837479	-0.09275961122260257
DB11496	0.1279827476623398	0.05579266122364046	-0.07219008643869934
DB15780	0.12798082155286583	0.04340566972768445	-0.08457515182518138
DB15954	0.1279272725258344	0.09656963404684071	-0.0313576384789937
DB03742	0.12791639080321893	0.036978353840509515	-0.09093803696270941
DB07411	0.12790929125920714	0.030664114905897044	-0.09724517635331009
DB12300	0.12788672871731804	0.030499564667422374	-0.09738716404989567
DB01490	0.12787919938028308	0.00870692534730777	-0.11917227403297531
DB06316	0.12785259678397654	0.059954604942530576	-0.06789799184144596
DB13204	0.12784555454570112	0.0489322031113959	-0.07891335143430522
DB01210	0.1278453444246676	0.018733538131300687	-0.10911180629336692
DB04195	0.1278066439506727	0.06416172468363096	-0.06364491926704174
DB11898	0.12779580998283757	0.08993067534046295	-0.037865134642374634
DB14072	0.1277636200772303	0.11878035691795485	-0.008983263159275445
DB02207	0.12775593474124602	0.0347244810233327	-0.09303145371791333
DB04546	0.12774738981921568	0.09187762500068447	-0.0358697648185312
DB06987	0.12774548281165365	0.07050443820193952	-0.05724104460971413
DB11410	0.12774496387637402	0.06256605282035277	-0.06517891105602125
DB13573	0.12773696335883944	0.09679085965863354	-0.030946103700205896
DB04385	0.1277238339778955	0.11285873868545987	-0.014865095292435626
DB16656	0.1277191508257693	0.033369474151101475	-0.09434967667466782
DB03852	0.12769776941878103	0.06720412443393076	-0.06049364498485027
DB00614	0.12766950813977046	0.03981814597604849	-0.08785136216372197
DB04863	0.12766774121289765	0.006644708381931874	-0.12102303283096577
DB08406	0.12765670985863703	0.08747255214408145	-0.04018415771455558
DB03508	0.1276506258996205	0.013069833916514728	-0.11458079198310578
DB02585	0.12764782110218797	0.052372699445293214	-0.07527512165689476
DB15905	0.12764415990236128	0.07276214413615234	-0.054882015766208936
DB18093	0.12762730883220208	0.08064905623182694	-0.04697825260037514
DB02552	0.1276231000442273	0.11522295051445908	-0.012400149529768228
DB16951	0.1275458582788388	0.08501086962473792	-0.04253498865410088
DB03552	0.12753120074492358	0.048175162496782886	-0.07935603824814069
DB12593	0.12752040179726074	0.049258291853531144	-0.07826210994372959
DB01095	0.1274664770992906	0.047208669415559124	-0.08025780768373147
DB09096	0.12745296568010384	0.08504783182472797	-0.042405133855375865
DB13876	0.12743229422751673	0.05748908930615104	-0.06994320492136569
DB06984	0.12741798052802022	0.0876666721425482	-0.03975130838547203
DB13327	0.1273143781238789	0.004202191447768344	-0.12311218667611057
DB00292	0.12731241699423257	0.04582984245888977	-0.0814825745353428
DB17410	0.12730205102324488	0.0893811706339428	-0.03792088038930208
DB12239	0.12729460446116242	0.06712362897617441	-0.060170975484987996
DB11969	0.12726391405565812	0.06186267584424404	-0.06540123821141408
DB01481	0.12721439871574025	0.06214468374046511	-0.06506971497527514
DB15958	0.1272088464266116	0.08085330661103163	-0.046355539815579966
DB14632	0.12720210981893043	0.016858322518467417	-0.11034378730046301
DB11807	0.1271904194487009	0.07303703338644935	-0.05415338606225156
DB01505	0.1271701427689647	0.05904916793980908	-0.06812097482915563
DB01817	0.12714767573663655	0.03882673763409061	-0.08832093810254593
DB08697	0.1271463863575672	0.05096457652270575	-0.07618180983486145
DB11509	0.1271372269906962	0.12003980965835975	-0.007097417332336469
DB07915	0.1270910353834906	0.0475585782421325	-0.07953245714135809
DB07161	0.12706919234695901	0.0363157721814269	-0.09075342016553212
DB15105	0.1270495587649314	0.07511321384959935	-0.05193634491533204
DB03072	0.12704862913854073	0.07330808951971043	-0.053740539618830296
DB03872	0.12700684688938735	0.0028200789622109257	-0.12418676792717642
DB02734	0.1270043700081132	0.014316965923589553	-0.11268740408452366
DB07397	0.12700151745590038	0.06605993899868035	-0.060941578457220036
DB03298	0.12698915533509397	0.07575553474720587	-0.05123362058788809
DB14199	0.12697573305816393	0.009354174538246295	-0.11762155851991762
DB16929	0.12697225969380666	0.042192488185785804	-0.08477977150802085
DB03880	0.12693252453290416	0.06951768435923977	-0.05741484017366438
DB05830	0.12691341306980847	0.04823484960491514	-0.07867856346489333
DB08206	0.12690227347137906	0.10297751055476156	-0.023924762916617492
DB12235	0.1268713888631013	0.07931403632699774	-0.04755735253610355
DB11098	0.12681427732945594	0.08377003488136503	-0.04304424244809091
DB18915	0.12675806358568092	0.054679140724678055	-0.07207892286100287
DB04127	0.1267114835729286	0.05323268663173053	-0.07347879694119808
DB09477	0.12669969132583436	0.019398310142975217	-0.10730138118285915
DB13771	0.12668964053639709	0.018188414129964636	-0.10850122640643245
DB06942	0.12665812238136664	0.05979306643887	-0.06686505594249664
DB07367	0.1266295204515896	0.0442730493541198	-0.0823564710974698
DB04149	0.12662218850097995	0.024161505648371717	-0.10246068285260823
DB13328	0.12658305186665803	0.01733417661908132	-0.1092488752475767
DB14890	0.12658098567649478	0.07283880647687258	-0.05374217919962221
DB01591	0.12655527768640695	0.05723281805288605	-0.0693224596335209
DB04847	0.12653732825629982	0.07213898882372594	-0.05439833943257388
DB09269	0.12648331759972514	0.008623691948811518	-0.11785962565091362
DB11734	0.12646861549468152	0.0706933561130002	-0.05577525938168132
DB05129	0.12643747937789407	0.10282226931480298	-0.02361521006309107
DB08968	0.12641544850589298	0.07145997952020322	-0.05495546898568976
DB04597	0.12637103974382047	0.049842294613375415	-0.07652874513044505
DB17984	0.126341829736507	0.06818786654181663	-0.05815396319469038
DB06193	0.12633147968377928	0.027878260202936156	-0.09845321948084312
DB12624	0.12632963316560586	0.022413330485875016	-0.10391630267973084
DB01241	0.1262871473293552	0.11363220694451281	-0.012654940384842397
DB02499	0.12627688005158033	0.010787760309715955	-0.11548911974186438
DB18489	0.12616321093974153	0.06282259786769173	-0.0633406130720498
DB14089	0.12615670355500597	0.05419123968480827	-0.0719654638701977
DB12596	0.1261512754283064	0.012191228733045345	-0.11396004669526105
DB03337	0.12610904428421757	0.06214276718194711	-0.06396627710227046
DB04778	0.12610826428947186	0.08224226394843903	-0.04386600034103283
DB14510	0.12607912113885095	0.0020887749905541043	-0.12399034614829685
DB14940	0.12600427666343586	0.08992136634194686	-0.036082910321489
DB07502	0.12599188907341335	0.08197832646110204	-0.04401356261231132
DB14921	0.12597975299190067	0.05276066564815274	-0.07321908734374794
DB01806	0.12590471113006016	0.02399394367508309	-0.10191076745497707
DB14639	0.12589088452932312	0.06581598847874531	-0.06007489605057781
DB07513	0.1258813144713412	0.05419425141962225	-0.07168706305171896
DB05381	0.12584750090320213	0.07924504022034945	-0.046602460682852676
DB01348	0.12584062739848378	0.05993407038698051	-0.06590655701150328
DB00912	0.1258309713818972	0.02976826069576549	-0.0960627106861317
DB01433	0.12581969807008275	0.06433476253839954	-0.061484935531683216
DB07276	0.12581478569501092	0.05474977959577043	-0.07106500609924049
DB01265	0.12580547669649492	0.046223832131377346	-0.07958164456511757
DB07329	0.12577670921681272	0.03459470263225628	-0.09118200658455644
DB04838	0.1257764513409988	0.06446727887021612	-0.06130917247078266
DB01920	0.12571372066153225	0.03229565379286925	-0.093418066868663
DB07820	0.12569654485886672	0.05648426505456716	-0.06921227980429956
DB12293	0.12561968831537307	0.04254540874717305	-0.08307427956820002
DB12209	0.12558720869743173	0.10483273920019276	-0.02075446949723897
DB07615	0.12557927185293769	0.09859406743000454	-0.026985204422933146
DB08699	0.12556528288594748	0.0600728839824991	-0.06549239890344838
DB11761	0.125561392463175	0.05693739424703892	-0.06862399821613607
DB03480	0.1254333077749749	0.0800729935001287	-0.045360314274846214
DB04882	0.12540555588028804	0.02091376034257114	-0.1044917955377169
DB17636	0.1253744675182808	0.053095515800656023	-0.07227895171762477
DB07021	0.1253386991877994	0.05440781079734311	-0.0709308883904563
DB14029	0.12532244346056864	0.0697649204080627	-0.05555752305250594
DB06706	0.125317706186358	0.06311856926168691	-0.062199136924671106
DB08256	0.1252904859615589	0.0547412919794763	-0.07054919398208259
DB07412	0.12526774831880885	0.09969225546082278	-0.025575492857986076
DB07177	0.12525775801875977	0.024599302372699416	-0.10065845564606035
DB17039	0.12523488984627668	0.0570463642884913	-0.06818852555778537
DB15666	0.125224119551482	0.011782180386487706	-0.11344193916499429
DB08398	0.12516481766524457	0.04457778215848296	-0.0805870355067616
DB11068	0.12516157989113702	0.021841100871212826	-0.1033204790199242
DB14033	0.12515256060495505	0.09163723380371158	-0.03351532680124347
DB05273	0.12514889622147618	0.08410625400423832	-0.04104264221723786
DB01046	0.12508571664707446	0.07071033134558835	-0.054375385301486126
DB00351	0.12507766837475962	0.03347789660440589	-0.09159977177035372
DB07689	0.12505098300350054	0.10707429128403939	-0.01797669171946116
DB12114	0.12504408402956618	0.038906411709624944	-0.08613767231994124
DB00536	0.12502388057382646	0.0831345588356085	-0.041889321738217966
DB03049	0.12499539962282635	0.039278771650266386	-0.08571662797255997
DB00698	0.12499111761085507	0.0466011203653508	-0.07838999724550427
DB16135	0.12498213334484531	0.00933692551158416	-0.11564520783326115
DB02200	0.12498154436922115	0.048175710084930934	-0.07680583428429022
DB06830	0.124972232187053	0.0846565800929805	-0.04031565209407251
DB01301	0.12494323230077309	0.020651465619678122	-0.10429176668109497
DB17385	0.12492409855211326	0.04546542254639441	-0.07945867600571885
DB01783	0.12488173687829163	0.01889726698755334	-0.10598446989073829
DB04864	0.12486401348747811	0.026700671890657612	-0.0981633415968205
DB15414	0.12485308719373434	0.08239942174691572	-0.04245366544681861
DB14857	0.12484735980374438	0.12010962714723	-0.0047377326565143825
DB11652	0.1248428008140472	0.04632458835060982	-0.07851821246343738
DB14656	0.12483339630597035	0.12460778998899347	-0.00022560631697687535
DB04281	0.12478006058362462	0.025174543722175757	-0.09960551686144886
DB16907	0.12477737676496897	0.06823413774032278	-0.0565432390246462
DB04452	0.12475464548952275	0.04669092482162318	-0.07806372066789957
DB04833	0.12475196803817135	0.08521347723949868	-0.039538490798672665
DB13493	0.12473757474737401	0.02124395599581641	-0.1034936187515576
DB17383	0.12473688707853708	0.07179154414381855	-0.05294534293471853
DB09371	0.12472227729940219	0.07463078869120954	-0.05009148860819265
DB11896	0.12470453162302456	0.09485924246655608	-0.029845289156468474
DB12971	0.12466389548859957	0.050512542506530034	-0.07415135298206954
DB01338	0.1246480568197838	0.060726704231213624	-0.06392135258857018
DB03878	0.12462666586183935	0.06401497105996634	-0.060611694801873006
DB07184	0.1246175829026171	0.08149398474419423	-0.04312359815842287
DB14881	0.12455429190039452	0.0411088112408895	-0.08344548065950502
DB11965	0.12453623422611848	0.07310520811087562	-0.05143102611524286
DB12769	0.12451390409082724	0.006422113799768869	-0.11809179029105837
DB08333	0.12449874672354452	0.043496569360252785	-0.08100217736329174
DB06677	0.12449539433796403	0.08858004917341572	-0.03591534516454831
DB00991	0.12447637520077698	0.021292965135062625	-0.10318341006571435
DB19189	0.12446156485156473	0.030881507400653763	-0.09358005745091097
DB01570	0.12445577378853445	0.06492095565083589	-0.059534818137698564
DB01187	0.12441920954504726	0.04932509760758741	-0.07509411193745985
DB08367	0.12440608334775527	0.06638164703563154	-0.05802443631212373
DB12027	0.12439821972725779	0.09001719426784727	-0.03438102545941052
DB06714	0.12435208224213656	0.07001735854429164	-0.05433472369784492
DB02289	0.12434675599230169	0.011995465970134539	-0.11235129002216715
DB05871	0.12432407565528791	0.026265339312995906	-0.09805873634229201
DB09411	0.12432246472736419	0.02436247049868856	-0.09995999422867563
DB06211	0.12430511700748939	0.06397280677257022	-0.06033231023491917
DB04497	0.12429073326764822	0.09467826458364131	-0.02961246868400691
DB04369	0.12420831488406986	0.05615489078354391	-0.06805342410052595
DB11905	0.12416972902154783	0.10525191792748834	-0.01891781109405949
DB12630	0.12415872313650339	0.06184022473017592	-0.06231849840632747
DB06119	0.12415750698143058	0.07880998143676177	-0.04534752554466881
DB08433	0.12413525007013582	0.07412180550764158	-0.050013444562494236
DB05253	0.12404470382294219	0.021167567449170144	-0.10287713637377205
DB02159	0.12404172710830028	0.05722323526029602	-0.06681849184800426
DB11574	0.12402395596270643	0.08525016564541477	-0.03877379031729167
DB16629	0.1239918965868321	0.03675603305242062	-0.08723586353441148
DB03995	0.12395049000861752	0.09336542199880626	-0.030585068009811256
DB08099	0.12394112052071307	0.043860715478674206	-0.08008040504203887
DB11128	0.12393812788781117	0.0417243003192439	-0.08221382756856727
DB12419	0.1239318338077611	0.05331017035467278	-0.07062166345308832
DB13231	0.12391912466888422	0.04283234493672616	-0.08108677973215805
DB12063	0.12389648571934675	0.05199103050613574	-0.07190545521321101
DB08530	0.12385877854478322	0.05004681878665418	-0.07381195975812904
DB05223	0.12385026227562099	0.07041271718714923	-0.05343754508847176
DB04642	0.12384983566624985	0.09529128951532972	-0.028558546150920128
DB14035	0.12384743837627626	0.05443217846992915	-0.06941525990634712
DB12564	0.12384664246327062	0.11752966558791811	-0.00631697687535251
DB04102	0.12382401943199314	0.07367908048998184	-0.0501449389420113
DB02366	0.12376325306582511	0.034371012873797374	-0.08939224019202774
DB00981	0.12375629678615421	0.09863267239443871	-0.025123624391715504
DB01081	0.12373095809970103	0.05259118711634603	-0.071139770983355
DB04000	0.12372637364078753	0.09771573604060912	-0.02601063760017841
DB00469	0.12371739892573402	0.024415860343118767	-0.09930153858261526
DB11755	0.12370242621026856	0.04280387035303013	-0.08089855585723843
DB13483	0.12369302806949578	0.002365033211221168	-0.12132799485827461
DB13119	0.12366672473647944	0.058561266899939124	-0.06510545783654031
DB14923	0.12363665514311972	0.032667466145362756	-0.09096918899775697
DB00708	0.12361111588658913	0.08536625433279121	-0.038244861553797915
DB08502	0.12355801893814505	0.05548655944890729	-0.06807145948923776
DB11832	0.12355324027645814	0.07611721671896132	-0.04743602355749682
DB13954	0.12354081448261134	0.05647933676123518	-0.06706147772137616
DB15057	0.12352148016387404	0.12230655079701452	-0.0012149293668595185
DB04492	0.12348416457850936	0.004941161653497228	-0.11854300292501213
DB18145	0.12347218449594577	0.01931781468521898	-0.10415436981072679
DB13996	0.12345338184709637	0.09196195357547685	-0.03149142827161952
DB15983	0.12341929130123117	0.0051382933867779364	-0.11828099791445323
DB12951	0.12341609491459973	0.09725658337850929	-0.026159511536090453
DB12816	0.12339603790685322	0.011385452773260196	-0.11201058513359302
DB13791	0.12338341472658101	0.054561683066931765	-0.06882173165964925
DB08842	0.12338128804702941	0.01990537676802523	-0.10347591127900418
DB00545	0.12335175012355742	0.06258823014034676	-0.06076351998321067
DB08739	0.12331537371553963	0.026671923512887497	-0.09664345020265214
DB04931	0.12330807996875426	0.09834546241081155	-0.024962617557942712
DB04421	0.12330664095803989	0.000902425267907514	-0.12240421569013238
DB02290	0.12330036597990199	0.03598940964521766	-0.08731095633468433
DB02133	0.1232955236451746	0.049001199218044134	-0.07429432442713046
DB18738	0.1232909837573894	0.07212393014965585	-0.05116705360773355
DB01032	0.12328763137180893	0.08212562767291459	-0.041162003698894334
DB13765	0.12327371244516318	0.01786506332856931	-0.10540864911659387
DB15136	0.12326711910182295	0.07187970583564685	-0.0513874132661761
DB03622	0.12325314923674491	0.03680887530870286	-0.08644427392804205
DB02549	0.12324228979969354	0.07813151972138715	-0.045110770078306384
DB17257	0.12324105454270856	0.09796790038276415	-0.02527315415994441
DB16300	0.12315412810786519	0.10514431685640602	-0.018009811251459173
DB01483	0.12313654161408866	0.06925073513708868	-0.053885806476999976
DB07472	0.12312145747080239	0.08312552363116649	-0.0399959338396359
DB02320	0.12309025768097448	0.010596652046063193	-0.11249360563491129
DB08357	0.12305517701933	0.07862024214347907	-0.04443493487585093
DB08133	0.12301454406855705	0.0538465329456409	-0.06916801112291615
DB04513	0.12300806215303772	0.03865753289635798	-0.08435052925667974
DB11891	0.12294444641830865	0.06764794462788648	-0.05529650179042217
DB02442	0.12294197272068663	0.045756739441131566	-0.07718523327955507
DB04165	0.1228802862790837	0.05524069237045426	-0.06763959390862945
DB08114	0.12287809911014377	0.07980303254316362	-0.04307506656698015
DB01043	0.12281351236154775	0.019713720916224475	-0.10309979144532327
DB00754	0.12280671844813013	0.0770089640179828	-0.04579775443014733
DB15450	0.12280057399972516	0.10875100619322192	-0.014049567806503238
DB15049	0.12278458888291635	0.05490200910091503	-0.06788257978200132
DB03729	0.12276875658140463	0.06196096791681041	-0.060807788664594215
DB15219	0.12276443318195701	0.017598114106418317	-0.1051663190755387
DB12433	0.12276386012459285	0.002722608271866562	-0.1200412518527263
DB18407	0.12275978823365513	0.017908596586335535	-0.1048511916473196
DB06469	0.12274296263271212	0.052655802517810324	-0.07008716011490179
DB03908	0.12273881115047383	0.03689265629534713	-0.0858461548551267
DB09083	0.12272828281323289	0.03470312508556067	-0.08802515772767222
DB02037	0.12270630924696825	0.01580695327430333	-0.10689935597266492
DB03464	0.12269245717701505	0.08748049217222742	-0.035211965004787626
DB00623	0.12266222840105406	0.10476456447576649	-0.017897663925287577
DB00816	0.12264947787470087	0.0689692748290156	-0.05368020304568527
DB01205	0.12262392906721416	0.07126832366840252	-0.051355605398811635
DB03735	0.12261839269634568	0.02949446662176443	-0.09312392607458125
DB19135	0.12260390389598777	0.03524441596986075	-0.08735948792612702
DB14701	0.12260285329082013	0.06561036912917056	-0.056992484161649565
DB08580	0.1226001503702524	0.035056045646947975	-0.08754410472330443
DB18126	0.12258634605507948	0.09443048094667039	-0.02815586510840909
DB01720	0.12258033850371147	0.06690870062808352	-0.055671637875627955
DB11585	0.12258011246441797	0.016002442243140125	-0.10657767022127784
DB03505	0.12256357975946108	0.06940050049556729	-0.0531630792638938
DB02513	0.12254804353758757	0.09570417097892336	-0.026843872558664203
DB03542	0.12251823500369372	0.08167660539155297	-0.040841629612140745
DB01667	0.12251297242689926	0.10087312930198944	-0.021639843124909824
DB06772	0.12250906290221467	0.08066630525848897	-0.04184275764372569
DB12556	0.1224749182342651	0.06273744791067742	-0.05973747032358767
DB09401	0.12247479088818414	0.05655216598491941	-0.06592262490326473
DB15777	0.1224482997196985	0.014174319211035069	-0.10827398050866344
DB03993	0.12243899390483451	0.019863212480629056	-0.10257578142420545
DB18792	0.12237740934009644	0.049168487397258764	-0.07320892194283768
DB02025	0.12236860017494794	0.05502904955125143	-0.06733955062369651
DB01940	0.12236087981879157	0.05832114949704026	-0.06403973032175131
DB12180	0.12234612040801174	0.02583219708792628	-0.09651392332008546
DB06334	0.12233552839773032	0.018167058192192498	-0.10416847020553782
DB02560	0.12232905603316702	0.07988653973573395	-0.042442516297433064
DB07611	0.12232099184259212	0.03181678795744147	-0.09050420388515065
DB01218	0.12231529310547046	0.06460664005388267	-0.05770865305158779
DB00312	0.12224787927387781	0.06459267655610867	-0.05765520271776914
DB05327	0.12223249905095332	0.07115168739287808	-0.05108081165807524
DB08595	0.12215602454570235	0.11116066783850526	-0.01099535670719709
DB16637	0.1221406634246901	0.047594171471752655	-0.07454649195293744
DB04803	0.12213355114607022	0.045898290977390066	-0.07623526016868015
DB15016	0.12213203891135911	0.11793241667077359	-0.004199622240585527
DB09086	0.12212827901831963	0.007588476555013438	-0.1145398024633062
DB12172	0.12211766153882203	0.05208165634463008	-0.07003600519419195
DB08658	0.12208246308205278	0.0641222983369748	-0.05796016474507798
DB04466	0.12205702888603892	0.053479922680553516	-0.0685771062054854
DB04876	0.12205638897198212	0.07331329160711642	-0.048743097364865706
DB03926	0.12204819425167428	0.016321138545277322	-0.10572705570639696
DB04117	0.12201075768753271	0.0905176898351212	-0.0314930678524115
DB03874	0.12200627828913602	0.011894983544976201	-0.11011129474415982
DB07581	0.1219703316741413	0.11475092953088128	-0.007219402143260011
DB09414	0.12195001997423272	0.024941271171126767	-0.09700874880310595
DB03829	0.12192285068786621	0.07976004687354546	-0.04216280381432075
DB02464	0.12190849560089326	0.07768277123409939	-0.04422572436679387
DB02835	0.12190463064733706	0.04872850032033907	-0.07317613032699799
DB16230	0.1218598175614575	0.10679502132855834	-0.015064796232899164
DB07181	0.12182274711729862	0.06961816678439814	-0.052204580332900485
DB01738	0.12179681627156902	0.024793969959314155	-0.09700284631225486
DB04013	0.1217477116227621	0.026951741056516543	-0.09479597056624556
DB12695	0.1217457918805922	0.03340616255701756	-0.08833962932357464
DB00636	0.12170647696175685	0.07423077554909396	-0.047475701412662885
DB03329	0.12168616207819627	0.04510757369167495	-0.07657858838652132
DB04194	0.12168537253249459	0.03877800228891845	-0.08290737024357614
DB18975	0.12168279059070367	0.03245418056171592	-0.08922861002898774
DB13674	0.1216617307325697	0.05181854023951504	-0.06984319049305465
DB14188	0.12165598742431982	0.03670045285539836	-0.08495553456892146
DB06789	0.12159527518023616	0.03295330715861988	-0.08864196802161628
DB12109	0.12157260757783045	0.02263866300877787	-0.09893394456905258
DB02781	0.12153669916666002	0.06928194766152485	-0.05225475150513517
DB02979	0.12151539735097228	0.02512608217107748	-0.0963893151798948
DB16840	0.12150386616334402	0.06201298879087064	-0.05949087737247338
DB04356	0.121447219442894	0.10861520433251742	-0.012832015110376578
DB14217	0.12140443752700528	0.055293260832662505	-0.06611117669434277
DB04853	0.1213936258447344	0.04988363751854963	-0.07150998832618477
DB14219	0.12138674278905998	0.005017823994217463	-0.11636891879484251
DB00980	0.12138104405193839	0.09621151139804729	-0.025169532653891102
DB16011	0.12137433291347333	0.00292904900366342	-0.1184452839098099
DB13722	0.12137123522005472	0.08331033463111726	-0.03806090058893746
DB04368	0.12131840888203271	0.07037794533975117	-0.050940463542281544
DB00325	0.12129435639099673	0.013945427365170127	-0.1073489290258266
DB13773	0.12127247515064082	0.05939469606119846	-0.061877779089442364
DB01540	0.12125567183526198	0.07805075046955678	-0.043204921365705196
DB08751	0.12123793889349244	0.026740372031387738	-0.0944975668621047
DB03467	0.12121954693575404	0.037357284838926974	-0.08386226209682707
DB13310	0.12117776150294857	0.06793926152262353	-0.05323849998032504
DB01651	0.12113726863286464	0.07222824569185021	-0.04890902294101443
DB12347	0.12110846613301021	0.04058668594176948	-0.08052178019124073
DB08138	0.12108617101789121	0.06579983462837924	-0.05528633638951197
DB08724	0.12105301328206886	0.04914165557800665	-0.0719113577040622
DB16759	0.1209681275681725	0.05926053696493794	-0.061707590603234566
DB08238	0.12096670447571811	0.04005470405598538	-0.08091200041973273
DB00975	0.12088828157542889	0.05520044464157617	-0.06568783693385272
DB05903	0.12087682361179716	0.10021876146512682	-0.02065806214667034
DB14063	0.12084499664252057	0.10057551514355023	-0.020269481498970343
DB07817	0.1208393870476556	0.06087893373635822	-0.059960453311297374
DB08727	0.12081087426013515	0.05829267491334411	-0.06251819934679104
DB04905	0.1208052551143141	0.10733905015359846	-0.013466204960715645
DB13934	0.12079261919943374	0.05169314255362256	-0.06909947664581118
DB00304	0.12075971933942531	0.03251715319873616	-0.08824256614068915
DB07283	0.12073389037056059	0.00697846335813912	-0.11375542701242147
DB03456	0.12072374088791032	0.11101939009632072	-0.0097043507915896
DB08395	0.12069694090517852	0.0054534303659531935	-0.11524351053922532
DB14885	0.12066878468668463	0.04363209742688323	-0.0770366872598014
DB09307	0.12064387897690665	0.033770034881364985	-0.08687384409554166
DB12088	0.12062243708052997	0.016558244213362248	-0.10406419286716773
DB11670	0.12061024050962882	0.043372540644730284	-0.07723769986489853
DB14772	0.12060410242852798	0.08975407816273223	-0.03085002426579575
DB00665	0.12059440184081305	0.05883204923912633	-0.06176235260168672
DB13624	0.12058215751513156	0.06503512777969432	-0.05554702973543724
DB13340	0.12054736974947333	0.02765429665040331	-0.09289307309907002
DB17570	0.12051450490963715	0.03819180917648217	-0.08232269573315498
DB12094	0.12049761881930571	0.03963087082943173	-0.08086674798987398
DB01903	0.1204940690472997	0.08145401080938997	-0.039040058237909736
DB09147	0.12047479840160286	0.028193944770259383	-0.09228085363134347
DB11413	0.12046088265860927	0.06447083819317817	-0.0559900444654311
DB01561	0.12045604350753386	0.07111089207585192	-0.04934515143168195
DB04807	0.12045017922050699	0.06492643153231592	-0.05552374768819107
DB15356	0.12044615826800162	0.03233836566841347	-0.08810779259958815
DB04258	0.12043937708919206	0.10469940148615425	-0.015739975603037804
DB11875	0.12042924034114988	0.06074915534528169	-0.05968008499586819
DB08881	0.12039897017771276	0.04549636127675652	-0.07490260890095624
DB08339	0.12037643310504004	0.07207930171559368	-0.04829713138944636
DB16061	0.12035236469574417	0.04561600928709497	-0.0747363554086492
DB04619	0.1203399420855493	0.0295612723758207	-0.09077866970972859
DB05992	0.12033206891409581	0.07662674749067733	-0.043705321423418486
DB02377	0.12033019374305409	0.044243479594127666	-0.07608671414892643
DB13768	0.12032916223979853	0.05913705583756346	-0.061192106402235075
DB07180	0.12031777113285924	0.061127264961477246	-0.059190506171381996
DB07331	0.12030424061176037	0.01821771009588269	-0.10208653051587768
DB02270	0.1202824103098368	0.07607340966712112	-0.044209000642715685
DB01423	0.12027513884861563	0.06481992563752947	-0.05545521321108615
DB07453	0.12025643807663103	0.06348956023195834	-0.056766877844672686
DB02254	0.12020679857428418	0.05282199552072897	-0.06738480305355521
DB01626	0.120196906967448	0.07146299125501732	-0.04873391571243069
DB14649	0.12019422633244442	0.024930319408166812	-0.09526390692427761
DB01624	0.12015621989459047	0.016853120431061352	-0.10330309946352911
DB17026	0.1201530744463915	0.04830959538711743	-0.07184347905927407
DB08419	0.12013740132748107	0.1104422321883266	-0.00969516913915447
DB11619	0.1201301871719963	0.041998915775466994	-0.07813127139652931
DB06847	0.12010204687176262	0.07093593766256523	-0.049166109209197395
DB17120	0.1200662594393691	0.05672794178042817	-0.06333831765894093
DB00767	0.12005369674848526	0.0727216226132002	-0.04733207413528506
DB05035	0.11996933315352076	0.025467503381356837	-0.09450182977216393
DB12618	0.1199640546584661	0.03272687945942099	-0.08723717519904511
DB02135	0.11987054124758656	0.11541022566107573	-0.004460315586510832
DB07100	0.11986275403473773	0.06522733121964308	-0.05463542281509465
DB12949	0.1198145630940615	0.07958810419507278	-0.0402264588989887
DB13868	0.11979288879108718	0.025087751000717362	-0.09470513779036982
DB07880	0.11977802431979045	0.040034717088583305	-0.07974330723120715
DB00864	0.11976396212880364	0.08864439078080588	-0.031119571347997754
DB03513	0.11974209362305588	0.08345161237330179	-0.03629048124975409
DB02569	0.11974033624713903	0.052821174138506954	-0.06691916210863208
DB03328	0.1195737452877175	0.07035713699012702	-0.049216608297590475
DB12838	0.11955355138293389	0.04301660834852894	-0.07653694303440495
DB00827	0.11953021521360335	0.043580897935045104	-0.07594931727855825
DB02922	0.11951987471183168	0.04760786117545268	-0.071912013536379
DB06083	0.11951446887069621	0.09058832870621347	-0.028926140164482736
DB03169	0.119492960117627	0.05106341618342014	-0.06842954393420686
DB08081	0.11946795253098424	0.1065464163093654	-0.012921536221618846
DB01996	0.1194511332973453	0.002859231514793059	-0.11659190178255224
DB18527	0.1194445208520929	0.09231240999019807	-0.027132110861894827
DB17033	0.11944328241145596	0.02480930242745827	-0.0946339799839977
DB16046	0.11942156672100523	0.037349071016706925	-0.08207249570429831
DB09324	0.11941644740855184	0.08727377764635658	-0.032142669762195264
DB01997	0.11938883241090203	0.05652697693011133	-0.06286185548079071
DB00152	0.11937331210728852	0.11087044612006414	-0.008502865987224387
DB04040	0.1193681036525785	0.04834080791155354	-0.07102729574102495
DB19354	0.11936447747292397	0.04370602182686356	-0.07565845564606041
DB03127	0.11935923399804171	0.06880636735498502	-0.05055286664305669
DB02571	0.11928659897713079	0.01728270333316906	-0.10200389564396173
DB18250	0.11927204968738447	0.035550791538667914	-0.08372125814871656
DB00496	0.11924700389691745	0.04061926743657562	-0.07862773646034182
DB02995	0.1192288666313408	0.048039908224226324	-0.07118895840711448
DB02790	0.1192169247526016	0.0753522360762024	-0.0438646886763992
DB07189	0.11921504958155993	0.03586236919488117	-0.08335268038667876
DB00448	0.11919654937965274	0.03810419507280188	-0.08109235430685086
DB04679	0.11913474514292494	0.004041748120403699	-0.11509299702252124
DB06448	0.11912761376239284	0.08913804149622989	-0.029989572266162945
DB06249	0.1191267064215662	0.09050290495512514	-0.028623801466441057
DB15557	0.11910935551803947	0.037331000607822906	-0.08177835491021657
DB07885	0.11906074115164406	0.016786314677005088	-0.10227442647463897
DB00700	0.118987517155109	0.06580476292171131	-0.05318275423339769
DB14636	0.11898116576932258	0.003982608600419456	-0.11499855716890311
DB12763	0.11896819875463177	0.046107195855852906	-0.07286100289877886
DB07705	0.11894239207133106	0.06406562296365653	-0.05487676910767453
DB14492	0.11893515881393424	0.062363718999665974	-0.056571439814268265
DB02219	0.11888971218130207	0.06494258538268194	-0.053947126798620126
DB13506	0.11888114815735953	0.10217611530016046	-0.01670503285719907
DB00597	0.1188056414823237	0.05280857961110291	-0.06599706187122079
DB00848	0.1187064229670185	0.05341667624945923	-0.06528974671755927
DB13106	0.11862757982466221	0.03690169149978917	-0.08172588832487304
DB15341	0.11861960477634398	0.06769914411972466	-0.050920460656619315
DB02904	0.11861769458513	0.05878906356950808	-0.059828631015621914
DB12194	0.11861478472718076	0.04586625707073197	-0.07274852765644879
DB00966	0.11857439691761351	0.08588345133857922	-0.03269094557903429
DB07509	0.11856658423554847	0.01724409836873489	-0.10132248586681358
DB17223	0.11855261437047043	0.007441175343200879	-0.11111143902726955
DB01396	0.11852020479287348	0.05653847628121933	-0.06198172851165415
DB07148	0.11851751460691379	0.04984859187707735	-0.06866892272983643
DB18115	0.11850977196519333	0.07504120600813724	-0.04346856595705609
DB06922	0.1185061139490185	0.06136573959993208	-0.05714037434908642
DB03523	0.1184797246573977	0.07273476472875223	-0.04574495992864547
DB02373	0.11847727961264382	0.07767729535261941	-0.0407999842600244
DB16968	0.11846666531679817	0.06765999156714247	-0.050806673749655695
DB05454	0.11844793589194524	0.07996402345867626	-0.038483912433268985
DB13567	0.11844057847211953	0.01435146397691367	-0.10408911449520586
DB07992	0.11843911717584077	0.010410745869816385	-0.10802837130602438
DB02827	0.11841255596701084	0.009705726129263681	-0.10870682983774715
DB12785	0.11838126066762202	0.002835411430355001	-0.11554584923726702
DB12015	0.11837146775399843	0.0658589741483635	-0.052512493605634925
DB07297	0.11836830002023525	0.07618155832635154	-0.042186741693883714
DB01824	0.11834450540501329	0.07179975796603855	-0.04654474743897474
DB14982	0.1183387557294594	0.07230162250368255	-0.04603713322577685
DB02684	0.1183150566237981	0.035679200959374435	-0.08263585566442366
DB06029	0.1183124651310512	0.0830165535897141	-0.0352959115413371
DB19385	0.1182535038955802	0.014606092465734632	-0.10364741142984557
DB07891	0.11823032054154692	0.09869537123738503	-0.019534949304161886
DB00282	0.11822815565817105	0.044673610084383364	-0.07355454557378768
DB03361	0.11822356801560563	0.03629961833106088	-0.08192394968454475
DB02542	0.11820517287421517	0.09643547495058025	-0.021769697923634923
DB18301	0.11817489315982173	0.10946314457969869	-0.008711748580123035
DB00572	0.11813788320505125	0.039773791336060293	-0.07836409186899096
DB09075	0.11813319368562103	0.05334384702577499	-0.06478934665984604
DB14150	0.11810232181195135	0.05893116269391463	-0.05917115911803672
DB08615	0.11809125862117045	0.0323539719306315	-0.08573728669053896
DB02786	0.11806790016627583	0.06539407181070972	-0.05267382835556611
DB01689	0.11806029123794012	0.04068388283803981	-0.07737640839990031
DB03974	0.11799830553304713	0.03997393480415512	-0.07802437072889201
DB00365	0.11796693700966193	0.03884699839556677	-0.07911993861409516
DB07857	0.11795435840051799	0.03856060979416165	-0.07939374860635634
DB06880	0.11794389691996951	0.02312300472568571	-0.0948208921942838
DB19223	0.11794353398363883	0.07575580854127995	-0.04218772544235888
DB00439	0.11792909293806131	0.07594664301085863	-0.04198244992720268
DB04618	0.1179107455514512	0.04231131481390216	-0.07559943073754904
DB15778	0.1179001439902137	0.052153937980166376	-0.06574620601004733
DB13071	0.11789027466894153	0.0071572508884617525	-0.11073302378047978
DB02299	0.11788473193076904	0.06278563566770157	-0.05509909626306747
DB03937	0.11787244940126335	0.05092049567679158	-0.06695195372447177
DB08673	0.11782313781507481	0.05497374314830328	-0.06284939466677153
DB18816	0.11776692407130007	0.0599212020655025	-0.05784572200579757
DB15924	0.11776473371870805	0.07968776523800919	-0.03807696848069886
DB06814	0.11775800029467881	0.10816481308078568	-0.009593187213893128
DB09097	0.11775290008413758	0.09927252914537915	-0.018480370938758428
DB16162	0.11773858956829295	0.06495654888045599	-0.052782040687836956
DB01822	0.1177249826395455	0.006920145220376872	-0.11080483741916863
DB18052	0.1177063996626857	0.04400363598530277	-0.07370276367738293
DB12868	0.11769951979066345	0.050211095231054825	-0.06748842455960863
DB12393	0.11765173635744625	0.06641778785339975	-0.0512339485040465
DB02917	0.11765030053038367	0.024390945082384596	-0.09325935544799907
DB06512	0.11764701500149563	0.021003564798843494	-0.09664345020265214
DB00608	0.11764053626962823	0.05240391196972927	-0.06523662429989896
DB15791	0.11763891579074848	0.03961061006795569	-0.07802830572279279
DB07971	0.11763688780440966	0.11490370662417382	-0.002733181180235837
DB00428	0.11762942214041508	0.010684813737891458	-0.10694460840252362
DB14120	0.11759449429406788	0.007721266680904004	-0.10987322761316387
DB14624	0.11759270826528284	0.013906274812587993	-0.10368643345269485
DB03447	0.11758646194001321	0.09161943718890153	-0.025967024751111678
DB13777	0.1175811547920903	0.02559837694872935	-0.09198277784336095
DB14092	0.11754401430758687	0.032773424452001154	-0.08477058985558572
DB03619	0.11753757377954382	0.09569376680411129	-0.021843806975432534
DB12591	0.11751500487035094	0.10012265974515255	-0.017392345125198383
DB08806	0.11750391939400584	0.017499000651629903	-0.10000491874237594
DB04062	0.11749453398784121	0.06527880450555523	-0.05221572948228598
DB14813	0.11741124328360852	0.08547056987498558	-0.031940673408622944
DB08970	0.11740230358872727	0.06672909171553898	-0.050673211873188295
DB18517	0.11737872864549487	0.02814028113175515	-0.08923844751373972
DB09082	0.11736724202899496	0.11279412328399563	-0.004573118744999327
DB03666	0.11736489567745378	0.048103428449394636	-0.06926146722805915
DB01047	0.11736461233242357	0.04203505659323503	-0.07532955573918854
DB07047	0.11735092262872371	0.09943817456014992	-0.01791274806857379
DB08660	0.11733133043417246	0.03363204266806849	-0.08369928776610397
DB07124	0.11731261374392771	0.025271466824372035	-0.09204114691955567
DB06893	0.11731255007088726	0.02848170234203451	-0.08883084772885275
DB16133	0.11728973920414049	0.0390181196918174	-0.07827161951232309
DB00182	0.1172614715578259	0.04479298430064782	-0.07246848725717808
DB12973	0.11725537486420146	0.03301764876601021	-0.08423772609819125
DB11650	0.11725004224706237	0.034693542292970614	-0.08255649995409176
DB03393	0.11723918917731496	0.0572659471358401	-0.05997324204147486
DB04530	0.11720017352176985	0.07365389143517376	-0.0435462820865961
DB01642	0.11719089317612202	0.06305587041874061	-0.05413502275738141
DB04647	0.117178031221948	0.09863568412925267	-0.01854234709269534
DB06842	0.1171651406149059	0.0708053378892668	-0.04635980272563911
DB03642	0.11715876057625119	0.06852846636987386	-0.04863029420637732
DB13264	0.11714832456491892	0.05891336607910458	-0.05823495848581434
DB03534	0.11706653017713708	0.03317672312300468	-0.0838898070541324
DB16308	0.11705584265729507	0.07611091945525938	-0.04094492320203569
DB08960	0.11702983222026489	0.02377244426921621	-0.09325738795104868
DB02912	0.11702817990486487	0.025091310323679353	-0.09193686958118552
DB03010	0.1170073397187205	0.07308001905606754	-0.043927320662652966
DB02558	0.11700212489670647	0.05530174844895658	-0.061700376447749894
DB13072	0.11698951126739021	0.040417481204036765	-0.07657203006335345
DB11192	0.1169713007778172	0.006429780033840982	-0.11054152074397622
DB16841	0.11696323340359016	0.08923825012731423	-0.027724983276275927
DB14123	0.11694440846917659	0.05101358566195191	-0.06593082280722468
DB12887	0.11689512553585635	0.08379002184876705	-0.0331051036870893
DB13552	0.11686463570042951	0.09713228086891285	-0.01973235483151667
DB00354	0.116849510169667	0.0480133501990483	-0.0688361599706187
DB05410	0.11684787695617904	0.04203806832804913	-0.07480980862812991
DB18300	0.11684339119047826	0.07708945947573909	-0.03975393171473918
DB12985	0.11684171340586197	0.07743635656749842	-0.03940535683836355
DB16560	0.11681416526490462	0.05363324736199404	-0.06318091790291058
DB04662	0.11675386052827992	0.10412908843001001	-0.012624772098269916
DB05444	0.11673140304690782	0.082727153253495	-0.03400424979341282
DB13916	0.11672531590423926	0.07947338447806629	-0.037251931426172974
DB04623	0.11671183950522479	0.10655791566047346	-0.010153923844751334
DB06914	0.1166962618958749	0.030217556771201193	-0.0864787051246737
DB00745	0.11666207584044913	0.005301748448956589	-0.11136032739149254
DB12191	0.1166612194380548	0.061317825636981904	-0.05534339380107289
DB15688	0.11663632646288491	0.06609854396311449	-0.05053778249977042
DB13746	0.11663317783103386	0.06461485387610266	-0.052018323954931195
DB03152	0.11661933849568876	0.053469244711667446	-0.06315009378402131
DB14527	0.11661828470686908	0.0804212595622581	-0.036197025144610984
DB07160	0.11658689071426764	0.041294717417136195	-0.07529217329713145
DB08736	0.11654779546742186	0.01816048713441646	-0.09838730833300541
DB07561	0.11652682156789257	0.09340676490398042	-0.023120056663912147
DB07835	0.11650256213947524	0.01870615872390058	-0.09779640341557466
DB07847	0.11648656110440632	0.07031990099606283	-0.046166660108343485
DB09188	0.11646378207417984	0.0422940657872401	-0.07416971628693975
DB14519	0.11645376948856673	0.06586417623576957	-0.05058959325279716
DB03977	0.11640029686918386	0.004290353139596646	-0.11210994372958721
DB16824	0.11633623542317162	0.10140949189295745	-0.01492674353021417
DB01079	0.11629559292144262	0.1094847743115448	-0.006810818609897823
DB11946	0.11628462205657042	0.009351162803432289	-0.10693345925313813
DB01670	0.11627324686789131	0.05272014412520054	-0.06355310274269077
DB14221	0.11625795260357152	0.057687863803875805	-0.05857008879969572
DB01489	0.1162535464291714	0.04760265908804673	-0.06865088734112468
DB04095	0.11623303415918546	0.04742441914587203	-0.06880861501331342
DB03379	0.11621608121216143	0.03407996977313421	-0.08213611143902722
DB18090	0.1162096916225508	0.0794575044217743	-0.03675218720077651
DB13174	0.11619920785643822	0.05551996232593548	-0.060679245530502746
DB16142	0.11618321955597721	0.024145351798005588	-0.09203786775797163
DB01192	0.11618232813341078	0.07402378722914921	-0.04215854090426158
DB15286	0.11617250019961502	0.03184033424780554	-0.08433216595180948
DB13083	0.11616363372873016	0.047457000640678135	-0.06870663308805203
DB06849	0.11611541731883779	0.028245691850245613	-0.08786972546859217
DB14924	0.116107512310864	0.051662477617334446	-0.06444503469352955
DB11881	0.1161037046630442	0.03937624234061077	-0.07672746232243344
DB07956	0.11609252367713846	0.07968694385578717	-0.036405579821351286
DB16896	0.11608647473829425	0.11271910370771931	-0.0033673710305749394
DB03281	0.11607984955843387	0.06048494406387073	-0.05559490549456314
DB14805	0.11606654826028057	0.09913754866689661	-0.016928999593383953
DB00280	0.11605922586062717	0.05049173415690594	-0.06556749170372123
DB15355	0.11604159161207023	0.06950864915479771	-0.04653294245727252
DB12322	0.1160364309121405	0.11027494400911186	-0.005761486903028634
DB00431	0.11602828394661308	0.031254414929443364	-0.08477386901716971
DB15921	0.11598768919966429	0.04513550068722316	-0.07085218851244113
DB02796	0.11598046549322338	0.028774114413067542	-0.08720635108015584
DB00129	0.11597180595972018	0.05935937662565233	-0.05661242933406785
DB04942	0.11597037331630983	0.05512323471270797	-0.06084713860360186
DB14841	0.11595023034995847	0.06796691472409766	-0.047983315625860806
DB15551	0.11594684931150978	0.07868704789753522	-0.03725980141397456
DB03387	0.11593261201966171	0.08355154721031216	-0.03238106480934955
DB03979	0.11592648667316896	0.03067287631626503	-0.08525361035690393
DB09305	0.11590789096170095	0.07646384001664663	-0.03944405094505432
DB07193	0.11590497155279567	0.08711196534862198	-0.028793006204173688
DB04787	0.11586965530090171	0.04824580136787521	-0.0676238539330265
DB08282	0.11584696222927976	0.0076867686275798874	-0.10816019360169987
DB12776	0.11584686353606699	0.06161215426653299	-0.054234709269534
DB15413	0.11584576199246699	0.060028529342510906	-0.05581723264995608
DB03702	0.11582877084161869	0.043675083096501366	-0.07215368774511732
DB15117	0.11581989163612594	0.0722857424473905	-0.04353414918873544
DB13726	0.11579572134996519	0.004963338973491216	-0.11083238237647397
DB07204	0.11579206015013854	0.05231273854308699	-0.06347932160705155
DB03788	0.11578910253740893	0.06979394257990679	-0.04599515995750214
DB16139	0.11578121663134722	0.07993801302164616	-0.03584320360970106
DB08928	0.11576487494551174	0.06806520679666411	-0.04769966814884763
DB02563	0.11576094313526297	0.05534829344153669	-0.060412649693726284
DB08001	0.11574497075306223	0.06320919510018119	-0.052535775652881034
DB16236	0.11573534657299606	0.07857588750349093	-0.03715945906950513
DB05045	0.11566964236253974	0.08277178168755711	-0.032897860674982626
DB15051	0.11563585426361678	0.030396344301523937	-0.08523950996209284
DB00141	0.11557103192477114	0.0717647123245665	-0.043806319600204646
DB04677	0.11557003225803575	0.03898718096145526	-0.07658285129658049
DB06723	0.11549584043128552	0.061787108679819736	-0.05370873175146579
DB16295	0.11548360884021211	0.052147914510538323	-0.06333569432967379
DB07383	0.11548299757902364	0.049238031092055046	-0.06624496648696859
DB01375	0.1154654747582876	0.014928348090833918	-0.10053712666745368
DB17036	0.11545425556855765	0.0786541926086552	-0.03680006295990246
DB01321	0.11545067714368351	0.09508183704871898	-0.020368840094964535
DB16049	0.115429957936316	0.08862084449044183	-0.026809113445874166
DB08095	0.11541680626980792	0.03854637250231356	-0.07687043376749436
DB06267	0.11539612526626472	0.08348693180884792	-0.0319091934574168
DB06876	0.11537240705869138	0.012900902972856051	-0.10247150408583533
DB02722	0.11532385636533649	0.058096912150433444	-0.05722694421490304
DB13920	0.11531866064523462	0.06116888166072537	-0.05414977898450925
DB09407	0.11531233154501236	0.05310893171028208	-0.06220339983473028
DB08990	0.11529489149922888	0.0023726994452932058	-0.11292219205393567
DB15637	0.1152686168190808	0.011008985921508674	-0.10425963089757212
DB02767	0.11525922822926421	0.024043774196551293	-0.09121545403271292
DB15641	0.11523673254406777	0.033558392062162185	-0.08167834048190559
DB02279	0.1152321671870663	0.10097142137455573	-0.014260745812510578
DB04323	0.1152246505846396	0.041452696597834904	-0.0737719539868047
DB03868	0.11519686048612832	0.01932958783040095	-0.09586727265572736
DB01747	0.11519561567818726	0.05340243895761121	-0.06179317672057605
DB13585	0.11518861482738818	0.06262135922330103	-0.05256725560408715
DB12123	0.11516828720921957	0.05661623379823566	-0.058552053410983906
DB14065	0.11516142962276138	0.034944611458829544	-0.08021681816393184
DB02094	0.1151162440495952	0.05940099332490045	-0.05571525072469474
DB15833	0.11508854309334071	0.07189805003860494	-0.04319049305473577
DB08101	0.11507606636106155	0.0716924306890302	-0.04338363567203135
DB09002	0.11507538505952856	0.07695283623281257	-0.03812254882671599
DB15028	0.11505390177567565	0.007040614612937368	-0.10801328716273828
DB01606	0.11504468510306823	0.05203100444093989	-0.06301368066212834
DB02452	0.11502260647628682	0.027468664268230573	-0.08755394220805623
DB16032	0.11501255250319725	0.0661330420164386	-0.04887951048675865
DB02170	0.11497747820885706	0.021300357575060658	-0.0936771206337964
DB06217	0.11493801365837658	0.10212108269128622	-0.012816930967090356
DB12124	0.11492188846087864	0.03976776786643227	-0.07515412059444637
DB13044	0.1148835827597347	0.08063372376368283	-0.034249858996051874
DB11432	0.11484904650258637	0.032581768600200456	-0.08226727790238592
DB07744	0.11484692300668675	0.04710928216669674	-0.06773764083999001
DB11160	0.11482854059990454	0.1042342253544265	-0.010594315245478037
DB04717	0.11479752864554582	0.08470695820259666	-0.03009057044294916
DB13789	0.11479708930156665	0.08467766223667861	-0.030119427064888044
DB19176	0.11478218981009769	0.07924558780849744	-0.03553660200160025
DB02645	0.11475608067985485	0.008018059457121113	-0.10673802122273374
DB04879	0.11475063663489504	0.07117057918398417	-0.04358005745091087
DB04468	0.1147294940018086	0.07625082822707385	-0.038478665774734744
DB11902	0.11472130564880473	0.016780291207377118	-0.09794101444142761
DB00383	0.11468472867070945	0.07779940750962389	-0.03688532116108556
DB03847	0.11463809135222047	0.06456365438426448	-0.05007443696795599
DB03948	0.1146371808277419	0.03253714016613825	-0.08210004066160365
DB14670	0.11463481855794055	0.0457852140248276	-0.06884960453311295
DB01113	0.1146227684350325	0.06686571495846538	-0.04775705347656711
DB02355	0.1146100752144158	0.06423592287768531	-0.05037415233673048
DB03747	0.11458461236553369	0.059218920265689756	-0.05536569209984393
DB03471	0.1145672137072265	0.03755085724924567	-0.07701635645798083
DB13867	0.11453655513824251	0.03337796176739555	-0.08115859337084697
DB03737	0.11451810269111559	0.03987454755529271	-0.07464355513582288
DB13438	0.11451675282265777	0.01320508818907129	-0.10131166463358648
DB03165	0.1145164853958877	0.011205843860715478	-0.10331064153517222
DB01698	0.11448613245749795	0.068809379089799	-0.04567675336769894
DB11372	0.11447088594795851	0.0470109900941304	-0.06745989585382811
DB02977	0.1143959173101145	0.020848323558884885	-0.09354759375122962
DB02537	0.11438508334227945	0.09763250264211287	-0.01675258070016658
DB05686	0.11437628054443508	0.08547604575646567	-0.02890023478796941
DB03680	0.11431397010703559	0.02658951149661315	-0.08772445861042244
DB04001	0.11428810611799867	0.033435458522935724	-0.08085264759506294
DB01173	0.11426315583709223	0.04221932000503781	-0.07204383583205443
DB07678	0.114228922026886	0.06978874049250078	-0.044440181534385226
DB06011	0.11416919353127752	0.012403692934470127	-0.10176550059680739
DB07094	0.11416370809884135	0.018964072741609495	-0.09519963535723186
DB02496	0.1141179048971827	0.08695398616792338	-0.027163918729259315
DB06892	0.1140751834706824	0.037808771266954644	-0.07626641220372776
DB08275	0.11406081883275337	0.06494258538268194	-0.049118233450071436
DB16098	0.11404294581029481	0.0022514086705107406	-0.11179153713978407
DB14193	0.11403101984981562	0.03126399772203331	-0.08276702212778231
DB11906	0.11402787440161669	0.048817483394389405	-0.06521039100722728
DB07443	0.1140023574306502	0.10759094070167946	-0.006411416728970738
DB07223	0.113972628488057	0.09086896763206465	-0.02310366085599236
DB05642	0.11397060368537015	0.05919811191606572	-0.05477249176930443
DB07352	0.11395882098923202	0.09166872012222171	-0.022290100867010304
DB07199	0.11393633485499166	0.05457236103581775	-0.05936397381917391
DB07573	0.11393501363940198	0.0919616797814028	-0.021973333857999183
DB04243	0.11392962690017866	0.049983024767411954	-0.0639466021327667
DB02544	0.11389457807505449	0.006263313236848367	-0.10763126483820612
DB18106	0.11388918815217908	0.0641984130895471	-0.049690775062631976
DB13981	0.11387865981493814	0.05115157787524849	-0.06272708193968965
DB18795	0.1138602646735477	0.025613435622799385	-0.08824682905074832
DB14936	0.11383765119322636	0.09795503206128603	-0.015882619131940334
DB01934	0.1138211375901817	0.05810293562006141	-0.055718201970120285
DB00847	0.11380925938448294	0.055273273865260486	-0.058535985519222455
DB13352	0.11379603767763032	0.0012991528811350404	-0.11249688479649528
DB08566	0.11378343359927007	0.010644292214939233	-0.10313914138433083
DB12867	0.11378141516388737	0.023900579895848706	-0.08988083526803867
DB07927	0.1137766237675924	0.09167638635629372	-0.022100237411298677
DB13476	0.11374997341650564	0.06760331619382431	-0.046146657222681325
DB02252	0.1137367071385246	0.007966038583060907	-0.10577066855546369
DB04339	0.11373034301813018	0.07543793362136475	-0.038292409396765426
DB01091	0.11372712752958669	0.08793553792321718	-0.025791589606369514
DB02982	0.11370922267060779	0.041725395495539885	-0.0719838271750679
DB07538	0.11370543412470008	0.03737343868929299	-0.07633199543540709
DB08766	0.11369607100409972	0.08048341081705634	-0.03321266018704337
DB13224	0.11364622456437135	0.02768988988002341	-0.08595633468434793
DB04393	0.11363980632189244	0.059347055892322254	-0.054292750429570186
DB03556	0.11360180306769066	0.039314364879886515	-0.07428743818780414
DB08441	0.11356270145354092	0.04285479605079423	-0.07070790540274668
DB11825	0.11351987815017589	0.04142915030747074	-0.07209072784270515
DB04328	0.11350681562592438	0.06630197296009724	-0.04720484266582714
DB03902	0.1134915277289088	0.04831753541526351	-0.06517399231364529
DB07868	0.11349139401552376	0.10758300067353344	-0.005908393341990319
DB07109	0.11348111081948864	0.08369255115842278	-0.02978855966106586
DB12457	0.11347979278755099	0.08163060798712074	-0.03184918480043025
DB01988	0.11345723979661815	0.013337878314961804	-0.10011936148165634
DB09516	0.11344518330640599	0.09341114560916441	-0.020034037697241575
DB13941	0.11341993376220938	0.10931639095603407	-0.004103542806175316
DB00490	0.11341306980844734	0.05828446109112417	-0.05512860871732317
DB00960	0.11340742519341013	0.07294093166647508	-0.04046649352693504
DB18855	0.11339514266390427	0.06987443803766313	-0.043520704626241136
DB03437	0.11336922136913086	0.055314616770434644	-0.05805460459869621
DB00284	0.11336091840465412	0.0387065420356042	-0.07465437636904992
DB00766	0.11333691366839871	0.08142444104939794	-0.03191247261900077
DB08603	0.1133210145101945	0.040845968929848486	-0.07247504558034601
DB02278	0.11330926365057659	0.039717663550890125	-0.07359160009968646
DB02124	0.11330250157367916	0.016064867292012286	-0.09723763428166687
DB09189	0.11326709617952845	0.10763775948833365	-0.0056293366911947945
DB18834	0.11325134346931726	0.10193462892689148	-0.011316714542425776
DB03427	0.11323542839285292	0.06388601405111183	-0.04934941434174109
DB03973	0.11322732281480175	0.0708428476774049	-0.04238447513739685
DB12391	0.11320869845046559	0.014503967276132276	-0.09870473117433332
DB04633	0.11320567716469554	0.06133753881031001	-0.05186813835438553
DB07767	0.1132030347335162	0.09347658239285067	-0.01972645234066553
DB07555	0.11317637801512542	0.012237226137477464	-0.10093915187764796
DB00291	0.11316703399643713	0.053016389313269685	-0.06015064468316744
DB00372	0.11316059028474201	0.036098653480744036	-0.07706193680399798
DB13597	0.11313829835327505	0.027444296595644402	-0.08569400175763064
DB03144	0.11311118955629698	0.04219276197985969	-0.07091842757643729
DB13769	0.11306205307096981	0.04405209753640091	-0.0690099555345689
DB01460	0.11305973855594897	0.10588657259102285	-0.00717316596492612
DB01840	0.11305565074675106	0.07123355182100444	-0.04182209892574662
DB11961	0.11303182747866086	0.04794243753388194	-0.06508938994477892
DB01535	0.1130262019655357	0.07936003373142986	-0.03366616823410584
DB07330	0.1130209648579576	0.035907545217091386	-0.07711341964086621
DB14499	0.11301103186364497	0.002468527371193574	-0.1105425044924514
DB11590	0.11297367807445594	0.09204902009100913	-0.02092465798344681
DB06913	0.11294370717430902	0.07709164982833117	-0.03585205734597785
DB08596	0.11293912271539541	0.06265613107069912	-0.050282991644696295
DB04345	0.11293594861432818	0.040431718495884866	-0.07250423011844331
DB03095	0.11293426764605985	0.051070261035270126	-0.061864006610789724
DB00440	0.11291356754060455	0.061567799626544795	-0.05134576791405976
DB06408	0.11290596816322512	0.04458955530366504	-0.06831641285956008
DB19375	0.1128382709866022	0.09823649236935905	-0.014601778617243141
DB18075	0.11281204406123457	0.053062112923627835	-0.05974993113760674
DB14569	0.11278937327517691	0.05831266188074624	-0.054476711394430666
DB02860	0.1127715257219345	0.05054156467837412	-0.06222996104356038
DB00704	0.11276938630777478	0.013961033627388097	-0.09880835268038668
DB08705	0.112752990499855	0.023492900519661145	-0.08926008998019386
DB11513	0.1127354326589467	0.07015781490425421	-0.04257761775469249
DB06702	0.11273212802814653	0.09064664684397572	-0.022085481184170808
DB13368	0.11269948922760398	0.04800130325979224	-0.06469818596781174
DB08822	0.11269781144298774	0.037237089240440446	-0.07546072220254729
DB06732	0.11269776368820733	0.09496766491986047	-0.017730098768346858
DB14476	0.1126873499624393	0.09159643848668542	-0.021090911475753885
DB17255	0.11268383521060553	0.0631330803476089	-0.049550754862996635
DB17064	0.11267629950626645	0.059667668752977465	-0.05300863075328899
DB00121	0.11267201431064318	0.002493168837853674	-0.1101788454727895
DB19221	0.11265928288620208	0.010841971536368067	-0.10181731134983402
DB17582	0.11265148293874522	0.08594861432819156	-0.026702868610553654
DB04585	0.11265012033567928	0.011472245494718591	-0.10117787484096069
DB00775	0.11264470494358764	0.012372206615960002	-0.10027249832762763
DB12756	0.11260134997033477	0.0667635897688631	-0.04583776020147168
DB01731	0.11258654598842649	0.039214977631024106	-0.07337156835740238
DB07008	0.11254329289203846	0.0070261035270152705	-0.10551718936502319
DB13695	0.11253456650184263	0.035856619519327115	-0.07667794698251551
DB14889	0.11252975281998345	0.07581494806126415	-0.0367148047587193
DB11822	0.11251705004841057	0.09932235966684733	-0.013194690381563248
DB11735	0.11247997642059968	0.03329445457482519	-0.07918552184577449
DB11964	0.1124591043979351	0.07179127034974453	-0.040667834048190576
DB06804	0.11245828938301716	0.04020885011964803	-0.07224943926336913
DB04156	0.1124530236225707	0.003707171761974437	-0.10874585186059627
DB13794	0.11240537708639042	0.08061620094294675	-0.031789176143443676
DB13534	0.11239693404122475	0.10240172161713734	-0.009995212424087407
DB13641	0.1123806114573015	0.04513550068722316	-0.06724511077007833
DB03293	0.11236672436717593	0.07045707182713734	-0.04190965254003859
DB03195	0.11235093982044458	0.05726430437139618	-0.055086635449048404
DB13626	0.11234471578073907	0.06756087811235412	-0.04478383766838495
DB06252	0.11232956478076038	0.040171614125583885	-0.0721579506551765
DB00241	0.11230843806593394	0.027662784266697327	-0.08464565379923661
DB04753	0.11228755967596532	0.059247121055311824	-0.053040438620653496
DB16567	0.11228268550471782	0.03360740120140843	-0.07867528430330939
DB12260	0.11225075347492434	0.05881124088950218	-0.053439512585422164
DB01548	0.11223708924044051	0.027254009714213767	-0.08498307952622675
DB11998	0.11222682832996947	0.010961071958558529	-0.10126575637141094
DB02768	0.11222487038397508	0.007074291284039441	-0.10515057909993564
DB07018	0.11220304326570361	0.008755660692479971	-0.10344738257322364
DB03025	0.1121157666291378	0.07361939338184964	-0.03849637324728816
DB07748	0.11209646733057271	0.09315898126700944	-0.01893748606356327
DB18588	0.11206475497276897	0.06788395511967538	-0.04418079985309359
DB13866	0.11206075630582768	0.0012408347433727762	-0.1108199215624549
DB13827	0.11205930137685305	0.06831299043363503	-0.043746310943218014
DB19110	0.11205783052961826	0.026183474884869495	-0.08587435564474877
DB00252	0.1120263919658886	0.041151249322359695	-0.0708751426435289
DB12670	0.11201716574232523	0.03935160087395073	-0.0726655648683745
DB09070	0.11195748818514895	0.10139498080703535	-0.010562507378113595
DB05624	0.11194634221941546	0.03718342560193627	-0.07476291661747919
DB07645	0.11193664163170064	0.05533077062080066	-0.05660587101089998
DB04273	0.11193543184393184	0.06731227309316123	-0.04462315875077061
DB08012	0.11192626292610475	0.07910677421297885	-0.0328194887131259
DB11393	0.111916855234376	0.03448929191376582	-0.07742756332061018
DB13169	0.11189125230480487	0.007600797288343508	-0.10429045501646136
DB06260	0.11188232534453163	0.07180441246529656	-0.04007791287923507
DB01164	0.11185840656688084	0.051453298944797665	-0.060405107622083176
DB03137	0.11183729577031448	0.05226345560976675	-0.05957384016054773
DB11493	0.11181940682959574	0.029327178442549784	-0.08249222838704595
DB05398	0.11181281666990772	0.07987476659055193	-0.031938050079355795
DB19054	0.11178852222131797	0.03761519885663589	-0.07417332336468208
DB13452	0.11175715688158483	0.03014472754751696	-0.08161242933406787
DB02761	0.11174486798477501	0.053160678790268256	-0.05858418919450675
DB17096	0.11173298977907622	0.06214714788713116	-0.049585841891945065
DB11121	0.11173190097008423	0.07362705961592164	-0.03810484135416259
DB08214	0.11173049061223794	0.09472672613473954	-0.017003764477498406
DB16893	0.11172039525167221	0.0385022916563994	-0.07321810359527281
DB13871	0.11171730710920957	0.080930242745826	-0.030787064363383576
DB03776	0.11167191459866177	0.023356551070808584	-0.08831536352785319
DB01078	0.11166639096240144	0.02775395769333966	-0.08391243326906178
DB07908	0.11166520982750078	0.06064703015567929	-0.051018179671821484
DB17472	0.1116271588185187	0.03929246135396647	-0.07233469746455223
DB01575	0.11161645856406843	0.0857169845415866	-0.025899474022481828
DB14895	0.11160446893054887	0.023720970983304057	-0.08788349794724482
DB07082	0.11158121871982296	0.033438470257749764	-0.0781427484620732
DB07930	0.1115636003895262	0.0519841856542857	-0.059579414735240505
DB01234	0.1115538998018113	0.07385403490326858	-0.03769986489854271
DB02211	0.11154445072260616	0.01725806186650896	-0.09428638885609719
DB01748	0.1115421202893252	0.02784348835553796	-0.08369863193378724
DB11570	0.11150083787353948	0.04210295752358739	-0.06939788034995209
DB00326	0.11149743454952658	0.10687250505150064	-0.004624929498025945
DB19455	0.11148638409335389	0.08540622826759542	-0.02608015582575847
DB11290	0.1114837034583503	0.10429938834403873	-0.0071843151143115725
DB06636	0.1114726339002654	0.02546284888209882	-0.08600978501816658
DB08522	0.11142344329285378	0.07044146556491926	-0.04098197772793452
DB18959	0.1114187728753357	0.02434850700091447	-0.08707026587442124
DB00793	0.11139827652360995	0.051138435759696454	-0.0602598407639135
DB07182	0.11139541442044099	0.06536943034404963	-0.04602598407639136
DB06919	0.11136104689684975	0.0860170628466917	-0.025343984050158058
DB09212	0.11135622048038257	0.0307911553562335	-0.08056506512414907
DB18657	0.11134334260794837	0.07318734633307594	-0.03815599627487243
DB08758	0.11134196727027432	0.014807057316051447	-0.09653490995422287
DB08287	0.11134061740181644	0.07398080155953102	-0.037359815842285427
DB03124	0.11134055691242803	0.022172939288902044	-0.08916761762352599
DB12195	0.11133473082922549	0.0800521851505046	-0.03128254567872088
DB01501	0.11128396749771444	0.004535125041753598	-0.10674884245596084
DB11473	0.1112603861871781	0.02888719136563006	-0.08237319482154803
DB12554	0.11125881664673076	0.07012468582130016	-0.041134130825430604
DB01681	0.11124145619224776	0.05586494285917676	-0.055376513333071004
DB04218	0.11122130367494042	0.09261796417678331	-0.018603339498157113
DB07265	0.11121337001409846	0.10231438130753095	-0.00889898870656751
DB08532	0.11121233214353897	0.09368521347723957	-0.017527118666299402
DB04690	0.11120688491492714	0.04408933353046507	-0.06711755138446207
DB11978	0.11119386696180392	0.05756383508835333	-0.053630031873450584
DB06845	0.11118544938585431	0.0852564629091167	-0.02592898647673761
DB03774	0.11118498457265902	0.046945553310444144	-0.06423943126221487
DB00434	0.11118397853861972	0.035625537320870204	-0.07555844121774952
DB06414	0.11117866183974079	0.0733784545967287	-0.037800207243012085
DB19085	0.11117171192737407	0.04616003811213515	-0.06501167381523892
DB16864	0.11112893001148531	0.1063744736308927	-0.004754456380592612
DB00450	0.11112112051307231	0.06689637989475361	-0.0442247406183187
DB11796	0.11111325370892278	0.04645245018316824	-0.06466080352575454
DB18819	0.11110203133554081	0.04181793789255228	-0.06928409344298853
DB07288	0.111094537018678	0.06178053762204372	-0.04931399939663428
DB06618	0.11109013084427777	0.09825483657231726	-0.012835294271960507
DB15379	0.11105718641314105	0.010584331312733064	-0.10047285510040799
DB07882	0.11105587474850742	0.0208212179455588	-0.09023465680294862
DB17264	0.11104424168401444	0.048236492369359174	-0.06280774931465527
DB04155	0.11104076831965703	0.0876737907884722	-0.02336697753118483
DB09243	0.11103082895804034	0.051326806082609144	-0.059704022875431195
DB12186	0.1110229621538909	0.07315586001456587	-0.03786710213932504
DB17769	0.11101696415347898	0.04772586642134713	-0.06329109773213185
DB15969	0.11101041219761515	0.03924071427398024	-0.07176969792363491
DB12247	0.11100193413227719	0.013546235605276541	-0.09745569852700064
DB14622	0.11098247565111102	0.019495507039245685	-0.09148696861186534
DB03204	0.11096140942567297	0.10933035445380818	-0.0016310549718647933
DB15224	0.11095332931683796	0.014044267025884488	-0.09690906229095347
DB00855	0.11092556150389093	0.04277868129822193	-0.068146880205669
DB06829	0.11089735753061686	0.07893045082932226	-0.031966906701294595
DB08598	0.11087609710240548	0.0508985921508715	-0.05997750495153398
DB08409	0.1108756322892101	0.03120020370279103	-0.07967542858641907
DB07789	0.11087214619024466	0.05252602412673385	-0.05834612206351081
DB07229	0.11085443871769121	0.03495693219215967	-0.07589750652553154
DB04020	0.11082496128360764	0.06027111089207582	-0.05055385039153182
DB14972	0.11081957136073234	0.02587682552198839	-0.08494274583874395
DB06154	0.1108175974964779	0.02336366971673265	-0.08745392777974526
DB01852	0.11081273924349033	0.017867527475235234	-0.0929452117682551
DB01345	0.1107790084503039	0.06419622273695508	-0.046582785713348826
DB04732	0.11072799679393507	0.08361588881770243	-0.027112107976232633
DB03953	0.11072112328921682	0.018337631900295165	-0.09238349138892166
DB08164	0.11071554553087215	0.05093610193900966	-0.05977944359186249
DB15796	0.11071116482568805	0.040300023546290364	-0.07041114127939768
DB15499	0.1107097544678417	0.029560998581746656	-0.08114875588609505
DB14488	0.11068568287489383	0.02720773851570757	-0.08347794435918626
DB01987	0.11067738627772117	0.07027582015014866	-0.04040156612757251
DB12508	0.11065632323593516	0.07235145302515067	-0.03830487021078449
DB01933	0.11064790247633377	0.04130019329861628	-0.06934770917771749
DB07757	0.11064470290605027	0.04523297137756749	-0.06541173152848279
DB16552	0.11062994031161838	0.020864203615176935	-0.08976573669644144
DB07935	0.11062021107103526	0.0547328043631824	-0.05588740670785286
DB12628	0.11061444547722116	0.03980062315531241	-0.07081382232190875
DB04620	0.11061160247596435	0.03743120923890725	-0.0731803932370571
DB00781	0.11059271068485838	0.06265202415958915	-0.04794068652526923
DB02214	0.11056578335604551	0.06731364206353119	-0.043252141292514326
DB04575	0.11054873171580892	0.02013372102574218	-0.09041501069006674
DB05262	0.1105451787601509	0.10163372923956432	-0.008911449520586576
DB08789	0.11054388301377749	0.032719213225348986	-0.0778246697884285
DB08811	0.11052488934580668	0.03095570559470817	-0.0795691837510985
DB15431	0.11051505504470671	0.054843417169078756	-0.055671637875627955
DB11667	0.11042975545604725	0.06376171154151533	-0.046668043914531915
DB03196	0.1103902431507865	0.02244837612734707	-0.08794186702343942
DB06980	0.11036189591317139	0.08159446716935259	-0.028767428743818796
DB12087	0.11031339297459686	0.05749757692244506	-0.0528158160521518
DB11611	0.11030898680019674	0.06969099600808237	-0.04061799079211437
DB08453	0.11026698169540172	0.08800508161801346	-0.022261900077388264
DB00517	0.11026529754348136	0.020328388612356862	-0.08993690893112449
DB00809	0.11026023553676442	0.011878829694610092	-0.09838140584215432
DB02429	0.11023649822727888	0.0521966498557106	-0.05803984837156828
DB14138	0.11023566729410078	0.029066252690026773	-0.08116941460407401
DB02303	0.11023357245106943	0.025672848936857562	-0.08456072351421187
DB07786	0.11021701109324433	0.04780964740799143	-0.0624073636852529
DB11278	0.11016198166802232	0.0915802846363194	-0.018581697031702926
DB11279	0.11016066363608468	0.06786013503523736	-0.04230052860084732
DB11939	0.110159622581873	0.06379785235928354	-0.04636177022258947
DB12582	0.11015238932447613	0.05081563254644916	-0.05933675677802697
DB04880	0.11014662373066197	0.06560708360028256	-0.04453954013037942
DB03098	0.11010984299883725	0.05477825417946658	-0.05533158881937067
DB01037	0.11009763687697997	0.061057447472606885	-0.04904018940437309
DB13951	0.1100874364558975	0.027170228727569468	-0.08291720772832803
DB04467	0.110072053049321	0.09791259397981589	-0.012159459069505107
DB18191	0.11004478825339381	0.024876108181514534	-0.08516868007187928
DB07345	0.11003617010736677	0.05720297449881995	-0.052833195608546824
DB03443	0.11002857072998717	0.0738682721951166	-0.03616029853487057
DB01753	0.11001998123682855	0.05417946653962624	-0.055840514697202304
DB04164	0.10998879736526052	0.04778966044058941	-0.062199136924671106
DB13599	0.10997931963318724	0.033282681429643135	-0.07669663820354411
DB15203	0.10994288273578101	0.07717159769793946	-0.03277128503784155
DB15190	0.1099304251054139	0.07170228727569417	-0.03822813782971973
DB00689	0.10989823519980657	0.07849895136869656	-0.031399283831110014
DB13376	0.10989540493315797	0.05628275261610238	-0.05361265231705559
DB07990	0.10986790136332891	0.02649587392330477	-0.08337202744002414
DB02550	0.10983949045267329	0.08716015310564618	-0.02267933734702711
DB16874	0.10981519282043165	0.05905573899758512	-0.05075945382284652
DB12438	0.10980971693895164	0.0292702292751576	-0.08053948766379404
DB17784	0.1097864890137899	0.06717181673319861	-0.04261467228059129
DB12528	0.1097491384082529	0.04445840794221845	-0.06529073046603445
DB07418	0.10972387294579633	0.05897360077538483	-0.0507502721704115
DB03184	0.10970692636607643	0.027076317360187063	-0.08263060900588937
DB09352	0.10970561151779085	0.03395566726353777	-0.07574994425425308
DB02620	0.1097018261555352	0.06288228497582404	-0.046819541179711155
DB12482	0.10967705415914217	0.05689632513593876	-0.05278072902320341
DB11671	0.10965306215749482	0.062170146589347275	-0.04748291556814754
DB08437	0.1096299870476301	0.1008556064812533	-0.008774380566376805
DB17893	0.10959909607204837	0.07386115354919259	-0.03573794252285578
DB00952	0.10959023596846758	0.054060913705583746	-0.05552932226288383
DB02691	0.10956593833622591	0.03145565357383401	-0.0781102847623919
DB06527	0.10956068849403963	0.015492363883276107	-0.09406832461076353
DB12527	0.1095531432387445	0.07939371040253207	-0.030159432836212433
DB08776	0.10954825633288878	0.039139410466599855	-0.07040884586628893
DB01911	0.1095086771709356	0.10763365257722368	-0.0018750245937119159
DB12710	0.10950194374690633	0.07660703431734925	-0.032894909429557084
DB13953	0.109476592325845	0.03312524983709253	-0.07635134248875247
DB03142	0.10945352676693643	0.04612471867658896	-0.06332880809034747
DB14481	0.10944915879636052	0.07762719103707716	-0.031821967759283365
DB11380	0.10942529095714215	0.0716847644549582	-0.03774052650218396
DB00262	0.10941479445642134	0.0076391284587036395	-0.1017756659977177
DB08577	0.10940602986240128	0.08520909653431463	-0.024196933328086645
DB05946	0.10939664445623676	0.07145477743279727	-0.03794186702343949
DB11977	0.10939271264598799	0.07171022730384025	-0.03768248534214774
DB14655	0.10937946546991922	0.0273394334653021	-0.08204003200461712
DB00226	0.10936104485931253	0.0871801400730483	-0.02218090478626422
DB08208	0.10935779753424868	0.012126065743433001	-0.09723173179081568
DB08084	0.10935543208079546	0.04150334850152504	-0.06785208357927042
DB01889	0.10935091129492241	0.09342894222397446	-0.015921969070947943
DB17709	0.10932474167529116	0.0787691861197356	-0.030555555555555558
DB06891	0.10931845396254522	0.06038090231575027	-0.04893755164679495
DB11073	0.10931312134540627	0.030161702780105104	-0.07915141856530117
DB00142	0.10929463069445511	0.0037846554849166845	-0.10550997520953842
DB12298	0.10924849320933389	0.058968124893904794	-0.05028036831542909
DB03159	0.10924036534571849	0.0514464540929476	-0.05779391125277089
DB09034	0.109234548813472	0.07427704674760022	-0.03495750206587178
DB14969	0.10921098660484777	0.024188885055771853	-0.08502210154907591
DB00990	0.10920537064267871	0.07270108805765008	-0.036504282585028636
DB19263	0.10920218699065548	0.0467774437490075	-0.062424743241647984
DB02354	0.10918690864459579	0.06351310652232245	-0.045673802122273344
DB17796	0.10917028043007826	0.06378799577261951	-0.04538228465745875
DB13711	0.10915009925990282	0.06567005623730282	-0.0434800430226
DB13456	0.10910892827193786	0.03658600693246594	-0.07252292133947191
DB02049	0.10910491687038859	0.05383366462416289	-0.0552712522462257
DB17114	0.10909976253776286	0.08557899232829003	-0.023520770209472838
DB05939	0.10909357670188158	0.041326751323794264	-0.06776682537808731
DB07159	0.10907817737704512	0.04234855080796629	-0.06672962656907883
DB12183	0.10906470734533477	0.06300658748542054	-0.04605811985991423
DB00253	0.10904570094275576	0.0630695601224407	-0.045976140820315065
DB08049	0.1090358411724397	0.07211051424002979	-0.03692532693240991
DB05511	0.10902288052505299	0.016015036770544167	-0.09300784375450882
DB08872	0.10901371479087801	0.017771699549334996	-0.09124201524154302
DB09223	0.10900473052486825	0.0076084635224155095	-0.10139626700245274
DB18073	0.10898943307689657	0.09119834190308784	-0.017791091173808726
DB14096	0.10897811519395384	0.04441076777334241	-0.06456734742061143
DB16069	0.10896244207504324	0.07913223706186101	-0.029830205013182225
DB06860	0.10895582962979097	0.10036770544138346	-0.008588124188407507
DB08572	0.10893732624423169	0.03768967084476421	-0.07124765539946748
DB14045	0.10893172620032276	0.0832208039689189	-0.025710922231403865
DB14054	0.1089294085016499	0.03157365881972851	-0.07735574968192138
DB01579	0.10892664509169359	0.024507581357909092	-0.0844190637337845
DB02787	0.10892392625286573	0.011485935198418569	-0.09743799105444717
DB00176	0.10891351252709769	0.019169418297110385	-0.0897440942299873
DB08686	0.10887645163389477	0.08447916153302776	-0.02439729010086701
DB02235	0.10885368215462443	0.010857577798586204	-0.09799610435603823
DB06971	0.10884619420506564	0.0020304568527919065	-0.10681573735227373
DB05708	0.10883185822000485	0.02951746532398053	-0.07931439289602432
DB12787	0.10882958509246027	0.011170250631095335	-0.09765933446136493
DB01592	0.10875159835249831	0.08641132631325332	-0.02234027203924499
DB08277	0.10875040766664157	0.04851548853076626	-0.06023491913587531
DB06955	0.10872821761203938	0.051109413587852315	-0.057618804024187065
DB07749	0.10871682332144805	0.07684304480913806	-0.03187377851230999
DB03818	0.10871323852926995	0.033397127352575606	-0.07531611117669434
DB14913	0.10870917618928821	0.04500654367836865	-0.06370263251091957
DB00656	0.10866669990399369	0.0005563495583701394	-0.10811035034562355
DB16937	0.10865479941273083	0.10783927192679843	-0.0008155274859323967
DB03724	0.10863787830222718	0.020850787705550905	-0.08778709059667628
DB08390	0.10860725793706749	0.0278933188770063	-0.08071393906006119
DB07618	0.10860441175215851	0.050902972856055495	-0.05770143889610302
DB03041	0.10860276898771454	0.044866361112480074	-0.06373640787523446
DB08834	0.10860014565844733	0.06316867357722905	-0.04543147208121828
DB05791	0.10859744273787969	0.052242099671994724	-0.056355343065884966
DB02454	0.10857708328319082	0.026987608080210723	-0.0815894752029801
DB19074	0.10856905092913605	0.02168668101347615	-0.0868823699156599
DB03524	0.10856790799805972	0.07355039727520135	-0.03501751072285837
DB07790	0.10856755142903318	0.08188304612334973	-0.026684505305683448
DB08075	0.10856499177280643	0.05896045865983274	-0.04960453311297369
DB06940	0.10852867585417703	0.07465460877564767	-0.03387406707852936
DB05295	0.10850419993742211	0.08571369901269854	-0.022790500924723567
DB03277	0.10848284081599807	0.05653108384122135	-0.05195175697477672
DB05936	0.1084589443239114	0.06738154299388344	-0.04107740133002796
DB12327	0.10842575793522086	0.1001727640606947	-0.00825299387452616
DB06150	0.1084235739499329	0.07620318805819765	-0.03222038589173526
DB11091	0.10842254881398139	0.07192351288748705	-0.03649903592649434
DB13239	0.10836407149361799	0.07370071022182795	-0.03466336127179004
DB02233	0.10831264596248608	0.057204617263263924	-0.05110802869922215
DB08342	0.10829569619911426	0.09826113383601925	-0.01003456236309501
DB16020	0.10825292383418164	0.07875686538640558	-0.029496058447776058
DB06920	0.10823365000483268	0.08784710243731475	-0.020386547567517926
DB15661	0.1082219787365155	0.04364085883725133	-0.06458111989926417
DB01455	0.10820585035536556	0.043609646312815165	-0.0645962040425504
DB08459	0.10818840075862604	0.03914598152437587	-0.06904241923425017
DB15062	0.10816919378596968	0.0923767515975884	-0.015792442188381276
DB12156	0.10815418923398407	0.07690738641652839	-0.031246802817455677
DB08009	0.10814899669753404	0.0982833111560133	-0.009865685541520744
DB00385	0.10813536111591837	0.0556015529599877	-0.05253380815593067
DB07346	0.10813501091419586	0.0452121630279434	-0.06292284788625246
DB00499	0.1081323366464963	0.032382720308401614	-0.07574961633809468
DB05492	0.10810065612521269	0.01978627634583474	-0.08831437977937795
DB08493	0.10808648250640518	0.04366276236317146	-0.06442372014323372
DB06609	0.10806814467075111	0.0023335468927110532	-0.10573459777804006
DB06484	0.10806714500401587	0.019612417108844094	-0.08845472789517178
DB07408	0.10806465857178568	0.057274708546208225	-0.05078995002557746
DB07312	0.10805785510741195	0.0053715659378268405	-0.10268628916958511
DB01764	0.10804953940832718	0.06921377293709852	-0.03883576647122866
DB00273	0.10802456684185668	0.10378985757232273	-0.004234709269533954
DB07246	0.10799311554351881	0.00944480037674067	-0.09854831516677814
DB12783	0.10796824803756508	0.023826929289942456	-0.08414131874762262
DB05219	0.10794885322943931	0.08488519814477136	-0.023063655084667952
DB13434	0.10794784401174792	0.0768348309869181	-0.031113013024829828
DB00923	0.10793059180143388	0.04652829114166651	-0.06140230065976737
DB08265	0.10791333640746764	0.01421785246880114	-0.0936954839386665
DB13028	0.10788811233248741	0.049425580032745775	-0.05846253229974163
DB09346	0.10788637724213468	0.043087521013695174	-0.0647988562284395
DB07765	0.1078802327937298	0.07787524846812216	-0.030004984325607637
DB13782	0.10786378286372544	0.030103384642342745	-0.0777603982213827
DB02880	0.10784574110770964	0.0176071493108603	-0.09023859179684934
DB03736	0.10784425115856283	0.07524217085845397	-0.03260208030010886
DB00080	0.1078141147085106	0.05924054999753586	-0.04857356471097474
DB00544	0.10780684961459353	0.01815391607664052	-0.089652933537953
DB15394	0.10776904374681717	0.09083446957874042	-0.016934574168076755
DB11327	0.10776084265920516	0.07456097120233929	-0.03319987145686587
DB16764	0.10775218949300597	0.02015233902277419	-0.08759985047023178
DB07949	0.10773276603201198	0.0031078365339860586	-0.10462492949802593
DB09013	0.10769441575973965	0.04992936112890772	-0.057765054630831925
DB16707	0.10766965013065083	0.03269457175868895	-0.07497507837196188
DB09248	0.10766036978500282	0.03628154792217675	-0.07137882186282607
DB11665	0.10765462010944885	0.07888719136563005	-0.028767428743818796
DB02685	0.10764334679763449	0.06858623691948812	-0.03905710987814637
DB16873	0.10763922396826431	0.06169292351836336	-0.045946300449900945
DB04686	0.10762854918303028	0.02637649970704037	-0.08125204947598991
DB06997	0.10762254481531436	0.04245478290867866	-0.0651677619066357
DB18984	0.10760596117192522	0.02072785416632439	-0.08687810700560084
DB11560	0.10759087384498695	0.046219725220267294	-0.06137114862471965
DB15975	0.10758582138922596	0.023533695836687296	-0.08405212555253866
DB03434	0.107567072862461	0.016594932619278385	-0.09097214024318262
DB06213	0.10755061019784867	0.04058750732399147	-0.0669631028738572
DB12543	0.10751971285496298	0.03609399898148613	-0.07142571387347685
DB03745	0.10751464766459393	0.053079909538438	-0.05443473812615593
DB03629	0.10751282024833247	0.012853262803979859	-0.09465955744435262
DB08295	0.10750503940278763	0.08117337188353896	-0.026331667519248675
DB04422	0.10749408127252347	0.06068536132603941	-0.046808719946484056
DB12046	0.10747693093907418	0.0859587447089295	-0.021518186230144676
DB07711	0.10747452409814462	0.08093790897989805	-0.026536615118246565
DB00140	0.10745999391031036	0.059988555407706756	-0.0474714385026036
DB16344	0.10745983472770923	0.021722548037170275	-0.08573728669053896
DB15943	0.10744320969684379	0.04298046753076079	-0.064462742166083
DB00243	0.1074395007422366	0.07284893685761062	-0.034590563884625974
DB13860	0.10743356004756116	0.015158608907068771	-0.09227495114049239
DB04115	0.10742775306627078	0.04856942596334446	-0.05885832710292632
DB02165	0.10742513610430765	0.07237417793329282	-0.035050958171014834
DB00511	0.10741758766536047	0.0022637294038407828	-0.10515385826151968
DB15261	0.10739596748447056	0.06880089147350499	-0.03859507601096557
DB17113	0.10739215665299862	0.08234493672618948	-0.02504721992680914
DB08181	0.10736401316911293	0.0011280315848843925	-0.10623598158422853
DB00208	0.10735342752613553	0.06399635306293427	-0.04335707446320125
DB18405	0.1073497440407446	0.045908421358128115	-0.061441322682616484
DB18213	0.1073442140371802	0.04119368740382984	-0.06615052663335036
DB03566	0.10732202716623002	0.042999633115940794	-0.06432239405028922
DB07402	0.10731378787479384	0.02304031891533742	-0.08427346895945642
DB13501	0.1073043801830651	0.024728533175627954	-0.08257584700743714
DB02432	0.10729848724317001	0.10473910162688438	-0.0025593856162856275
DB08989	0.10729080190718587	0.0643380480672876	-0.04295275383989827
DB04007	0.10725521822852183	0.0027732601755567597	-0.10448195805296506
DB07849	0.10724555584463116	0.010393223049080323	-0.09685233279555083
DB07213	0.10723446400098202	0.005741461731802233	-0.10149300226917979
DB01851	0.10722562618296547	0.056426494504952907	-0.05079913167801256
DB04697	0.10722023307643813	0.0640779436969866	-0.043142289379451526
DB03846	0.10721662599869569	0.05494088785942319	-0.0522757381392725
DB18961	0.10719164388126923	0.06365192011784104	-0.043539723763428184
DB18822	0.1071574259893231	0.06404399323181054	-0.04311343275751256
DB03482	0.10710214505559107	0.06219697840859939	-0.04490516664699168
DB00513	0.1070917822682553	0.0389422787333191	-0.0681495035349362
DB04244	0.10708422746200408	0.04671912561124525	-0.06036510185075883
DB07945	0.10707086249081041	0.024086759866169455	-0.08298410262464095
DB01865	0.10706756741096635	0.08327200346075714	-0.02379556395020921
DB07395	0.10705853220652425	0.07516934163476963	-0.03188919057175463
DB13989	0.10703295156251724	0.06566403276767474	-0.0413689187948425
DB07781	0.10702593479345801	0.012438190987794251	-0.09458774380566376
DB15177	0.10701603681931765	0.04055136650622332	-0.06646467031309433
DB06640	0.10699934493175968	0.044797912593979805	-0.062201432337779874
DB01564	0.1069739744087862	0.023105481904949654	-0.08386849250383654
DB01524	0.10693974696588415	0.04168213603184778	-0.06525761093403637
DB00215	0.10693932354016494	0.04800623155312428	-0.058933091987040664
DB09543	0.10692896075282932	0.04330765144919202	-0.0636213093036373
DB03951	0.10691961673414091	0.029574688285446737	-0.07734492844869417
DB03931	0.10691775111405533	0.03258833965797647	-0.07432941145607885
DB12677	0.10690884325569427	0.04722482326592525	-0.05968401998976902
DB05659	0.10690733738828725	0.01754198632124806	-0.08936535106703919
DB14631	0.10690613715147457	0.03697342554717753	-0.06993271160429704
DB16760	0.10690510564821895	0.030547204836298525	-0.07635790081192043
DB16169	0.10687922255726981	0.022098467300773722	-0.08478075525649609
DB05232	0.10680231189169165	0.019637606163652177	-0.08716470572803947
DB12263	0.10678048795707218	0.030373071805233853	-0.07640741615183833
DB18841	0.10676131282093593	0.06994288655616332	-0.03681842626477261
DB13218	0.10675588787788842	0.09579561819963972	-0.010960269678248702
DB14732	0.10674916400481527	0.04195948942881078	-0.06478967457600449
DB04185	0.10672969278904099	0.07353670757150133	-0.03319298521753966
DB15097	0.10670715571636812	0.09856860458112238	-0.00813855113524574
DB06659	0.10670028539530202	0.058672701088057666	-0.04802758430724435
DB02742	0.10669047337976634	0.001804850535815028	-0.10488562284395131
DB12978	0.10667908545647903	0.06552823090697024	-0.041150854549508786
DB02719	0.10664046775743674	0.08522360762023662	-0.021416860137200122
DB14783	0.10661489348073389	0.05256873600227796	-0.054046157478455925
DB19276	0.10660307894807554	0.06274429276252746	-0.043858786185548074
DB03793	0.10659731017060936	0.0475566616836145	-0.05904064848699486
DB12720	0.1065696442345272	0.030601963651098796	-0.0759676805834284
DB02286	0.10656694131395938	0.04367426171427946	-0.06289267959967992
DB11171	0.10656535585525184	0.03687759762127707	-0.06968775823397477
DB13606	0.10655403160500497	0.006499597522711217	-0.10005443408229375
DB16003	0.10654284743544734	0.04108389598015544	-0.0654589514552919
DB15295	0.10653409557603533	0.10630848925905845	-0.00022560631697687535
DB00362	0.1065301573984826	0.10086409409754737	-0.005666063300935217
DB14821	0.10652161247645209	0.0529410959429194	-0.053580516533532685
DB15579	0.10651526745796973	0.10228973984087086	-0.00422552761709886
DB01697	0.1065138188962993	0.0857498398304668	-0.020763979065832494
DB06190	0.10650202346555293	0.027040724130566907	-0.07946129933498602
DB01528	0.10650025972233212	0.004387823829941073	-0.10211243589239105
DB09219	0.10648586324788278	0.05042794013766361	-0.05605792311021918
DB03906	0.10645043875181992	0.0019176536943034117	-0.10453278505751651
DB00679	0.10643970984450157	0.0755693547768852	-0.030870355067616373
DB02811	0.10641324732888408	0.059884239865512334	-0.04652900746337174
DB14557	0.10640409432931719	0.04751887810140237	-0.058885216227914816
DB04036	0.10638914071576391	0.023277150789348305	-0.08311198992641561
DB11542	0.10635031289568816	0.04080544740689632	-0.06554486548879185
DB11768	0.10634855233611934	0.022497111472519316	-0.08385144086360002
DB11956	0.10634322608628435	0.07581193632645014	-0.030531289759834213
DB03863	0.10633358280430583	0.040604756350653526	-0.0657288264536523
DB00612	0.10633011262360054	0.07008881879760592	-0.036241293825994614
DB12853	0.10632760072215416	0.08342888746515972	-0.02289871325699444
DB13555	0.10631948877679887	0.03242981288912983	-0.07388967588766904
DB08836	0.10630669367931739	0.06440622279171393	-0.04190047088760346
DB07652	0.10630469116219471	0.00401026180189356	-0.10229442936030114
DB18960	0.10629582150765793	0.018553655424682014	-0.08774216608297591
DB14487	0.10629037427904608	0.09199782059917094	-0.014292553679875142
DB00977	0.1062670667625838	0.04187187532513048	-0.06439519143745331
DB13307	0.10626387355960437	0.02722361857199962	-0.07904025498760475
DB15305	0.10626139349467822	0.026930932706892508	-0.07933046078778572
DB02770	0.10625942918137987	0.05014182533033251	-0.05611760385104736
DB04741	0.10616279579151766	0.024813683132642317	-0.08134911265887534
DB03287	0.10615068836287316	0.07860573105755697	-0.027544957305316184
DB12650	0.10612982270751267	0.060281241272813896	-0.045848581434698776
DB08797	0.10610376451570223	0.07695365761503459	-0.029150106900667647
DB03351	0.10608757882881589	0.05374002705085451	-0.05234755177796138
DB03644	0.10608623851131416	0.004909675334987096	-0.10117656317632706
DB12873	0.10608610798158122	0.08481976136108516	-0.02126634662049607
DB08112	0.1060789797847011	0.10274341662149061	-0.0033355631632104865
DB11495	0.10607388275781177	0.05510489050974976	-0.050968992248062006
DB03725	0.10605584736909998	0.08042919959040404	-0.025626647778695943
DB08230	0.10603780242943206	0.05267469430891636	-0.0533631081205157
DB15908	0.10601848721260693	0.08046889973113419	-0.025549587481472735
DB01772	0.10600604868415203	0.028703749336049356	-0.07730229934810268
DB06929	0.10599462892434458	0.05318340369841035	-0.05281122522593423
DB12285	0.10598914349190847	0.03168399783155085	-0.07430514566035762
DB07034	0.10596073258125294	0.0663753497719296	-0.03958538280932333
DB08916	0.1059582811691949	0.04249338787311285	-0.06346489329608204
DB14808	0.10594129638565075	0.021546498447587603	-0.08439479793806315
DB01853	0.10593766383869219	0.09102010196091315	-0.01491756187777904
DB18156	0.10592390409464775	0.016322781309721424	-0.08960112278492632
DB14718	0.10591815441909369	0.05413429051741614	-0.05178386390167755
DB07864	0.10589077501169358	0.051004824251583925	-0.05488595076010966
DB11748	0.10588680181396853	0.012011619820500585	-0.09387518199346795
DB12008	0.10586818381693647	0.047554197536948506	-0.05831398627998796
DB07807	0.10586732741454224	0.02410044956986951	-0.08176687784467274
DB03103	0.10585182621284092	0.07989201561721401	-0.025959810595626902
DB15448	0.1058504190386466	0.06695497182658977	-0.03889544721205683
DB02841	0.10584480944378159	0.012593979815900866	-0.09325082962788073
DB11676	0.10584377794052613	0.021001374446251497	-0.08484240349427463
DB02587	0.10583508020319843	0.021843291223804684	-0.08399178897939374
DB12470	0.10581992283591579	0.05104972647972006	-0.05477019635619573
DB08124	0.10581797762452946	0.014597604849440643	-0.09122037277508882
DB00419	0.1057704998219065	0.01815884436997245	-0.08761165545193406
DB14523	0.10575033775364323	0.0033840947546531774	-0.10236624299899005
DB12963	0.10570767681653143	0.02778955092295987	-0.07791812589357155
DB13661	0.10566386339738709	0.045593558173026905	-0.06007030522436019
DB06879	0.10566076888762056	0.01497817861230212	-0.09068259027531844
DB11336	0.10560620109194169	0.037385211834475046	-0.06822098925746664
DB18050	0.10559410639790526	0.032892798668265555	-0.0727013077296397
DB00957	0.10558830578391887	0.03198654028332204	-0.07360176550059683
DB03409	0.10558704187406574	0.10051089974208605	-0.005076142131979695
DB07053	0.10557636390517966	0.10535075758820278	-0.00022560631697687535
DB01442	0.10556769482072023	0.04292488733373853	-0.0626428074869817
DB08026	0.10556216800080787	0.07368838948849787	-0.03187377851230999
DB08947	0.1054938882158648	0.10058235999540022	-0.004911528220464589
DB04980	0.1054927548357446	0.049461720850513924	-0.05603103398523068
DB06480	0.10549050717741609	0.07294941928276899	-0.0325410878946471
DB01968	0.10543581521930834	0.04986091261040748	-0.055574902608900856
DB14532	0.10543508934664708	0.05120661048412267	-0.05422847886252441
DB02460	0.10543212536661346	0.04595469255663431	-0.05947743280997915
DB14872	0.10542727666458201	0.023458402466337014	-0.081968874198245
DB02652	0.10539644936204068	0.03236820922247957	-0.0730282401395611
DB06902	0.10537263564490662	0.031473450188644114	-0.0738991854562625
DB04825	0.1053655169989827	0.008623691948811518	-0.09674182505017118
DB02818	0.10535594694100076	0.010312727591324067	-0.09504321934967669
DB12866	0.10530727526886889	0.08418291634495856	-0.021124358923910333
DB07378	0.10530488116254749	0.01769093029750468	-0.08761395086504281
DB09425	0.10530164975574374	0.020507449936753464	-0.08479419981899028
DB11632	0.10527392969757723	0.09819487567011098	-0.00707905402746626
DB02144	0.10525167915358669	0.055213312963054206	-0.05003836619053248
DB06218	0.10524442361062555	0.019405154994825285	-0.08583926861580027
DB04591	0.10523930111452018	0.03311840498524243	-0.07212089612927775
DB03726	0.10520653178424466	0.051516819169965866	-0.053689712614278795
DB16065	0.10519869681661537	0.09581012928556171	-0.00938856753105366
DB18082	0.10519763347683966	0.06252032920999462	-0.042677304266845045
DB00475	0.10516442480258492	0.004126898077418012	-0.10103752672516692
DB13831	0.10515417981037406	0.018778440359436877	-0.08637573945093718
DB09191	0.10514954441302815	0.0369167501738592	-0.06823279423916895
DB12341	0.10507090820805354	0.05903082373685109	-0.04604008447120245
DB00799	0.10506805247218859	0.021319249366166693	-0.0837488031060219
DB12970	0.10506617730114687	0.04144585174598481	-0.06362032555516206
DB15189	0.1050611598655582	0.041423126837842716	-0.06363803302771548
DB13678	0.10506018566803904	0.07143369528909915	-0.03362649037893989
DB06264	0.10505543565922043	0.04343277534101053	-0.0616226603182099
DB16243	0.10505508227384575	0.007153417771425752	-0.09790166450242
DB12927	0.10505328032680061	0.037103477732327916	-0.0679498025944727
DB03007	0.10503950148084391	0.0800781955875347	-0.024961305893309207
DB02777	0.10503849226315243	0.047690546985801	-0.05734794527735143
DB15193	0.105037053252438	0.05958197120781522	-0.045455082044622785
DB04260	0.10501781125960935	0.07235473855403873	-0.03266307270557062
DB16218	0.10501330957564847	0.08604991813557183	-0.018963391440076638
DB17118	0.10500288311527234	0.013128973436498992	-0.09187390967877335
DB09342	0.10499944158743511	0.06442703114133796	-0.04057241044609715
DB08669	0.10499298514113196	0.007514004566885155	-0.09747898057424681
DB11477	0.10498246317119503	0.04021213564853604	-0.06477032752265899
DB02221	0.1049640680298046	0.07347263975818508	-0.03149142827161952
DB13108	0.10493105674197534	0.0376006877707139	-0.06733036897126143
DB13728	0.10492461621393231	0.007627629107595594	-0.09729698710633672
DB00929	0.10490094576113924	0.06721288584429878	-0.03768805991684046
DB03862	0.10488724969013519	0.006451409765687033	-0.09843583992444815
DB19242	0.10487562299294613	0.09357104134838101	-0.011304581644565118
DB02080	0.10485512982487238	0.03274275951571304	-0.07211237030915935
DB16506	0.10482957465008158	0.021530344597221474	-0.08329923005286011
DB06149	0.10480664598820999	0.026647829634375397	-0.07815881635383459
DB04607	0.10479446851922108	0.07183069669640074	-0.03296377182282034
DB12576	0.1047394295430428	0.05248303845711566	-0.05225639108592714
DB09285	0.10473378174435348	0.03772444269216235	-0.06700933905219113
DB08177	0.10471728087591683	0.0394750820013251	-0.06524219887459173
DB04827	0.10468334632900088	0.03772909719142038	-0.0669542491375805
DB12305	0.10466962160512855	0.10134651925593718	-0.0033231023491913595
DB01858	0.10466116264170267	0.049237757297980966	-0.0554234053437217
DB01105	0.10465683287495109	0.06333185484533377	-0.04132497802961732
DB07279	0.10463603725993503	0.058861892793192316	-0.04577414446674272
DB08547	0.10461080045034671	0.07739638263269427	-0.027214417817652437
DB18888	0.1046052863650423	0.01798033063372373	-0.08662495573131856
DB01244	0.10460410523014174	0.08973409119533016	-0.014870014034811585
DB04161	0.10458914524928442	0.09594593114626626	-0.00864321410301816
DB14044	0.10457503530351725	0.09024444334926812	-0.014330591954249128
DB09366	0.10457367270045129	0.002598305762270081	-0.10197536693818121
DB02054	0.10457209997635175	0.0918037006007042	-0.012768399375647554
DB08526	0.10456798669793776	0.015174762757434901	-0.08939322394050286
DB11315	0.1045532209198538	0.03034185928079769	-0.07421136163905612
DB05998	0.10453927015668785	0.06645967834672184	-0.03807959180996601
DB08501	0.10453796167570623	0.018660982701690365	-0.08587697897401586
DB12671	0.1045047116139754	0.09910688373060855	-0.005397827883366846
DB12693	0.1044877968707757	0.03392089541613963	-0.07056690145463607
DB05608	0.10442358897677051	0.001353637901861271	-0.10306995107490924
DB14654	0.10441670273744408	0.004060913705583702	-0.10035578903186038
DB07622	0.1044137196554983	0.06267392768550918	-0.041739791969989115
DB03761	0.10440900466685193	0.021239301496558505	-0.08316970317029343
DB00247	0.10438545837648772	0.06360154200822477	-0.04078391636826295
DB13347	0.1043256407386226	0.07382419134920248	-0.03050144938942012
DB04537	0.10431319584286358	0.03006477967790866	-0.07424841616495492
DB13243	0.10430228228372784	0.09313050668331335	-0.01117177560041449
DB03500	0.10428915927008789	0.06749270338792784	-0.036796455882160045
DB13101	0.10428096454978009	0.04936123842535556	-0.05491972612442453
DB02723	0.10428060798075345	0.03908136612291169	-0.06519924185784176
DB19454	0.10426535510391001	0.08019565324528122	-0.02406970185862879
DB11470	0.10426312336384158	0.013731046605227282	-0.0905320767586143
DB06770	0.10417301009332303	0.03970862834644806	-0.06446438174687497
DB19218	0.10415878235243109	0.03044946035188023	-0.07370932200055086
DB15568	0.10412658607951963	0.024044869372847222	-0.08008171670667241
DB13424	0.10411748401838516	0.09089360909872463	-0.01322387491966054
DB09118	0.10411584125394119	0.04672952978605732	-0.057386311467883866
DB02162	0.10411226601271906	0.037383295275957074	-0.06672897073676198
DB11463	0.10411091614426118	0.028311128633931842	-0.07579978751032934
DB08274	0.10410623935943897	0.06004906389806097	-0.044057175461377995
DB07919	0.10410210379546081	0.02633022850853417	-0.07777187528692664
DB03171	0.10408474015732583	0.08587030922302719	-0.018214430934298642
DB13040	0.10405948424582534	0.07125901466988649	-0.03280046957593885
DB18157	0.10404991100419131	0.0797145970572613	-0.024335313946930004
DB11677	0.10404845289156461	0.00011280315848838374	-0.10393564973307623
DB08678	0.10404739273544089	0.012256117928583554	-0.09179127480685734
DB12648	0.10404010217230765	0.0024310175830554327	-0.10160908458925222
DB09413	0.1040298030580124	0.019959314200603484	-0.08407048885740892
DB17200	0.10402425395253578	0.012245439959697513	-0.09177881399283827
DB03019	0.10401446740621632	0.020167945284992255	-0.08384652212122407
DB08586	0.10401348684139322	0.023215273328624164	-0.08079821351276906
DB05800	0.10399102617636896	0.025020945246661097	-0.07897008092970786
DB12515	0.10398725673237347	0.020002026076147594	-0.08398523065622587
DB01063	0.10398403806017781	0.06357525777712059	-0.04040878028305722
DB07123	0.1039634398315874	0.0882821612209026	-0.0156812786106848
DB05128	0.10395603465698122	0.07292696816870092	-0.0310290664882803
DB15668	0.10394990294318446	0.06358703092230272	-0.040362872020881735
DB01357	0.10394343694592517	0.04048182281142709	-0.06346161413449808
DB08448	0.10392897679843544	0.08426122145012288	-0.019667755348312554
DB09479	0.10390739800502174	0.04272611283601377	-0.061181285169007976
DB03461	0.10389322120256211	0.06442949528800396	-0.039463725914558156
DB00669	0.10387377227235195	0.03298944797638803	-0.07088432429596392
DB02693	0.10387311325638315	0.06623653617641101	-0.037636577079972144
DB09495	0.10382903877777308	0.06354486663490655	-0.04028417214286653
DB08783	0.10378709416236653	0.08812253927575997	-0.015664554886606563
DB03420	0.10377929103125744	0.03604197810742582	-0.06773731292383162
DB07457	0.10377554387282611	0.027735065902233624	-0.07604047797059249
DB00346	0.1037507050197406	0.003609701071630056	-0.10014100394811054
DB15184	0.10373496504413754	0.001804850535815028	-0.10193011450832251
DB03598	0.10370374933604931	0.01880527217868888	-0.08489847715736043
DB12982	0.10367462847099254	0.01198533558939649	-0.09168929288159605
DB17031	0.1036745297777798	0.02313012337160969	-0.08054440640617011
DB19238	0.10366756713080494	0.01564568856471671	-0.08802187856608823
DB13707	0.10365545333485648	0.04083885028392453	-0.06281660305093195
DB18898	0.1036553355397315	0.036322343239202914	-0.06733299230052858
DB13469	0.1036380323909851	0.06473176394570118	-0.03890626844528391
DB03125	0.10362717613758571	0.03862796313636585	-0.06499921300121986
DB13041	0.10361776526220495	0.04265520017084756	-0.06096256509135739
DB15598	0.10360332740027933	0.05861191880362937	-0.04499140859664996
DB03359	0.10359229922967084	0.011832832290177953	-0.09175946693949288
DB13242	0.10356896306034039	0.05390868420043926	-0.049660278859901125
DB07902	0.10355078440728743	0.03133052968201555	-0.07222025472527188
DB00228	0.10354400322847784	0.06429506239766947	-0.039248940830808376
DB11691	0.10342332053123182	0.005858098007326729	-0.09756522252390509
DB13760	0.10341983761591844	0.003609701071630056	-0.09981013654428839
DB08370	0.10340880307800575	0.0888070244607626	-0.014601778617243141
DB03085	0.10340670186767037	0.05001834420295809	-0.05338835766471228
DB07696	0.10339963097652666	0.08263597982685261	-0.020763651149674045
DB00760	0.10339826837346067	0.1002915906888111	-0.0031066776846495614
DB19386	0.10335339479819271	0.002714942037794533	-0.10063845276039818
DB09161	0.10334091488226149	0.05152065228700187	-0.051820262595259625
DB17584	0.10333974966562108	0.06578121663134728	-0.0375585330342738
DB03593	0.10333818330882562	0.09401978983566883	-0.009318393473156782
DB08589	0.10332573841306658	0.04117972390605573	-0.06214601450701085
DB13649	0.10330129114917996	0.07740870336602435	-0.02589258778315562
DB06887	0.10328740405905446	0.006339975577568602	-0.09694742848148585
DB14677	0.1032632910786303	0.07900766075819055	-0.02425563032043976
DB00172	0.10318268100940112	0.0720998362711438	-0.031082844738257315
DB16056	0.10316368734143026	0.020843942853700878	-0.08231974448772938
DB07451	0.10315793129857218	0.018719848427600633	-0.08443808287097154
DB09089	0.103124133648693	0.039097519973277595	-0.0640266136754154
DB11389	0.10312408271026074	0.051423181596657486	-0.05170090111360326
DB15435	0.10312348100002838	0.050125671479966494	-0.05299780952006189
DB00465	0.10311914486597276	0.06720576719837479	-0.03591337766759797
DB02555	0.10311754030535294	0.08860003614081774	-0.014517504164535205
DB01754	0.10311099471679319	0.02174253500457235	-0.08136845971222084
DB02420	0.10309540755648705	0.09133633411638431	-0.01175907344010274
DB06751	0.10307088706860407	0.03643897951472741	-0.06663190755387666
DB07870	0.10306759198875992	0.07258417798805161	-0.03048341400070831
DB07586	0.10302983069211197	0.048812828895131444	-0.054217001796980524
DB03662	0.10301565707330437	0.012170420383421227	-0.09084523668988315
DB17624	0.10295281178236504	0.018208127303292687	-0.08474468447907235
DB11497	0.10294916968445034	0.04506540940427883	-0.0578837602801715
DB15323	0.10294479216291841	0.05656859362935951	-0.0463761985335589
DB08435	0.1029331368128612	0.06984377310137502	-0.033089363711486186
DB11654	0.10292801113310379	0.07712560029350723	-0.025802410839596557
DB12463	0.102914633427302	0.05586850218213879	-0.047046131245163214
DB03568	0.1028923733323554	0.00839808563183464	-0.09449428770052076
DB02938	0.10287882370934433	0.09226942432058005	-0.010609399388764276
DB02622	0.10281418283866384	0.034041638602774094	-0.06877254423588974
DB07512	0.10276447966327651	0.052980248495501536	-0.04978423116777497
DB03759	0.1027643172970234	0.057718802534237945	-0.045045514762785455
DB13985	0.10274505620228264	0.06859226038911614	-0.03415279581316649
DB02030	0.10273508818779775	0.0710065765336575	-0.03172851165414026
DB00982	0.1027142288997413	0.048173245938264886	-0.054540982961476414
DB14526	0.10270558528449814	0.04943790076607579	-0.05326768451842234
DB08091	0.10269782990816945	0.09560533131820892	-0.0070924985899605275
DB08418	0.1026960597976445	0.03704954029974972	-0.06564651949789478
DB13650	0.10266147260206371	0.02876261506195954	-0.07389885754010417
DB13141	0.10264762689941453	0.007264030577322167	-0.09538359632209237
DB12750	0.10263399768510298	0.0752736571769641	-0.027360340508138875
DB15050	0.10262618181938588	0.07090226099146313	-0.03172392082792275
DB02298	0.10260617893372365	0.02408895021876145	-0.0785172287149622
DB18048	0.10259971612011637	0.096134849057327	-0.00646486706278937
DB07328	0.10258297329412601	0.09750683116214631	-0.005076142131979695
DB11686	0.10256700409557729	0.028550424654608775	-0.07401657944096851
DB03903	0.10255571168185079	0.01744999151238369	-0.0851057201694671
DB07843	0.10254670831392892	0.019685246332528376	-0.08286146198140054
DB01864	0.1025394718728801	0.07356545594927144	-0.028974015923608654
DB01777	0.10253716054151119	0.026997738460948772	-0.07553942208056241
DB03278	0.10253410741922085	0.006499597522711217	-0.09603450989650963
DB12265	0.10253070409520798	0.06362673106303285	-0.03890397303217513
DB07534	0.1025265748985339	0.06389313269703589	-0.038633442201498
DB02398	0.10252082522297978	0.014592402762034551	-0.08792842246094523
DB16894	0.10251308258125919	0.04584818666184787	-0.05666489591941132
DB14546	0.1024764482974275	0.08884562942519675	-0.013630818872230749
DB00265	0.10247432798517997	0.024891988237806584	-0.07758233974737339
DB19205	0.10246071150547645	0.0402291108811241	-0.062231600624352346
DB03879	0.10246068285260829	0.003609701071630056	-0.09885098178097823
DB12968	0.10243119905122072	0.04626407986025549	-0.05616711919096523
DB15024	0.10241860770746869	0.0871724738389762	-0.015246133868492495
DB02611	0.10239543072073926	0.053131930412498085	-0.04926350030824117
DB07953	0.10238484507776202	0.020822586915928865	-0.08156225816183316
DB11233	0.10238298582498045	0.02412153171356768	-0.07826145411141278
DB05644	0.10236727768589762	0.0732355340901002	-0.029131743595797427
DB11466	0.10236515737365005	0.004064746822619771	-0.09830041055103028
DB08127	0.10235749432322994	0.03113148139021671	-0.07122601293301323
DB02019	0.1023570581629029	0.03846423428011324	-0.06389282388278966
DB00327	0.10234456232871159	0.0555640431718496	-0.04678051915686199
DB00834	0.10232644734869922	0.0936222408402193	-0.008704206508479917
DB08510	0.10232499878702861	0.039067676419211605	-0.063257322367817
DB04845	0.10232452760652908	0.08586346437117709	-0.016461063235351986
DB13833	0.10228158650803931	0.046108564826222886	-0.056173021681816426
DB13620	0.10227764196318245	0.04291694730559248	-0.059360694657589974
DB08649	0.10227534336642169	0.053716206966416435	-0.048559136400005254
DB12145	0.10224834599726429	0.0053524003526467245	-0.09689594564461756
DB12080	0.10224556348539601	0.07162672011126989	-0.030618843374126126
DB07737	0.10222088063125961	0.04453616545923483	-0.05768471517202478
DB07788	0.10221361553734254	0.05443655917511325	-0.04777705636222929
DB02800	0.10219010745080265	0.05102043051380195	-0.051169676937000697
DB00826	0.10218384839092495	0.04418105454525542	-0.05800279384566953
DB03638	0.1021793339723559	0.04636374090319184	-0.05581559306916406
DB17261	0.10216548190240271	0.05060919181465234	-0.05155629008775037
DB17121	0.10216192257944073	0.08407996977313426	-0.018081952806306482
DB11309	0.1021504073100725	0.03563950081864428	-0.06651090649142821
DB07753	0.10214058892723271	0.07064653732634607	-0.03149405160088664
DB02283	0.102132948162377	0.04797857835165015	-0.054154369810726855
DB11618	0.10213278261247172	0.04324002431291374	-0.05889275829955798
DB06934	0.10212163983039031	0.06952644576960776	-0.032595194060782554
DB12707	0.10211804548725603	0.02951609635361052	-0.07260194913364551
DB17815	0.10211503693609403	0.09818365011307695	-0.00393138682301708
DB06478	0.1021149668957495	0.07747633050230263	-0.024638636393446878
DB19308	0.1021127829104615	0.02541876803618459	-0.0766940148742769
DB06153	0.10211152536791238	0.0028860633340451972	-0.09922546203386717
DB07173	0.10211054480308918	0.027817204124433892	-0.07429334067865528
DB01728	0.10210368403297904	0.049150143194300666	-0.05295354083867837
DB01807	0.10210092380667479	0.05381723697972274	-0.048283686826952055
DB18736	0.10209137921790912	0.05439138315290304	-0.04769999606500608
DB07045	0.102082751520926	0.08033994272227962	-0.021742808798646374
DB04363	0.1020639329538166	0.05221444647052059	-0.04984948648329601
DB11267	0.10205664239068324	0.04898833089656607	-0.05306831149411717
DB07511	0.10204642923499264	0.07942054222178418	-0.02262588701320846
DB16737	0.10203653444450432	0.0042358681188704355	-0.09780066632563389
DB18096	0.10200948295326256	0.03452433755523793	-0.06748514539802464
DB02733	0.10199910743131874	0.07725291453791777	-0.024746192893400965
DB01986	0.10199147303376688	0.06637617115415151	-0.03561530187961537
DB00869	0.10198858546138184	0.08600857523039773	-0.01598001023098411
DB04401	0.10198123440886003	0.06002141069658684	-0.04195982371227319
DB03183	0.1019654912496051	0.0327778051571852	-0.0691876860924199
DB12058	0.10195124122314891	0.00980155405516403	-0.09214968716798488
DB14228	0.10195020335258931	0.05356945334275187	-0.04838075000983744
DB14130	0.1019318050275469	0.012378230085588027	-0.08955357494195887
DB08249	0.10189985707949334	0.09840295916635178	-0.003496897913141568
DB13107	0.10189702681284463	0.03805929284466558	-0.06383773396817904
DB15221	0.1018946709103475	0.004807550145384653	-0.09708712076496284
DB01322	0.10188943380276916	0.046211237603973276	-0.05567819619879588
DB13486	0.10187673739850037	0.07254201370065544	-0.029334723697844928
DB18097	0.10185574121340696	0.040106177341897586	-0.06174956387150937
DB02512	0.10184199738762245	0.0735388979240933	-0.028303099463529158
DB11947	0.10183636550719335	0.02311451710939169	-0.07872184839780166
DB08376	0.10183294626492044	0.09503885137910084	-0.0067940948858195935
DB15536	0.10183273296023476	0.08731457296338274	-0.01451815999685202
DB05380	0.10182875339520571	0.0109802375437386	-0.09084851585146711
DB14185	0.10182408616133959	0.049406688241639685	-0.052417397919699904
DB13458	0.10179576439294058	0.02926530098182556	-0.07253046341111502
DB18465	0.10179247886405263	0.05032800530065329	-0.05146447356339934
DB16228	0.10177930491198028	0.08227813097213321	-0.019501173939847072
DB07101	0.1017338519120441	0.036996971837541526	-0.06473688007450257
DB03297	0.10172543115244265	0.030480399082242315	-0.07124503207020033
DB15961	0.10171631317304797	0.0037225042301184397	-0.09799380894292953
DB15571	0.10167813163433287	0.017748974641192905	-0.08392915699313996
DB09225	0.10167612274990623	0.08445068694933167	-0.017225435800574562
DB03832	0.10160127827449117	0.014358856416911703	-0.08724242185757947
DB09490	0.10159943812362171	0.03089382813398389	-0.07070560998963782
DB00709	0.1015486556901985	0.07389483022029464	-0.02765382546990386
DB08264	0.10154402666015674	0.038003712647643434	-0.06354031401251331
DB05263	0.10153584785810904	0.04438694768890428	-0.057148900169204764
DB08569	0.10152980210291679	0.06207952075085288	-0.03945028135206391
DB06236	0.10151707704577977	0.06228158077746565	-0.039235496268314116
DB17106	0.10151321845952754	0.019512208477759696	-0.08200100998176785
DB01633	0.1015052879823376	0.0018555024395051634	-0.09964978554283244
DB13423	0.10150394766483581	0.025754987159057913	-0.0757489605057779
DB06187	0.10149225729460642	0.027393370897880298	-0.07409888639672613
DB01798	0.10149122579135081	0.07499986310296297	-0.026491362688387837
DB07909	0.10148393522821758	0.04357295790689908	-0.0579109773213185
DB00287	0.10147280518074411	0.07457548228826127	-0.026897322892482846
DB04455	0.10146535861866174	0.026711623653617567	-0.07475373496504417
DB17309	0.10145548611373767	0.05830663841111822	-0.04314884770261945
DB07311	0.10144804273530728	0.05940099332490045	-0.04204704941040682
DB02586	0.10143621546804076	0.003749336049370545	-0.09768687941867021
DB04151	0.10140896022306967	0.018535037427649947	-0.08287392279541972
DB03551	0.10140266614301963	0.03186935641964961	-0.06953330972337002
DB09183	0.10139353224536485	0.08237341130988562	-0.019020120935479223
DB01808	0.10138210611825338	0.00950065436783687	-0.09188145175041651
DB13403	0.10137009101551753	0.017119248270990428	-0.0842508427445271
DB06762	0.10133483843666383	0.044783401508057735	-0.05655143692860609
DB04520	0.10129039783807114	0.05087066515532346	-0.05041973268274769
DB00613	0.10128819475087092	0.06118339274664736	-0.04010480200422356
DB12110	0.10128470228460151	0.027514387878588786	-0.07377031440601273
DB04119	0.10128349249683266	0.06848630208247775	-0.032797190414354915
DB19186	0.10127073560317537	0.05646099255827708	-0.04480974304489829
DB18042	0.10125060855508428	0.049262124970567145	-0.05198848358451713
DB04626	0.10125013100728086	0.023493995695957226	-0.07775613531132364
DB03584	0.10124911860593738	0.05489489045499102	-0.046354228150946364
DB04231	0.10124643478728174	0.09335775576473421	-0.007888679022547529
DB00854	0.1012285904176915	0.022277528625170517	-0.07895106179252098
DB06694	0.1012091796913055	0.06781714936561911	-0.033392030325686384
DB14496	0.10120422911240928	0.028799029673801713	-0.07240519943860757
DB04081	0.10119124617945846	0.05932487857232821	-0.04186636760713025
DB01993	0.10118405749318982	0.05496689829645318	-0.046217159196736635
DB07450	0.10117826324650753	0.0435732317009731	-0.057605031545534424
DB07007	0.10113942269182352	0.04208762505544328	-0.05905179763638024
DB00660	0.10113390223921526	0.05965644319594343	-0.041477459043271825
DB12404	0.10112425895723681	0.019880735301365138	-0.08124352365587167
DB18803	0.10108100904450062	0.02675159758842177	-0.07432941145607885
DB03249	0.10106040763225815	0.08966892820571792	-0.011391479426540223
DB03790	0.10105851972660834	0.03810255230835785	-0.06295596741825049
DB00628	0.10102592231354213	0.0911920446393859	-0.009833877674156222
DB03372	0.1010184088947671	0.0612575909407016	-0.0397608179540655
DB00254	0.10100590987692382	0.02917357996703518	-0.07183232990988864
DB07076	0.10099555982419622	0.009958164265492675	-0.09103739555870355
DB07466	0.10098450618437135	0.08050942125408633	-0.02047508493028502
DB12860	0.10097462094483911	0.01077242784157173	-0.09020219310326738
DB09415	0.10096847968008632	0.032815041151249336	-0.06815343852883698
DB04735	0.10093310612245573	0.0065532611612154346	-0.0943798449612403
DB18214	0.1009283720318972	0.016800825762927185	-0.08412754626897001
DB03472	0.10091244740447664	0.004268997201824498	-0.09664345020265214
DB11844	0.10090418582747637	0.07397669464842105	-0.026927491179055324
DB13227	0.10090334852699431	0.021542391536477634	-0.07936095699051668
DB01662	0.10089838202983792	0.037620400944041954	-0.06327798108579596
DB12113	0.10089737917945069	0.02421516928687606	-0.07668220989257463
DB03084	0.10086935667434183	0.004002595567821565	-0.09686676110652026
DB03062	0.10082517395156299	0.017329522119823304	-0.08349565183173968
DB12362	0.10082459771054672	0.014945323323422022	-0.0858792743871247
DB13253	0.10081422855590688	0.0823528767543355	-0.01846135180157138
DB12795	0.10080349964858842	0.045316478570137764	-0.05548702107845066
DB01533	0.10079550549835808	0.06282150269139575	-0.03797400280696234
DB02105	0.10079534631575696	0.06327517947201555	-0.037520166843741404
DB08536	0.10079407922225168	0.06561064292324457	-0.03518343629900711
DB00789	0.1007768588484578	0.01414173771622887	-0.08663512113222893
DB15361	0.100769641509321	0.03901319139848536	-0.06175645011083564
DB00550	0.10075321386488098	0.03758672427293985	-0.06316648959194113
DB17146	0.10075065102500219	0.023714947513675977	-0.07703570351132621
DB14521	0.10073081368924527	0.022644138890257876	-0.0780866747989874
DB00727	0.10072005294540654	0.002201578149042542	-0.098518474796364
DB04476	0.10069707971240671	0.03890914965036496	-0.06178793006204175
DB02702	0.10067225041027726	0.0041852162151802385	-0.09648703419509702
DB04310	0.1006656315977209	0.028491285134624567	-0.07217434646309634
DB11219	0.10066320883853114	0.06895010924383554	-0.03171309959469559
DB04198	0.10064856722287613	0.05933637792343621	-0.041312189299439916
DB00229	0.10064209804196486	0.004052426089289726	-0.09658967195267514
DB12987	0.10063759317435192	0.003730170464190472	-0.09690742271016145
DB16768	0.10062990147106371	0.02438054090757258	-0.07624936056349113
DB03130	0.10061495740846646	0.05189219084542129	-0.04872276656304517
DB13960	0.10061070723301538	0.03351184706958199	-0.06709886016343339
DB09421	0.10060084427904736	0.08975928025013824	-0.010841564028909123
DB07137	0.10056782980756596	0.009131032367935332	-0.09143679743963062
DB08312	0.10054271079310251	0.02769810370224346	-0.07284460709085905
DB08987	0.1005385656781681	0.07206232648300559	-0.02847623919516251
DB03780	0.10051879519910367	0.05596679425470508	-0.044552000944398595
DB00538	0.10051545236447924	0.089436477036891	-0.011078975327588239
DB04436	0.1005146118803451	0.022505325294739316	-0.0780092865856058
DB08232	0.10050953077171597	0.09994551497927379	-0.0005640157924421884
DB18251	0.10049281659859383	0.08703448162567967	-0.013458334972914154
DB18865	0.10048303641957834	0.03661283875171806	-0.06387019766786028
DB01347	0.10047379746140672	0.09256183639161308	-0.007911961069793638
DB09284	0.10046828019245047	0.028603814499038926	-0.07186446569341154
DB06649	0.1004650137654746	0.07184219604750874	-0.028622817717965862
DB00646	0.10045852866630323	0.0667192351288749	-0.03373929353742833
DB07355	0.10045506803655391	0.05762954566611356	-0.04282552237044035
DB07878	0.10045084969762308	0.07671627815287563	-0.02373457154474745
DB01762	0.10044104723304342	0.009362662154540291	-0.09107838507850313
DB00184	0.1004337184660859	0.05400177418559954	-0.04643194428048636
DB04658	0.10042414204079989	0.04889113400029568	-0.0515330080405042
DB04663	0.10041771743101699	0.024481844714953016	-0.07593587271606397
DB14792	0.10041527556991514	0.055596350872581746	-0.044818924697333395
DB16226	0.10039428893577768	0.0722066159600041	-0.02818767297577357
DB04556	0.10039323514695808	0.07352411304409734	-0.026869122102860743
DB02573	0.10037152900746335	0.00214326001128029	-0.09822826899618306
DB14786	0.10035517777067188	0.04520066367683534	-0.05515451409383654
DB04024	0.1003530351728602	0.0786410504931031	-0.0217119846797571
DB14514	0.1003376103788075	0.07697063284762268	-0.02336697753118483
DB13740	0.10031674472344698	0.01716278152875661	-0.08315396319469037
DB00942	0.10030193755788677	0.059522284099682965	-0.04077965345820381
DB12268	0.10028545260771027	0.056345999047196615	-0.04393945356051365
DB00658	0.10027413790841955	0.0028200789622109257	-0.09745405894620862
DB01400	0.10024548504021019	0.08129521024646946	-0.01895027479374073
DB14937	0.10022220299296403	0.05997541329215472	-0.040246789700809305
DB04360	0.10019804544141153	0.008367420695546524	-0.09183062474586501
DB03819	0.1001798890739227	0.012450511721124304	-0.0877293773527984
DB02009	0.10017879071397462	0.014957644056751929	-0.08522114665722269
DB07899	0.10016421277136017	0.051767066953602836	-0.04839714581775734
DB11291	0.10014701149947842	0.07095099633663526	-0.02919601516284316
DB06696	0.10013285698258301	0.009106938489423344	-0.09102591849315966
DB17197	0.10012970516707986	0.0672662756887289	-0.03286342947835097
DB06652	0.10009960055354794	0.049758239832657036	-0.050341360720890904
DB12942	0.10009667796099053	0.057753848175710054	-0.04234282978528048
DB14583	0.10009433160944947	0.028201337210257416	-0.07189299439919206
DB13770	0.10006862680301365	0.02452592556086719	-0.07554270124214646
DB08677	0.1000580698129045	0.046376883018743986	-0.05368118679416051
DB18514	0.10005497211948577	0.03471079131963267	-0.0653441807998531
DB01727	0.10005141598017575	0.06973425547177459	-0.030317160508401164
DB06251	0.10005035582405197	0.05161812297734625	-0.048432232846705725
DB09146	0.10004313848491525	0.0059030002354629185	-0.09414013824945233
DB18118	0.1000343898091553	0.0868088753087028	-0.013225514500452507
DB04462	0.10002380416617795	0.007601618670565524	-0.09242218549561243
DB04416	0.10001995831453386	0.0804620548792842	-0.019557903435249657
DB05495	0.10001333631832549	0.02555046298577912	-0.07446287333254636
DB06783	0.10001078939670688	0.05996665188178668	-0.0400441375149202
DB04010	0.09998156347113321	0.05766103198462369	-0.04232053148650952
DB03436	0.09996879702651995	0.0023143813075309798	-0.09765441571898897
DB07957	0.09996262710889875	0.0779519108088424	-0.022010716300056354
DB07996	0.09995083486180456	0.06292746099803415	-0.037023373863770415
DB11235	0.09993579847329881	0.07871634386345339	-0.021219454609845423
DB14020	0.09993494207090448	0.09770478427764906	-0.002230157793255416
DB03840	0.09993074920118994	0.0893088889984065	-0.01062186020278344
DB13736	0.09990383779063727	0.07858108959089694	-0.021322748199740338
DB01674	0.09989845423506583	0.05448337796176739	-0.04541507627329844
DB07628	0.0998889287482122	0.08323996955409896	-0.01664895919411325
DB15289	0.09988755659419002	0.013919416928139916	-0.0859681396660501
DB00804	0.09988636590833344	0.0686913738439045	-0.03119499206442894
DB03964	0.0998808390884211	0.038935981469617076	-0.06094485761880403
DB03426	0.09986986822354893	0.009981162967708679	-0.08988870525584025
DB03949	0.0998663375534551	0.01853722778024193	-0.08132910977321317
DB02039	0.0998499576637954	0.0801359661371489	-0.01971399152664649
DB02115	0.09984624870918826	0.05746636439800895	-0.04237988431117931
DB00798	0.09983688877223984	0.04417640004599738	-0.05566048872624246
DB08036	0.09980805761951717	0.03962101424276776	-0.060187043376749405
DB00050	0.0997848710818317	0.057944408851214824	-0.04184046223061688
DB09256	0.0997770488488105	0.05215968765572032	-0.04761736119309018
DB07142	0.09977660632117935	0.0562460642101863	-0.043530542110993053
DB08548	0.09977225426886342	0.07909910797890685	-0.020673146289956576
DB07255	0.09972891839752263	0.04207338776359515	-0.057655530633927476
DB01726	0.09971628884994643	0.06257289767220275	-0.03714339117774368
DB07691	0.09971355090920642	0.04880817439587337	-0.050905376513333045
DB06669	0.09971167892181676	0.032218991452149015	-0.06749268746966774
DB04006	0.09970685568900148	0.007648985045367679	-0.0920578706436338
DB08300	0.09970662328240387	0.02766442703114136	-0.07204219625126251
DB07301	0.09969464001618822	0.040967807292778935	-0.058726832723409284
DB05029	0.09968017350139446	0.017654241891588485	-0.08202593160980598
DB14870	0.09965846417824786	0.08834732421051483	-0.01131113996773303
DB09099	0.09964780212762195	0.0638947754614799	-0.03575302666614205
DB13577	0.0996105406643416	0.01663627552445257	-0.08297426513988904
DB12288	0.09954308862892462	0.04784907375464767	-0.05169401487427695
DB04433	0.09953764140031274	0.0473225677503436	-0.052215073649969135
DB16153	0.09953741854467124	0.04602314107513461	-0.05351427746953663
DB11719	0.09953253482246743	0.007603535229083469	-0.09192899959338396
DB15490	0.0995313409529589	0.06355828254453266	-0.03597305840842624
DB04329	0.09951920805509815	0.04426894244300983	-0.05525026561208832
DB17237	0.09951895017928414	0.05189109566912531	-0.04762785451015883
DB03531	0.09949760697612031	0.07790563961033636	-0.02159196736578395
DB11644	0.09948038023502223	0.05908996325683524	-0.04039041697818699
DB14682	0.09947568116463601	0.04834600999895966	-0.05112967116567635
DB01863	0.09946592327118461	0.07729288847272187	-0.02217303479846275
DB04828	0.09945734651263399	0.03947754614799126	-0.05997980036464273
DB19201	0.09944443362002758	0.04254376598272913	-0.05690066763729845
DB11874	0.09943830508988272	0.01941528537556325	-0.08002301971431947
DB12495	0.09943171493019454	0.08736276072040694	-0.012068954209787597
DB11547	0.09943060383563851	0.025960332714558776	-0.07347027112107973
DB09061	0.09939762120067741	0.026510385009226867	-0.07288723619145054
DB12818	0.09937670142323263	0.03500511994918387	-0.06437158147404876
DB00601	0.09935594082838883	0.052352438683817115	-0.04700350214457172
DB04072	0.0993556447487507	0.003609701071630056	-0.09574594367712064
DB06850	0.09935364859893206	0.07043078759603327	-0.028922861002898786
DB06313	0.09934064656406905	0.04711147251928882	-0.052229174044780224
DB08701	0.09933805188767009	0.0361279494466622	-0.06321010244100789
DB18982	0.0993352120700653	0.0037263373471544577	-0.09560887472291085
DB00939	0.09931614836174998	0.047499164928074294	-0.05181698343367569
DB01950	0.09929850456223704	0.005964056313965127	-0.09333444824827192
DB14480	0.09929525723717327	0.0015247591981119159	-0.09777049803906135
DB04484	0.09929321651622636	0.039445238447259	-0.059847978068967356
DB08121	0.09927376758601619	0.038518445506765475	-0.06075532207925072
DB07198	0.09927273608276066	0.029807960836495617	-0.06946477524626504
DB13805	0.09925042823303365	0.05492993609646313	-0.04432049213657052
DB00120	0.09923524858018676	0.03539390753426533	-0.06384134104592143
DB16775	0.09923494294959244	0.06749790547533385	-0.031737037474258586
DB17137	0.09922795164974944	0.026326942979646217	-0.07290100867010323
DB14645	0.09921490504375807	0.024135221417267642	-0.07507968362649042
DB04128	0.09920889430873803	0.08316002168449066	-0.016048872624247368
DB15227	0.09920664983406169	0.03191727038259984	-0.06728937945146185
DB06960	0.09919307792548651	0.03735071378115093	-0.06184236414433558
DB00850	0.0991612127523856	0.07169790657051017	-0.027463306181875424
DB03898	0.09915288113504066	0.08663173054282408	-0.012521150592216581
DB04721	0.09914572110164044	0.011250746088851682	-0.08789497501278876
DB02679	0.09913163025778537	0.01765725362640247	-0.0814743766313829
DB08251	0.09912922978415983	0.061455270262130435	-0.0376739595220294
DB08341	0.09912769844753666	0.04041693361588883	-0.05871076483164783
DB08389	0.0991192872388913	0.08934804155098874	-0.009771245687902552
DB03253	0.09910719254485478	0.05242472031935341	-0.04668247222550137
DB08111	0.0991045915011518	0.04626024674321949	-0.052844344757932316
DB12323	0.09907715160436326	0.04600424928402852	-0.053072902320334736
DB07334	0.09907078111666465	0.05924274035012783	-0.039828040766536815
DB13478	0.09905915441947577	0.0512411085374469	-0.04781804588202887
DB14734	0.09905526081305127	0.09218181021689964	-0.006873450596151631
DB16040	0.0990508100675227	0.04070304842321992	-0.058347761644302776
DB04846	0.09905011603138164	0.06496421511452805	-0.034085900916853595
DB07420	0.09904674772754105	0.05939086294416246	-0.03965588478337859
DB07248	0.09902202985323233	0.0775445052267289	-0.02147752462650343
DB15085	0.09901910726067498	0.021467919548349257	-0.07755118771232572
DB07701	0.09899168646579859	0.049140560401710665	-0.049851126064087925
DB13531	0.0989814255553276	0.08312963054227654	-0.015851795013051062
DB01875	0.0989664719417743	0.03330978704296925	-0.06565668489880505
DB04826	0.09896125711976018	0.006394460598294811	-0.09256679652146538
DB00330	0.09894926430258844	0.016026809915726137	-0.0829224543868623
DB07583	0.09893889196429673	0.07322403473899208	-0.025714857225304644
DB08434	0.09893370261149881	0.04166872012222167	-0.05726498248927714
DB11815	0.09893127666865709	0.016812872702183235	-0.08211840396647385
DB02937	0.09891731317088304	0.06341481444975605	-0.035502498721126985
DB11937	0.09890342289710555	0.05472459054096235	-0.0441788323561432
DB19370	0.09890225449681297	0.008662023119171608	-0.09024023137764137
DB03120	0.09889213685068304	0.0023414869208571165	-0.09655064992982593
DB04437	0.0988877975329753	0.02528570411622011	-0.0736020934167552
DB04867	0.09887208939389253	0.05293890559032738	-0.04593318380356515
DB01915	0.09886156742395563	0.08087110322584173	-0.017990464198113898
DB05155	0.09885446787994373	0.06355855633860663	-0.0352959115413371
DB08925	0.09884957460678398	0.08269183381794887	-0.016157740788835112
DB03112	0.09882882993020034	0.03794922762691724	-0.0608796023032831
DB13957	0.09879596190671214	0.0651799648448409	-0.03361599706187124
DB01378	0.09877585077688117	0.0725973201036037	-0.026178530673277467
DB13407	0.09877131088909594	0.027756148045931683	-0.07101516284316425
DB01243	0.09877066460773525	0.09752982986436243	-0.0012408347433728144
DB15585	0.09875448847180501	0.09628954270913759	-0.0024649457626674254
DB16872	0.09874642746488216	0.03462865309743235	-0.06411777436744981
DB05913	0.09873241939597971	0.043108329363319264	-0.055624090032660445
DB16038	0.09872170322326944	0.06789463308856147	-0.030827070134707965
DB09209	0.09871733206904146	0.011944814066444348	-0.08677251800259711
DB00221	0.0987162241581373	0.01932575471336495	-0.07939046944477235
DB17733	0.09870468023590098	0.08843959281345315	-0.01026508742244783
DB11512	0.09869216211614543	0.02634008509519814	-0.07235207702094729
DB07673	0.09868963111278706	0.00374249119752057	-0.09494713991526649
DB14177	0.09866772758686693	0.0472908076377595	-0.051376919949107425
DB06198	0.09865416204559563	0.07032482928939476	-0.028329332756200865
DB15664	0.09865057725341753	0.037510609520367444	-0.06113996773305008
DB18537	0.09864856836899086	0.06089590896894628	-0.037752659400044575
DB13023	0.09861270452894882	0.042136360400615525	-0.0564763441283333
DB15230	0.09851300846584016	0.05479358664761064	-0.04371942181822952
DB08054	0.09851001901659025	0.051840991353583124	-0.04666902766300712
DB03546	0.09849166526267611	0.019245806843756652	-0.07924585841891946
DB06429	0.09848655231752668	0.03688389488497912	-0.06160265743254756
DB14027	0.09848150304541789	0.05836194481406648	-0.04011955823135141
DB06199	0.09847734519587553	0.02212173979706389	-0.07635560539881164
DB01082	0.09846942745329357	0.09513714345166713	-0.00333228400162644
DB00881	0.09845239491496915	0.06897666726901364	-0.02947572764595552
DB14659	0.09844905526399683	0.016097174992744545	-0.08235188027125229
DB04061	0.09844350934217211	0.032242811536587035	-0.06620069780558507
DB13155	0.09842056157838841	0.04978698821042715	-0.04863357336796126
DB11673	0.09840114766835062	0.046255592243961474	-0.052145555424389145
DB05721	0.09838365668413473	0.05609657264578166	-0.04228708403835307
DB13379	0.09837336075349146	0.0710884409617838	-0.027284919791707662
DB15106	0.09831500122825287	0.06773747529008478	-0.030577525938168093
DB08182	0.09830720764810003	0.05418412103888426	-0.04412308660921577
DB06930	0.09830054426441531	0.08402274681166805	-0.014277797452747265
DB02729	0.09828208863363638	0.06096326231115051	-0.03731882632248587
DB15381	0.09824916648806381	0.05844244027182277	-0.03980672621624104
DB07743	0.09823294578100517	0.07847075057907449	-0.019762195201930677
DB01931	0.09822872425842236	0.06030259721058595	-0.037926127047836405
DB16054	0.0982263110501887	0.024003800261747144	-0.07422251078844155
DB01644	0.09822158651058627	0.04666464059051911	-0.051556945920067154
DB08747	0.09821996921535842	0.0602125189602396	-0.03800745025511881
DB13278	0.09821872759106942	0.06746806192126786	-0.030750665669801558
DB02750	0.09821671233933849	0.05480946670390263	-0.043407245635435854
DB14189	0.09821629528092363	0.041452696597834904	-0.05676359868308872
DB01922	0.09819681133054114	0.08297822241935393	-0.015218588911187214
DB08944	0.09818671278632332	0.07824678702654156	-0.019939925759781763
DB01467	0.09817917071468024	0.008844643766530318	-0.08933452694814992
DB03791	0.09817880459469763	0.0011825166056106395	-0.096996287989087
DB02146	0.0981772095850339	0.014967500643416072	-0.08320970894161783
DB01406	0.09816510215638935	0.06703930040138212	-0.031125801755007232
DB04813	0.09816347212655346	0.03881523828298261	-0.05934823384357085
DB13321	0.0981543286779426	0.014751477119029244	-0.08340285155891336
DB04711	0.09814096370674902	0.06121104594812149	-0.03692991775862753
DB04395	0.09813760495386445	0.03141814378569591	-0.06671946116816854
DB09400	0.09812145428715047	0.016090603934968473	-0.082030850352182
DB04448	0.09809259448155949	0.00554186585185551	-0.09255072862970398
DB13720	0.09808964960343791	0.07221181804741017	-0.02587783155602774
DB00269	0.09806812493210862	0.08532956592687507	-0.012738559005233546
DB03116	0.09806607147655366	0.016785493294783183	-0.08128057818177048
DB01131	0.09802258915721981	0.07959960354618084	-0.018422985611038972
DB16838	0.09799037696604843	0.06066564815271139	-0.03732472881333704
DB01339	0.09798070184754964	0.07975676134465742	-0.018223940502892222
DB13675	0.0979513613105032	0.06504005607302632	-0.03291130523747687
DB13427	0.09794804712874701	0.03975407816273224	-0.05819396896601477
DB01835	0.09793699348892221	0.05483438196463675	-0.04310261152428546
DB05944	0.09793062936852776	0.03618106549701838	-0.06174956387150937
DB08186	0.09791587632505194	0.033757440353961	-0.06415843597109094
DB18282	0.09790644316410702	0.05477825417946658	-0.043128188984640436
DB19380	0.09790144164677833	0.05140784912851337	-0.04649359251826496
DB07234	0.09789568560392048	0.05278065261555487	-0.04511503298836561
DB07642	0.09786272525452339	0.03295303336454586	-0.06490969188997753
DB04496	0.09784439060252142	0.04622218936693334	-0.05162220123558808
DB07692	0.09784126743988664	0.02966421894764515	-0.06817704849224149
DB07052	0.09781425733612115	0.016093615669782402	-0.08172064166633874
DB15291	0.09777682395563164	0.03848695918825534	-0.0592898647673763
DB00888	0.09776221736014884	0.0678365887448732	-0.029925628615275646
DB02405	0.09774787819143615	0.011988621118284581	-0.08575925707315157
DB01015	0.09774270475689825	0.04197564327917688	-0.05576706147772137
DB01929	0.09771485735265067	0.048841577272901504	-0.04887328007974917
DB04793	0.097689582339238	0.057880888626046595	-0.03980869371319141
DB07127	0.0976805152982757	0.08619721934738445	-0.011483295950891259
DB03238	0.0976754532915588	0.004679414518752201	-0.0929960387728066
DB04109	0.09767056956935505	0.009040406529441047	-0.088630163039914
DB06349	0.09765019101275402	0.09017763759521186	-0.00747255341754216
DB15466	0.09764274126701963	0.0738688197832646	-0.023773921483755033
DB08338	0.0976387999058148	0.007339871535820478	-0.09029892836999431
DB00528	0.09763814725715003	0.06427890854730334	-0.033359238709846695
DB01097	0.0976334609213717	0.03667745415318224	-0.060956006768189464
DB04756	0.09762371576252858	0.007114265218843603	-0.09050945054368498
DB12367	0.09761390056334085	0.010904670379314307	-0.08670923018402654
DB11561	0.09761203494325521	0.07576265339312993	-0.02184938155012528
DB06932	0.09761079968627018	0.05341065277983126	-0.04420014690643892
DB04009	0.09757890267664904	0.01794446361002955	-0.07963443906661949
DB19047	0.09757748276784671	0.028576708885712884	-0.06900077388213383
DB08581	0.09757521919125817	0.0380404010535596	-0.059534818137698564
DB07580	0.09757160574621171	0.060682349591225426	-0.03688925615498628
DB19129	0.09757129693196553	0.08223760944918113	-0.015333687482784408
DB14019	0.09756988657411925	0.0938900114445923	-0.003679875129526944
DB01108	0.09756887417277568	0.0461876913136092	-0.051381182859166485
DB00853	0.09756425787734208	0.06887618484385527	-0.028688073033486805
DB04657	0.09756368481997785	0.06344794353271016	-0.03411574128726769
DB04294	0.09754110954348089	0.04384647818682613	-0.053694631356654754
DB03514	0.09753601888389568	0.018264255088462855	-0.07927176379543283
DB07487	0.09752539822074607	0.041210388842343904	-0.05631500937840217
DB01778	0.09752126584041987	0.053319479353188926	-0.04420178648723094
DB05450	0.09751929515981739	0.02638608249963037	-0.07113321266018702
DB08046	0.09751509592279872	0.03705063547604576	-0.060464460446752966
DB08450	0.0975091775136876	0.07683373581062214	-0.020675441703065456
DB07333	0.0975076398097603	0.07626588690114389	-0.021241752908616407
DB06510	0.09745985000923896	0.06768079991676657	-0.029779050092472392
DB13648	0.0974419897213884	0.01929399460078085	-0.07814799512060755
DB02553	0.09743855774450733	0.07344526035078497	-0.023993297393722357
DB01837	0.09743369630786783	0.02206479062967162	-0.07536890567819621
DB07058	0.09742887307505255	0.046310351058761634	-0.05111852201629091
DB01159	0.09742572444320158	0.033207935647440845	-0.06421778879576073
DB12713	0.09742255989309043	0.0689692748290156	-0.028453285064074824
DB15442	0.09742109222950768	0.0035475498168318076	-0.09387354241267587
DB16406	0.09741634858799297	0.0016920473773265332	-0.09572430121066644
DB03892	0.09739718300281297	0.007764252350522138	-0.08963293065229083
DB11299	0.09739447053128913	0.08383218613616328	-0.013562284395125855
DB00203	0.09738767343421939	0.08940553830652886	-0.007982135127690526
DB05419	0.0973793163476584	0.021923512887487062	-0.07545580346017133
DB16002	0.09737869553551382	0.07642550884628652	-0.0209531866892273
DB12127	0.09737406013816802	0.015065792715982518	-0.0823082674221855
DB13237	0.09734495200771925	0.01510521906263862	-0.08223973294508063
DB03687	0.09734023701907271	0.06577437177949719	-0.031565865239575525
DB11541	0.09730724483315567	0.07616157135894952	-0.02114567347420615
DB01679	0.09729032053899989	0.005048488930505586	-0.0922418316084943
DB09028	0.09728505796220549	0.010060015661021049	-0.08722504230118444
DB13529	0.0972656790723399	0.027866487057754186	-0.06939919201458572
DB15982	0.09726282970377897	0.036238288458484647	-0.06102454124529433
DB14844	0.09725665978615794	0.014695896922007012	-0.08256076286415093
DB14069	0.09725431661826867	0.05195269933577551	-0.045301617282493156
DB07808	0.09724511586392154	0.007272791987690208	-0.08997232387623133
DB05186	0.0972392738624589	0.00033840947546526223	-0.09690086438699363
DB02662	0.09723653273806676	0.027857999441460057	-0.0693785332966067
DB00537	0.09723020363784451	0.031473176394570035	-0.06575702724327448
DB04718	0.0972221203453575	0.00361353418866602	-0.09360858615669149
DB00441	0.0972196561986915	0.024507855151983116	-0.07271180104670838
DB07845	0.0971935215992325	0.025574009276143228	-0.07161951232308927
DB05476	0.09718113719286192	0.030492172227424286	-0.06668896496543764
DB07059	0.09718041132020067	0.04074931962172612	-0.056431091698474545
DB08041	0.09716390090080795	0.06392763075036001	-0.033236270150447944
DB03133	0.09714062203721385	0.08677191310871268	-0.010368708928501162
DB14079	0.09713137671173828	0.07182084010973669	-0.0253105366020016
DB17520	0.09712120494352391	0.020435715889365297	-0.07668548905415862
DB02990	0.09711240214567951	0.022943669607214945	-0.07416873253846457
DB07798	0.09707858857754037	0.02202153116597938	-0.07505705741156099
DB15393	0.09707748066663635	0.04697156374747424	-0.05010591691916211
DB11382	0.09702381702813218	0.03673741505538858	-0.0602864019727436
DB15086	0.09701693715610982	0.03939157480875488	-0.057625362347354936
DB04105	0.09700695640701695	0.04523981622941753	-0.051767140177599424
DB13117	0.09696736769410755	0.07641948537665849	-0.020547882317449057
DB01201	0.09695361750101905	0.04995044327260578	-0.04700317422841327
DB12336	0.09694953924277738	0.027146682437205416	-0.06980285680557197
DB08019	0.09694597036885916	0.08531642381132304	-0.011629546557536119
DB05265	0.09692953317346295	0.06781057830784307	-0.029118954865619884
DB08893	0.09690056512370335	0.04352860326691088	-0.053371961856792466
DB07305	0.09689821877216215	0.04347411824618469	-0.05342410052597746
DB07982	0.09689459577615972	0.017182768496158657	-0.07971182728000106
DB02721	0.09687887171881682	0.0599433793854966	-0.03693549233332022
DB04875	0.09687683736517394	0.08224390671288312	-0.014632930652290821
DB13843	0.09685427482328512	0.01868398140390659	-0.07817029341937853
DB04648	0.09681691466679199	0.051521199875149915	-0.04529571479164207
DB08848	0.09680096457015544	0.014949156440458022	-0.08185180812969742
DB08994	0.0967980992833345	0.09466074176290529	-0.002137357520429206
DB03740	0.09678136919195221	0.011465126848794499	-0.08531624234315771
DB08631	0.09677761248256467	0.07433207935647435	-0.022445533126090322
DB13009	0.09677107962861298	0.019381882498535175	-0.0773891971300778
DB09306	0.09676910576435864	0.0625822066707189	-0.03418689909363974
DB12537	0.09676840854456546	0.007907720445298683	-0.08886068809926678
DB00067	0.09675083478539698	0.028027477973266657	-0.06872335681213032
DB18408	0.09672123637253677	0.0649825593174862	-0.03173867705505057
DB12557	0.0967135542202045	0.04776419759170725	-0.048949356628497254
DB04808	0.09669727939106165	0.013337056932739788	-0.08336022245832186
DB00649	0.09667942547051517	0.027559290106724976	-0.06912013536379019
DB08470	0.09667188976617608	0.07141480349799312	-0.025257086268182953
DB02359	0.09666835591243018	0.06316155493130504	-0.03350680098112514
DB12359	0.09666388288133754	0.0013498047848252703	-0.09531407809651227
DB06953	0.09666293415303462	0.09333065015140818	-0.00333228400162644
DB04534	0.09663758273197337	0.04291147142411256	-0.05372611130786081
DB13284	0.09662643039893581	0.04792956921240399	-0.048696861186531826
DB08355	0.09660979900076627	0.04803361096052439	-0.048576188040241886
DB06504	0.0966073889761847	0.026541871327737	-0.0700655176484477
DB04641	0.09660674269482389	0.08723489888784847	-0.009371843806975422
DB15071	0.09658290350847361	0.010015661021032862	-0.08656724248744074
DB11386	0.09658041070893944	0.005373482496344839	-0.0912069282125946
DB03065	0.09657393197707215	0.08355893965031025	-0.013014992326761895
DB13126	0.09653736454993286	0.04872850032033907	-0.047808864229593795
DB14760	0.09653220703365517	0.07308357837902957	-0.023448628654625603
DB09403	0.09652517116268376	0.037219566419704406	-0.059305604742979356
DB03963	0.0965064226359188	0.06451656180353638	-0.03198986083238242
DB04051	0.09645264756959365	0.06606924799719632	-0.03038339957239733
DB01220	0.09644665593648588	0.03435376384713529	-0.06209289208935059
DB04524	0.09642271168961891	0.046843428120841746	-0.049579283568777166
DB02728	0.09641789800775961	0.08541991797129533	-0.01099798003646428
DB01452	0.09640860492750375	0.014691242422749	-0.08171736250475475
DB08020	0.09640574919163891	0.046494614470564355	-0.04991113472107456
DB02536	0.09639520811978985	0.05064368986797646	-0.045751518251813394
DB11231	0.09635995554093624	0.04965584084898067	-0.04670411469195557
DB07775	0.09635380472522731	0.0686760413757605	-0.02767776334946681
DB11516	0.0963530406487417	0.040447598552176944	-0.055905442096564756
DB07459	0.09635240391833702	0.0455899988500649	-0.05076240506827212
DB19114	0.09634471221504881	0.041113465740147515	-0.0552312464749013
DB11375	0.09633144275341582	0.030290112200811514	-0.0660413305526043
DB02169	0.09632618972757745	0.07081136135889476	-0.025514828368682685
DB08545	0.09631721501252383	0.032283059265465264	-0.06403415574705856
DB11363	0.09631111831889926	0.004123064960381997	-0.09218805335851726
DB03515	0.0962757574958768	0.018702599400938547	-0.07757315809493825
DB03767	0.09624173062305214	0.003598201720521943	-0.09264352890253019
DB13091	0.09622734051590687	0.0859924213800316	-0.010234919135875264
DB00193	0.09621634099816667	0.0656240588328707	-0.03059228216529597
DB07717	0.09621219269958015	0.029501585267688424	-0.06671060743189172
DB11732	0.0962119029872461	0.013954462569612164	-0.08225744041763394
DB00822	0.09620728350816048	0.08300341147416213	-0.013203872033998351
DB06728	0.09619794904042822	0.054075150997431876	-0.042122798042996346
DB11943	0.09619472400092854	0.08721080500933631	-0.008983918991592232
DB11757	0.09619279152415047	0.08161691828342066	-0.014575873240729807
DB13462	0.09618661842287735	0.011482923463604577	-0.08470369495927277
DB18005	0.09618444080489341	0.043184991704039555	-0.05299944910085386
DB15447	0.09617269949623175	0.02545134953099082	-0.07072134996524093
DB17662	0.09614953206045851	0.03439373778193955	-0.06175579427851896
DB07901	0.09614663812076918	0.008337577141480312	-0.08780906097928887
DB19194	0.09613739597894569	0.047928474036108004	-0.048208921942837685
DB16034	0.09612320325822579	0.08428805326937494	-0.011835149988850852
DB15245	0.09610333408594873	0.042817286262656185	-0.05328604782329255
DB12148	0.09609597029881889	0.017754176728598914	-0.07834179357021998
DB18049	0.09608600865163805	0.006409793066438872	-0.08967621558519917
DB19212	0.09608525094245646	0.05192970063355945	-0.04415555030889701
DB19211	0.09605714884604713	0.07031113958569479	-0.025746009260352337
DB12510	0.09605352903369663	0.0028200789622109257	-0.0932334500714857
DB01067	0.09604158078765329	0.03607948789556392	-0.05996209289208937
DB09195	0.09601596830712611	0.06846412476248365	-0.027551843544642463
DB13938	0.09600258741767231	0.04272145833675578	-0.053281129080916534
DB01034	0.09598852204303357	0.08092339789397598	-0.015065124149057585
DB12449	0.0959804610361106	0.04546104184121039	-0.05051941919490022
DB01616	0.09597497878732655	0.07937783034623996	-0.016597148441086583
DB07681	0.09595921970981147	0.019751504498436656	-0.07620771521137482
DB12307	0.09595042964657513	0.05402011838855758	-0.04193031125801755
DB00374	0.09594619857303627	0.000567848909478203	-0.09537834966355807
DB08823	0.09593783511917113	0.014329012862845589	-0.08160882225632554
DB06745	0.095934540039327	0.0740782722498754	-0.021856267789451593
DB02856	0.09584648340801538	0.0442642879437517	-0.05158219546426368
DB07934	0.09584270759671587	0.06405877811180655	-0.03178392948490932
DB04191	0.0958183367404778	0.05765938922017977	-0.038158947520298026
DB18968	0.09581793560032281	0.039065486066619526	-0.056752449533703286
DB07152	0.09580947345324492	0.05827487829853406	-0.03753459515471086
DB01478	0.09579549722086278	0.05839534769109456	-0.03740014952976822
DB07524	0.09578849637006365	0.04260016756197327	-0.05318832880809038
DB01104	0.09578771637531791	0.08503468970917594	-0.010753026666141974
DB11510	0.09578073462643094	0.07254885855250548	-0.02323187607392546
DB07999	0.09577304610679466	0.010205947902463597	-0.08556709820433106
DB07651	0.09577229794856931	0.049583011625296436	-0.04618928632327288
DB14146	0.09576920025515068	0.026467399339608733	-0.06930180091554194
DB06918	0.09576912066385002	0.04932537140166138	-0.04644374926218864
DB00157	0.09575090062332087	0.08758316494997781	-0.008167735673343057
DB02851	0.09573627810957806	0.05609547746948573	-0.03964080064009233
DB12462	0.09572095837604205	0.020440917976771333	-0.07528004039927072
DB00438	0.09568347405712002	0.028397373767242162	-0.06728610028987786
DB15377	0.09566541638284404	0.0331236070726485	-0.06254180931019554
DB13355	0.09566095290270754	0.020245155213860555	-0.07541579768884699
DB16234	0.09564942171507926	0.06934300374002708	-0.026306417975052176
DB07710	0.09563896660183475	0.035578170946068036	-0.06006079565576672
DB12442	0.09563789052745086	0.026562679677361034	-0.06907521085008983
DB07653	0.0956372219605261	0.04790410636352188	-0.047733115597004216
DB03595	0.0956219436144663	0.0530210438125277	-0.042600899801938596
DB01462	0.09562119545624093	0.02798750403846262	-0.06763369141777831
DB08017	0.09561408317762093	0.0725973201036037	-0.023016763074017232
DB17568	0.09560461181285163	0.08570219966159054	-0.009902412151261086
DB04812	0.09558597789755949	0.03982088391678848	-0.05576509398077101
DB00892	0.09554906026869772	0.07615773824191352	-0.019391322026784195
DB02282	0.09552594695500882	0.056447850442725045	-0.03907809651228378
DB13621	0.0955182520680686	0.02531992837547023	-0.07019832369259837
DB04389	0.09551223814939655	0.034737896932958784	-0.060774341216437766
DB13616	0.09549971047868495	0.08935652916728265	-0.006143181311402301
DB01001	0.09548674983129829	0.009487786046358804	-0.08599896378493949
DB07041	0.09548498290442534	0.03280053006532724	-0.0626844528390981
DB18980	0.09548481417086813	0.052002803651317764	-0.04348201051955036
DB09364	0.09548466135557102	0.011540420219144781	-0.08394424113642623
DB13397	0.0954677179595032	0.06303451448096858	-0.03243320347853462
DB08892	0.09546039237619769	0.061538777454700766	-0.03392161492149692
DB07245	0.09545597983449339	0.040790388732826255	-0.05466559110166713
DB04113	0.09544781058340171	0.001042060245648041	-0.09440575033775367
DB06840	0.0954346525495895	0.03469244711667463	-0.060742205432914864
DB06985	0.09542029746261659	0.015666496914340786	-0.0797538005482758
DB15587	0.09541095981123232	0.03428312497604302	-0.0611278348351893
DB14826	0.09540236076711756	0.038362656678658846	-0.05703970408845871
DB02011	0.09537302341372311	0.03822740240610234	-0.05714562100762077
DB04049	0.09537082351017495	0.0793370350292138	-0.016033788480961153
DB06370	0.09535439586573491	0.040036907441175384	-0.055317488424559524
DB03003	0.09531450152223135	0.012373027998182006	-0.08294147352404935
DB07568	0.09528829369877584	0.05293890559032738	-0.04234938810844846
DB03626	0.0952807261579165	0.006817472442626427	-0.08846325371529007
DB02694	0.09523085743262416	0.0034202355724213263	-0.09181062186020283
DB18011	0.09522645125822385	0.04474507033769762	-0.05048138092052623
DB02957	0.09521743515569392	0.039274938533230386	-0.05594249662246353
DB04057	0.09520998859361157	0.017948022932991692	-0.07726196566061988
DB06737	0.09520561425573149	0.05494636374090317	-0.040259250514828315
DB05668	0.09518946358901753	0.05597528187099915	-0.03921418171801838
DB15063	0.09516518505868811	0.021225337998784358	-0.07393984705990375
DB15782	0.09516241846507989	0.03409557603535229	-0.0610668424297276
DB16244	0.09511937548972527	0.044711119872521465	-0.0504082556172038
DB07960	0.0950909104569852	0.021929536357115087	-0.07316137409987011
DB11723	0.09507800711533487	0.0409623314112989	-0.05411567570403597
DB07138	0.09506481087769841	0.07952814329286656	-0.015536667584831854
DB06090	0.09504738356652309	0.012583028052940815	-0.08246435551358228
DB02680	0.09503360790421839	0.09112058438607151	-0.003913023518146881
DB19222	0.0950288196915755	0.0015094267299678998	-0.0935193929616076
DB15198	0.09502613268926774	0.08303325502822811	-0.011992877661039625
DB04029	0.09501736491159571	0.03877416917188245	-0.05624319573971326
DB04688	0.09500789673047853	0.06708091710063029	-0.027926979629848248
DB08665	0.09498200727222533	0.0067394411315361835	-0.08824256614068915
DB04479	0.09497997291858244	0.03860003614081778	-0.056379936777764664
DB11359	0.09497894778263094	0.001353637901861271	-0.09362530988076967
DB03255	0.0949612403100775	0.000451212633953757	-0.09451002767612374
DB00035	0.09495293734560092	0.0375092405499976	-0.05744369679560332
DB15324	0.09494694252884106	0.04569623095077735	-0.04925071157806372
DB15157	0.09493735655259888	0.03626594165995867	-0.05867141489264022
DB03273	0.09492707972386788	0.028481428547960486	-0.0664456511759074
DB11617	0.09492171527020868	0.045425722405664254	-0.049495992864544425
DB02445	0.09492056278817618	0.031802276871519375	-0.0631182859166568
DB15424	0.09490860499117687	0.04368055897798151	-0.05122804601319536
DB03663	0.09489937240030935	0.058713496405083804	-0.03618587599522555
DB07060	0.09489339350180967	0.03698766283902555	-0.05790573066278412
DB06299	0.0948877043156442	0.018598010064670212	-0.07628969425097398
DB01735	0.09488647224231106	0.08327528898964509	-0.011611183252665969
DB08257	0.09488215202651551	0.04131114506157629	-0.053571006964939216
DB13588	0.09487370579769774	0.05387336476489302	-0.04100034103280473
DB15962	0.09485093313477538	0.051569935220322105	-0.04328099791445328
DB08523	0.09483625968260012	0.02256583378509358	-0.07227042589750654
DB14666	0.0948308984125929	0.02222468636888819	-0.07260621204370471
DB19190	0.09482216247144098	0.03675247372945856	-0.05806968874198243
DB13705	0.0948082817486196	0.028095378903619017	-0.06671290284500059
DB13103	0.0947795588400657	0.0374988363751855	-0.057280722464880196
DB13433	0.09476943164297963	0.05474923200762241	-0.04002019963535722
DB04659	0.09475286073419859	0.035341339072057165	-0.05941152166214142
DB07478	0.09474749946419131	0.05916826836199951	-0.0355792311021918
DB03784	0.09474292137258195	0.07039875368937515	-0.024344167683206797
DB17168	0.0947370061471226	0.09021733773594198	-0.004519668411180629
DB11957	0.0947287541210784	0.07851428383684067	-0.016214470284237725
DB01409	0.09471873516816115	0.005013990877181462	-0.08970474429097969
DB15974	0.09469131437328471	0.07267535141469394	-0.022015962958590762
DB04664	0.09468702917766136	0.056984213033693054	-0.03770281614396831
DB04123	0.0946768542257951	0.08365723172287665	-0.011019622502918455
DB04076	0.0946370331062879	0.05354946637534974	-0.04108756673093816
DB19108	0.09462970752298244	0.05955513938856305	-0.03507456813441939
DB16212	0.09462709374467138	0.007219402143260001	-0.08740769160141137
DB08288	0.09462630738262161	0.0076314622246316105	-0.08699484515799
DB04459	0.09459053586848809	0.027385430869734217	-0.06720510499875387
DB14828	0.09457306398618437	0.040451157875138866	-0.054121906111045504
DB04632	0.09456222365104527	0.053864877148599	-0.040697346502446274
DB01072	0.09452669409446557	0.0554695842163192	-0.03905710987814637
DB12392	0.0945101200020324	0.06609388946385641	-0.02841623053817599
DB12302	0.09450946735336768	0.04988007819558754	-0.04462938915778014
DB14669	0.09449889444499843	0.03917911060733004	-0.05531978383766839
DB03408	0.09448233945447741	0.057963300642320914	-0.0365190388121565
DB06963	0.09446569532169974	0.06006302739583502	-0.034402667925864716
DB00384	0.09446147061546488	0.05404777159003171	-0.04041369902543317
DB12295	0.09445597881572479	0.0639889606229363	-0.030467018192788492
DB12857	0.09443612556170762	0.0902365033211221	-0.004199622240585527
DB01436	0.09442911834360437	0.055430705457811064	-0.03899841288579331
DB15581	0.0944258359983684	0.05221417267644657	-0.04221166332192183
DB09327	0.09441844674202239	0.009315021985664154	-0.08510342475635824
DB13220	0.09438627275467529	0.04161341371927346	-0.052772859035401826
DB00998	0.09434771236136948	0.03511162584397022	-0.059236086517399256
DB03712	0.0943448184216803	0.07058958815895389	-0.023755230262726412
DB04177	0.09433275874781619	0.016876666721425487	-0.0774560920263907
DB03543	0.09433025321367383	0.053795881041950766	-0.040534372171723065
DB02463	0.09432146315043766	0.03893871941035709	-0.055382743740080564
DB09007	0.0943120841115771	0.04540765199678021	-0.04890443211479689
DB00402	0.09430733728641039	0.05412580290112201	-0.040181534385288376
DB09333	0.09429130759847318	0.041934574168076666	-0.05235673343039651
DB00514	0.09428954385525232	0.0779957178606826	-0.01629382599456971
DB13418	0.0942652621412709	0.034727492758146794	-0.059537769383124106
DB02473	0.09424576863993236	0.051431395418877535	-0.04281437322105483
DB16404	0.09423935358110547	0.012193419085637314	-0.08204593449546815
DB02321	0.09422098709258325	0.025023135599253066	-0.06919785149333019
DB04975	0.09421520239685699	0.04513467930500109	-0.0490805230918559
DB12717	0.0941738181042065	0.008467355532556842	-0.08570646257164966
DB13262	0.09416044676570881	0.06704997837026816	-0.02711046839544065
DB01659	0.09416043403110075	0.04400336219122869	-0.05015707183987206
DB12477	0.09415992146312502	0.018978583827531703	-0.07518133763559331
DB05351	0.09415938660958512	0.04033260504109648	-0.053826781568488635
DB08723	0.09415143703048295	0.035948614328191464	-0.05820282270229149
DB14672	0.09415124601136149	0.03099951264654821	-0.06315173336481328
DB13610	0.09414289847575655	0.05672602522191009	-0.03741687325384646
DB12946	0.09414123660940038	0.028400933090204195	-0.06574030351919619
DB03836	0.09413426122781743	0.03261325491871048	-0.06152100630910695
DB12629	0.09412167625136947	0.01808218202925216	-0.07603949422211731
DB04915	0.0941027940112194	0.02596443962566869	-0.06813835438555071
DB01491	0.09408915842960375	0.0845235161730159	-0.009565642256587847
DB09215	0.0940845102976498	0.02070376028781229	-0.07338075000983751
DB06328	0.09408052436531666	0.06811120420109623	-0.025969320164220433
DB13016	0.09407268939768743	0.04593525317738023	-0.048137436220307195
DB01020	0.09407034622979832	0.01714580629616852	-0.0769245399336298
DB06862	0.09406868117979013	0.0800768266171647	-0.01399185456262543
DB07382	0.09403050919203126	0.0383270634490388	-0.05570344574299246
DB15183	0.09402404956207594	0.07472880696970197	-0.019295242592373973
DB04944	0.09402169684323075	0.07314819378049381	-0.020873503062736942
DB03843	0.09401712193527323	0.007504969362443048	-0.08651215257283018
DB00655	0.09399889552744006	0.08797605944616932	-0.006022836081270744
DB07532	0.0939963295039094	0.0562797408812884	-0.037716588622621006
DB12724	0.09398756809354131	0.05686319605298468	-0.03712437204055663
DB14121	0.09396983833542383	0.018555024395052078	-0.07541481394037175
DB01723	0.09396954862308962	0.025681336553151662	-0.06828821206993796
DB01765	0.09396861262939471	0.0776518325037373	-0.016316780125657404
DB02806	0.09396373845814715	0.012954019023212249	-0.0810097194349349
DB08612	0.09396273879141187	0.025100345528121404	-0.06886239326329047
DB12889	0.09394370055231277	0.07827717816875579	-0.01566652238355698
DB12133	0.09394053600220154	0.05608589467689562	-0.037854641325305916
DB07133	0.09393789675467434	0.07838450544576414	-0.015553391308910203
DB01648	0.09392543912430729	0.07252038396880944	-0.021405055155497843
DB11403	0.09391955255171619	0.03476774048702491	-0.05915181206469128
DB11155	0.09390850527919546	0.08386148210208139	-0.010047023177114072
DB13314	0.0938684772223069	0.01633729239564341	-0.07753118482666349
DB14942	0.09385859835007865	0.06422907802583516	-0.029629520324243486
DB11616	0.09385326891659182	0.04912714449208466	-0.04472612442450716
DB03961	0.09380989484142682	0.08303489779267226	-0.010774997048754564
DB01655	0.09380802922134109	0.04101188813869311	-0.05279614108264798
DB07017	0.09378850069983047	0.02419518231947393	-0.06959331838035654
DB11805	0.09375959950676321	0.08141978655013987	-0.012339812956623342
DB03074	0.09374073636852531	0.000902425267907514	-0.0928383111006178
DB16492	0.09373307331810529	0.06976273005547068	-0.023970343262634614
DB14010	0.09372999154294659	0.03749007496481738	-0.05623991657812921
DB04256	0.0937214211517001	0.013834814559273684	-0.07988660659242641
DB07721	0.0937059772557352	0.068302312464749	-0.025403664790986213
DB07881	0.09368732105487892	0.047423597763650016	-0.04626372329122891
DB08601	0.09366363468382577	0.0428156434982121	-0.05084799118561367
DB19115	0.09365591751132141	0.0629452576128442	-0.03071065989847721
DB00371	0.09365051167018579	0.011876091753870055	-0.08177441991631573
DB00600	0.09364227874605369	0.03489806646624938	-0.05874421227980431
DB02028	0.09363219612009605	0.043824027072758065	-0.04980816904733798
DB09299	0.09362251145064115	0.08527343814170485	-0.008349073308936306
DB13274	0.09361265486397713	0.026887947037274262	-0.06672470782670287
DB05576	0.09360633531471096	0.042042175239159096	-0.05156416007555187
DB00970	0.09357144885584007	0.018146797430716455	-0.07542465142512361
DB07363	0.09354404716287573	0.036974246929399435	-0.0565698002334763
DB08207	0.09353240454742676	0.04281098899895419	-0.050721415548472565
DB12200	0.0935007144751871	0.04535344077012793	-0.04814727370505917
DB15213	0.09349676037937416	0.008203144251145829	-0.08529361612822833
DB09174	0.09349562699925384	0.049552894277156256	-0.04394273272209759
DB12965	0.09348093126151452	0.006916312103340871	-0.08656461915817365
DB03628	0.09343971251876915	0.07363390446777163	-0.01980580805099752
DB03054	0.0934329408909157	0.062074318663446815	-0.03135862222746888
DB03988	0.09342248577767132	0.05696148812555102	-0.0364609976521203
DB09119	0.09341689528471844	0.09296568265076469	-0.0004512126339537507
DB00518	0.09338494415301299	0.06423975599472131	-0.029145188158291674
DB12566	0.09336989821355099	0.052133129630542285	-0.041236768583008704
DB13845	0.09336904817846076	0.06675373318219896	-0.026615314996261796
DB13417	0.09336099353884192	0.07531609525843425	-0.018044898280407673
DB18039	0.09335376028144493	0.019468675219993514	-0.07388508506145142
DB13755	0.09333594774837484	0.07274215716875021	-0.020593790579624627
DB03331	0.09333320344033075	0.04196907222140078	-0.051364131218929965
DB00389	0.09332976827979778	0.012023940553830714	-0.08130582772596706
DB12884	0.09330261809534326	0.03882098795853664	-0.054481630136806625
DB08458	0.09328724105607089	0.08009681358456677	-0.013190427471504118
DB01117	0.09328354483607182	0.02113936665954802	-0.0721441781765238
DB08271	0.0932828125961065	0.00254382074154387	-0.09073899185456263
DB03365	0.09327369461671187	0.050659022336120574	-0.04261467228059129
DB05683	0.09326138661798995	0.08051790887038046	-0.012743477747609491
DB17876	0.09326124972095284	0.008055843039333266	-0.08520540668161958
DB07010	0.09324824768608991	0.028081141611771	-0.06516710607431891
DB13304	0.09324197589160399	0.0005640157924421407	-0.09267796009916185
DB06715	0.09323607340075292	0.05916525662718558	-0.03407081677356734
DB03316	0.09321945155353939	0.07351562542780321	-0.01970382612573618
DB08799	0.09320928933628114	0.07340446503375875	-0.019804824302522395
DB19056	0.09319716598937644	0.03790459919285505	-0.05529256679652139
DB12257	0.09319402690848164	0.09138917637266664	-0.0018048505358150028
DB17108	0.0931894137966999	0.0063240955212765515	-0.08686531827542335
DB08808	0.09318071605937234	0.009140067572377453	-0.08404064848699488
DB12221	0.0931454507459106	0.08073447998291527	-0.012410970762995327
DB02323	0.09312713837947273	0.06121761700589756	-0.03190952137357517
DB06253	0.0931235472199905	0.07673626512027776	-0.01638728209971274
DB04296	0.0931042447377734	0.07774629145926765	-0.015357953278505752
DB18072	0.09308792852115405	0.060697682059369484	-0.032390246461784566
DB00598	0.09308647995948349	0.05521249158083219	-0.0378739883786513
DB01094	0.09308575727047427	0.04728177243331744	-0.045803984837156836
DB03518	0.0930517399486056	0.002797080259994811	-0.0902546596886108
DB00391	0.09305156166409229	0.01973836238288451	-0.07331319928120777
DB03481	0.0930498520429559	0.08295659268750788	-0.010093259355448025
DB06082	0.09304580243758226	0.04781567087761951	-0.04523013155996275
DB15035	0.09303796428630096	0.0444762045570285	-0.04856175972927246
DB00963	0.09302007852923433	0.02579988938719413	-0.0672201891420402
DB13206	0.09301691716277519	0.06215508791527716	-0.03086182924749803
DB13158	0.09300481610143474	0.00892842475317468	-0.08407639134826006
DB08173	0.09300416345276985	0.06882854467497901	-0.02417561877779084
DB11823	0.0930038705567838	0.05327977921245872	-0.039724091344325085
DB07150	0.09300086200562183	0.06582776162392742	-0.027173100381694404
DB02412	0.09300039082512235	0.05653217901751728	-0.03646821180760507
DB13581	0.09299081439983639	0.005200444641576178	-0.08779036975826021
DB04572	0.0929859529631969	0.05218432912238047	-0.040801623840816426
DB11250	0.09296924515737881	0.025260788855485994	-0.06770845630189282
DB04039	0.09296346364530461	0.08417826184570065	-0.008785201799603959
DB06240	0.09296201508363389	0.028834075315273933	-0.06412793976835995
DB18889	0.09295563822863129	0.02371056680849204	-0.06924507142013925
DB11491	0.09295417693235258	0.04289449619152441	-0.05005968074082817
DB04511	0.09294547282772103	0.06276866043511353	-0.0301768123926075
DB01007	0.09291650159430923	0.013217135128327282	-0.07969936646598194
DB13603	0.09291108620221766	0.009576769120409168	-0.0833343170818085
DB03397	0.09290302201164277	0.07713025479276528	-0.015772767218877493
DB00734	0.09289782310788874	0.0225299667613994	-0.07036785634648934
DB06813	0.0928728664596784	0.025021766628883113	-0.06785109983079529
DB14208	0.09286174914681301	0.08420345090050863	-0.008658298246304388
DB02154	0.09285532453703016	0.02795547013180455	-0.06489985440522561
DB12878	0.0928535958139815	0.025286799292516093	-0.06756679652146541
DB08943	0.09284745773288061	0.07378339603217621	-0.019064061700704404
DB12054	0.09284301017100427	0.05741626008246681	-0.03542675008853746
DB02714	0.09283007499283362	0.06819799692255463	-0.024632078070278993
DB11387	0.09282627052866585	0.010538333908300945	-0.0822879366203649
DB01589	0.09281937155473144	0.08895815878961122	-0.003861212765120214
DB07687	0.09279805063713154	0.04403101539270282	-0.048767035244428714
DB03299	0.09279570110193835	0.08260996938982251	-0.010185731712115845
DB02813	0.09278439276995173	0.067778818195259	-0.02500557457469274
DB07779	0.09278182674642096	0.025281597205110112	-0.06750022954131085
DB03422	0.09277593699017794	0.033748405149518934	-0.05902753184065901
DB11893	0.09277414777774087	0.06483306775308156	-0.02794108002465931
DB01216	0.09275636708119095	0.028529068716836692	-0.06422729836435426
DB07113	0.09274942671978018	0.03453611070042	-0.05821331601936017
DB00473	0.09273145818776085	0.08290676216603976	-0.009824696021721091
DB06321	0.09270374449689828	0.056818567618922455	-0.03588517687797582
DB12149	0.09266525096028498	0.07818545715396538	-0.014479793806319599
DB11872	0.09264973065667154	0.05810704253117144	-0.0345426881255001
DB13449	0.09260253938273061	0.006316976875352487	-0.08628556250737812
DB12885	0.09259682791100088	0.0656654017380448	-0.026931426172956074
DB07004	0.09259578685678928	0.08988851105306678	-0.0027072758037225042
DB02128	0.09258050851072958	0.07698514393354466	-0.015595364577184911
DB14144	0.09257813032266815	0.07183808913639866	-0.020740041186269487
DB18051	0.09257633474292713	0.05435770648180094	-0.038218628261126195
DB00634	0.09257228513755345	0.05207070458166996	-0.04050158055588349
DB16346	0.09256557399908838	0.00687058849298261	-0.08569498550610577
DB07236	0.09256081762296586	0.07060355165672805	-0.021957265966237816
DB04528	0.09254135595814755	0.07686138901209627	-0.015679966946051282
DB16047	0.09252886649126013	0.060800354837119874	-0.03172851165414026
DB06915	0.09251635792246074	0.007222413878074013	-0.08529394404438673
DB01003	0.09249667658565286	0.048420481987087816	-0.044076194598565044
DB04898	0.09248965344928972	0.011829820555363968	-0.08065983289392575
DB00218	0.09248579486303743	0.06342029033123608	-0.029065504531801345
DB06393	0.0924776192446416	0.026686160804735515	-0.06579145843990608
DB15141	0.09247308572416049	0.07400845476100515	-0.018464630963155343
DB15467	0.09247091128982868	0.05562756339701791	-0.03684334789281077
DB02515	0.09245705285257133	0.016976327764361865	-0.07548072508820947
DB09481	0.09241753418000664	0.01105169779705295	-0.0813658363829537
DB09361	0.09240292758452362	0.07929021624255961	-0.013112711341964012
DB12440	0.09238992236600874	0.03197038643295613	-0.060419535933052604
DB00677	0.09238778613550103	0.028978638586346472	-0.06340914754915455
DB13969	0.0923815079737112	0.07903859948855269	-0.013342908485158511
DB13631	0.09234098963441109	0.009738581418143794	-0.0826024082162673
DB12637	0.09233735072014851	0.07636061965074828	-0.01597673106940023
DB01811	0.09233262299689393	0.0756131618287254	-0.016719461168168526
DB00699	0.0923291432652325	0.039328054583586625	-0.05300108868164588
DB09186	0.09232649128309711	0.015878413527617652	-0.07644807775547946
DB03170	0.09230813434553087	0.09052918918622921	-0.0017789451593016592
DB05448	0.09230811524361879	0.01209293666047892	-0.08021517858313987
DB07272	0.0923044763293562	0.03506015255805803	-0.05724432377129818
DB04564	0.0923030532369018	0.07721923786681562	-0.015083815370086184
DB08299	0.09230092019004621	0.027274818063837802	-0.06502610212620841
DB02822	0.09229105086877398	0.02638416594111237	-0.06590688492766161
DB16861	0.09228943675719825	0.023069614881255474	-0.06921982187594278
DB00771	0.09228031241049958	0.01475175091310324	-0.07752856149739634
DB17155	0.09228006726929369	0.04702796532671846	-0.04525210194257523
DB01588	0.09227371906715953	0.0850100482425159	-0.007263670824643631
DB07694	0.09226521234895319	0.0599212020655025	-0.032344010283450686
DB02002	0.09224522538155105	0.06384932564519569	-0.028395899736355368
DB08024	0.09223984182597983	0.06829081311364099	-0.023949028712338838
DB00342	0.09223354456227784	0.05215366418609235	-0.040079880376185484
DB12002	0.09222760386760237	0.06431669212951557	-0.027910911738086797
DB14737	0.09222296210295239	0.0010642375656421121	-0.09115872453731028
DB03100	0.0921966874228044	0.04681276318455363	-0.04538392423825077
DB02259	0.09219416278674994	0.04864033862851072	-0.04355382415823922
DB03950	0.09218847996788848	0.0789003334811822	-0.013288146486706287
DB12358	0.09218739115889646	0.016212168503824904	-0.07597522265507156
DB06811	0.09218401967140384	0.03116734841391093	-0.06101667125749291
DB02163	0.09218067365312738	0.04289257963300647	-0.04928809402012091
DB03462	0.09216496551404463	0.04539067676419217	-0.046774288749852455
DB19030	0.09215224682421158	0.05529709394969856	-0.03685515287451302
DB06268	0.09211676502241217	0.04584353216258985	-0.04627323285982232
DB06525	0.09211475295433358	0.0410828008038594	-0.05103195215047418
DB16700	0.09209611585538935	0.07148297822241934	-0.020613137632970013
DB01571	0.09209405284887828	0.03621090905108448	-0.0558831437977938
DB02353	0.09209399872679386	0.04850672712039819	-0.04358727160639567
DB06705	0.09208978993881911	0.021320892130610725	-0.07076889780820839
DB12823	0.09207477901952932	0.04205805529545115	-0.05001672372407817
DB17105	0.09207162402037428	0.04102229231350507	-0.051049331706869205
DB13825	0.09207151577620554	0.03318302038670673	-0.05888849538949881
DB11704	0.09206846265391525	0.07481121898597626	-0.01725724366793898
DB07499	0.09204135704058916	0.06722630175392486	-0.024815055286664306
DB04518	0.0920359193629334	0.04397488760753265	-0.048061031755400746
DB14196	0.09203016013642328	0.021657385047558028	-0.07037277508886525
DB01388	0.09202957752810309	0.04005388267376342	-0.05197569485433967
DB11520	0.09202609142913762	0.02308303079088156	-0.06894306063825606
DB15640	0.09202569028898261	0.0176588963908465	-0.07436679389813611
DB08306	0.09200901431968478	0.017063120485820205	-0.07494589383386457
DB14098	0.0920040128023562	0.06820484177440461	-0.023799171027951593
DB18443	0.09198810727684789	0.06233825615078381	-0.02964985112606408
DB03090	0.09198762336174043	0.0576046304053795	-0.034382992956360936
DB18020	0.09195805678540037	0.04291229280633457	-0.04904576397906579
DB03769	0.09195395624159433	0.04646477091649828	-0.04548918532509605
DB01337	0.09193147965831011	0.05328196956505077	-0.03864951009325934
DB17490	0.09192265457490156	0.018440578472119544	-0.07348207610278201
DB06725	0.09190226010004054	0.023371062156730682	-0.06853119794330986
DB00238	0.09189879628663916	0.06506935203894443	-0.026829444247694734
DB11544	0.09188513523580721	0.05463615505505992	-0.03724898018074729
DB08150	0.09187620827553418	0.01525826995000519	-0.07661793832552899
DB12455	0.09186253449009424	0.0027034426866865413	-0.0891590918034077
DB02925	0.09185960234658075	0.06850574146173177	-0.023353860884848976
DB02172	0.09185619902256786	0.03849243506973532	-0.053363763952832544
DB15973	0.09184875246048549	0.01677070841478709	-0.0750780440456984
DB01646	0.091846912309616	0.0637625329237374	-0.0280843793858786
DB14545	0.09183760649475195	0.06665954802074261	-0.025178058474009335
DB11419	0.09182195566140561	0.07462996730898752	-0.017191988352418086
DB17874	0.09181029394404433	0.0037225042301184397	-0.08808778971392589
DB18248	0.09179992478940464	0.0047453988905864115	-0.08705452589881824
DB14775	0.09179161864127587	0.04535508353457196	-0.04643653510670391
DB01128	0.09177946345785115	0.0547626479172485	-0.037016815540602654
DB16741	0.09177782706071108	0.025604674212431344	-0.06617315284827974
DB03827	0.0917773622475157	0.05286060048516311	-0.03891676176235259
DB13611	0.09177364374195246	0.0743485070009145	-0.01742513674103796
DB17825	0.09176468812881108	0.036958093079033416	-0.05480659504977767
DB04330	0.09176179100546988	0.02361884579370166	-0.06814294521176822
DB14081	0.09176014505737393	0.07133129630542276	-0.020428848751951167
DB00652	0.09175327473630757	0.058056938215629184	-0.03369633652067838
DB08210	0.09168996144852087	0.0581001976793214	-0.03358976376919948
DB07078	0.09168226974523265	0.049393546126087595	-0.042288723619145055
DB09382	0.09168076706147771	0.002594472645234047	-0.08908629441624366
DB04755	0.09167935988728343	0.06486893477677569	-0.02681042511050774
DB12379	0.0916721584664068	0.07516879404662163	-0.01650336441978517
DB15357	0.09166112392849418	0.023507685399657197	-0.06815343852883698
DB04325	0.0916549285416568	0.037626150619595955	-0.054028777922060844
DB02832	0.09164547946245177	0.009315569573812132	-0.08232990988863964
DB11174	0.09164317768203899	0.03238052995580963	-0.059262647726229356
DB02363	0.09164164634541577	0.0442807155881918	-0.047360930757223973
DB02225	0.09163769861690696	0.07707166286092904	-0.014566035755977924
DB12989	0.09163154461754586	0.04710544904966074	-0.044526095567885116
DB17166	0.09161920159865178	0.05948997639895082	-0.03212922519970096
DB07139	0.09161122018302943	0.008191644900037784	-0.08341957528299165
DB11180	0.09160467141081752	0.0261040746034093	-0.06550059680740822
DB00673	0.09159760370332591	0.0504887224220919	-0.04110888128123401
DB08332	0.09158788401369883	0.08047054249557822	-0.011117341518120605
DB08352	0.09158716132468947	0.04744112058438599	-0.04414604074030348
DB05458	0.09158239221395872	0.08138747884940778	-0.010194913364550952
DB04601	0.09157172379602874	0.0076084635224155095	-0.08396326027361323
DB04624	0.09155073397823943	0.014008400002190391	-0.07754233397604904
DB12162	0.09154549368700893	0.01525252027445112	-0.07629297341255781
DB19257	0.09149430374612699	0.03976913683680239	-0.051725166909324605
DB09297	0.09148916533176135	0.07025364283015456	-0.02123552250160679
DB08626	0.09146532614541109	0.008234630569655899	-0.08323069557575519
DB08474	0.09144757091807748	0.003923469080435227	-0.08752410183764225
DB06739	0.09144734487878381	0.04269572169379965	-0.04875162318498416
DB04760	0.09144515770984372	0.06878090450610286	-0.022664253203740867
DB09552	0.09142644101959893	0.06377622262743743	-0.027650218392161502
DB02859	0.09141157654830231	0.021193577886200243	-0.07021799866210207
DB01725	0.091404550228287	0.06883703229127314	-0.022567517937013865
DB04074	0.09138964436951398	0.012442845487052278	-0.0789467988824617
DB07492	0.09137623482719198	0.08454213417004802	-0.00683410065714396
DB14753	0.09136946001568647	0.009529128951532968	-0.0818403310641535
DB05239	0.09133785908570355	0.04869400226701494	-0.04264385681868861
DB07006	0.09132757270601638	0.018851543377195135	-0.07247602932882125
DB13857	0.0913078499817323	0.03067123355182111	-0.060636616429911194
DB03360	0.09130506428621188	0.03870927997634421	-0.052595784309867666
DB13202	0.09129188396683557	0.058952792425760736	-0.03233909154107484
DB04147	0.09128481625934387	0.0328298260312454	-0.05845499022809847
DB00762	0.09118963143115222	0.06986786697988712	-0.0213217644512651
DB16875	0.09117373227294798	0.023282626670828338	-0.06789110560211964
DB13371	0.09116513004518112	0.060693848942333484	-0.030471281102847636
DB07313	0.09115433428117037	0.06423208976064931	-0.026922244520521055
DB08668	0.09113326168842825	0.027019094398720855	-0.0641141672897074
DB11442	0.09109862673806704	0.048149152059752814	-0.042949474678314226
DB01138	0.09108983349117877	0.006048384888757467	-0.0850414486024213
DB11920	0.09107799985660825	0.006569415011581488	-0.08450858484502677
DB01531	0.09104914641832143	0.07445035839644287	-0.016598788021878565
DB00128	0.091049079561629	0.0506707954813026	-0.0403782840803264
DB07114	0.09104753230674562	0.04186338770883641	-0.04918414459790921
DB14031	0.09104112361522287	0.013965414332572257	-0.07707570928265062
DB00815	0.09103730960009887	0.023136694429385762	-0.06790061517071311
DB01255	0.09103427557972077	0.00572229614662223	-0.08531197943309854
DB03799	0.09101822997352349	0.026376773501114337	-0.06464145647240915
DB11694	0.09101129597941679	0.024434478340150806	-0.06657681763926598
DB03353	0.09099591894014439	0.05465559443431406	-0.03634032450583033
DB13524	0.0909958520834519	0.006313143758316486	-0.08468270832513541
DB13708	0.0909812423043172	0.06631538886972332	-0.024665853434593876
DB02297	0.09097258277081388	0.07515784228366162	-0.015814740487152257
DB05993	0.09096789961868768	0.05469283042837825	-0.03627506919030943
DB00445	0.09095681095869063	0.03444767521451769	-0.056509135744172934
DB00486	0.09095200682778748	0.05599581642654927	-0.03495619040123821
DB00397	0.09095082569288682	0.05228426395939084	-0.038666561733495974
DB03603	0.09094051066033143	0.06994535070282937	-0.020995159957502063
DB02312	0.0909332837702386	0.035251808409858754	-0.055681475360379845
DB08588	0.0909025392426499	0.0184006045373154	-0.0725019347053345
DB04577	0.09090097606950645	0.022923956433886894	-0.06797701963561956
DB00787	0.0908957357782762	0.03401015228426396	-0.05688558349401224
DB15566	0.09088723861102613	0.04056752035658942	-0.05031971825443671
DB01009	0.09086752543769805	0.0733453255137746	-0.017522199923923454
DB07476	0.09086053095420299	0.048247170338245216	-0.042613360615957774
DB07942	0.09085237125406731	0.0045274588076815656	-0.08632491244638574
DB08973	0.09085023502355966	0.00796549099491295	-0.0828847440286467
DB18518	0.0908492258058683	0.050309934891769215	-0.04053929091409908
DB18808	0.09081991073803802	0.046773884426045464	-0.04404602631199256
DB02095	0.09081978657560907	0.06374309354448326	-0.02707669303112581
DB02975	0.09081872960313742	0.06813283393294234	-0.022685895670195078
DB16070	0.09081507158696267	0.09032877192406041	-0.00048629966290225646
DB18296	0.09079972638421058	0.02505024121257926	-0.06574948517163132
DB00233	0.09079501457921613	0.03488629332106741	-0.05590872125814872
DB01151	0.09078858360212894	0.004692556634304124	-0.08609602696782481
DB14835	0.09077112127078144	0.07709767329795914	-0.013673447972822307
DB16030	0.09075742838342932	0.050517197005787995	-0.04024023137764132
DB02472	0.09075236319306035	0.004107732492237948	-0.0866446307008224
DB13402	0.09074133820610375	0.040409814969964764	-0.050331523236138986
DB19171	0.0907220325402347	0.028727843214561483	-0.061994189325673216
DB07003	0.0907191386005455	0.019902365033211217	-0.07081677356733429
DB13246	0.09070458612714709	0.08470011335074656	-0.006004472776400529
DB04506	0.09070006215762222	0.052811317551842984	-0.037888744605779234
DB12429	0.09068126587607672	0.08369337254064468	-0.006987893335432038
DB12986	0.09067752190129735	0.03260750524315653	-0.05807001665814082
DB04903	0.09066704768614078	0.06417404541696098	-0.026493002269179805
DB01425	0.09066435113287707	0.03796592906543128	-0.052698422067445794
DB00401	0.09065061049074463	0.034541860375973954	-0.05610875011477068
DB03339	0.09064393437245183	0.07686686489357619	-0.013777069478875643
DB06243	0.09064071570025639	0.024613813458621514	-0.06602690224163488
DB03649	0.09062437083076891	0.06237275420410804	-0.02825161662666087
DB03661	0.0906033873802835	0.009074904582765164	-0.08152848279751834
DB14641	0.09057670837632859	0.0496796609334188	-0.040897047442909784
DB13662	0.09057185330699305	0.03000016427644439	-0.06057168903054866
DB03135	0.09056609089683093	0.07821119379692143	-0.012354897099909494
DB04593	0.09054302215427035	0.00576062731698235	-0.084782394837288
DB07563	0.09053915083341002	0.08988823725899275	-0.0006509135744172667
DB12746	0.09051331549724118	0.04866662285961476	-0.041846692637626415
DB05482	0.09049256445335357	0.03795908421358124	-0.052533480239772334
DB08538	0.0904689799591652	0.08086562734436176	-0.009603352614803447
DB08760	0.09045848664209649	0.04530443163088177	-0.04515405501121472
DB07029	0.09044054994659745	0.06887481587348526	-0.021565734073112186
DB00686	0.09044046398799283	0.040657872401009765	-0.04978259158698306
DB01282	0.09041888201092702	0.051405384981847435	-0.03901349702907958
DB04451	0.0903994649172371	0.07015097005240417	-0.020248494864832933
DB00749	0.09038558737806768	0.045900481329982035	-0.04448510604808564
DB02871	0.0903851766869567	0.06740317272572952	-0.022982003961227182
DB08931	0.09038384592041099	0.08843110519715908	-0.0019527407232519112
DB02034	0.09036883500112124	0.010832114949704028	-0.07953672005141721
DB12057	0.09035868870212316	0.07889047689451811	-0.011468211807605044
DB04028	0.09033668648299026	0.03820851061499625	-0.05212817586799401
DB06716	0.09027483767513426	0.004799883911312624	-0.08547495376382164
DB08726	0.09027418184281748	0.08415690590792851	-0.0061172759348889685
DB06925	0.09026649969048538	0.07334012342636859	-0.01692637626411679
DB06869	0.09026363758731637	0.0746551563637956	-0.015608481223520765
DB07187	0.0902504668188962	0.08991205734343088	-0.00033840947546531303
DB04041	0.09024019954112111	0.04882733998105343	-0.04141285956006768
DB15398	0.09023416970418913	0.006375842601262727	-0.0838583271029264
DB12625	0.09022993226334611	0.019022938467519818	-0.07120699379582629
DB16237	0.0902291204320802	0.022608545660637747	-0.06762057477144245
DB18043	0.0902231383499284	0.03156352843899046	-0.05865960991093794
DB06106	0.09022173435938624	0.056529988664925424	-0.03369174569446082
DB04522	0.09021554533985293	0.026771310761749878	-0.06344423457810305
DB01259	0.09021140022491866	0.022150761968907945	-0.06806063825601072
DB06727	0.09017177649183702	0.08024411479637933	-0.009927661695457696
DB19281	0.09014425700374788	0.03307733587414234	-0.05706692112960554
DB13928	0.09011842803488312	0.017803733455993065	-0.07231469457889006
DB14802	0.0900896605552009	0.029383853815868	-0.0607058067393329
DB06638	0.09006401305450148	0.08848476883566336	-0.0015792442188381276
DB03760	0.09006231616797311	0.07531363111176825	-0.014748685056204858
DB12248	0.0900444972675988	0.02243605539401705	-0.06760844187358175
DB04605	0.09004422984082883	0.06124335364885358	-0.028800876191975244
DB00122	0.09004221140544616	0.019959314200603484	-0.07008289720484268
DB08958	0.09002226900917235	0.04503282790947272	-0.04498944109969963
DB02583	0.09001922543783805	0.06038281887426822	-0.029636406563569834
DB01106	0.09001152099994186	0.04693186360674412	-0.043079657393197746
DB03860	0.09000811767592892	0.008514721907359024	-0.0814933957685699
DB14201	0.09000598144542138	0.0064536001182791125	-0.08355238132714227
DB03280	0.09000437370114958	0.02254447784732147	-0.06745989585382811
DB07141	0.08999921936852395	0.06734677114648535	-0.0226524482220386
DB03151	0.08999147035949928	0.03114298074132482	-0.05884848961817446
DB00905	0.08998790148558122	0.026622366785493345	-0.06336553470008788
DB16887	0.08997685421306045	0.017594280989382316	-0.07238257322367814
DB08076	0.08997667274489513	0.08591575903931137	-0.0040609137055837565
DB00723	0.08996024510045497	0.020106889206489953	-0.06985335589396502
DB02217	0.08995208858397144	0.07523258806586389	-0.014719500518107553
DB14132	0.08995045218683151	0.022526955026585416	-0.0674234971602461
DB08215	0.08994952892774472	0.05380464245231875	-0.036144886475425964
DB09001	0.08994653311119094	0.04470098949178347	-0.04524554361940747
DB13882	0.0899364090977568	0.07052606793378557	-0.019410341163971223
DB00014	0.08993554951171057	0.055502713299273365	-0.0344328362124372
DB08703	0.08993358519841221	0.01684107349180536	-0.07309251170660686
DB04799	0.08992228005007755	0.052293572957906875	-0.03762870709217067
DB15133	0.08991833868887276	0.05835345719777241	-0.03156488149110036
DB17277	0.08991662588408425	0.05684923255521057	-0.03306739332887368
DB16995	0.08991449283722874	0.021653825724596065	-0.06826066711263268
DB07940	0.0899126972574875	0.015425558129219849	-0.07448713912826765
DB01087	0.08991202232325868	0.03752512060628965	-0.052386901716969025
DB07875	0.08991201277230249	0.02570406146129367	-0.06420795131100882
DB14935	0.08989262114782881	0.047790481822811426	-0.042102139325017385
DB05467	0.08985486621848482	0.03290566698974362	-0.0569491992287412
DB08984	0.08984456392053755	0.029253527836643506	-0.060591036083894045
DB11991	0.08984429331011556	0.051307914291503054	-0.03853637901861251
DB03585	0.08983762674277881	0.013237395889803327	-0.07660023085297549
DB19044	0.08982571351690787	0.06126388820440376	-0.028561825312504105
DB13002	0.08981537938244027	0.0618818414294241	-0.027933537953016174
DB14662	0.08981294388864247	0.08936173125468871	-0.0004512126339537507
DB00160	0.08980831167494857	0.044754926924361615	-0.045053384750586956
DB04576	0.08980116119250435	0.008859976234674369	-0.08094118495782998
DB02889	0.08979333259217914	0.06057337954977304	-0.0292199530424061
DB02339	0.08977176016606941	0.03646964445101547	-0.053302115715053944
DB02112	0.08977056311290876	0.027081519447593072	-0.06268904366531569
DB05478	0.08976130505282509	0.028508534161286625	-0.061252770891538466
DB02242	0.08975385530709062	0.049481160229768006	-0.04027269507732262
DB13163	0.08973811851513963	0.009409480941194537	-0.0803286375739451
DB00358	0.08971485875345758	0.07329576878638039	-0.016419089967077194
DB00664	0.08970355678877501	0.023075912144957522	-0.06662764464381749
DB13309	0.08969927159315172	0.005861931124362729	-0.08383734046878899
DB05974	0.08969370338576294	0.04813820029679278	-0.04155550308897016
DB13461	0.08968327374173485	0.04351792529802484	-0.04616534844371001
DB06362	0.08968213399431041	0.012754970731413462	-0.07692716326289695
DB18315	0.08965974655328274	0.018405532830647386	-0.07125421372263535
DB00866	0.0896594472899927	0.036384220699927194	-0.053275226590065505
DB07464	0.08965520984914964	0.018743668512038722	-0.07091154133711092
DB18866	0.0896230549637147	0.07947831277139839	-0.010144742192316314
DB15120	0.08959386724196529	0.08184553633521152	-0.007748330906753762
DB07733	0.08957677421425239	0.05238255603195724	-0.03719421818229515
DB13682	0.08957643356348585	0.05375782366566459	-0.03581860989782126
DB02385	0.08957569813986854	0.05041726216877762	-0.03915843597109092
DB04093	0.08956950275303133	0.036645146452450206	-0.05292435630058112
DB16019	0.08955676496128623	0.05801942842749119	-0.031537336533795035
DB08993	0.0895443550856995	0.07984492303648583	-0.009699432049213662
DB18817	0.08953893014265185	0.00978676917516802	-0.07975216096748383
DB02765	0.08953854492075691	0.07470361791489377	-0.014834927005863141
DB07481	0.08953442845869097	0.06987224768507116	-0.01966218077361981
DB13481	0.08951708073881623	0.050486532069499906	-0.03903054866931632
DB06774	0.08951412312608653	0.0006806520679666405	-0.0888334710581199
DB00595	0.08948590005090029	0.004617263263953952	-0.08486863678694634
DB17109	0.08948271003157289	0.042931732185588545	-0.046550977845984345
DB06827	0.0894822834222018	0.07827279746357169	-0.011209485958630111
DB03323	0.08946342983491998	0.04629392341432159	-0.043169506420598386
DB04531	0.08943264073620294	0.08401644954796594	-0.005416191188236996
DB17043	0.08943201992405836	0.006313143758316486	-0.08311887616574187
DB06471	0.08942997283580745	0.010248385983933739	-0.07918158685187371
DB01639	0.08942614290242334	0.061797239060557674	-0.02762890384186567
DB01671	0.08942351320585226	0.024935521495572738	-0.06448799171027952
DB11986	0.0894199984540186	0.005693821562926089	-0.08372617689109252
DB03190	0.0894053918585358	0.046295566178765624	-0.043109825679770175
DB14043	0.08936141607313842	0.08161308516638466	-0.007748330906753762
DB08552	0.08934759265605341	0.06872724086759863	-0.020620351788454783
DB03600	0.08934618866551114	0.050687496919816666	-0.03865869174569447
DB11743	0.08934338705173067	0.08528247334614691	-0.0040609137055837565
DB07660	0.0893364244047557	0.03318438935707668	-0.056152035047679016
DB11973	0.08932560635518066	0.024838598393376377	-0.06448700796180429
DB01598	0.08930224153298193	0.06613824410384461	-0.023163997429137315
DB00151	0.08929339734766129	0.020796302684824686	-0.0684970946628366
DB08961	0.08928582025584592	0.008285282473346145	-0.08100053778249977
DB08795	0.08927887671078313	0.046693388968289146	-0.04258548774249399
DB12526	0.08927581403753682	0.055208932257870214	-0.0340668817796666
DB12364	0.08927431135378179	0.032493333114298056	-0.056780978239483734
DB04719	0.08925926223066782	0.022951335841287057	-0.06630792638938077
DB00643	0.08924387245678728	0.07786977258664207	-0.011374099870145205
DB03250	0.08923126519477514	0.061860759285725986	-0.02737050590904916
DB16111	0.08921734308447746	0.08445698421303371	-0.004760358871443743
DB13369	0.0892099824809997	0.03573505495047069	-0.053474927530529015
DB16145	0.08920374252303406	0.06553836128770829	-0.023665381235325772
DB01620	0.08918737218433037	0.007316872833604382	-0.08187049935072599
DB03540	0.08918299784645048	0.026238507493743818	-0.06294449035270666
DB15281	0.08918212552579607	0.015325897086283513	-0.07385622843951256
DB02090	0.08917956586956943	0.062002858410132644	-0.02717670745943679
DB17892	0.08917352966533316	0.08474830110777076	-0.004425228557562402
DB01981	0.08915316065968842	0.020910201019609165	-0.06824295964007926
DB06906	0.08913511890367243	0.031566813967878415	-0.05756830493579401
DB07856	0.08912741128212415	0.035767910239350775	-0.05335950104277337
DB05475	0.08911561266772597	0.08018743942306117	-0.008928173244664805
DB02288	0.08910439347799581	0.05195050898318354	-0.03715388449481227
DB00456	0.08907187565623023	0.046931042224522046	-0.042140833431708186
DB03295	0.08905841835912791	0.06421155520509914	-0.024846863154028773
DB01717	0.08905588098846537	0.019529457504421782	-0.06952642348404359
DB16053	0.08901594207383351	0.009834683138118194	-0.07918125893571532
DB01140	0.08900314379269997	0.08002152021421644	-0.008981623578483533
DB06983	0.08900028487318312	0.041857090445134415	-0.04714319442804871
DB07155	0.08899651542918749	0.056832531116696505	-0.03216398431249098
DB13602	0.08896240259775817	0.025383722394712482	-0.06357868020304569
DB01353	0.08895219262571952	0.06681588443699721	-0.02213630818872231
DB03886	0.08894343758265552	0.0803185867845076	-0.00862485079814793
DB14212	0.08893870349209695	0.05052103012282402	-0.03841767336927293
DB04757	0.08893751917354428	0.08541471588388938	-0.0035228032896549013
DB06472	0.08892872274300397	0.05092651914641955	-0.03800220359658442
DB13522	0.08892506154317725	0.018129274609980373	-0.07079578693319688
DB03876	0.08892345061525352	0.07668889874547558	-0.012234551869777937
DB08405	0.08892100557049964	0.08264665779573865	-0.006274347774760991
DB08193	0.08892020965749381	0.028175052979153348	-0.06074515667834046
DB11846	0.08891796199916534	0.05910775987164529	-0.029810202127520044
DB19048	0.08890063338120269	0.06547922176772403	-0.02342141161347866
DB17620	0.08889535170249618	0.016476379785235973	-0.07241897191726021
DB08656	0.08887149659788585	0.042040806268789144	-0.0468306903290967
DB19022	0.08887067839931573	0.010654148801603314	-0.07821652959771241
DB04806	0.08885547009360066	0.0614643054665725	-0.02739116462702816
DB01026	0.08885061820791718	0.07300472568571725	-0.015845892522199923
DB03614	0.08884845332454139	0.04757856520953463	-0.04126988811500676
DB14647	0.08884803308247431	0.01732787935537923	-0.07152015372709508
DB07093	0.08884801398056213	0.056855529818912565	-0.03199248416164957
DB15477	0.08882275488540947	0.030652067966640884	-0.05817068691876859
DB15310	0.08881288874778948	0.02525093226882197	-0.06356195647896751
DB16883	0.08877939354485262	0.08763463823589002	-0.0011447553089626045
DB07972	0.08876884928935155	0.05021410696586884	-0.038554742323482716
DB08175	0.08874580919965924	0.05634572525312265	-0.032400083946536595
DB19360	0.08874401998722209	0.056945334275184945	-0.031798685712037145
DB11638	0.08872829592987913	0.03013459716677891	-0.05859369876310022
DB04700	0.08869048369479882	0.03273290292904907	-0.05595758076574975
DB09156	0.08868785718187958	0.025709263548699735	-0.06297859363317984
DB03917	0.08868506193540326	0.029399460078086137	-0.05928560185731713
DB07317	0.08866985999699217	0.07248588591548533	-0.016183974081506847
DB11927	0.08866899085998972	0.03594040050597145	-0.05272859035401828
DB04752	0.08864615770767886	0.022607450484341762	-0.0660387072233371
DB06782	0.08863709703402062	0.06031792967873001	-0.02831916735529061
DB08408	0.08862947537107696	0.06543760506847596	-0.023191870302601003
DB08276	0.08862938304516832	0.009242192761979906	-0.07938719028318841
DB04818	0.0886213061199852	0.0791015721255729	-0.009519733994412305
DB13183	0.0886145026556115	0.07257350001916557	-0.016041002636445922
DB12874	0.08860347130135081	0.08284296814679737	-0.005760503154553443
DB06633	0.08859230305005322	0.048089738745694555	-0.04050256430435867
DB00969	0.08858638782459399	0.048308774004895444	-0.04027761381969855
DB15793	0.08858542636168304	0.04155208384669723	-0.04703334251498581
DB14493	0.08857898583363988	0.0453917719404881	-0.04318721389315178
DB15419	0.08856921202192847	0.027517125819328747	-0.06105208620259972
DB08815	0.0885350259665026	0.005985412251737224	-0.08254961371476538
DB18464	0.08853254908522853	0.009388672591570418	-0.07914387649365812
DB03288	0.08847682244021321	0.05759367864241943	-0.030883143797793777
DB07441	0.08847457159823272	0.04828221597971727	-0.040192355618515446
DB01148	0.08847139749716566	0.07851127210202669	-0.009960125395138974
DB04267	0.08846438391175832	0.03151944759307629	-0.05694493631868203
DB14490	0.08843552728981943	0.04240495238721054	-0.046030574902608895
DB13116	0.0884294942692353	0.029055027132992683	-0.059374467136242615
DB03753	0.08839435948550661	0.042566764684945246	-0.045827594800561366
DB06564	0.08838652770152944	0.039484390999841246	-0.04890213670168819
DB01710	0.08837557275491731	0.006928085248522953	-0.08144748750639436
DB01733	0.08836696097619426	0.07163274358089788	-0.016734217395296375
DB16066	0.08836525453870991	0.04198741642435899	-0.04637783811435092
DB00307	0.08836133546306918	0.027556825960058928	-0.06080450950301025
DB02458	0.08834761073919689	0.022279718977762437	-0.06606789176143446
DB06747	0.08834295942359088	0.050336492916947306	-0.03800646650664358
DB03064	0.08834225583649374	0.03694467716940736	-0.051397578667086385
DB04731	0.08834184832903484	0.08292729672158983	-0.0054145516074450084
DB00417	0.08833340846752102	0.03906302191995348	-0.049270386547567546
DB16822	0.08833124676779736	0.0770902808579611	-0.011240965909836254
DB04727	0.08832950531014053	0.063670538114873	-0.024658967195267528
DB04211	0.08832827960411155	0.021611113849051844	-0.0667171657550597
DB13966	0.08832809813594628	0.031556957381214445	-0.05677114075473183
DB15946	0.08830083652367107	0.06478268964346537	-0.023518146880205704
DB13256	0.08828540854596624	0.07783144141628195	-0.010453967129684286
DB09019	0.08826748776872728	0.0625493513818387	-0.02571813638688858
DB07668	0.08826611561470532	0.01612783992903266	-0.07213827568567266
DB02830	0.08826539292569596	0.07830428378208182	-0.009961109143614144
DB08934	0.088264304116704	0.07861668282051701	-0.009647621296186987
DB03798	0.08822790542312203	0.027432249656388408	-0.060795655766733625
DB05596	0.08821159239015476	0.04958438059566639	-0.03862721179448837
DB09170	0.08819771485098532	0.04152114511633509	-0.04667656973465023
DB09010	0.08819714179362118	0.044891550167288186	-0.04330559162633298
DB18125	0.08819094003947986	0.07778845574666382	-0.010402484292816039
DB17047	0.08818724063582878	0.08202733560034825	-0.0061599050354805285
DB13389	0.08816822149864179	0.08357837902956428	-0.004589842469077506
DB09093	0.08816249092499992	0.0030410307799297945	-0.08512146014507013
DB15099	0.08815575431731873	0.06857227342171412	-0.01958348089560461
DB07941	0.08813438246128635	0.0037654898997365738	-0.08436889256154978
DB01785	0.08813239586242395	0.08158981267009457	-0.006542583192329385
DB17102	0.08811932060356442	0.03950738970205725	-0.04861193090150717
DB15194	0.08811152383975945	0.06055476155274098	-0.027556762287018477
DB01367	0.08810066440270808	0.013552532868978617	-0.07454813153372947
DB11932	0.08809740115938419	0.016465428022275908	-0.07163197313710828
DB03349	0.08805969398482053	0.08017265454306499	-0.007887039441755533
DB08988	0.0880563002117637	0.05481740673204866	-0.03323889347971504
DB09210	0.0880332696730274	0.036052656076311806	-0.05198061359671559
DB07520	0.08803093605609444	0.053884042733779114	-0.034146893322315325
DB09201	0.08801901327926737	0.068797879738691	-0.019221133540576363
DB02347	0.08801175136900219	0.030786774651049453	-0.057224976717952736
DB03154	0.08800414562431863	0.03430721885455512	-0.05369692676976351
DB18488	0.08799298374032508	0.061204201096271504	-0.02678878264405357
DB16024	0.08799262398764635	0.07311670746198362	-0.014875916525662725
DB07169	0.08798371931293736	0.032086475120332525	-0.055897244192604834
DB03043	0.08797800465755555	0.002290561223092888	-0.08568744343446266
DB02168	0.08797678531883063	0.04198851160065492	-0.04598827371817571
DB03982	0.08796618375759319	0.04080462602467433	-0.04716155773291886
DB03733	0.08795856846195355	0.0025829732941260453	-0.0853755951678275
DB13052	0.0879577470797315	0.012734436175863416	-0.07522331090386808
DB07489	0.08793079109805044	0.049445567000147794	-0.03848522409790264
DB17084	0.08792813593226312	0.04387358380015227	-0.04405455213211085
DB08318	0.08792571317307338	0.08227375026694922	-0.005651962906124158
DB02559	0.08791075955951999	0.027631571742261163	-0.06027918781725883
DB08733	0.0879102756444126	0.05242417273120541	-0.035486102913207196
DB08286	0.08790459600920297	0.07177210476456442	-0.016132491244638558
DB08102	0.08789136793504637	0.001353637901861271	-0.0865377300331851
DB15403	0.0878846950004056	0.062010798438278614	-0.02587389656212699
DB11829	0.08786636989935964	0.024438859045334826	-0.06342751085402482
DB13512	0.08785870048163558	0.03979898039086838	-0.0480597200907672
DB03162	0.08783351779413151	0.04536083321012596	-0.04247268458400555
DB04710	0.08783139748188407	0.058846560325048314	-0.028984837156835752
DB16323	0.08782407508223056	0.05416577683592616	-0.0336582982463044
DB18787	0.08781343213351678	0.03981896735827051	-0.04799446477524627
DB09436	0.08781144235100227	0.00937881600490642	-0.07843262634609585
DB06523	0.08781044586791895	0.007059780198117392	-0.08075066566980155
DB18967	0.08773813239586241	0.08627169133551271	-0.0014664410603496898
DB08350	0.08773718366755956	0.015618582951390625	-0.07211860071616893
DB15250	0.08773306720549331	0.0641713074762209	-0.023561759729272408
DB08021	0.08772851458310016	0.02781200203702794	-0.05991651254607222
DB07401	0.08772039627044087	0.03120896511315918	-0.05651143115728169
DB12997	0.08771308660539529	0.04320141934847954	-0.04451166725691574
DB03957	0.08771258677202776	0.05994858147290261	-0.02776400529912515
DB07858	0.08769802156402123	0.05739627311506468	-0.030301748448956556
DB02480	0.08769036169725325	0.061114396639999125	-0.026575965057254125
DB12758	0.08767690758380298	0.08476993083961692	-0.0029069767441860517
DB14485	0.08767611803810116	0.018739287806854632	-0.06893683023124653
DB08330	0.08767096688912746	0.037372891101145	-0.050298075787982455
DB05790	0.08766624234952491	0.017027527256200048	-0.07063871509332487
DB07098	0.08765694926926909	0.04178672536811612	-0.04587022390115297
DB03058	0.08765001209151047	0.033638613725844535	-0.05401139836566593
DB01274	0.087645437183553	0.05795590820232288	-0.029689528981230118
DB07958	0.08763019385766556	0.004799883911312624	-0.08283030994635293
DB07616	0.08761891099489508	0.07001571577984766	-0.017603195215047412
DB13993	0.08759445099640023	0.06791325108559348	-0.019681199910806746
DB00178	0.08758722410630748	0.052057836260192	-0.03552938784611548
DB06724	0.08752285384604902	0.028402849648722195	-0.059120004197326825
DB18840	0.0875159103009863	0.012552636910726722	-0.07496327339025957
DB03683	0.08745738522584245	0.059821267228492014	-0.02763611799735044
DB07931	0.08745466001971058	0.06997738460948744	-0.017477275410223148
DB13803	0.08745296950048631	0.023081388026437555	-0.06437158147404876
DB01497	0.08744529053180616	0.02261593810063578	-0.06482935243117038
DB04055	0.08742623955809892	0.07398134914767907	-0.013444890410419852
DB01100	0.08742467001765139	0.052302881956422936	-0.035121788061228454
DB17999	0.08742000915108936	0.05965534801964745	-0.027764661131441916
DB06333	0.08741896172957374	0.06774432014193488	-0.01967464158763886
DB04332	0.08740812776173862	0.07498535201704098	-0.012422775744697634
DB06998	0.08740745919481357	0.026276017281881947	-0.06113144191293163
DB12532	0.08740683519901704	0.06348928643788432	-0.023917548761132723
DB07336	0.08740355603743308	0.0770256654564968	-0.010377890580936267
DB03941	0.08737315852791494	0.04487128940581209	-0.04250186912210285
DB00460	0.08737183731232534	0.08180939551744348	-0.005562441794881856
DB07376	0.08736391638609142	0.04165338765407761	-0.04571052873201381
DB05288	0.08735645708940087	0.056586116450095536	-0.030770340639305338
DB14941	0.08735263352332101	0.051680274232144496	-0.035672359291176514
DB06712	0.08734475080091131	0.060979963749664634	-0.026364787051246674
DB01855	0.08732864470532564	0.04296814679743066	-0.04436049790789498
DB01839	0.08731222661184157	0.015883889409097574	-0.071428337202744
DB00143	0.08730860679949126	0.03127494948499343	-0.05603365731449783
DB07772	0.08730768672405638	0.08384587583986325	-0.0034618108841931294
DB01252	0.0873000809793729	0.025098976557751382	-0.06220110442162152
DB16165	0.08729922776063068	0.05153406819662795	-0.035765159564002724
DB00377	0.08726282269974459	0.06957928802588997	-0.017683534673854612
DB01175	0.08726239927402546	0.016258713496405064	-0.0710036857776204
DB01006	0.08724557685673451	0.004730066422442336	-0.08251551043429217
DB16083	0.08724152406770885	0.029457778215848274	-0.05778374585186058
DB02895	0.08723492117341258	0.014516561803536332	-0.07271835936987625
DB15238	0.08721043888935365	0.0026451245489242936	-0.08456531434042935
DB17065	0.08718871683159896	0.007962205466024892	-0.07922651136557407
DB02132	0.08717941420038694	0.06260931228404493	-0.024570101916342013
DB00591	0.08714452455786392	0.07926502718775152	-0.007879497370112398
DB03817	0.08714171020947536	0.0425054348123689	-0.04463627539710646
DB07212	0.08713979683460939	0.04989376789928757	-0.03724602893532182
DB07574	0.0871377943174868	0.05588246567991284	-0.031255328637573965
DB01876	0.08713415540322417	0.0077272901505319735	-0.0794068652526922
DB17038	0.0871194787673969	0.05342543765982727	-0.03369404110756963
DB00914	0.08711584622043833	0.02036097010716298	-0.06675487611327535
DB09257	0.08711174886028444	0.03575942262305676	-0.051352326237227686
DB11156	0.0870990047012353	0.03936392160728075	-0.04773508309395455
DB00773	0.08707471343629769	0.04045061028699093	-0.04662410314930676
DB19311	0.08706840662163962	0.06835816645584525	-0.018710240165794367
DB04297	0.08703133936113272	0.07097426883292535	-0.016057070528207373
DB00139	0.08702660527057404	0.05341585486723721	-0.03361075040333683
DB06908	0.0870205244952097	0.01093807325634244	-0.07608245123886725
DB01443	0.08701984637732874	0.011152180222211316	-0.07586766615511742
DB00774	0.08700600704198357	0.08610358177407607	-0.0009024252679075014
DB11809	0.08699682857320051	0.007650627809811683	-0.07934620076338883
DB02601	0.08699501389154718	0.0448981212250642	-0.04209689266648298
DB05010	0.08696115575227982	0.05613572519836385	-0.03082543055391597
DB18781	0.08695653627319405	0.06105607850223693	-0.02590045777095712
DB11501	0.08695275091093829	0.0406595151654538	-0.046293235745484496
DB03749	0.08694612254742595	0.005259584161560471	-0.08168653838586548
DB14502	0.08694139482417129	0.00033840947546526223	-0.08660298534870603
DB16534	0.08693560376114112	0.05581045783845057	-0.031125145922690556
DB01668	0.08693138860586225	0.053720040083452436	-0.03321134852240981
DB17269	0.08692975857602628	0.06100077209928867	-0.02592898647673761
DB16762	0.08692972992315806	0.02113827148325198	-0.06579145843990608
DB07801	0.08692528236128162	0.06500802216636825	-0.021917260194913368
DB07683	0.0869046077250425	0.07506749023924125	-0.01183711748580124
DB12190	0.08687233504448266	0.013096118147618796	-0.07377621689686387
DB08268	0.08686613965764528	0.06694949594510974	-0.019916643712535542
DB14078	0.08686504766500136	0.046250663950629434	-0.04061438371437193
DB11894	0.08686163160638034	0.011295648316987825	-0.07556598328939251
DB12586	0.08684755031348151	0.05095581511233771	-0.035891735201143804
DB02525	0.08684367580896912	0.0019176536943034117	-0.08492602211466571
DB18409	0.08684321736307773	0.0050369895793975425	-0.08180622778368019
DB18709	0.08683282273922181	0.07996101172386222	-0.006871811015359594
DB09278	0.08682962316893847	0.06443524496355801	-0.02239437820538045
DB02370	0.08682037465981082	0.0810674135769005	-0.005752961082910322
DB13396	0.08676207880761272	0.03195122084777591	-0.05481085795983681
DB14765	0.08673798811275277	0.024511962063093112	-0.062226026049659655
DB11610	0.08672881282762157	0.04693487534155805	-0.039793937486063524
DB00491	0.08672196797577159	0.06105662609038487	-0.025665341885386717
DB08676	0.08671690596905457	0.020909379637387038	-0.06580752633166753
DB02048	0.08671661625672056	0.02992514470016816	-0.0567914715565524
DB02657	0.08671419668118285	0.037221482978222475	-0.04949271370296038
DB03419	0.08670445470599163	0.08464809247668642	-0.002056362229305211
DB00718	0.08669694128721678	0.04464595688290923	-0.042050984404307545
DB04837	0.0866850153267376	0.08395183414650176	-0.002733181180235837
DB12952	0.08667549939084002	0.0057759597851264124	-0.08089953960571361
DB08359	0.08665241791367129	0.07155909297499163	-0.015093324938679653
DB01721	0.08664774112884915	0.08228743997064925	-0.0043603011581999085
DB08165	0.08664562400025369	0.028967139235238415	-0.057678484765015275
DB08621	0.08662925047789793	0.0722104490770401	-0.014418801400857828
DB05109	0.08661892589438663	0.07630202771891215	-0.010316898175474494
DB07341	0.08660818425246003	0.02380502576402238	-0.06280315848843765
DB08824	0.08659491160717506	0.003504564147213597	-0.08309034745996147
DB08168	0.08659222778851938	0.06435885641691169	-0.02223337137160769
DB08090	0.08659176615897606	0.03075912144957535	-0.055832644709400706
DB09374	0.08658763059499786	0.03863645075265998	-0.04795117984233788
DB03495	0.08655020039816019	0.07611885948340535	-0.010431340914754839
DB13453	0.08654566687767909	0.035652095346048296	-0.050893571531630794
DB11953	0.08654565414307103	0.06387451470000383	-0.0226711394430672
DB08648	0.08652927106975927	0.07126969263877253	-0.015259578430986742
DB09216	0.08651767620909051	0.025241623270305935	-0.061276052938784575
DB08082	0.08651275746671462	0.0015247591981119159	-0.0849879982686027
DB07861	0.0865020444776563	0.00786938927493852	-0.07863265520271778
DB12487	0.08646362098138749	0.08612521150592217	-0.00033840947546531303
DB04108	0.08645458577694554	0.06485278092640967	-0.021601804850535866
DB02804	0.08644975936047816	0.06495682267453004	-0.021492936685948122
DB08714	0.08642705037059617	0.05022149940586684	-0.03620555096472933
DB12223	0.08642060984255313	0.02882148078786982	-0.05759912905468331
DB17757	0.08641448449606048	0.001408122922587518	-0.08500636157347297
DB03804	0.08641288630274468	0.04793258094721797	-0.03848030535552671
DB08190	0.08640295649208413	0.02554991539763113	-0.060853041094453
DB14506	0.08640052099828635	0.004073234438913831	-0.08232728655937252
DB08451	0.08639888778479843	0.03408216012572629	-0.05231672765907214
DB17078	0.08639617212962254	0.02230299147405257	-0.06409318065556997
DB08067	0.08639378757425709	0.05801559531045508	-0.028378192263802005
DB00714	0.08639088089995994	0.015652807210640773	-0.07073807368931917
DB03602	0.08638167059465651	0.022349810260706704	-0.06403186033394981
DB08032	0.0863702667531092	0.06810107382035824	-0.018269192932750963
DB11863	0.08636938169784675	0.05608206155985962	-0.030287320137987128
DB14735	0.08636034330975262	0.045834496958147786	-0.04052584635160483
DB15659	0.08635354302903098	0.005974734282851224	-0.08037880874617975
DB15288	0.0863488216730805	0.021361413653562922	-0.06498740801951758
DB15444	0.08632917535644491	0.0038353073886069344	-0.08249386796783797
DB02459	0.0862998793905268	0.048250455867133224	-0.03804942352339358
DB00574	0.08626129671165678	0.002594472645234047	-0.08366682406642273
DB18529	0.08624864487851633	0.05133967440408721	-0.03490897047442912
DB07179	0.08623466546248204	0.05058427655391817	-0.03565038890856387
DB13748	0.08622282546060761	0.056262765648700364	-0.029960059811907247
DB03284	0.08622172073335554	0.002477836369709663	-0.08374388436364588
DB15643	0.08621443653752625	0.0100277079602889	-0.07618672857723735
DB15107	0.08620547774073284	0.011665544110963322	-0.07453993362976952
DB14761	0.08620359620238702	0.040813113640968346	-0.04539048256141867
DB04707	0.08618373976471794	0.08454350314041803	-0.0016402366242999067
DB09022	0.08618248858947278	0.060801450013415886	-0.02538103857605689
DB07339	0.08617209396561681	0.04319868140773958	-0.04297341255787723
DB11763	0.08613864970111235	0.050194119998466735	-0.03594452970264561
DB00408	0.08613679044833078	0.03194766152481396	-0.05418912892351682
DB13289	0.0861306237143617	0.04326083266253783	-0.04286979105182387
DB11369	0.08612660276185635	0.006160640459097921	-0.07996596230275843
DB07542	0.08612175087617284	0.010509859324604779	-0.07561189155156806
DB07695	0.08612158850991969	0.017504476533109936	-0.06861711197680975
DB08837	0.08611719825377956	0.04628817373876759	-0.03982902451501197
DB16042	0.08609338453664547	0.07387621222326257	-0.012217172313382901
DB13288	0.08608984113194368	0.03282051703272937	-0.05326932409921431
DB05143	0.08608362027589023	0.01627158181788313	-0.0698120384580071
DB03496	0.08608115612922418	0.055722022352548195	-0.030359133776675977
DB16585	0.08606284694643845	0.016663654931852734	-0.06939919201458572
DB07009	0.08605961553963477	0.01618068218531478	-0.06987893335432
DB01399	0.08604562657264458	0.030620581648130862	-0.05542504492451372
DB08801	0.08603565219085568	0.038587167819339796	-0.04744848437151589
DB14154	0.08602972741444032	0.03310471528154241	-0.05292501213289791
DB04110	0.08601329658634818	0.0823534243424835	-0.003659872243864687
DB04598	0.0860041690559975	0.05996172358845464	-0.026042445467542863
DB05732	0.08598573252713075	0.011108373170371097	-0.07487735935675965
DB19376	0.0859802852985189	0.033283502811865096	-0.0526967824866538
DB13776	0.08597530925040658	0.028572601974602874	-0.05740270727580371
DB05088	0.08597456745948512	0.048494406387068145	-0.03748016107241697
DB18029	0.08597420770680664	0.03519540683061462	-0.05077880087619202
DB07364	0.08596363798208917	0.020519770670083592	-0.06544386731200558
DB04567	0.0859489740808701	0.04975522809784305	-0.03619374598302705
DB11747	0.08594019993589408	0.018916432572733455	-0.06702376736316062
DB16136	0.08594006622250899	0.04620220239953127	-0.039737863822977726
DB12176	0.08593862721179443	0.00033840947546526223	-0.08560021773632917
DB05431	0.08591908913932778	0.021954451617849258	-0.06396463752147852
DB06923	0.08591226338938981	0.08100991682136033	-0.004902346568029486
DB13657	0.08590922936901157	0.06159326247542696	-0.024315966893584617
DB01645	0.08590750382961504	0.04570006406781335	-0.04020743976180169
DB03910	0.0858882682040904	0.04620877345730723	-0.03967949474678317
DB18174	0.08587879683932116	0.08294591471862178	-0.0029328821206993797
DB00964	0.08586792785131381	0.007145751537353751	-0.07872217631396006
DB07654	0.08585778791961968	0.006764082598196275	-0.0790937053214234
DB07797	0.08584418417452422	0.02755052869635688	-0.05829365547816734
DB11062	0.08583921767736793	0.0008479402471812897	-0.08499127743018664
DB11648	0.08582358276228164	0.0578959473001166	-0.027927635462165035
DB14746	0.08582214693521917	0.046269555741735524	-0.039552591193483644
DB06436	0.08581894736493577	0.0649795475826721	-0.020839399782263665
DB04125	0.08580510166228655	0.02137154403430086	-0.0644335576279857
DB08927	0.08578817100082686	0.01159189350505696	-0.0741962774957699
DB07943	0.0857728512672909	0.062231750255997476	-0.02354110101129342
DB03405	0.08576983316517278	0.04090565603798069	-0.044864177127192095
DB17138	0.08574985893237885	0.07591762083901454	-0.00983223809336431
DB08267	0.08574523945329304	0.047589243178420615	-0.03815599627487243
DB00846	0.08573069971450287	0.02722717789496165	-0.058503521819541215
DB19338	0.08572714357519289	0.05097032619825981	-0.03475681737693308
DB02498	0.08571181747435286	0.04015737683373588	-0.04555444064061698
DB06717	0.08569575913354743	0.024369862938686537	-0.061325896194860896
DB17985	0.0856930593966317	0.08149343715604618	-0.004199622240585527
DB03057	0.08569064618839817	0.04962216417787857	-0.0360684820105196
DB03935	0.08567889851243218	0.043870572065338176	-0.04180832644709401
DB17379	0.08566340686168693	0.06269583121142919	-0.02296757565025774
DB19451	0.08565845309913883	0.039073699888839686	-0.046584753210299146
DB11362	0.08565284032062176	0.025179198221433663	-0.060473642099188096
DB14943	0.08564248071693803	0.010386378197230317	-0.07525610251970771
DB17041	0.08563157034145431	0.05777410893718615	-0.02785746140426816
DB08423	0.08562720555453052	0.034484089826359865	-0.05114311572817065
DB03757	0.08562415879954399	0.01960119155180995	-0.06602296724773404
DB13565	0.08562055172180177	0.03217874372327084	-0.05344180799853093
DB01846	0.08561612326183747	0.08333415471555539	-0.002281968546282087
DB03810	0.08561417168314715	0.01760632792863831	-0.06800784375450884
DB06730	0.08560737776972951	0.05580963645622855	-0.029797741313500964
DB05513	0.08560665189706818	0.021453134668353246	-0.06415351722871493
DB13179	0.08560655957115959	0.004767028622432501	-0.08083953094872709
DB11540	0.08559416879748494	0.01867795793427851	-0.06691621086320643
DB05541	0.08559080367729638	0.0169133551273416	-0.06867744854995478
DB08135	0.08558986131629748	0.06521446289816507	-0.020375398418132407
DB08228	0.08558283817993412	0.00033840947546526223	-0.08524442870446886
DB12682	0.08558081337724732	0.047375957594773754	-0.03820485578247357
DB00802	0.08557251041277064	0.058602062216965345	-0.026970448195805297
DB13669	0.08555523591689242	0.0062310055361161736	-0.07932423038077624
DB12645	0.08554867441007247	0.032399695540989704	-0.053148978869082764
DB08800	0.08554579957229547	0.04778035144207338	-0.03776544813022209
DB16845	0.08554325583432884	0.035864285753399144	-0.049678970080929696
DB19052	0.08553520119471003	0.06374418872077936	-0.02179101247393067
DB01102	0.08551476214872056	0.06712883106358047	-0.018385931085140084
DB02661	0.08551111686715396	0.022721075025052162	-0.0627900418421018
DB07136	0.08549602954021557	0.06248254562778238	-0.023013483912433186
DB08079	0.08546572117295421	0.0016375623566003534	-0.08382815881635386
DB11839	0.08546075467579783	0.020422847567887148	-0.06503790710791069
DB06112	0.08544757435642152	0.07732738652604598	-0.008120187830375533
DB00396	0.08540628238967976	0.05805118854007521	-0.02735509384960455
DB11593	0.08540286951471077	0.014468374046512134	-0.07093449546819863
DB09117	0.08539686196334295	0.028317152103559895	-0.05707970985978306
DB06748	0.08539572858322275	0.012898712620264097	-0.07249701596295866
DB06457	0.0853646147519993	0.035253451174302786	-0.050111163577696516
DB13012	0.0853593362569447	0.012930198938774229	-0.07242913731817047
DB04781	0.0853539527013733	0.0023688663282571687	-0.08298508637311613
DB17456	0.08532330049969333	0.025977034153072842	-0.05934626634662049
DB02655	0.08532102100484462	0.034530087230791984	-0.05079093377405264
DB09309	0.08531943554613702	0.0777616239274117	-0.007557811618725325
DB09048	0.08531441174324439	0.05294711941254748	-0.032367292330696906
DB18059	0.08527743999229809	0.03102141617246834	-0.054256023819829746
DB00191	0.08527543747517544	0.030523932340008386	-0.05475150513516705
DB06331	0.08527352410030958	0.033118131191168576	-0.05215539290914101
DB03814	0.08526639908708142	0.0688381274675691	-0.016428271619512325
DB01703	0.08525711237412958	0.04599767822625256	-0.039259434147877026
DB12715	0.0852498249946483	0.023060853470887474	-0.06218897152376082
DB09218	0.08524619244768973	0.0047453988905864115	-0.08050079355710332
DB00752	0.08524266496124794	0.0032636253620926814	-0.08197903959915526
DB02266	0.08523528843951003	0.04911893066986456	-0.036116357769645474
DB15065	0.08523062438929598	0.07031634167310086	-0.014914282716195118
DB19251	0.08522851044435259	0.04556508358933087	-0.03966342685502172
DB12957	0.08522205718170132	0.0645138238627963	-0.02070823331890502
DB08750	0.0852148684954327	0.049806153795607155	-0.03540871469982554
DB17079	0.08521483347526054	0.022433317453277035	-0.06278151602198351
DB09123	0.08521118182638984	0.08202678801220026	-0.003184393814189588
DB04213	0.08519363353643755	0.060507121383864715	-0.024686512152572837
DB06151	0.08518869250849745	0.04639522722170197	-0.03879346528679547
DB06412	0.08517466852133504	0.03540814482611343	-0.04976652369522161
DB04229	0.08517407317840668	0.08041961679781406	-0.004754456380592612
DB04714	0.08517236674092216	0.07663441372474933	-0.008537953016172826
DB11868	0.08516896023325722	0.07436904155646451	-0.01079991867679271
DB06616	0.08516732383611736	0.0498077965600513	-0.03535952727606606
DB00430	0.0851442519099046	0.024140697298747682	-0.06100355461115692
DB09254	0.08511412501080845	0.05963864658113338	-0.02547547842967507
DB07624	0.08508270873264293	0.08251414146392214	-0.0025685672687207894
DB18019	0.08505097408927492	0.07806799949621887	-0.006982974593056052
DB16869	0.08504450490836368	0.05188726255208931	-0.033157242356274375
DB14638	0.08504132443999246	0.0817182220908011	-0.0033231023491913595
DB02572	0.08503051594137342	0.010799807248971921	-0.0742307086924015
DB08964	0.08502343868292572	0.06529797009073535	-0.019725468592190376
DB08605	0.08500021394141598	0.07686166280617024	-0.00813855113524574
DB13272	0.08499701755478462	0.02225124439406634	-0.06274577316071828
DB12744	0.08499700800382853	0.0578921141830806	-0.027104893820747933
DB04153	0.08495297809634667	0.06856241683504999	-0.016390561261296677
DB13508	0.08493809452313794	0.012856548332867868	-0.07208154619027007
DB00158	0.084915793040715	0.004056259206325734	-0.08085953383438926
DB08148	0.08488808890080846	0.0281985992695174	-0.05668948963129106
DB02268	0.08487191594853027	0.0038353073886069344	-0.08103660855992334
DB11792	0.08486192564848125	0.08305707511266625	-0.0018048505358150028
DB01152	0.08482503348883563	0.05513747200455593	-0.0296875614842797
DB03396	0.08480261102763578	0.06071356211566159	-0.024089048911974192
DB03833	0.0848016495647247	0.06983391651471094	-0.014967733050013773
DB02469	0.08475954258306506	0.0013498047848252703	-0.08340973779823979
DB13699	0.08474306718384458	0.06086880335562017	-0.023874263828224412
DB09237	0.08473000784324511	0.01016515258543746	-0.07456485525780765
DB03648	0.08472984866064392	0.05373783669826249	-0.03099201196238144
DB08060	0.08472632117420215	0.0007896221094190192	-0.08393669906478313
DB08772	0.08470552237553425	0.023334373750814597	-0.06137114862471965
DB04044	0.08469164483636471	0.07677706043730381	-0.007914584399060898
DB00161	0.08468967733941435	0.03918540787103203	-0.04550426946838232
DB01677	0.08468522341023384	0.08048560116964831	-0.004199622240585527
DB11806	0.08468094139826254	0.0685186097832099	-0.01616233161505265
DB12071	0.08467185843904007	0.061406534916958244	-0.023265323522081827
DB15995	0.08465707992634813	0.0020887749905541043	-0.08256830493579403
DB00722	0.08464876741091543	0.06206911657604086	-0.022579650834874565
DB14704	0.08464332336595554	0.05694752462777691	-0.027695798738178623
DB12748	0.08461940777195676	0.012627382692928957	-0.0719920250790278
DB12542	0.08461746256057051	0.04512619168870702	-0.03949127087186349
DB15645	0.08458776227084548	0.052192269150526494	-0.03239549312031899
DB00617	0.08458261430552386	0.07573445260350783	-0.008848161702016022
DB13655	0.08457283731016035	0.008450380299968696	-0.07612245701019166
DB05938	0.08454689372982277	0.016467892168941844	-0.06807900156088093
DB09062	0.08453990879728376	0.05197816218465767	-0.03256174661262609
DB11949	0.0845156398179104	0.07859806482348497	-0.005917574994425426
DB09320	0.08449116071750351	0.010129285561743306	-0.0743618751557602
DB00948	0.08448200771793668	0.024244465252794112	-0.06023754246514257
DB15556	0.0844624282579935	0.055850431773254716	-0.028611996484738778
DB16137	0.08446062949460031	0.03315126027412263	-0.051309369220477685
DB14989	0.08446050214851936	0.06805452882777802	-0.01640597332074134
DB00619	0.08446024108905359	0.01879404662165496	-0.06566619446739863
DB12076	0.08443234274637355	0.08296590168602386	-0.0014664410603496898
DB03893	0.08443095149043944	0.020995898564771465	-0.06343505292566798
DB05905	0.0844238232935593	0.015907709493535704	-0.06851611380002359
DB08507	0.08441039146567314	0.009005087093894915	-0.07540530437177823
DB11602	0.0844059184345805	0.010109298594341225	-0.07429661984023928
DB03716	0.08440529443878386	0.029443267129926176	-0.054962027308857686
DB05134	0.08440085006055942	0.011667734463555263	-0.07273311559700416
DB11342	0.08440059218474555	0.026904100887640392	-0.05749649129710516
DB14970	0.08439743400193853	0.03669579835614045	-0.047701635645798074
DB11079	0.08438778753630792	0.06335950804680779	-0.021028279489500132
DB09267	0.08437952595930753	0.026891232566162326	-0.05748829339314521
DB14949	0.08435321625898735	0.0770210109572389	-0.007332205301748449
DB06137	0.0843278075321896	0.020368088753087044	-0.06395971877910256
DB02578	0.08432671553954563	0.03489204299662138	-0.049434672542924246
DB04829	0.08432615840044155	0.030571846302958616	-0.05375431209748294
DB15901	0.08432392029306918	0.08398551081760386	-0.00033840947546531303
DB12660	0.08431942179276025	0.03053625307333846	-0.05378316871942179
DB00592	0.08431882963348403	0.011307969050317945	-0.07301086058316608
DB01280	0.08431472590602607	0.017594280989382316	-0.06672044491664375
DB14651	0.0842944810628099	0.03385408966208325	-0.05044039140072665
DB17142	0.08429329992790942	0.07500999348370108	-0.009283306444208345
DB17557	0.0842834083210731	0.04277676473970399	-0.041506643581369115
DB08444	0.08427948924543244	0.017827279746357172	-0.06645220949907527
DB08015	0.08427929822631103	0.013131985171312976	-0.07114731305499805
DB08889	0.08427833357974801	0.043485891391366716	-0.040792442188381295
DB03223	0.08425560230430189	0.07456535190752334	-0.009690250396778552
DB09291	0.08423464432303263	0.057123848011433664	-0.02711079631159896
DB00839	0.08421102799232408	0.008728007491005864	-0.07548302050131822
DB07422	0.08420607104612382	0.02297789386646515	-0.06122817717965867
DB18481	0.08418185618883489	0.06787163438634536	-0.016310221802489533
DB13283	0.08416905790770138	0.015187631078912939	-0.06898142682878844
DB07461	0.08416852942146547	0.07785909461775609	-0.0063094348037093795
DB14106	0.08414638393799168	0.031857857068541606	-0.05228852686945007
DB18103	0.08414309204179957	0.05334028770281296	-0.03080280433898661
DB08543	0.08413079677768565	0.03591302109857131	-0.04821777567911434
DB13209	0.0841252954269895	0.07193501223859511	-0.01219028318839439
DB15437	0.08412222957009102	0.012146600298983123	-0.0719756292711079
DB00477	0.0841127327361057	0.04080517361282232	-0.04330755912328338
DB06872	0.08406421069561901	0.05691275278037877	-0.027151457915240235
DB04440	0.08406300727515426	0.0314186913738439	-0.05264431590131036
DB00290	0.08406294996941793	0.07405691631210337	-0.010006033657314561
DB04830	0.08406131357227786	0.03471845755370473	-0.049342856018573134
DB00369	0.08400141315946003	0.022676172796915972	-0.06132524036254405
DB13185	0.0839999550468335	0.02781775171258194	-0.05618220333425156
DB16080	0.08399829636412931	0.07910513144853493	-0.00489316491559438
DB17192	0.0839939761483337	0.04173771622886993	-0.04225625991946377
DB12219	0.08396403708470701	0.03404437654351411	-0.0499196605411929
DB13944	0.08396222558670569	0.012607669519600906	-0.07135455606710478
DB07146	0.08395979327655986	0.044150115814893254	-0.03980967746166661
DB11830	0.08394337518307593	0.03737042695447901	-0.04657294822859692
DB03325	0.08393310790530084	0.02911142871223693	-0.05482167919306391
DB03850	0.08392905511627526	0.0037263373471544577	-0.0802027177691208
DB08708	0.08391699862606317	0.08069751778292511	-0.003219480843138056
DB08933	0.08391563283934522	0.02784951182516604	-0.05606612101417918
DB14875	0.08391099425834725	0.0687160153105646	-0.015194978947782656
DB00578	0.08390412393728108	0.06601695332906221	-0.017887170608218872
DB02371	0.08389163447039383	0.026633866136601347	-0.05725776833379248
DB03900	0.08388329648574482	0.03220174242548694	-0.05168155406025787
DB02972	0.08387507311256875	0.03345763584292982	-0.05041743726963893
DB15010	0.08386553170745496	0.06801537627519588	-0.01585015543225908
DB17384	0.08384431266671993	0.07948597900547044	-0.004358333661249492
DB11818	0.08383673557490451	0.08200597966257617	-0.001830755912328336
DB00901	0.08383429371380274	0.05505505998828164	-0.028779233725521103
DB16023	0.08380888498700506	0.07578510450719805	-0.008023780479807008
DB07244	0.08380540525534352	0.007548502620209285	-0.07625690263513424
DB12588	0.08378445045772642	0.039488224116877246	-0.044296226340849176
DB15971	0.08377712169076879	0.03322491088002888	-0.050552210810739906
DB17856	0.08375919454622577	0.0006806520679666405	-0.08307854247825913
DB12185	0.08375874883494261	0.057049649817379366	-0.026709099017563243
DB06994	0.08374498909089795	0.03508780575953213	-0.048657183331365816
DB04438	0.08373403096063392	0.03278930450829326	-0.05094472645234066
DB05792	0.08371778796801121	0.030837700348813724	-0.05288008761919749
DB12977	0.0837135759963844	0.025731440868693833	-0.05798213512769057
DB14917	0.08368605969194731	0.0753796154836025	-0.00830644420834481
DB04480	0.08368537520676222	0.013210290276477243	-0.07047508493028498
DB19068	0.08368017948666032	0.03026985143933547	-0.053410328047324845
DB11813	0.08365895089496914	0.06364753941265694	-0.020011411482312197
DB12096	0.0836260223820925	0.05757013235205538	-0.026055890030037124
DB00635	0.08361269243107108	0.05297614158439157	-0.030636550846679524
DB03722	0.08360113259057456	0.027580919838571027	-0.05602021275200353
DB16871	0.08359744910518369	0.04121887645863792	-0.042378572646545765
DB15970	0.08359170579693367	0.02683400960469612	-0.056757696192237556
DB18811	0.08358891691776138	0.014058230523658621	-0.06953068639410276
DB07360	0.0835827374491841	0.0421160996391394	-0.0414666378100447
DB13832	0.08358010456896092	0.05990586959735844	-0.02367423497160248
DB11365	0.08357905714744529	0.02104052699883363	-0.06253853014861166
DB12412	0.08353992688042723	0.05465641581653605	-0.028883511063891185
DB12635	0.08353737677515663	0.06600271603721411	-0.01753466073794252
DB08038	0.08352542852911332	0.05509968842234381	-0.028425740106769515
DB02890	0.08351970750642751	0.06500720078414624	-0.018512506722281274
DB13066	0.08350664179852396	0.015569300018070442	-0.06793734178045352
DB08653	0.08349962821311668	0.01660342023557243	-0.06689620797754425
DB13863	0.0834967247224715	0.03645321680657543	-0.047043507915896066
DB12964	0.08348923040560874	0.07415411320837373	-0.00933511719723501
DB09313	0.08347707522218388	0.08268745311276482	-0.0007896221094190638
DB07081	0.0834765881234244	0.016784671912561167	-0.06669191621086323
DB11942	0.08346407955462493	0.07804034629474482	-0.005423733259880104
DB12010	0.08345047899318148	0.03929656826507649	-0.044153910728104984
DB16071	0.08344361822307138	0.031046879021350463	-0.052396739201720915
DB02505	0.08344307700222736	0.028003931682902605	-0.055439145319324756
DB06169	0.08343831107514854	0.058511436378471005	-0.024926874696677537
DB04129	0.08341849602495577	0.043492736243216756	-0.03992575978173901
DB08391	0.08341293100121905	0.04124160136678001	-0.042171329634439036
DB00283	0.08341042865072879	0.035522864543119814	-0.04788756410760897
DB04299	0.08340207474781977	0.04708929519929472	-0.03631277954852505
DB08651	0.0833934374998806	0.07492237938002066	-0.008471058119859931
DB16833	0.08338318932401767	0.005928736878418994	-0.07745445244559868
DB03766	0.08338131096932402	0.07013153067315014	-0.013249780296173873
DB08709	0.08338114223576674	0.07906871683669278	-0.004312425399073965
DB07154	0.08338099578777368	0.07907775204113482	-0.004303243746638858
DB08807	0.08336188432467807	0.006441279384948992	-0.07692060493972908
DB11740	0.08336172832572886	0.05819383525262978	-0.02516789307309908
DB00833	0.08334870718895371	0.036810518073146836	-0.04653818911580687
DB12199	0.08333200893409165	0.051008657368619925	-0.032323351565471725
DB02309	0.0833261191778486	0.00428652002256058	-0.07903959915528802
DB16851	0.08331846886203668	0.0431195549203533	-0.04019891394168339
DB15933	0.08331762519425052	0.01891095669125338	-0.06440666850299714
DB04516	0.08329403751641018	0.0344046895448995	-0.04888934797151068
DB08344	0.08327396140675147	0.017869444033753346	-0.06540451737299813
DB11819	0.08326846960701123	0.03954216154945539	-0.04372630805755584
DB18844	0.0832637928221891	0.0112688164977357	-0.0719949763244534
DB11692	0.08326238564799482	0.05741242696543081	-0.02584995868256401
DB01690	0.08325239853159785	0.05507915386679374	-0.028173244664804108
DB07281	0.08324988026284746	0.05964549143298348	-0.023604388829863987
DB08245	0.08324380903843898	0.05146479829590567	-0.03177901074253331
DB02497	0.08323244976802	0.06678220776589511	-0.016450242002124887
DB08378	0.08319064841695442	0.057733861208307924	-0.025456787208646497
DB03216	0.08318867773635208	0.03040565330003997	-0.05278302443631211
DB07578	0.08318754753988389	0.07719979848756153	-0.005987749052322355
DB03113	0.08316846791330837	0.01600107327277009	-0.06716739464053828
DB13948	0.08315338695367419	0.013972259184422242	-0.06918112776925195
DB04653	0.08315205300347639	0.01689364195401355	-0.06625841104946284
DB14160	0.08313986279987928	0.0032712915961646827	-0.0798685712037146
DB08302	0.083139127376262	0.07519863760068773	-0.007940489775574266
DB13978	0.08313678739202479	0.07167874098533011	-0.011458046406694677
DB15302	0.08312955413462789	0.013885466462963875	-0.06924408767166401
DB09018	0.08310694383795877	0.02119768479731024	-0.061909259040648534
DB15052	0.08310440009999212	0.08099622711766025	-0.0021081729823318775
DB04178	0.08309959915274112	0.014136535628822888	-0.06896306352391823
DB16930	0.08307700477433189	0.03614957917850825	-0.046927425595823635
DB11256	0.08303920209020754	0.049299908552779215	-0.03373929353742833
DB09139	0.08303808144469543	0.024271570866120196	-0.05876651057857524
DB15212	0.08303389812593688	0.018813486000909	-0.06422041212502788
DB11468	0.08302845726462912	0.019333694741511004	-0.06369476252311812
DB00214	0.0830187439423061	0.07749138917637266	-0.005527354765933446
DB09160	0.08301509229343529	0.07033359069976286	-0.012681501593672428
DB16863	0.08300941902552995	0.008269128622980085	-0.07474029040254987
DB05806	0.08300273335628108	0.014463993341328113	-0.06853874001495297
DB17045	0.08300102691879668	0.07593541745382465	-0.007065609464972034
DB11517	0.08299741984105424	0.0707464721633565	-0.012250947677697743
DB00668	0.082997247923845	0.006021553069505359	-0.07697569485433964
DB03748	0.08299229416129679	0.07049868852638552	-0.012493605634911267
DB08597	0.08299175930775693	0.02713189755720935	-0.05585986175054758
DB04758	0.0829837842594386	0.06588197285057962	-0.017101811408858983
DB16652	0.08297724503818282	0.053116871738428106	-0.029860373299754717
DB04361	0.08297470448386834	0.024789589254130218	-0.05818511522973813
DB08083	0.0829704988795455	0.015484697649204078	-0.06748580123034142
DB12800	0.0829563093424778	0.049138643843192664	-0.03381766549928514
DB07506	0.08294650369424617	0.07986573138610986	-0.0030807723081363036
DB15156	0.08294530664108538	0.0031623215547122692	-0.0797829850863731
DB04767	0.08294003132968278	0.04403868162677482	-0.038901349702907956
DB01832	0.08293703551312903	0.03970096211237606	-0.04323607340075297
DB05063	0.08292348270646588	0.07455768567345122	-0.008365797033014655
DB14766	0.08292076068398602	0.012549625175912738	-0.07037113550807328
DB13006	0.0829067144112593	0.002594472645234047	-0.08031224176602525
DB02426	0.08288912155017875	0.026398677027034412	-0.056490444523144334
DB09071	0.08286923009233738	0.07972746537873932	-0.003141764713598061
DB04637	0.08285319085344417	0.042404404799062545	-0.040448786054381625
DB18825	0.08283385653470685	0.03104605763912846	-0.051787798895578385
DB08050	0.08283277090936694	0.02617115415153959	-0.056661616757827354
DB12947	0.08282970823612051	0.014607735230178664	-0.06822197300594185
DB06753	0.08281587845173155	0.024899654471878696	-0.057916223979852854
DB01829	0.08280350359631705	0.01893724092235749	-0.06386626267395956
DB06532	0.08280260262279443	0.04089196633428066	-0.04191063628851377
DB07745	0.08279361835678475	0.00977554361813393	-0.07301807473865082
DB09165	0.08279346554148764	0.024784113372650185	-0.05800935216883746
DB09196	0.08278173060012978	0.03311128633931837	-0.04967044426081141
DB02923	0.08276356786533712	0.07486734677114648	-0.007896221094190638
DB01902	0.08276323994917872	0.037332095784118835	-0.04543114416505989
DB07436	0.082761361594485	0.02358790706333952	-0.059173454531145475
DB16691	0.0827494993070463	0.0705408528137817	-0.012208646493264603
DB03803	0.08271731895239508	0.05438700244771899	-0.028330316504676087
DB07491	0.08270252133779098	0.05710112310329157	-0.025601398234499403
DB08442	0.08268668266897516	0.0019176536943034117	-0.08076902897467175
DB03172	0.08268153470365354	0.04353654329505692	-0.03914499140859662
DB03641	0.08264221660116625	0.02274078819838024	-0.059901428402786006
DB00796	0.08263610080562953	0.044570937306632946	-0.03806516349899658
DB09295	0.08263059308762927	0.0665174488963361	-0.01611314419129317
DB18826	0.08263046892520043	0.031145992476138917	-0.05148447644906151
DB15192	0.08262929734125579	0.0002256063169768785	-0.08240369102427891
DB07722	0.0826224238365375	0.025641088824273517	-0.05698133501226399
DB01962	0.08261463344003665	0.019900996062841236	-0.06271363737719542
DB12888	0.08261148480818564	0.0754957041709789	-0.007115780637206748
DB03835	0.08260171099647415	0.013204814394997239	-0.06939689660147691
DB04747	0.08258623208033707	0.006627733149343715	-0.07595849893099335
DB03770	0.08256754404296046	0.03759384291886386	-0.0449737011240966
DB15888	0.08256479973491637	0.06028945509503392	-0.022275344639882455
DB15575	0.0825630487263036	0.010880576500802208	-0.07168247222550139
DB17408	0.08256239289398681	0.07585519579014233	-0.006707197103844488
DB13784	0.08255581546890674	0.00446914066991934	-0.0780866747989874
DB08402	0.08255326536363605	0.04359321866837512	-0.03896004669526093
DB01871	0.08254758891207858	0.04049496492697913	-0.04205262398509946
DB15188	0.08253146371458074	0.019201999791916502	-0.06332946392266424
DB11851	0.08251484823467131	0.04066225310619376	-0.041852595128477554
DB12569	0.08250381051310662	0.035220595885422645	-0.04728321462768398
DB04283	0.08249096129354067	0.015336027467021451	-0.06715493382651921
DB14876	0.08248746245996717	0.04965584084898067	-0.0328316216109865
DB14097	0.0824782139508396	0.05117238622487258	-0.03130582772596702
DB04337	0.08247587715025453	0.004535125041753598	-0.07794075210850093
DB12072	0.08246801352975708	0.00028009133770312555	-0.08218792219205395
DB11837	0.08244649522573173	0.006717537605616064	-0.07572895762011567
DB03143	0.08243615472396015	0.0006768189509306355	-0.08175933577302952
DB11478	0.0824355721156399	0.04053411747956126	-0.04190145463607864
DB12796	0.0824079125468618	0.052150104863130375	-0.03025780768373143
DB12856	0.08239937399213537	0.010067955689167074	-0.0723314183029683
DB01546	0.08239817693897472	0.03127768742573339	-0.05112048951324133
DB04045	0.08239250048741714	0.03906493847847159	-0.04332756200894555
DB02523	0.08239228718273156	0.039688093790897994	-0.04270419339183357
DB08297	0.08239177461475586	0.005921070644346993	-0.07647070397040887
DB03035	0.08239157404467834	0.05928627360789396	-0.02310530043678438
DB09166	0.08239001405518694	0.05991955930105847	-0.02247045475412847
DB00937	0.0823832965494179	0.06059884239865515	-0.021784454150762744
DB07594	0.0823788871913656	0.08215328087438872	-0.00022560631697687535
DB05973	0.08236287023803654	0.060634161834201256	-0.021728708403835284
DB02568	0.08234295012732706	0.029120190122605027	-0.053222760004722036
DB00148	0.08233463442824218	0.06631265092898331	-0.016021983499258874
DB08447	0.08233012637697731	0.04097465214462903	-0.04135547423234828
DB08602	0.08231273090232216	0.010791593426751955	-0.0715211374755702
DB03292	0.08230806685210806	0.04710462766743878	-0.03520343918466928
DB11092	0.0823032245173807	0.006986129592211121	-0.07531709492516958
DB12044	0.0822937372343513	0.07857123300423285	-0.003722504230118443
DB12390	0.08228881530832333	0.023324243370076547	-0.05896457193824678
DB17101	0.0822570965832155	0.05625236147388829	-0.026004735109327215
DB02107	0.08225601414152751	0.013138830023162976	-0.06911718411836454
DB04190	0.0822553041871264	0.060347225644648145	-0.021908078542478254
DB01857	0.08225084707429386	0.009259989376789957	-0.07299085769750391
DB17739	0.08224720497637915	0.03335359409480941	-0.04889361088156974
DB14073	0.08220660386212653	0.06838198654028338	-0.013824617321843147
DB01714	0.08219526687727158	0.009063405231657162	-0.07313186164561442
DB11794	0.08218314353036704	0.01975643279176864	-0.0624267107385984
DB01062	0.08217922445472631	0.029522119823238546	-0.05265710463148776
DB05984	0.082171793810904	0.05803421330748715	-0.024137580503416856
DB14630	0.08216310244088049	0.0033802616376170658	-0.07878284080326342
DB18493	0.08212338638189037	0.054234772942574505	-0.027888613439315868
DB09203	0.08210771007932775	0.028576708885712884	-0.05353100119361487
DB12547	0.0820885444941476	0.05478427764909455	-0.02730426684505305
DB08720	0.08207756407831941	0.05645058838346502	-0.025626975694854393
DB04665	0.08206474669527367	0.07313067095975773	-0.00893407573551594
DB08149	0.08206117463770357	0.05101112151528586	-0.03105005312241771
DB01880	0.08205412921577612	0.04080489981874835	-0.04124922939702777
DB11371	0.08203549848413591	0.0323758754565516	-0.04965962302758431
DB11537	0.08203287515486873	0.015455401683285963	-0.06657747347158277
DB14059	0.0820317417747484	0.07107475125808371	-0.01095699051666469
DB07302	0.08202851355159685	0.08015348895788493	-0.0018750245937119159
DB08945	0.08202541267452623	0.023731101364042106	-0.058294311310484126
DB17040	0.08201771142028191	0.02872510527382144	-0.053292606146460475
DB04279	0.08201039857158446	0.02153937980166354	-0.06047101876992092
DB00741	0.08200491632280041	0.03484139109293119	-0.04716352522986922
DB18122	0.08199542267246701	0.07128502510691653	-0.010710397565550478
DB02187	0.08198469058149652	0.05508736768901368	-0.026897322892482846
DB02201	0.08198169794859478	0.008985921508714911	-0.07299577643987987
DB08780	0.0819550221282917	0.06493355017823993	-0.01702147195005177
DB04067	0.08194871212998162	0.07600359217825087	-0.0059451199517307485
DB02785	0.0819462575342717	0.047241250910365296	-0.03470500662390641
DB04542	0.08193773171415336	0.07028129603162869	-0.011656435682524668
DB02181	0.081907296000811	0.028039524912522776	-0.05386777108828822
DB01971	0.0819027179092015	0.06964226066291024	-0.01226045724629127
DB03181	0.08190200795480035	0.03461715374632435	-0.047284854208476
DB00123	0.08188942616200423	0.0720053773156133	-0.009884048846390936
DB13325	0.08188094809666646	0.004827537112786717	-0.07705341098387974
DB06538	0.0818770194700697	0.02753245828747286	-0.05434456118259684
DB06237	0.08186837585482651	0.04907348085358043	-0.03279489500124608
DB08315	0.08186834401830617	0.05985795563440821	-0.02201038838389796
DB02894	0.08186259752640423	0.05424189158849846	-0.027620705937905776
DB06315	0.08186163606349323	0.06037296228760425	-0.021488673775888978
DB11137	0.08185540565648364	0.05916032833385354	-0.022695077322630097
DB14524	0.08185016854890545	0.0011280315848843925	-0.08072213696402106
DB18154	0.08183983123078584	0.06184022473017592	-0.01999960650060992
DB07375	0.08183919450038118	0.045691028863371286	-0.0361481656370099
DB08000	0.0818118119093291	0.047354054068853735	-0.03445775784047536
DB04308	0.0818019075678847	0.05301611551919572	-0.028785792048688988
DB01672	0.08178351561014618	0.02071142652188429	-0.061072089088261894
DB07805	0.0817831685920758	0.05476812379872853	-0.027015044793347265
DB01618	0.0817796888604143	0.008246129920763994	-0.0735335589396503
DB04217	0.08177566154060488	0.0014303002425815475	-0.08034536129802333
DB02031	0.08176921146160569	0.07810769963694902	-0.003661511824656672
DB00387	0.08176236342610371	0.010022505872882892	-0.07173985755322082
DB13511	0.08175711040026527	0.07127133540321651	-0.010485774997048766
DB00989	0.0817529207142027	0.013723106577081312	-0.06802981413712139
DB19041	0.0817518223542546	0.055598541225173714	-0.026153281129080885
DB17678	0.08175102644124888	0.03860578581637186	-0.04314524062487701
DB04293	0.0817468176532741	0.03440359436860352	-0.04734322328467058
DB14539	0.08174680173501392	0.009296677782706042	-0.07245012395230788
DB14034	0.08174405742696988	0.020458167003433392	-0.06128589042353649
DB11793	0.08174371995985547	0.013628647621550916	-0.06811507233830455
DB03549	0.08173608237865157	0.07254721578806145	-0.009188866590590117
DB00414	0.08172957499391609	0.052240730701624716	-0.029488844292291372
DB04348	0.08172921842488945	0.008740328224335903	-0.07298889020055355
DB04359	0.08170480299752303	0.029954714460160237	-0.05175008853736279
DB00337	0.08169421098724161	0.01966690212957034	-0.06202730885767127
DB03851	0.08168026340772766	0.02826239328875968	-0.05341787011896798
DB06926	0.08167879574414486	0.07976114204984142	-0.0019176536943034405
DB14663	0.08167359365673899	0.07795108942662055	-0.003722504230118443
DB02607	0.08163011452105717	0.012058438607154831	-0.06957167591390234
DB04685	0.0816289938755449	0.028062249820664853	-0.053566744054880044
DB06897	0.08161139464716033	0.04909949129061053	-0.0325119033565498
DB16241	0.08160184369109047	0.0557335217036562	-0.025868321987434273
DB17037	0.08159777180015275	0.017704620001204693	-0.06389315179894806
DB14658	0.08159231820423687	0.02834234115836798	-0.053249977045868896
DB00542	0.08158511996701229	0.06337593569124794	-0.018209184275764345
DB04840	0.08156004234002495	0.010362558112792186	-0.07119748422723277
DB17560	0.08154927841253437	0.06983939239619102	-0.011709886016343346
DB12505	0.08153839350626674	0.06735306841018734	-0.014185325096079393
DB07977	0.08152540420601179	0.06578313318986523	-0.01574227101614656
DB19051	0.08152239883850187	0.04736829136070175	-0.03415410747780012
DB14708	0.08151041238863421	0.056834721469288474	-0.02467569091934574
DB13513	0.08150939998729079	0.019482091129619517	-0.06202730885767127
DB06410	0.0814856594941534	0.03673002261539052	-0.04475563687876288
DB06204	0.08147555139897951	0.010307251709843993	-0.07116829968913552
DB03044	0.08145857616639152	0.06381537518001967	-0.017643200986371843
DB01395	0.08145615340720166	0.06685175146069133	-0.014604401946510331
DB01603	0.08144359389996991	0.05444887990844327	-0.026994713991526642
DB01790	0.0814289108968386	0.07493223596668475	-0.006496674930153858
DB08645	0.08142382978820939	0.0795579868469326	-0.0018658429412767852
DB16823	0.08142349868839904	0.017035193490272105	-0.06438830519812694
DB04471	0.08142295746755512	0.03102552308357842	-0.0503974343839767
DB07488	0.08140770459071156	0.03739643739150911	-0.04401126719920245
DB18782	0.081406526639463	0.052750261473340665	-0.02865626516612234
DB04075	0.08140387465732768	0.003609701071630056	-0.07779417358569762
DB03670	0.08140199948628601	0.05540579019707703	-0.025996209289208982
DB08573	0.0813987553448742	0.0366985362968804	-0.0447002190479938
DB00743	0.08139875216122217	0.05387117441230099	-0.027527577748921173
DB12365	0.08138018828627464	0.02302881956422942	-0.058351368722045216
DB04722	0.08137214956491576	0.04482556579545394	-0.03654658376946182
DB15058	0.08136441647415124	0.06159107212283496	-0.01977334435131628
DB07619	0.08136322897194657	0.016674880488886698	-0.06468834848305988
DB11260	0.08135977152584936	0.03657724552209793	-0.04478252600375143
DB07143	0.0813484058881262	0.061592441093205	-0.0197559647949212
DB07324	0.08133029090811383	0.06795295122632361	-0.013377339681790223
DB04495	0.08132884553009534	0.02166286092903813	-0.05966598460105721
DB15652	0.08132397454249973	0.07239252213625091	-0.008931452406248819
DB07163	0.08132197202537701	0.040817768140226376	-0.040504203885150636
DB04118	0.08126225944802856	0.050643416073902436	-0.030618843374126126
DB02646	0.08126145080041469	0.07602987640935499	-0.005231574391059694
DB11633	0.08126015823769325	0.021189197181016223	-0.06007096105667703
DB07434	0.08125179796748012	0.03269594072905886	-0.04855585723842126
DB00492	0.08124500087041037	0.033559761032532165	-0.0476852398378782
DB00907	0.08124023494333166	0.02024323865534261	-0.06099699628798905
DB11385	0.08123415416796714	0.03783313893954077	-0.043401015228426376
DB13156	0.08122089107363828	0.04923529315131503	-0.03198559792232325
DB07235	0.08122055679017581	0.017224111401332842	-0.06399644538884297
DB12357	0.08121663453088313	0.031979695431472055	-0.04923693909941107
DB00648	0.08120696259603649	0.03203691839293832	-0.04917004420309817
DB12163	0.08119006377109694	0.020581648130807872	-0.06060841564028907
DB00599	0.08117773348681079	0.04301222764334489	-0.0381655058434659
DB04396	0.08116055131684125	0.0076092849046375255	-0.07355126641220372
DB15881	0.08113788371443553	0.047830455757615575	-0.03330742795681996
DB08310	0.08113221681383409	0.0343310389389932	-0.046801177874840894
DB16050	0.08113127763648723	0.016728544127390915	-0.06440273350909631
DB12245	0.08112914458963172	0.018588974860228147	-0.06254016972940357
DB02701	0.08111155809585513	0.07023064412793845	-0.010880913967916683
DB06874	0.08110881378781118	0.047353780274779766	-0.03375503351303141
DB03224	0.08110247832028486	0.0319301387040779	-0.049172339616206956
DB03407	0.08108071805870576	0.06111357525777711	-0.01996714280092865
DB02643	0.08107681171767323	0.010677147503819429	-0.0703996642138538
DB01124	0.08107410561345352	0.027583110191163107	-0.05349099542229041
DB06497	0.08106966441888092	0.02433262694462235	-0.05673703747425857
DB03478	0.08104785640252161	0.054647654406168034	-0.02640020199635358
DB17263	0.0810348671022667	0.006518215519743298	-0.07451665158252341
DB12506	0.08103042272404218	0.0710325869706876	-0.009997835753354584
DB12861	0.08102664054543855	0.07649779048182281	-0.004528850063615733
DB07495	0.0810240426853876	0.03299711421046003	-0.048026928474927566
DB15358	0.0810129126379142	0.04504870796576477	-0.03596420467214943
DB07993	0.08100743038913016	0.05028529342510912	-0.03072213696402104
DB16862	0.08099921975056214	0.011587239005798958	-0.06941198074476318
DB08624	0.08098843353750729	0.013466561529742238	-0.06752187200776505
DB02554	0.08098053489683749	0.0014664410603496547	-0.07951409383648783
DB11443	0.08097116540893301	0.04711119872521474	-0.03385996668371827
DB03512	0.08096753604562656	0.05674436942486816	-0.024223166620758407
DB09332	0.0809581920269383	0.03508698437731014	-0.045871207649628154
DB16221	0.08095413287060861	0.04232692107612024	-0.03862721179448837
DB03073	0.08093476034804703	0.008416429834792655	-0.07251833051325438
DB03208	0.0809292271608306	0.004687080752824186	-0.07624214640800642
DB01593	0.08092168190553539	0.06551454120327016	-0.015407140702265232
DB15915	0.08091397746763912	0.015740968902469066	-0.06517300856517005
DB08798	0.08091077471370373	0.039243452214720254	-0.04166732249898347
DB07247	0.08090937709046547	0.004737732656514337	-0.07617164443395114
DB14232	0.08090825962860532	0.053230496279138506	-0.02767776334946681
DB11766	0.08089921487320728	0.037508692961849555	-0.04339052191135773
DB12099	0.08088429946347822	0.052880587452565186	-0.028003712010913034
DB15883	0.08087074984046716	0.024484582655692977	-0.05638616718477418
DB08479	0.08084544935783824	0.040194339033725934	-0.04065111032411231
DB02989	0.0808331095225961	0.07480273136968224	-0.006030378152913863
DB13676	0.0808235490155702	0.0473370788362657	-0.033486470179304506
DB16770	0.08081980504079089	0.0020887749905541043	-0.0787310300502368
DB09283	0.08080797140622037	0.065723172287659	-0.015084799118561365
DB07713	0.08079930550541309	0.07848224993018255	-0.002317055575230542
DB15173	0.08079141959935132	0.05089366385753946	-0.02989775574181186
DB09217	0.08078091991497871	0.07556606924799725	-0.005214850666981467
DB11417	0.0807733491904673	0.008320601908892278	-0.07245274728157503
DB03473	0.08074429836575503	0.023420618884124833	-0.057323679481630196
DB08387	0.08074193609595369	0.0031661546717482838	-0.0775757814242054
DB04116	0.08073723384191533	0.0505705868502182	-0.030166646991697132
DB08176	0.08072044644479667	0.03482989174182313	-0.04589055470297354
DB02413	0.08071686165261847	0.03331854845333726	-0.047398313199281214
DB04739	0.08070206722166628	0.06011778621063524	-0.020584281011031047
DB01641	0.08065334142745022	0.06055339258237091	-0.020099948845079305
DB17035	0.08064551919442907	0.06709241645173832	-0.013553102742690748
DB01537	0.08063351364264928	0.08013049025566887	-0.0005030233869804173
DB01249	0.0806197061438243	0.038206046468330146	-0.04241365967549415
DB15092	0.08061424936425654	0.010319846237248131	-0.07029440312700841
DB09350	0.0806113140370911	0.07583849435162826	-0.004772819685462837
DB02965	0.08059143213020586	0.059206051944211746	-0.02138538018599412
DB09571	0.08056239085644955	0.07808990302213903	-0.002472487834310524
DB16349	0.08055621138787239	0.006091370558375608	-0.07446484082949678
DB03907	0.08055134676758074	0.03285364611568342	-0.04769770065189732
DB04519	0.08054558754107066	0.006052218005793482	-0.07449336953527719
DB03623	0.08054490305588569	0.05741927181728079	-0.023125631238604893
DB03016	0.08054283686572261	0.003081826096955953	-0.07746101076876666
DB08462	0.08053282428010944	0.03060004709258074	-0.0499327771875287
DB06785	0.08052682309604554	0.005196611524540162	-0.07533021157150538
DB03615	0.08052659387309993	0.06424358911175732	-0.016283004761342618
DB01652	0.08052405968608942	0.0771491465838714	-0.003374913102218024
DB12803	0.08051725940536765	0.04213991972357749	-0.03837733968179016
DB11859	0.08051245845811661	0.00723172287659013	-0.07328073558152648
DB00915	0.08050320676533695	0.06791188211522348	-0.012591324650113478
DB00961	0.08049609448671691	0.028144935631013168	-0.05235115885570374
DB03078	0.08049039256594326	0.046353336728379824	-0.034137055837563435
DB03899	0.08048351587757308	0.009922844829946542	-0.07056067104762653
DB02844	0.08047423234827322	0.000451212633953757	-0.08002301971431947
DB01973	0.08046957148171108	0.07449854615346696	-0.005971025328244117
DB16446	0.08046279985385757	0.054140313987044	-0.026322485866813572
DB11450	0.08045876935039621	0.07763869038818527	-0.0028200789622109417
DB15623	0.08044191191293293	0.034619891687064364	-0.045822020225868565
DB19126	0.08042181670136211	0.043399098669908376	-0.03702271803145374
DB17882	0.08041777027964049	0.036940022670149286	-0.043477747609491205
DB04254	0.08040373037421797	0.002707275803722542	-0.07769645457049543
DB05835	0.0804016227965785	0.05068913968426067	-0.029712483112317833
DB03071	0.08038863349632358	0.009863705309962272	-0.0705249281863613
DB19170	0.08038731864803805	0.013781972302991496	-0.06660534634504656
DB03450	0.08038613751313725	0.014864554071591679	-0.06552158344154557
DB16267	0.08037535130008255	0.06000388787585087	-0.02037146342423169
DB01686	0.08036030217696843	0.055594434314063634	-0.0247658678629048
DB11831	0.080352569086204	0.01497133376045209	-0.06538123532575191
DB13540	0.08035164264346528	0.04142504339636077	-0.03892659924710451
DB11808	0.08034850037891833	0.028889929306370132	-0.0514585710725482
DB00006	0.08033985358002307	0.023271948701942297	-0.05706790487808078
DB07200	0.08032865985950928	0.06594494548759988	-0.014383714371909398
DB11775	0.08031563553908211	0.02151994042240951	-0.0587956951166726
DB00631	0.08030859330080653	0.04789178563019181	-0.03241680767061472
DB11398	0.08029264320416996	0.023192274626407938	-0.05710036857776202
DB03214	0.08028923988015707	0.044927417190982255	-0.035361822689174816
DB12280	0.08028453444246683	0.051692868759548566	-0.028591665682918266
DB00886	0.08028347746999509	0.07819202821174143	-0.0020914492582536637
DB13290	0.08028241413021922	0.029448195423258217	-0.050834218706961004
DB11064	0.08027967618947926	0.030150477223070987	-0.05012919896640827
DB01162	0.08027591948009177	0.05020863108438883	-0.03006728839570294
DB13689	0.08027586217435538	0.03294837886528783	-0.04732748330906755
DB13354	0.08027222007644073	0.06378197230299146	-0.016490247773449276
DB11899	0.08026535612267854	0.044757938659175656	-0.03550741746350289
DB07834	0.08025606622607469	0.059366495271576336	-0.02088957095449835
DB00449	0.08025271065684222	0.059721879979629716	-0.020530830677212508
DB02746	0.08024937737317378	0.04345029816174656	-0.03679907921142722
DB03459	0.0802400651910058	0.03729157426116669	-0.0429484909298391
DB08354	0.0802167990620197	0.0749760430185249	-0.005240756043494799
DB13142	0.0801871528943791	0.004574277594335749	-0.07561287530004335
DB18071	0.0801867422032681	0.0132738105016455	-0.0669129317016226
DB02845	0.08017163577441763	0.011654866142077225	-0.06851676963234041
DB08514	0.08015327565319941	0.038503660626769354	-0.041649615026430054
DB08449	0.08014918147669747	0.049589035094924405	-0.030560146381773068
DB16898	0.08014153116088565	0.048151342412344866	-0.03199018874854078
DB02642	0.08013316452336844	0.04631582694024167	-0.03381733758312677
DB13056	0.08012831900498898	0.03603212152076174	-0.044096197484227245
DB01346	0.08012014975389731	0.07318734633307594	-0.006932803420821365
DB07702	0.0801146611378093	0.00388595929229707	-0.07622870184551223
DB18744	0.08010658102897408	0.05814865923041959	-0.02195792179855449
DB13849	0.08010319999052545	0.05048187757024186	-0.029621322420283584
DB04725	0.08010013413362704	0.047856466194645675	-0.03224366793898137
DB07890	0.08009025207774684	0.03218202925215885	-0.04790822282558799
DB14642	0.0800837224074471	0.0613000290221718	-0.018783693385275302
DB00201	0.08007298713282465	0.03398961772871387	-0.046083369404110786
DB03174	0.08006838357199897	0.036351912999195046	-0.04371647057280392
DB03394	0.08006034166698822	0.027464557357120556	-0.052595784309867666
DB01614	0.08005623475587818	0.060257968776523785	-0.0197982659793544
DB02218	0.08005375150729999	0.03802342582097151	-0.042030325686328474
DB13743	0.08004488503641523	0.0311358620954008	-0.04890902294101443
DB15653	0.08003780141066341	0.017948844315213597	-0.062088957095449815
DB18313	0.08002882987926185	0.057115360395139536	-0.022913469484122317
DB13710	0.08002852106501565	0.04790355877537386	-0.03212496228964179
DB07876	0.08001207431866342	0.05354563325831374	-0.026466441060349677
DB13157	0.08000824120162744	0.027907282374780296	-0.05210095882684715
DB00603	0.0799993110577022	0.012865035949161885	-0.06713427510854031
DB07446	0.07997156234666741	0.022742978550972237	-0.057228583795695176
DB06535	0.07997072822983718	0.004461474435847311	-0.07550925379398987
DB04146	0.07997009149943257	0.033489943543661915	-0.046480147955770656
DB01183	0.07994870690879233	0.051981721507619705	-0.027966985401172623
DB08613	0.07994777728240152	0.024767685728210087	-0.05518009155419143
DB18058	0.07993797800147395	0.0619560396234784	-0.017981938377995554
DB06582	0.0799322092240077	0.030722159249585185	-0.04921004997442252
DB07855	0.07992756109205379	0.027816108948137908	-0.05211145214391588
DB09171	0.07992229851525928	0.0020887749905541043	-0.07783352352470518
DB13051	0.07990690555772684	0.024405456168306694	-0.05550144938942014
DB11737	0.07986960907427426	0.011731254688723547	-0.06813835438555071
DB11880	0.07984769599739805	0.018049600534446042	-0.06179809546295201
DB01194	0.07984594180513332	0.0321190566151387	-0.04772688518999463
DB11110	0.0798402812718359	0.020850787705550905	-0.058989493566284995
DB08500	0.07983014452379379	0.06234893411966991	-0.017481210404123884
DB08048	0.07981825358348688	0.01182516605610584	-0.06799308752738104
DB12817	0.0798042455145845	0.042470662964970776	-0.03733358254961372
DB01612	0.0797993363231646	0.049694993401562804	-0.0301043429216018
DB07551	0.07978870929271098	0.06846412476248365	-0.011324584530227333
DB03734	0.07977226891366282	0.013900798931107933	-0.06587146998255489
DB14886	0.0797698206852569	0.018052064681112034	-0.061717756004144864
DB11871	0.07976969652282795	0.05284417284072296	-0.02692552368210499
DB14820	0.07975374642619143	0.030034114741620543	-0.049719631684570886
DB00472	0.07975313834865497	0.006849506349284575	-0.07290363199937039
DB06995	0.07973553912027026	0.03603677602001981	-0.04369876310025045
DB17023	0.07972515086371841	0.05963864658113338	-0.020086504282585026
DB01821	0.07971801311588222	0.052966284997727486	-0.02675172811815474
DB01195	0.07971400808163696	0.0743345435031404	-0.0053794645784965706
DB13592	0.07971295429281733	0.025370032691012456	-0.05434292160180487
DB06867	0.07968138201570257	0.004453808201775322	-0.07522757381392725
DB02899	0.07968078030547016	0.06412640524808483	-0.015554375057385328
DB09224	0.07967140445026161	0.03292072566381374	-0.046750678786447876
DB08864	0.07966329568855846	0.04407783417935707	-0.03558546150920139
DB13062	0.07965783572533841	0.055191683231208155	-0.024466152494130256
DB07894	0.07965294563583081	0.022437150570313147	-0.05721579506551766
DB15268	0.07964266243979552	0.06177287138797166	-0.01786979105182386
DB16773	0.07963367499013385	0.010998855540770625	-0.06863481944936323
DB00466	0.07961554409186128	0.0023765325623292203	-0.07723901152953205
DB01595	0.07961319137301623	0.01571413708321697	-0.06389905428979925
DB08505	0.07960767092040785	0.059763496678877925	-0.019844174241529927
DB05075	0.07959523557560494	0.056138736933177835	-0.023456498642427104
DB02186	0.07958066081664239	0.011449520586576445	-0.06813114023006595
DB03844	0.07957885886959715	0.057135621156615635	-0.022443237712981512
DB02403	0.07957111304422464	0.04033561677591052	-0.039235496268314116
DB18463	0.07955517568219608	0.021198232385458204	-0.05835694329673788
DB02102	0.0795507631404919	0.016157683483098692	-0.06339307965739321
DB12271	0.07954870013398083	0.0780655353495529	-0.0014831647844279188
DB09277	0.07954293454016667	0.03264830056018267	-0.046894633979984
DB12383	0.07954065504531804	0.005752961082910346	-0.0737876939624077
DB11774	0.07952425923739814	0.002707275803722542	-0.0768169834336756
DB01964	0.0795222089654952	0.05565384762812192	-0.023868361337373266
DB13848	0.07951797470830424	0.023858141814378564	-0.055659832893925676
DB03914	0.07951707373478167	0.0007198046205487696	-0.0787972691142329
DB03783	0.07951510305417926	0.024970840931118884	-0.05454426212306038
DB04972	0.07950808310146787	0.06035023737946213	-0.01915784572200574
DB12681	0.07950254036329552	0.047168695480755085	-0.03233384488254043
DB03145	0.07949745288736229	0.009377173240462389	-0.0701202796468999
DB01327	0.07949434564298757	0.02962944710024698	-0.04986489854274059
DB12352	0.07947014033665467	0.0740205017002612	-0.005449638636393472
DB01952	0.079461012806304	0.010737655994173673	-0.06872335681213032
DB18077	0.07944739314294841	0.024691297181563765	-0.05475609596138464
DB06870	0.07944135057140818	0.07605725581675504	-0.00338409475465313
DB11933	0.07944050371997002	0.0460376521610566	-0.03340285155891343
DB03577	0.07942290130793339	0.06247652215815441	-0.016946379149778985
DB03526	0.0794210834426281	0.06086168470969611	-0.018559398732931998
DB00323	0.07941221378809127	0.03885685498223079	-0.040555358805860475
DB12380	0.07941182856619647	0.008032022954895166	-0.0713798056113013
DB17171	0.07940820238654196	0.015608178776578566	-0.0638000236099634
DB01562	0.07940637497028058	0.03666184789096427	-0.04274452707931631
DB09316	0.07939362762757929	0.021426576643175044	-0.057967050984404245
DB08830	0.07939135768368683	0.02902573116707463	-0.050365626516612194
DB00278	0.07938679232668544	0.05159950498031418	-0.02778728734637126
DB15152	0.07937386351581893	0.06385096840963972	-0.015522895106179213
DB01658	0.07936697727649267	0.018560500276532	-0.06080647699996067
DB03889	0.07934807275077849	0.02180632902381463	-0.05754174372696386
DB05446	0.07934490501701533	0.06362919520969887	-0.015715709807316458
DB03047	0.07933277530280677	0.05691905004408093	-0.022413725258725842
DB06080	0.07931528113493884	0.06949386427480164	-0.0098214168601372
DB11100	0.07931277241714446	0.0786618588427272	-0.0006509135744172667
DB15685	0.07930984982458722	0.03871612482819431	-0.04059372499639291
DB17619	0.07926836047141994	0.014402937262825932	-0.06486542320859401
DB14531	0.07925826829450616	0.06497653584785812	-0.014281732446648036
DB16219	0.07925364881542041	0.012198073584895327	-0.06705557523052508
DB08108	0.07924937953805722	0.05748525618911504	-0.021764123348942177
DB01230	0.07923937968705208	0.047559399624354515	-0.031679980062697566
DB07080	0.07923124545613265	0.07491882005705869	-0.004312425399073965
DB13308	0.07921722146897012	0.052059205230561956	-0.02715801623840816
DB13207	0.07921607217058976	0.07467541712527176	-0.004540655045318004
DB02131	0.07921130624351093	0.037924038572109145	-0.041287267671401784
DB19086	0.0792031497270273	0.046631237713490925	-0.032571912013536375
DB01434	0.07917035492753569	0.04812423679901878	-0.031046118128516903
DB08163	0.07916425823391116	0.004453808201775322	-0.07471045003213583
DB08675	0.07915595526943436	0.02963930368691098	-0.049516651582523385
DB03148	0.07914885890907453	0.05412196978408601	-0.025026889124988516
DB08860	0.07914822536232191	0.018628675000958328	-0.06051955036136358
DB11738	0.07914099210492503	0.009622766524841335	-0.06951822558008369
DB07374	0.07913557671283344	0.06737551952425541	-0.011760057188578033
DB00868	0.07911253980679306	0.0717039300401382	-0.007408609766654861
DB04646	0.0791059082596286	0.036979175222731475	-0.042126733036897124
DB13935	0.0790989615309138	0.006716716223394051	-0.07238224530751974
DB00189	0.0790893851056278	0.0490680049721004	-0.030021380133527398
DB04232	0.07906863406174014	0.0659408385764898	-0.01312779548525033
DB04080	0.07906505245321399	0.07351179231076721	-0.005553260142446779
DB08116	0.07906238773647056	0.038098445397247827	-0.040963942339222736
DB13393	0.07905710605776389	0.029338130205509794	-0.0497189758522541
DB03952	0.07905359448958235	0.07417026705873986	-0.004883327430842493
DB11262	0.07902757131794402	0.01136272786511805	-0.06766484345282597
DB13548	0.07901377973737933	0.02325360449898428	-0.05576017523839505
DB02798	0.07900918254385769	0.014085062342910626	-0.06492412020094707
DB00314	0.07900082227364463	0.058276521062978204	-0.02072430121066643
DB16172	0.07899544190172525	0.05558485152147369	-0.02341059038025156
DB02599	0.07898742864958261	0.030525027516304454	-0.048462401133278155
DB07684	0.07896515900367995	0.07506885920961126	-0.0038962997940686916
DB11878	0.078962975018392	0.01491767012194789	-0.06404530489644411
DB11378	0.07895612061558585	0.054669010343940116	-0.024287110271645734
DB14839	0.07894594248006748	0.06740919619535757	-0.011536746284709909
DB07778	0.07894417236954254	0.05566671594960004	-0.0232774564199425
DB14903	0.07894370118904315	0.04157699910743129	-0.03736670208161186
DB07231	0.07894226536198065	0.0174576577464558	-0.06148460761552485
DB07887	0.07893678629684858	0.0428594505500523	-0.03607733574679628
DB12507	0.07893632785095722	0.05026530645770705	-0.028671021393250173
DB02951	0.07893278126260328	0.03647813206730954	-0.04245464919529374
DB02528	0.07893207130820218	0.041582748782985346	-0.03734932252521683
DB11773	0.07893032666689333	0.04699949074302234	-0.031930835923870984
DB15527	0.0789116895679492	0.008335934377036391	-0.0705757551909128
DB01069	0.07889940703844336	0.06804439844704002	-0.01085500859140335
DB15662	0.07888384853100568	0.0492717077631572	-0.029612140767848474
DB03571	0.0788787737896805	0.03308856143117639	-0.04579021235850411
DB07071	0.07887111073926052	0.03584621534451504	-0.04302489539474548
DB03173	0.07887061727319691	0.0677122862352767	-0.011158331037920223
DB06262	0.07886178263883226	0.04462569612143308	-0.03423608651739918
DB04316	0.07885576553650836	0.07711026782536318	-0.001745497711145183
DB14773	0.07885556178277897	0.030755835920687313	-0.04809972586209166
DB12919	0.07884010833585803	0.05467695037208614	-0.024163157963771886
DB07925	0.07883965307361865	0.01842962670915954	-0.06041002636445911
DB12633	0.07883902907782209	0.05276641532370674	-0.02607261375411534
DB13221	0.07883154431191541	0.06588115146835771	-0.012950392843557701
DB13703	0.07882316812344216	0.007977537934168954	-0.0708456301892732
DB11841	0.07881901664120383	0.07836780400725007	-0.0004512126339537507
DB18954	0.07874034541605668	0.0233910491241327	-0.05534929629192398
DB00945	0.07873654413554104	0.05555254382074154	-0.02318400031479951
DB06209	0.07872618134820532	0.06814104775516239	-0.01058513359304293
DB14763	0.07872138995191033	0.01908098281120807	-0.05964040714070226
DB02936	0.07871416624546951	0.009713392363335682	-0.06900077388213383
DB12428	0.07871259670502197	0.011582584506540941	-0.06713001219848103
DB06257	0.0787070698851097	0.024889797885214615	-0.05381727199989508
DB09092	0.07870570728204371	0.05106204721305013	-0.027643660068993575
DB13298	0.07868752544533877	0.032627766004632575	-0.0460597594407062
DB01474	0.07867953766241248	0.06406726572810056	-0.014612271934311916
DB08242	0.0786701363379878	0.05284280387035312	-0.02582733246763469
DB12097	0.0786506905914296	0.0002256063169768785	-0.07842508427445272
DB00843	0.07864732547124104	0.07742321445194639	-0.0012241110192946492
DB12522	0.07863503657443126	0.012086091808628963	-0.0665489447658023
DB02501	0.07863008281188294	0.014380486148757754	-0.06424959666312519
DB13605	0.07862947791799849	0.05264704110744223	-0.02598243681055626
DB03657	0.0786254123943648	0.06027850333207385	-0.018346909062290945
DB06405	0.07861805497453908	0.0494036765068257	-0.02921437846771338
DB07674	0.07860926172765081	0.03863398660599393	-0.039975275121656884
DB00240	0.0786043111487546	0.026547621003291	-0.0520566901454636
DB06888	0.0785984182088596	0.06961515504958415	-0.008983263159275445
DB13377	0.07859824310799823	0.05768047136387777	-0.02091777174412046
DB09448	0.0785855084999052	0.03734742825226289	-0.041238080247642306
DB08617	0.07856379280945452	0.0011280315848843925	-0.07743576122457013
DB03179	0.07854931674370466	0.0587176033161938	-0.01983171342751086
DB11799	0.07854563325831376	0.035356123952053176	-0.04318950930626059
DB00436	0.07852827917113492	0.04958246403714839	-0.02894581513398653
DB15885	0.07852253904653692	0.02651339674404085	-0.052009142302496064
DB19088	0.07851961327032753	0.07255022752287543	-0.0059693857474520905
DB07588	0.07850859465067495	0.04278114544488798	-0.035727449205786965
DB08646	0.07849804402786986	0.06897831003345756	-0.009519733994412305
DB00464	0.07849626118273693	0.055452608983731166	-0.023043652199005768
DB11582	0.07849244716761294	0.022068897540781562	-0.05642354962683138
DB12572	0.07848720687638278	0.007774382731260188	-0.07071282414512259
DB00873	0.07847374639562832	0.03937925407542475	-0.03909449232020357
DB07183	0.07841528180987313	0.03129274609980348	-0.04712253571006965
DB11718	0.07840690880505186	0.048207470197515034	-0.03019943860753682
DB04068	0.07839418693156686	0.03154710079455042	-0.046847086137016436
DB13404	0.0783755816691429	0.05528011871711047	-0.023095462952032422
DB00341	0.07832342708169776	0.04988555407706757	-0.028437873004630188
DB03369	0.07831882988817618	0.05842710780367866	-0.01989172208449752
DB02005	0.07831743863224194	0.04614689599658306	-0.03217054263565888
DB08139	0.07829144092981993	0.06079186722082586	-0.017499573708994083
DB13813	0.07828020263817781	0.017542260115322117	-0.06073794252285569
DB13064	0.07827607344150361	0.0460376521610566	-0.032238421280447016
DB11586	0.07827239632341672	0.04749615319326027	-0.03077624313015645
DB03929	0.07826588257137723	0.017034098313976176	-0.061231784257401056
DB01024	0.07824848072941804	0.04274171909823188	-0.03550676163118616
DB12326	0.0782434919466975	0.04826113383601924	-0.02998235811067826
DB04555	0.07823918764916214	0.004359349246244912	-0.07387983840291723
DB13601	0.07823433894713067	0.07405144043062334	-0.004182898516507327
DB02843	0.07821158220246832	0.04163778139185953	-0.03657380081060879
DB14725	0.07820600762777555	0.007289219632130282	-0.07091678799564527
DB14516	0.07817711280201245	0.012684058066247283	-0.06549305473576517
DB00870	0.07816586495941416	0.05970025024778364	-0.018465614711630524
DB17738	0.07816147788692612	0.0488916815884437	-0.02926979629848242
DB07914	0.07815920794303358	0.025695573844999764	-0.05246363409803381
DB18063	0.07814725014603408	0.05847064106144484	-0.019676609084589236
DB13822	0.07812859394517785	0.06847179099655576	-0.009656802948622093
DB12314	0.07810659172604506	0.03636286476215511	-0.04174372696388995
DB03652	0.07810160612697653	0.038471626720111285	-0.039629979406865246
DB01355	0.07809158717405928	0.05668030161155191	-0.021411285562507376
DB15031	0.07809039330455059	0.06325546629868745	-0.014834927005863141
DB04338	0.07802872278120776	0.0524430645223114	-0.02558565825889636
DB09055	0.07802771037986445	0.022930253697588998	-0.05509745668227545
DB07396	0.07802487374591172	0.023045794796817454	-0.05497907894909426
DB08007	0.07802261972027916	0.017116784124324408	-0.06090583559595475
DB04225	0.07801616327397604	0.055043013049025535	-0.0229731502249505
DB05389	0.07801113628743134	0.0595556869767111	-0.018455449310720233
DB01637	0.07800531657153276	0.07226055339258236	-0.005744763178950396
DB14085	0.07800427551732117	0.004238879853684457	-0.07376539566363671
DB02422	0.07799175739756567	0.04890756164473575	-0.029084195752829917
DB04278	0.07798203134063458	0.06343206347641811	-0.01454996786421648
DB16326	0.07798159836395942	0.014900694889359814	-0.0630809034745996
DB11709	0.07795667355226932	0.030973502209518222	-0.046983171342751096
DB18054	0.07795200950205516	0.05484998822685483	-0.023102021275200335
DB03346	0.07795174844258922	0.004123064960381997	-0.07382868348220722
DB03399	0.07794901686915329	0.013458073913448217	-0.06449094295570507
DB12540	0.07794276099292755	0.02968858662023119	-0.04825417437269636
DB12855	0.0779358652026451	0.051567471073656	-0.0263683941289891
DB16527	0.07793094327661726	0.020798766831490734	-0.057132176445126526
DB15601	0.07791887086814499	0.019222534347466583	-0.058696336520678405
DB12882	0.07790673160298012	0.059518177188572885	-0.018388554414407232
DB07335	0.07790022103459271	0.03585415537266112	-0.042046065661931586
DB00706	0.07789912904194862	0.05796412202454293	-0.019935007017405693
DB16704	0.0778955283315104	0.05692397833741286	-0.020971549994097533
DB00859	0.0778797214992149	0.04307109336925519	-0.03480862812995972
DB11273	0.07786154602981399	0.03786626802249493	-0.03999527800731906
DB06200	0.07785745185331211	0.04235265771907637	-0.03550479413423574
DB03260	0.07785635667701607	0.0345963453967002	-0.04326001128031587
DB12001	0.0778493239896966	0.0696589621014242	-0.008190361888272404
DB14929	0.0778349911882879	0.056171866016131944	-0.02166312517215596
DB18108	0.07782482260372564	0.03293277260306976	-0.04489205000065588
DB07535	0.07781097371742435	0.027591597807457013	-0.050219375909967334
DB06768	0.07780009836211288	0.048827066186979406	-0.028973032175133473
DB13940	0.07779553937241558	0.0680200307744539	-0.009775508597961682
DB13706	0.07778991067563845	0.06291596164692614	-0.014873949028712308
DB11717	0.07778304353822424	0.0124464048100143	-0.06533663872820994
DB03656	0.07778169366976638	0.024835039070414358	-0.05294665459935202
DB00921	0.07776275094022797	0.06726025221910098	-0.01050249872112699
DB08897	0.07776228931068468	0.02300061877460735	-0.054761670536077334
DB02978	0.07776116866517246	0.06545677065365596	-0.012304398011516504
DB08582	0.07775130571120428	0.0615519195702528	-0.016199386140951483
DB05519	0.07774743120669195	0.0159542544861159	-0.06179317672057605
DB04292	0.07773002936473272	0.07240073595847085	-0.00532929340626187
DB13851	0.07772721183269218	0.023907972335846767	-0.05381923949684542
DB04228	0.07769686844525842	0.04155591696373323	-0.036140951481525185
DB13962	0.07769602796112424	0.027529446552658765	-0.05016658140846547
DB16839	0.07768639423010187	0.018328322901779104	-0.05935807132832277
DB02621	0.0776751686730678	0.06769667997305862	-0.009978488700009183
DB17969	0.07767219514207815	0.030685744637743095	-0.04698645050433506
DB13532	0.07767087711014042	0.0037225042301184397	-0.07394837288002198
DB03415	0.07766181643648234	0.05973529588925586	-0.017926520547226484
DB03537	0.0776585563768104	0.05746088851652892	-0.020197667860281487
DB02534	0.07765361534887025	0.050935006762713564	-0.026718608586156684
DB08064	0.0776434117441358	0.041101418800891465	-0.03654199294324434
DB04503	0.07762753487149571	0.014804045581237438	-0.06282348929025827
DB02038	0.07762726426107375	0.005978567399887225	-0.07164869686118652
DB12836	0.07761663404696806	0.046460664005388286	-0.031155970041579772
DB18013	0.07760910152628098	0.05405160470706771	-0.023557496819213264
DB06152	0.07759472415374394	0.03746762385074942	-0.04012710030299452
DB13541	0.07758088163474675	0.048739999671447126	-0.02884088196329962
DB12150	0.07755599502688088	0.030314753667471633	-0.04724124135940924
DB01927	0.07755574988567498	0.020176980489434282	-0.0573787693962407
DB12050	0.07754622758247343	0.06337401913272989	-0.01417220844974354
DB12243	0.0775437825377196	0.03315016509782662	-0.04439361743989298
DB16239	0.0775307773192046	0.004414655649193128	-0.07311612167001147
DB15170	0.07750531447032251	0.047085188288184754	-0.030420126182137755
DB04454	0.07749100395447794	0.009864526692184294	-0.06762647726229365
DB08006	0.07748919882378061	0.07523313565401185	-0.0022560631697687537
DB08394	0.07748191781160352	0.03980664662494049	-0.03767527118666303
DB07343	0.07746094391207417	0.057551514355023314	-0.019909429557050856
DB04087	0.0774591260467688	0.03515269495507034	-0.04230643109169846
DB14529	0.07745819960403011	0.025904204929388497	-0.05155399467464161
DB03105	0.07745191189128411	0.03453227758338399	-0.042919634307900134
DB00532	0.07744107473979689	0.0371749379856422	-0.04026613675415469
DB00468	0.07743816806549964	0.015116718413746622	-0.062321449651753014
DB18784	0.07743619420124523	0.03132888691757152	-0.04610730728367371
DB04114	0.07743543330841171	0.061054709531866896	-0.016380723776544807
DB05713	0.07742654773561478	0.025392483805080523	-0.05203406393053425
DB01623	0.07741843260660752	0.07379954988254234	-0.0036188827240651866
DB11246	0.07740328479028072	0.01572946955136103	-0.06167381523891968
DB17689	0.07740060415527705	0.056196233688717956	-0.021204370466559097
DB04347	0.07739763699159141	0.05678023644856228	-0.02061740054302913
DB07176	0.07738116477602308	0.051805671918037005	-0.025575492857986076
DB16192	0.07737502987857425	0.04570718271373736	-0.03166784716483689
DB09272	0.07737500759301011	0.052125463396470284	-0.025249544196539832
DB02959	0.07737002836124568	0.033030517087488165	-0.044339511273757515
DB15374	0.07735985977668336	0.030011389833478452	-0.04734846994320491
DB07116	0.07734732255501581	0.02385239213882462	-0.05349493041619119
DB07610	0.07733759649808469	0.03386476763096946	-0.04347282886711523
DB12026	0.07733626891519096	0.04231679069538219	-0.035019478219808775
DB07913	0.07733244534911099	0.0038238080374988215	-0.07350863731161217
DB08005	0.07733073254432249	0.009736391065551797	-0.06759434147877069
DB12143	0.07732771125855231	0.04901215098100409	-0.028315560277548224
DB06519	0.07731960568050114	0.010650315684567313	-0.06666928999593383
DB06530	0.07731888935879594	0.04897217704620005	-0.02834671231259589
DB00202	0.07731754904129418	0.00812264879338953	-0.06919490024790464
DB11134	0.07730833873599083	0.017667931595288566	-0.05964040714070226
DB02071	0.07728664533110421	0.006925347307782853	-0.07036129802332136
DB06518	0.07727785526786808	0.013472584999370277	-0.0638052702684978
DB13238	0.07727286330149558	0.02911444044705097	-0.048158422854444605
DB13709	0.07725875653938052	0.04166050630000173	-0.03559825023937879
DB03199	0.07725840952131002	0.004453808201775322	-0.0728046013195347
DB07251	0.07725230646038123	0.0620773303982608	-0.015174976062120434
DB11281	0.07724991235405977	0.01735635393907531	-0.05989355841498446
DB14925	0.07724427410632656	0.017520904177549923	-0.05972336992877664
DB13547	0.07724292423786883	0.06549893494105219	-0.011743989296816637
DB16074	0.07723731145935175	0.017819887306359194	-0.05941742415299256
DB04270	0.07722781462536626	0.04718348036075104	-0.030044334264615224
DB08284	0.07721380655646393	0.021483799604641363	-0.055730006951822564
DB13208	0.07720790088196072	0.04517082012276924	-0.03203708075919148
DB01296	0.0771969013642203	0.023589823621857464	-0.05360707774236284
DB07981	0.07717847756996166	0.020005311605035603	-0.057173165964926054
DB06365	0.07713739890790555	0.006197328865014118	-0.07094007004289143
DB00671	0.07713362309660593	0.0713104879557987	-0.005823135140807234
DB07659	0.07712035045132082	0.06564623615286469	-0.011474114298456128
DB00381	0.07711802638534393	0.025783735536828	-0.05133429084851593
DB15196	0.07710887975308106	0.02109227407881986	-0.0560166056742612
DB18880	0.07709999418028413	0.027900437522930255	-0.04919955665735387
DB01794	0.07709408850578081	0.012444762045570212	-0.0646493264602106
DB06235	0.07707760355560447	0.06654428071558821	-0.010533322840016266
DB02238	0.0770763014419269	0.020835729031480787	-0.05624057241044611
DB08476	0.07707088923348737	0.03321505429336491	-0.04385583494012246
DB12499	0.07706489123307547	0.04173881140516589	-0.035326079827909584
DB03441	0.07705586557958957	0.021853147810468765	-0.05520271776912081
DB06858	0.07703426450061168	0.01834940504547722	-0.058684859455134464
DB08317	0.07702754062753853	0.04144503036376279	-0.035582510263775735
DB16607	0.07699786580702968	0.03078595326882745	-0.04621191253820223
DB00296	0.07698302680494921	0.06193331471533628	-0.015049712089612935
DB18818	0.07696619802035432	0.023949041446946984	-0.05301715657340733
DB12755	0.07696524929205127	0.06009232336175313	-0.01687292593029814
DB09273	0.07694987543643099	0.04747808278437626	-0.029471792652054726
DB13721	0.07691286229800841	0.07601043703010091	-0.0009024252679075014
DB11555	0.07688363000513077	0.028580268208674875	-0.04830336179645589
DB14971	0.07687993696878381	0.016212168503824904	-0.060667768464958916
DB07888	0.07687075213269662	0.06666173837333461	-0.010209013759362007
DB16843	0.07686890243087108	0.01570729223136691	-0.06116161019950417
DB03164	0.07686824023125027	0.005636324807385851	-0.07123191542386442
DB01932	0.0768561837410382	0.009426456173782571	-0.06742972756725563
DB00459	0.07685110263240907	0.034920791374391524	-0.04193031125801755
DB01211	0.07681021817312625	0.037090061822701914	-0.039720156350424335
DB18511	0.07680890332484061	0.009338842070102236	-0.06747006125473837
DB12602	0.07680845442990536	0.020387528132341126	-0.05642092629756423
DB05038	0.07679567843433598	0.07600605632491692	-0.0007896221094190638
DB16888	0.07677173100381696	0.005188945290468094	-0.07158278571334886
DB17054	0.0767582164009782	0.03515844463062441	-0.04159977177035379
DB08533	0.07675719126502667	0.0200496662450238	-0.05670752502000287
DB09068	0.07675144477312468	0.06389778719629391	-0.012853657576830768
DB14088	0.07674251781285144	0.025365925779902404	-0.05137659203294903
DB08508	0.07673723295049284	0.07345675970189303	-0.0032804732485998134
DB04136	0.07672683514298485	0.03430694506048115	-0.0424198900825037
DB01751	0.076725628538868	0.06890712357421735	-0.007818504964650641
DB08742	0.07672557760043563	0.04634840843504784	-0.030377169165387796
DB01284	0.07671807691626881	0.03458183431077816	-0.04213624260549065
DB14176	0.07669868529179508	0.007345073623226506	-0.06935361166856857
DB14080	0.0766893953951912	0.03580021794008292	-0.04088917745510828
DB06314	0.0766832859669585	0.015050460247838404	-0.0616328257191201
DB06207	0.07666029681569853	0.07055974460488779	-0.006100552210810739
DB04525	0.07665896286550078	0.07111226104622193	-0.005546701819278854
DB07567	0.07665747928365785	0.04849112085818008	-0.028166358425477767
DB00534	0.07665269107101488	0.059556782153007054	-0.01709590891800783
DB02479	0.07664295864677989	0.06750721447385	-0.009135744172929894
DB03779	0.07661493932532293	0.053162047760638265	-0.023452891564684664
DB03865	0.07659279702550119	0.07557756859910525	-0.0010152284263959391
DB01143	0.07658114485909606	0.01372748728226525	-0.06285365757683081
DB04810	0.07657837826548786	0.04608447094771084	-0.030493907317777014
DB07553	0.07654420176101795	0.045003258149480585	-0.031540943611537364
DB03315	0.076543644621914	0.06854544160246201	-0.007998203019451991
DB01716	0.07654163255383534	0.021173317124724256	-0.05536831542911108
DB03227	0.07654070292744442	0.005578006669623603	-0.07096269625782081
DB01569	0.07652993263264973	0.003038019045115803	-0.07349191358753393
DB08659	0.07651518595647788	0.009359924213800275	-0.06715526174267761
DB06680	0.07650496006617935	0.01584309409207152	-0.06066186597410783
DB11995	0.07647528206201826	0.06330420164385964	-0.01317108041815862
DB11490	0.07647385896956399	0.03783779343879884	-0.03863606553076515
DB15670	0.07644608797296493	0.006305477524244485	-0.07014061044872044
DB06877	0.0764359002864905	0.04112195335644153	-0.03531394693004897
DB03479	0.07643188888494112	0.06993193479320325	-0.0064999540917378695
DB00696	0.07642429905851769	0.06457734408796456	-0.01184695497055313
DB08301	0.07641979100725274	0.0514502872099836	-0.024969503797269144
DB12604	0.07641078127202694	0.014229351819909253	-0.06218142945211769
DB11195	0.07639387926343537	0.015067983068574473	-0.061325896194860896
DB13557	0.07637977568497226	0.005901083676944863	-0.0704786920080274
DB04169	0.07637910711804738	0.049436531795705785	-0.026942575322341594
DB02698	0.07637562738638588	0.035091638876568146	-0.04128398850981774
DB13841	0.07636820947717184	0.05850596049699108	-0.017862248980180753
DB08549	0.07636778605145278	0.01852435945876396	-0.05784342659268882
DB03933	0.07636198862111832	0.07230107491553456	-0.0040609137055837565
DB04594	0.0763474998207604	0.07328509081749436	-0.003062409003266044
DB01099	0.07633427811390776	0.026191962501163624	-0.05014231561274414
DB11860	0.07633111356379663	0.05261884031782016	-0.023712273245976467
DB15457	0.07631973200781343	0.0076314622246316105	-0.06868826978318182
DB00192	0.07630265171470857	0.045236530700529465	-0.031066121014179104
DB02059	0.07629844611038583	0.06932137400818095	-0.006977072102204884
DB12233	0.0762868512497171	0.029497478356578427	-0.04678937289313867
DB12450	0.07628282711355977	0.008216286366697911	-0.06806654074686186
DB06928	0.076272330612839	0.024542900793455225	-0.051729429819383776
DB15038	0.07626479172484801	0.05229412054605498	-0.023970671178793035
DB00206	0.07625892425416904	0.03891681588443702	-0.03734210836973202
DB03485	0.07625783544517706	0.0019759718320656663	-0.0742818636131114
DB11838	0.07625746295789032	0.03799358226690541	-0.03826388069098491
DB09047	0.07623823369966984	0.07420777684687796	-0.0020304568527918783
DB11487	0.0762055757972151	0.048839660714383504	-0.027365915082831593
DB16182	0.07620507596384751	0.0272055481631156	-0.04899952780073191
DB00501	0.07620133835637222	0.006297811290172484	-0.06990352706619973
DB16825	0.07619946636898245	0.06043620871869848	-0.01576325765028397
DB13817	0.07619045026645266	0.036015146288173816	-0.04017530397827884
DB04770	0.0761872602471253	0.057380940646920675	-0.018806319600204624
DB01134	0.07618180346755743	0.054198632124806245	-0.021983171342751184
DB12541	0.07617897320090876	0.05507888007271977	-0.021100093128188988
DB08504	0.07617369470585417	0.059828385874416135	-0.016345308831438032
DB12766	0.07613508337411588	0.055105164303823784	-0.0210299190702921
DB05864	0.07612237423523915	0.013296261615713623	-0.06282611261952553
DB06364	0.07611782798014988	0.011740016099091588	-0.06437781188105829
DB02976	0.07611231071119355	0.06786095641745937	-0.008251354293734177
DB04248	0.07610207526993863	0.05688290922631267	-0.019219166043625963
DB07898	0.07609587351579733	0.0641170962495688	-0.011978777266228535
DB12900	0.07609318332983761	0.061713731867987454	-0.014379451461850157
DB08324	0.07609307508566895	0.06148867313915862	-0.014604401946510331
DB08792	0.07608224111783368	0.03610139142148405	-0.03998084969634963
DB06581	0.07607479455575128	0.060234148692085654	-0.015840645863665626
DB07635	0.07607430427333972	0.016157135894950714	-0.05991716837838901
DB04423	0.07604641548161589	0.030418521621518035	-0.04562789386009786
DB01204	0.07604079951944683	0.003916624228585196	-0.07212417529086163
DB15422	0.07602018855624826	0.0708053378892668	-0.005214850666981467
DB18882	0.076010720375131	0.005880275327320814	-0.07013044504781019
DB09517	0.07599220107131165	0.06936435967779914	-0.00662784139351251
DB04728	0.07598609164307898	0.045174105651657276	-0.030811985991421716
DB14887	0.07598060939429488	0.06138079827400214	-0.014599811120292738
DB08557	0.07596609194106878	0.0025361545074717995	-0.07342993743359698
DB00333	0.07596606965550469	0.028497582398326587	-0.0474684872571781
DB04176	0.07595308672255366	0.02882038561157374	-0.04713270111097992
DB08620	0.07595166681375137	0.041511288529671064	-0.03444037828408031
DB14522	0.07594946054289925	0.03476089563517487	-0.04118856490772438
DB16936	0.0759483844685154	0.026704231213619617	-0.049244153254895784
DB17198	0.07592311900605872	0.057068267814411405	-0.018854851191647322
DB05874	0.0759197061310898	0.07115606809806208	-0.004763638033027716
DB13336	0.07591728337190007	0.01406836090439656	-0.06184892246750351
DB12933	0.07591289629941209	0.05410581593371999	-0.021807080365692094
DB00343	0.07590439276485789	0.004850535815002832	-0.07105385694985505
DB02379	0.07589179823745384	0.02212502532595184	-0.053766772911502
DB06917	0.07588771042825604	0.026614700551421344	-0.049273009876834695
DB18017	0.07588086239275393	0.01966881868808834	-0.05621204370466559
DB00715	0.07586536755835663	0.03163964319156276	-0.04422572436679387
DB08940	0.07586105370986518	0.032149173963278765	-0.04371187974658641
DB18406	0.07585357849491456	0.0641069658688308	-0.011746612626083765
DB16761	0.07584708066113499	0.025615899769465378	-0.05023118089166961
DB15596	0.0758429196279406	0.045578225704882847	-0.030264693923057754
DB11798	0.07584207277650257	0.04578986852408573	-0.030052204252416836
DB03884	0.07583389715810665	0.05533323476746668	-0.020500662390639968
DB03869	0.07582602080300105	0.0005640157924421407	-0.07526200501055891
DB17578	0.07581621197111739	0.07127818025506655	-0.00453803171605084
DB14511	0.07581435590198787	0.06118339274664736	-0.014630963155340515
DB13537	0.07580667693330762	0.050396453819153475	-0.02541022311415414
DB08008	0.07579466501422391	0.0080448912763732	-0.06774977373785071
DB07963	0.07579318779968514	0.013768830187439435	-0.0620243576122457
DB14695	0.07579283441431055	0.07201851943116544	-0.0037743149831451096
DB03452	0.07579121711908277	0.01709488059840436	-0.058696336520678405
DB01229	0.07577378662425535	0.034017270930188	-0.04175651569406735
DB03582	0.07577372931851889	0.0362155635503425	-0.03955816576817639
DB12226	0.07576316596110572	0.01976656317250669	-0.055996602788599026
DB15297	0.07575854966567203	0.011603392856165073	-0.06415515680950695
DB00632	0.07575689735027188	0.054236415707018426	-0.02152048164325346
DB11157	0.07574692296848293	0.07235528614218667	-0.00339163682629625
DB07424	0.07573848947427336	0.00948696466413681	-0.06625152481013655
DB07290	0.07568993241361444	0.06229390151079567	-0.013396030902818767
DB15021	0.0756705248708806	0.009358007655282309	-0.0663125172155983
DB18757	0.07566797158195793	0.0210128737973595	-0.05465509778459843
DB11730	0.07566436132056353	0.07543875500358665	-0.00022560631697687535
DB16277	0.0756503819045294	0.005083808366051724	-0.07056657353847767
DB06935	0.07559814772578355	0.013692167846719117	-0.06190597987906443
DB07546	0.07559757785207144	0.023296590168602416	-0.052300987683469025
DB13636	0.07557955519796766	0.049868305050405404	-0.02571125014756226
DB12805	0.0755697941208644	0.06550276805808819	-0.010067026062776208
DB08052	0.07554677950038823	0.05794194470454883	-0.017604834795839398
DB03354	0.0755280628101434	0.009423444438968587	-0.06610461837117482
DB08270	0.07549699355004835	0.03961280042054771	-0.03588419312950064
DB00916	0.07549671020501829	0.03532107831058105	-0.040175631894437236
DB00576	0.07549654783876508	0.041215864723823936	-0.034280683114941146
DB07825	0.07549458670911877	0.030305444668955572	-0.045189142040163194
DB06590	0.07549035881923186	0.06241601366780017	-0.013074345151431688
DB13997	0.07548067096612504	0.057276077516578205	-0.018204593449546835
DB01435	0.07545920041688003	0.04258757303456917	-0.032871627382310864
DB01190	0.07545914311114366	0.028175600567301284	-0.04728354254384237
DB12029	0.07544136559824588	0.016295128108247292	-0.05914623748999859
DB02342	0.07543598840997856	0.06619957397642084	-0.009236414433557716
DB12523	0.07542841768546721	0.0455700118826628	-0.02985840580280441
DB15462	0.07539158283155795	0.06779278169303304	-0.007598801138524902
DB00794	0.07538197138609959	0.061113027669629116	-0.014268943716470472
DB03679	0.07537273879523218	0.0033879278716891447	-0.07198481092354303
DB12809	0.07535917325396102	0.03742025747594713	-0.03793891577801389
DB00227	0.07534167908609327	0.047513402219922396	-0.02782827686617087
DB06431	0.07533926269420751	0.04623834321729939	-0.029100919476908127
DB02603	0.07533508255910099	0.06455516676797046	-0.010779915791130523
DB17851	0.07532974994196198	0.006727394192280106	-0.06860235574968188
DB04239	0.075323580024341	0.037638471352926056	-0.037685108671414946
DB03660	0.0753038764019689	0.04915780942837278	-0.026146066973596116
DB01856	0.07529133281299727	0.007321527332862399	-0.06796980548013487
DB12024	0.07528931756126644	0.009045334822773032	-0.06624398273849341
DB03775	0.07528902784893232	0.021755403326050415	-0.053533624522881906
DB00264	0.07528720998362717	0.01495162058712407	-0.0603355893965031
DB04954	0.07528719088171493	0.03820741543870021	-0.03707977544301472
DB02644	0.07528509922233562	0.04730860425256955	-0.027976494969766064
DB03092	0.07526899631040196	0.035305198254288905	-0.039963798056113053
DB14102	0.07526551339508845	0.06224461857747543	-0.013020894817613024
DB13800	0.07525927343712294	0.059927225535130524	-0.01533204790199242
DB03904	0.07524511573657544	0.016835050022177334	-0.05841006571439811
DB04831	0.07523478796941196	0.05366610265087424	-0.021568685318537728
DB08941	0.07522189099506565	0.0014387878588755787	-0.07378310313619008
DB01021	0.07521796873577302	0.054942256829793146	-0.020275711905979876
DB16041	0.07519700438719985	0.04643711771502418	-0.028759886672175675
DB00274	0.07518418063685006	0.04630624414765161	-0.028877936489198452
DB14814	0.0751564351094674	0.047669191048029025	-0.027487244061438376
DB16850	0.07515264019625562	0.0706405138567181	-0.0045121263395375075
DB18070	0.07515218811766824	0.005291618068218512	-0.06986057004944973
DB02654	0.07515099106450757	0.02906762166039678	-0.046083369404110786
DB08224	0.07514540057155467	0.05875483931025799	-0.016390561261296677
DB03842	0.07513891228873124	0.015023354634512293	-0.06011555765421894
DB03200	0.07512593253943248	0.02355423039223739	-0.051571702147195086
DB08627	0.075109457140212	0.025910228399016577	-0.04919922874119542
DB18799	0.07510744507213335	0.0423282900464903	-0.03277915502564305
DB18060	0.07509847354073179	0.05216598491942248	-0.022932488621309307
DB01092	0.07509238321441122	0.022909445347964907	-0.052182937866446316
DB13931	0.07508837181286188	0.03584238222747904	-0.039245989585382834
DB16288	0.07507802176013421	0.07192871497489306	-0.003149306785241149
DB04335	0.07507433509109124	0.03511381619656223	-0.03996051889452901
DB01342	0.07507108458237552	0.00952228409968292	-0.0655488004826926
DB06517	0.07505218960761745	0.0028745639829371727	-0.07217762562468027
DB00558	0.07505062325082201	0.04910524096616453	-0.02594538228465748
DB00237	0.07504973819555949	0.05586795459399074	-0.019181783601568747
DB09197	0.07504235212286547	0.02676063279286378	-0.04828171933000169
DB04426	0.07504027956539838	0.034884650556623376	-0.04015562900877501
DB15130	0.07503856994426183	0.025739654690913882	-0.04929891525334795
DB16771	0.07503835982322826	0.020160279050920223	-0.05487808077230805
DB12864	0.07502236515546351	0.035370087449827226	-0.039652277705636285
DB18305	0.07501966541854771	0.03338480661924553	-0.04163485879930218
DB09321	0.075016564541477	0.07197087926228918	-0.003045685279187817
DB07237	0.07500852582011827	0.005668358714044003	-0.06934016710607427
DB12069	0.07500799733388247	0.043974340019384606	-0.031033657314497864
DB02736	0.07499874564110287	0.04754790027324651	-0.027450845367856358
DB11455	0.07499573390628883	0.0697389099710326	-0.005256823935256227
DB15646	0.07498950031562723	0.07281115327539844	-0.0021783470402287897
DB04209	0.07498276052429398	0.04821102952047707	-0.026771731003816912
DB00865	0.07498039825449276	0.051222216746340754	-0.02375818150815201
DB01077	0.07498008307294243	0.03839742852605699	-0.036582654546885446
DB08671	0.07497859312379554	0.011909494630898215	-0.06306909849289732
DB02816	0.07497028697566677	0.03246841785356391	-0.04250186912210285
DB00519	0.07496549557937182	0.06279357569584765	-0.01217191988352418
DB02061	0.07496327020660765	0.0393384587583987	-0.03562481144820895
DB02382	0.07495728812445587	0.05049310312727595	-0.024464184997179922
DB19195	0.07494759708769694	0.04851001264928623	-0.02643758443841071
DB11459	0.07493567749452185	0.0020887749905541043	-0.07284690250396775
DB18536	0.074934591869182	0.0035590491679398095	-0.07137554270124219
DB05630	0.07493365905913907	0.037285276997464645	-0.037648382061674424
DB02425	0.07493154193054362	0.05993790350401651	-0.014993638426527105
DB14635	0.07491900470887597	0.005414551607444973	-0.069504453101431
DB08003	0.07490658528233335	0.0624579041611224	-0.012448681121210947
DB02328	0.07489554756076858	0.07320350018344202	-0.001692047377326565
DB04384	0.07489220790979614	0.019139574743044258	-0.055752633166751886
DB13753	0.0748914788534829	0.06413845218734093	-0.010753026666141974
DB13330	0.07487962611700022	0.06622886994233895	-0.008650756174661262
DB12689	0.0748553061991945	0.060758190549723756	-0.014097115649470748
DB02868	0.07483843602712324	0.018691647637978592	-0.05614678838914465
DB11960	0.07483147019649627	0.06162858191097309	-0.013202888285523184
DB16854	0.07482770393615285	0.02217814137630808	-0.052649562559844765
DB08255	0.0748208718189108	0.021416446262437095	-0.053404425556473706
DB03709	0.07480390613727872	0.0012408347433727762	-0.07356307139390594
DB07655	0.07479688936821954	0.04130320503343027	-0.033493684334789275
DB02592	0.07479253413225165	0.04227079329094996	-0.03252174084130169
DB12461	0.07478966566177878	0.06185665237461599	-0.012933013287162787
DB02305	0.07477060832076754	0.03510259063952825	-0.03966801768123929
DB12770	0.07476911200431652	0.04845908695152201	-0.026310025052794506
DB07192	0.07476662557208635	0.0013498047848252703	-0.07341682078726108
DB13852	0.07474862201989474	0.03481236892108708	-0.03993625309880766
DB04596	0.07474405984654542	0.04562805622635102	-0.029116003620194397
DB11970	0.07473790584718445	0.05020780970216682	-0.02453009614501764
DB12093	0.07473626945004448	0.04727657034591143	-0.027459699104133053
DB18035	0.07473393901676345	0.03129685301091345	-0.04343708600585
DB06127	0.07473275788186284	0.0534454246272294	-0.021287333254633445
DB09343	0.07472857774675629	0.008056664421555282	-0.066671913325201
DB12238	0.07472388504367404	0.039532578756865444	-0.035191306286808596
DB04804	0.07471261173185961	0.042993609646312825	-0.03171900208554679
DB08085	0.07470549626958764	0.008949780690946728	-0.0657557155786409
DB18541	0.07470267555389497	0.05834031508222037	-0.016362360471674595
DB04079	0.0746886706686446	0.04536083321012596	-0.029327837458518635
DB02462	0.07468311519586401	0.026532562329220966	-0.04815055286664305
DB06201	0.07465585039993675	0.024815873485234285	-0.04983997691470246
DB00267	0.07465055917027408	0.05790060179937462	-0.01674995737089946
DB18927	0.07464872220305661	0.012874892535825952	-0.06177382966723066
DB02711	0.07464470125055118	0.031471259836052104	-0.04317344141449908
DB00188	0.07464460892464256	0.06326231115053743	-0.01138229777410512
DB04291	0.07464228804231758	0.07385266593289852	-0.0007896221094190638
DB00611	0.0746409827449881	0.0019721387150296588	-0.07266884402995843
DB11275	0.07461051201147345	0.038138693126126	-0.03647181888534745
DB00885	0.07460395687195746	0.07347592528707309	-0.0011280315848843769
DB18444	0.07459155018002289	0.0680046983063099	-0.0065868518737129955
DB04382	0.07458557128152304	0.011366287188080082	-0.06321928409344296
DB06485	0.07458394443533922	0.04797748317535422	-0.026606461259985004
DB14555	0.0745783125549101	0.04402800365788884	-0.03055030889702126
DB07172	0.07457725239878624	0.013306118202377627	-0.061271134196408616
DB13383	0.07456573394576621	0.027695365761503554	-0.046870368184262656
DB00117	0.07456248343705044	0.028781780647139765	-0.04578070278991067
DB11346	0.07456020075854963	0.011726873983539499	-0.06283332677501013
DB00590	0.07455943668206408	0.007751110234970077	-0.066808326447094
DB08539	0.0745557914004974	0.03965469091386986	-0.034901100486627534
DB13671	0.07453158609416455	0.06455899988500646	-0.009972586209158085
DB11226	0.07452053245433976	0.06858459415504414	-0.005935938299295618
DB07044	0.0745022073532938	0.04505664799391082	-0.029445559359382978
DB06302	0.07449704346971206	0.035257284291338786	-0.039239759178373274
DB15079	0.07448819610073942	0.055480535979279266	-0.019007660121460157
DB03522	0.07448549954747563	0.00033840947546526223	-0.07414709007201037
DB13590	0.07447891257143952	0.034869591882553286	-0.03960932068888623
DB08846	0.07446744187319976	0.008223131218547897	-0.06624431065465186
DB02375	0.07446538205034059	0.05597582945914714	-0.018489552591193448
DB16842	0.07445118296231695	0.05158198215957821	-0.022869200802738743
DB14182	0.07442796777176325	0.009456299727848672	-0.06497166804391458
DB04509	0.07442634092557937	0.03659203040209402	-0.03783431052348535
DB05970	0.07442126618425421	0.019139848537118254	-0.055281417647135955
DB02084	0.07439427836605302	0.04717690930297505	-0.027217369063077965
DB05653	0.07439423379492469	0.061310706991057895	-0.01308352680386679
DB18901	0.07437894589790893	0.05392976634413724	-0.020449179553771693
DB03318	0.07436772352452692	0.0650594954522804	-0.009308228072246516
DB08954	0.07435203767100829	0.017907501410039495	-0.05644453626096879
DB13756	0.07434066248232907	0.021738975681610317	-0.05260168680071875
DB12252	0.0743393253484793	0.014421829053931953	-0.059917496294547345
DB11994	0.0743197299702762	0.05707429128403946	-0.017245438686236736
DB18962	0.07430129344140943	0.007459519546158949	-0.06684177389525048
DB00398	0.0742916024046506	0.026232210230041797	-0.048059392174608806
DB04170	0.07426938051352817	0.07144930155131723	-0.0028200789622109417
DB02437	0.07423720652618093	0.026815939195812044	-0.04742126733036889
DB09561	0.07423245015005822	0.012630120633668973	-0.06160232951638925
DB06756	0.07422821589286734	0.010022232078808924	-0.06420598381405841
DB16878	0.07422584407210991	0.04661563145127279	-0.027610212620837127
DB13972	0.07417641787444883	0.07125271740618455	-0.002923700468264274
DB11396	0.07415720453448832	0.021688323777920182	-0.05246888075656814
DB06446	0.07414573383624853	0.05071022182795881	-0.02343551200828972
DB16891	0.07413362004030011	0.03568905754603857	-0.038444562494261536
DB02535	0.07412660327124068	0.030940373126564058	-0.043186230144676624
DB14110	0.07412546989112034	0.05556705490666358	-0.01855841498445676
DB15275	0.07412426647065556	0.02761952480300517	-0.046504741667650396
DB11373	0.0741222161987527	0.0668041112918153	-0.007318104906937406
DB19340	0.07411360760368169	0.01230567465597776	-0.061807932947703925
DB12446	0.07410854559696475	0.020240774508676534	-0.05386777108828822
DB07351	0.07408826254992444	0.05154009166625598	-0.022548170883668464
DB07103	0.07408583342343067	0.05330414688504481	-0.020781686538385864
DB03581	0.0740825319762825	0.028222145559881506	-0.045860386416401
DB04681	0.07407487210951458	0.03969548623089603	-0.03437938587861855
DB06859	0.07407425766467413	0.018340643635109122	-0.055733614029565004
DB04180	0.07405813246717627	0.04352257979728291	-0.030535552669893357
DB06899	0.07405363078321542	0.07394082762472698	-0.00011280315848843768
DB08197	0.07404824722764396	0.04950470652013206	-0.0245435407075119
DB05152	0.07403746101458922	0.06142351014954639	-0.012613950865042828
DB16881	0.07401567210014179	0.035149409426182276	-0.03886626267395951
DB08985	0.07401247889716256	0.02611310980785131	-0.04789936908931125
DB07002	0.07398215461164098	0.0019773408024356676	-0.07200481380920531
DB02706	0.07397787896697375	0.0069623095077730145	-0.06701556945920073
DB12025	0.0739587388510099	0.05918414841829167	-0.014774590432718226
DB02663	0.07395680637423163	0.019974920462821455	-0.05398188591141018
DB15229	0.07395468287833223	0.007880888626046634	-0.0660737942522856
DB06231	0.07395150559361291	0.07361309611814759	-0.00033840947546531303
DB06741	0.0739500124608139	0.00011280315848838374	-0.07383720930232551
DB18755	0.07394922928241633	0.014429495288003982	-0.05951973399441235
DB17549	0.07393763442174753	0.014904528006395829	-0.0590331064153517
DB00461	0.07392888256233557	0.026068207579715147	-0.04786067498262042
DB13615	0.07392442544950306	0.06308023809132679	-0.010844187358176265
DB11950	0.0739223019536035	0.030061220354946627	-0.04386108159865687
DB04610	0.07391759651591323	0.06993439893986941	-0.003983197576043818
DB03248	0.07391133108873131	0.022539001965841465	-0.051372329122889845
DB16703	0.07389693461428215	0.07125819328766447	-0.0026387413266176774
DB15493	0.07388639672608516	0.002256063169768785	-0.07163033355631637
DB03286	0.07388000713647436	0.0410346130468352	-0.03284539408963916
DB08379	0.07387566463511462	0.07331164884267244	-0.0005640157924421884
DB00526	0.0738710324214208	0.04745836961104816	-0.026412662810372647
DB12251	0.07385489130566283	0.03255876989798434	-0.04129612140767849
DB08754	0.0738500489709355	0.005356233469682836	-0.06849381550125266
DB18031	0.07383995679402164	0.05838330075183851	-0.015456656042183131
DB13723	0.07382393347338853	0.04224724700058591	-0.03157668647280262
DB04566	0.07382242442232947	0.06242176334335414	-0.01140066107897533
DB09185	0.07381706315232223	0.007991501431942938	-0.06582556172037929
DB09563	0.07381420423280546	0.0020887749905541043	-0.07172542924225137
DB06229	0.07381417557993722	0.047900273246485825	-0.025913902333451394
DB14538	0.07380737529921544	0.030347335162277722	-0.043460040136937717
DB00757	0.07380446225761417	0.005296546361550525	-0.06850791589606364
DB07718	0.07377932414123856	0.007722909445347925	-0.06605641469589063
DB09235	0.07377402654427179	0.01973836238288451	-0.054035664161387276
DB19265	0.0737568953127346	0.03853542073935351	-0.035221474573381095
DB00535	0.07375460308327786	0.01989634156358322	-0.05385826151969464
DB09138	0.0737453386558901	0.07295571654647104	-0.0007896221094190638
DB11392	0.07374430078533055	0.0062893236738784004	-0.06745497711145215
DB03418	0.07374306552834554	0.05545452554224918	-0.018288539986096364
DB16535	0.07373149613689295	0.004278853788488579	-0.06945264234840437
DB08336	0.07372953500724663	0.01705709701619218	-0.05667243799105445
DB02807	0.0737253007500557	0.03136968223459774	-0.042355618515457966
DB06746	0.07372463218313086	0.05750524315651717	-0.016219389026613684
DB01222	0.07371567338633732	0.042561015009391134	-0.031154658376946184
DB07735	0.07370204417202568	0.03448491120858177	-0.03921713296344391
DB05837	0.07369237542083096	0.041960584605106765	-0.03173179081572419
DB04417	0.07368381458054052	0.02992897781720416	-0.04375483676333636
DB12378	0.07368093337545945	0.07181509043418266	-0.0018658429412767852
DB12941	0.07363699261023426	0.06273443617586338	-0.01090255643437088
DB16012	0.07362052994562196	0.06580202498097132	-0.007818504964650641
DB12714	0.07361282232407351	0.03805162661059358	-0.03556119571347993
DB07358	0.07360576098388608	0.012326756799675875	-0.0612790041842102
DB04586	0.07360264737220726	0.0027111089207585187	-0.07089153845144874
DB03126	0.0735911480210992	0.019535480974049807	-0.054055667047049394
DB02324	0.07358637572671622	0.047473428285118136	-0.02611294744159809
DB00726	0.07353814339856382	0.05825954583039006	-0.01527859756817377
DB07707	0.07352833456668012	0.04631719591061173	-0.02721113865606839
DB12082	0.07352624609095287	0.02688082839135031	-0.046645417699602565
DB15348	0.07351880271252248	0.00665538635081786	-0.06686341636170462
DB07954	0.07349782881299316	0.03432693202788317	-0.03917089678510999
DB02190	0.07348706806915448	0.0029988664925336347	-0.07048820157662083
DB19116	0.07347937954951833	0.004333338809214826	-0.0691460407403035
DB03932	0.07346899129296633	0.051567471073656	-0.021901520219310328
DB01967	0.07346702697966809	0.037327715078934814	-0.03613931190073327
DB01656	0.07345848205763758	0.01374199836818732	-0.05971648368945026
DB06468	0.07345643496938653	0.06716962638060658	-0.006286808588779946
DB04233	0.0734549609384999	0.0013498047848252703	-0.07210515615367463
DB02307	0.07344183474120793	0.05134487649149322	-0.022096958249714707
DB03968	0.07343996275381826	0.014338321861361636	-0.05910164089245662
DB13088	0.07342225846491679	0.023138610987903707	-0.05028364747701308
DB15127	0.07342014451997338	0.041337155498606365	-0.03208298902136701
DB08223	0.07339833331996201	0.04378816004906391	-0.0296101732708981
DB03212	0.07338203938890697	0.009012753327967027	-0.06436928606093995
DB08475	0.07338133898546184	0.02077768468779262	-0.05260365429766922
DB01011	0.07334952475079326	0.05413593328186006	-0.0192135914689332
DB02754	0.07334607048834796	0.04609295856400486	-0.0272531119243431
DB11272	0.07332387088278969	0.027474961531932518	-0.04584890935085717
DB09388	0.07331969074768324	0.021398102059479007	-0.051921588688204234
DB02267	0.07331538645014779	0.04867511047590889	-0.0246402759742389
DB05424	0.0733058100248618	0.012487200127040465	-0.06081860989782134
DB03825	0.07330311665525008	0.05148095214627174	-0.021822164508978337
DB12454	0.07328716655861349	0.016234345823818983	-0.05705282073479451
DB12144	0.07327447652164876	0.06589046046687363	-0.007384016054775115
DB15440	0.07326302492532114	0.05907901149387529	-0.014184013431445847
DB16076	0.07325532685472877	0.022901505319818827	-0.05035382153490994
DB03453	0.07325404065931151	0.04840816125375791	-0.024845879405553606
DB16547	0.07324857114513542	0.06950016153850364	-0.0037484096066317764
DB00211	0.07323941177826448	0.02303675959237539	-0.050202652185889096
DB18632	0.07319226825910397	0.033961690733165795	-0.03923057752593817
DB13233	0.07318958762410044	0.04436641313335421	-0.02882317449074623
DB01843	0.07318421361948502	0.035558457772739915	-0.0376257558467451
DB00719	0.07318318211622954	0.0602377080150478	-0.012945474101181742
DB01823	0.0731731026739239	0.018742299541668728	-0.05443080313225518
DB00790	0.07316458003745763	0.028445013936118424	-0.0447195661013392
DB16892	0.07315544295615084	0.04234280113241229	-0.03081264182373855
DB06990	0.07315382247727095	0.0218506836638028	-0.05130313881346815
DB13345	0.07314804096519667	0.022815533980582448	-0.05033250698461422
DB12902	0.07314495919003816	0.020971530892185286	-0.052173428297852875
DB13420	0.07314299169308779	0.06434434533098965	-0.008798646362098138
DB11967	0.07311788541323228	0.06650512816300602	-0.006612757250226253
DB12754	0.07310037851075633	0.026168690004873527	-0.04693168850588281
DB15134	0.07308739239415343	0.04783784819761361	-0.025249544196539832
DB13856	0.07308728096633266	0.009201671239027709	-0.06388560972730495
DB04204	0.07308401135570473	0.04956192948159831	-0.023522081874106426
DB04595	0.07307913718445708	0.04135029761415843	-0.03172883957029865
DB15947	0.07307290359379548	0.05336219122873298	-0.0197107123650625
DB01756	0.07305989519162848	0.05790197076974468	-0.015157924421883795
DB13470	0.07303717983444258	0.023930423449914917	-0.04910675638452766
DB02314	0.07302057390548905	0.008452570652560776	-0.06456800325292827
DB06977	0.07300213737662234	0.0585557910184592	-0.01444634635816314
DB05479	0.07300144015682924	0.06894052645124549	-0.0040609137055837565
DB16157	0.07298857183535129	0.05062534566501847	-0.022363226170332817
DB02335	0.07298483104422382	0.006647720116745748	-0.06633711092747807
DB08913	0.07297268859540718	0.006219779979082185	-0.06675290861632499
DB02700	0.07296426783580555	0.06535464546405356	-0.00760962237175199
DB03856	0.07295758216655672	0.03784956658398085	-0.03510801558257587
DB01429	0.0729528990144305	0.06670773577776684	-0.006245163236663652
DB17770	0.07295035209281188	0.053915802846363214	-0.019034549246448665
DB04565	0.07294199500625079	0.029101572125572905	-0.04384042288067788
DB14867	0.0729398460411351	0.03340725773331363	-0.03953258830782147
DB04548	0.07293665920545986	0.02431784206462636	-0.04861881714083349
DB17158	0.07293345326787237	0.061298660051801845	-0.011634793216070527
DB13114	0.07292545911764185	0.052858957720719024	-0.02006650139692283
DB15609	0.07292189024372386	0.02129378651728464	-0.05162810372643922
DB01283	0.07291545608298483	0.01058515269495508	-0.06233030338802975
DB06215	0.0729104800348726	0.05421040526998838	-0.018700074764884222
DB11921	0.07290932436918797	0.062187121821935254	-0.010722202547252715
DB11089	0.07290665328514045	0.03506152152842801	-0.03784513175671245
DB11430	0.07290552627232433	0.05537676802523289	-0.017528758247091436
DB06764	0.07290160082937952	0.019284685602264824	-0.0536169152271147
DB00478	0.07289936272200719	0.03643213466287734	-0.036467228059129844
DB04532	0.07289037527234554	0.012646274484035103	-0.06024410078831044
DB16963	0.07289020972244031	0.04304590431444699	-0.02984430540799332
DB11713	0.07288529098006444	0.005426050958553053	-0.06745924002151138
DB13717	0.07287350191662212	0.05261418581856214	-0.020259316098059976
DB02524	0.07286943957664055	0.01856652374616008	-0.05430291583048047
DB02352	0.07286460679286916	0.015536992317338294	-0.057327614475530864
DB06347	0.07286269023435121	0.04537151117901206	-0.027491179055339154
DB19256	0.0728477111515817	0.04206982844063323	-0.030777882710948473
DB07407	0.07283850721358243	0.013237122095729359	-0.05960138511785307
DB01862	0.0728383575819373	0.032533854637250226	-0.04030450294468707
DB17750	0.07283366169520311	0.01228787804116771	-0.0605457836540354
DB04031	0.07282814124259451	0.050330469447319226	-0.022497671795275287
DB12615	0.07281492590304606	0.05763994984092563	-0.015174976062120434
DB09164	0.07280846308943889	0.005686976711076097	-0.0671214863783628
DB03269	0.0728048369097844	0.025474074439132854	-0.047330762470651544
DB07548	0.072798641522947	0.007810249754954302	-0.0649883917679927
DB08421	0.07279159610101957	0.020587671600435876	-0.0522039245005837
DB07097	0.07278819596065877	0.016069521791270414	-0.05671867416938836
DB01755	0.07278807179822977	0.060675504739375385	-0.012112567058854391
DB03051	0.07278401264190013	0.046990455538580306	-0.02579355710331982
DB12567	0.07276270127525641	0.004239701235906449	-0.06852300003934997
DB11745	0.07274743566380482	0.0011003783834102679	-0.07164705728039455
DB13571	0.07274539494285792	0.05580032745771252	-0.016945067485145404
DB02697	0.07273350400255096	0.029952250313494133	-0.04278125368905683
DB03758	0.07272488267287197	0.05511447330233982	-0.017610409370532154
DB01008	0.07269056927136519	0.026833462016548126	-0.045857107254817064
DB08438	0.07267933097972312	0.017114593771732405	-0.05556473720799071
DB04563	0.07265854491566315	0.06326997738460949	-0.00938856753105366
DB00223	0.07265674615226991	0.05966274045964548	-0.012994005692624433
DB06455	0.07264437448050756	0.05169971361139858	-0.020944660869108983
DB12812	0.0726351546242482	0.041584117753355354	-0.031051036870892848
DB18972	0.07261900077388217	0.003948110547095318	-0.06867089022678685
DB05542	0.07261230873732938	0.06465181607609294	-0.00796049266123644
DB14628	0.07260193639903728	0.028448025670932298	-0.044153910728104984
DB07038	0.07259021419228773	0.0076785548053598385	-0.06491165938692789
DB04373	0.07258211498154055	0.01974301688214264	-0.05283909809939791
DB11366	0.0725793802244526	0.04751969948362439	-0.025059680740828205
DB16079	0.07257715803534037	0.024855847420038435	-0.04772131061530194
DB03435	0.07257251308703835	0.016113876431258528	-0.056458636655779826
DB08443	0.07255432169937742	0.05715013224253773	-0.01540418945683969
DB11349	0.07254130374625428	0.010105739271379255	-0.06243556447487503
DB04574	0.07253051434954749	0.004228201884798444	-0.06830231246474905
DB12494	0.0725302978612099	0.05115541099228449	-0.021374886868925413
DB17930	0.07253002725078785	0.008545386843647154	-0.06398464040714069
DB12779	0.07251772880302199	0.06793542840558753	-0.004582300397434458
DB03389	0.07250771303375676	0.04302673872926693	-0.02948097430448983
DB11628	0.07250161634013214	0.028233918705063532	-0.044267697635068604
DB07936	0.07249920631555061	0.026849342072840163	-0.04564986424271045
DB02191	0.0724797637526445	0.020906094108499113	-0.05157366964414539
DB01250	0.07247486411218065	0.024751258083770017	-0.04772360602841064
DB18772	0.07246790783250984	0.020090187767975942	-0.052377720064533895
DB03026	0.07242827454847217	0.016024071974986148	-0.05640420257348602
DB07550	0.07242269042282334	0.05428761519885661	-0.018135075223966735
DB13098	0.07240036665483618	0.062086091808628896	-0.010314274846207283
DB04541	0.07239566758444982	0.05963317069965335	-0.01276249688479647
DB01470	0.0723950340376972	0.005640157924421851	-0.06675487611327535
DB04498	0.07239398979983369	0.02749275814674268	-0.04490123165309101
DB12852	0.07239055782295256	0.012354683795223975	-0.060035874027728586
DB05868	0.07237992760884679	0.06662696652593647	-0.005752961082910322
DB01828	0.0723658176630797	0.008725817138413916	-0.06364000052466579
DB13988	0.0723594344407732	0.02548283584950095	-0.046876598591272245
DB16095	0.07235434696483989	0.04993045630520376	-0.022423890659636125
DB13075	0.07234926267255878	0.07009319950279003	-0.0022560631697687537
DB19036	0.07233595500710155	0.009475739107102865	-0.06286021589999868
DB14866	0.07232777302140181	0.015659925856564838	-0.05666784716483697
DB02709	0.07232672559988601	0.0030495183962238317	-0.06927720720366218
DB14946	0.0723166397902763	0.060394592019450355	-0.011922047770825955
DB19027	0.07230291506640399	0.059291201901226054	-0.013011713165177935
DB12926	0.07230259033389758	0.06710446339099435	-0.005198126942903225
DB01883	0.07226057249449458	0.02483668183485843	-0.04742389065963615
DB07385	0.07225423702696815	0.04280277517673409	-0.029451461850234062
DB00955	0.07224111719698034	0.007888554860118635	-0.06435256233686171
DB13491	0.07221997138024183	0.008173026903005698	-0.06404694447723613
DB00783	0.07219600484781064	0.030972680827296206	-0.041223324020514436
DB07824	0.07217518376357845	0.05353413390720574	-0.018641049856372716
DB00405	0.0721717263174812	0.03635246058734304	-0.03581926573013816
DB12355	0.07216746340742194	0.06991140023765319	-0.0022560631697687537
DB18925	0.07216387224793974	0.03399180808130586	-0.03817206416663388
DB03554	0.07216031610862983	0.044536986841456794	-0.027623329267173036
DB04500	0.07215456643307573	0.04512345374796707	-0.02703111268510866
DB19125	0.07214309255118387	0.03680586357388879	-0.035337228977295077
DB08464	0.07213827250202068	0.01928769733707883	-0.05285057516494185
DB00746	0.07212031033730534	0.06292390167507211	-0.009196408662233237
DB02735	0.07211171447684261	0.0006768189509306355	-0.07143489552591198
DB06948	0.0721008964272675	0.0514962846144158	-0.020604611812851698
DB12236	0.07208467572020893	0.02409086677727945	-0.04799380894292948
DB00910	0.07207898335039137	0.03305433717192625	-0.03902464617846513
DB13294	0.07207552590429406	0.05103904851083402	-0.02103647739346004
DB07521	0.07207265425016911	0.05263116105115023	-0.019441493199018875
DB08670	0.0720706899368706	0.03830680268756259	-0.03376388724930801
DB14728	0.07205344727751267	0.0025906395281980465	-0.06946280774931463
DB08294	0.07204032108022074	0.009438503113038621	-0.06260181796718212
DB07091	0.07201976105545446	0.05128299903076894	-0.020736762024685523
DB00569	0.07200384916264224	0.05680624688559244	-0.015197602277049804
DB14066	0.0720024388047959	0.02658047629217114	-0.04542196251262476
DB14111	0.07199541248478059	0.006231826918338235	-0.06576358556644235
DB08506	0.07198329550518003	0.005083808366051724	-0.0668994871391283
DB16292	0.07196778156887063	0.058838346502828265	-0.013129435066042361
DB12948	0.07194991491371604	0.011999299087170553	-0.059950615826545484
DB16184	0.07194576024782569	0.03252892634391824	-0.03941683390390745
DB11511	0.07194407927955737	0.030815523028819514	-0.04112855625073786
DB13300	0.07191688770762672	0.015966849013519968	-0.05595003869410675
DB01380	0.07189663649710662	0.019053603403807934	-0.052843033093298686
DB01736	0.07187112589344422	0.013419742743088103	-0.05845138315035611
DB04684	0.07186947357804407	0.030249043089711325	-0.04162043048833275
DB00242	0.0718648700172185	0.020174790136842286	-0.051690079880376216
DB01527	0.07183883092732013	0.03180912172336936	-0.04002970920395077
DB18971	0.07183624261822519	0.0033725954035450645	-0.06846364721468012
DB18081	0.07183528433896613	0.02899205449597242	-0.04284322984299371
DB00954	0.07183110102020762	0.04691242422748998	-0.024918676792717635
DB08356	0.07182733157621213	0.03191042553074985	-0.039916906045462275
DB02258	0.0718255009762987	0.021913382506749013	-0.04991211846954968
DB05983	0.07182413200592869	0.002594472645234047	-0.06922965936069464
DB00984	0.07180979920451999	0.005266429013410432	-0.06654337019110956
DB08805	0.07178392884817886	0.021358949506896874	-0.050424979341281984
DB03390	0.07175967897071767	0.00893061510576665	-0.06282906386495102
DB04824	0.07174732958451935	0.055857824213252694	-0.015889505371266655
DB02659	0.07174114374863827	0.0665689221822483	-0.005172221566389967
DB00779	0.0717336717173396	0.004535125041753598	-0.067198546675586
DB13909	0.07168925977161505	0.057591488289827464	-0.014097771481787591
DB11958	0.07168458935409694	0.04669311517421526	-0.02499147417988168
DB19177	0.07167500656150681	0.028635027023475104	-0.04303997953803171
DB12299	0.07167216356024997	0.06842579359212342	-0.00324636996812655
DB15929	0.07165600015892792	0.034535563112272016	-0.03712043704665591
DB00759	0.07162653227580051	0.03314852233338261	-0.0384780099424179
DB05805	0.07162271826067662	0.06361139859488879	-0.00801131966578783
DB11888	0.07161774857986834	0.06378251989113948	-0.007835228688728865
DB03272	0.07161095148279864	0.00488886698536297	-0.06672208449743566
DB13276	0.0716090890463651	0.021017528296617627	-0.050591560749747466
DB12869	0.07159786985663506	0.04664410603496899	-0.024953763821666072
DB01957	0.07159104410669709	0.014216209704357156	-0.057374834402339925
DB12275	0.0715788698213603	0.008554695842163285	-0.06302417397919702
DB14769	0.07157675906006877	0.005519688531861466	-0.0660570705282073
DB12134	0.07157177664465231	0.01107058958815893	-0.06050118705649338
DB04704	0.07156057655683457	0.03295631889343387	-0.0386042576634007
DB07340	0.07155719551838581	0.022497659060667294	-0.04905953645771852
DB14198	0.071544639194806	0.0345183140856099	-0.037026325109196095
DB00334	0.07152039886830086	0.06696236426658786	-0.004558034601713001
DB06701	0.07151023665104259	0.002497001954889687	-0.06901323469615289
DB01888	0.07150845062225748	0.019623916459952095	-0.05188453416230539
DB17693	0.0715081290734032	0.03494023075364561	-0.0365678983197576
DB03794	0.07149776310241544	0.07082094415148482	-0.0006768189509306261
DB13190	0.07149705633166625	0.030580333919252654	-0.04091672241241359
DB05667	0.07149425471788579	0.042840284964872244	-0.028653969753013542
DB13378	0.07148718382674207	0.0480185522864543	-0.023468631540287777
DB16068	0.0714742199957034	0.043839085746828155	-0.027635134248875245
DB00126	0.07146651555780692	0.056445660090132965	-0.015020855467673955
DB17136	0.07146147902030628	0.009148555188671498	-0.06231292383163478
DB04584	0.0714604761699189	0.021800853142334584	-0.04965962302758431
DB04230	0.07145678631722392	0.0067835219774503176	-0.0646732643397736
DB03376	0.07144473937796789	0.062891046386192	-0.008553692991775885
DB11263	0.07144043826408453	0.018878101402373337	-0.05256233686171119
DB13855	0.07141446921453065	0.068817045323871	-0.0025974238906596447
DB11255	0.07138058242239509	0.04349164106692083	-0.02788894135547426
DB02494	0.07136411975778256	0.033558665856236125	-0.03780545390154644
DB15040	0.07133924906817693	0.032315914554345404	-0.039023334513831526
DB02986	0.07132567397594963	0.035830061494149024	-0.03549561248180061
DB08657	0.07129911913442355	0.04767767866432293	-0.02362144047010062
DB08558	0.07128334732230036	0.0017503655150887913	-0.06953298180721157
DB01553	0.0712832295271755	0.04717745689112307	-0.02410577263605243
DB01949	0.07128295891675346	0.0031009916821360672	-0.06818196723461739
DB11217	0.07127308004452527	0.0020926081075901192	-0.06918047193693516
DB02703	0.07127187025675649	0.063143484522421	-0.008128385734335497
DB18523	0.07123126277519953	0.04850700091447213	-0.0227242618607274
DB01543	0.07121497839510063	0.038581418143785684	-0.03263356025131495
DB12227	0.07120387700049546	0.008318411556300198	-0.06288546544419527
DB03751	0.0711968793333484	0.055046024783839576	-0.01615085454950882
DB16440	0.07119351102950783	0.027081245653519104	-0.044112265375988724
DB14869	0.07119209748800948	0.05458084865211177	-0.016611248835897707
DB07620	0.07119033374478856	0.029615483602472903	-0.041574850142315656
DB01112	0.07117881847542029	0.06168826901910529	-0.009490549456315008
DB03618	0.0711745141778849	0.02892579633006423	-0.042248717847820666
DB19237	0.07116576868577695	0.014683849982750963	-0.05648191870302599
DB00234	0.07116123834894789	0.005916416145088976	-0.06524482220385891
DB11800	0.07115487422855338	0.05903410926573904	-0.012120764962814334
DB16449	0.0711527029778735	0.038511600654915434	-0.03264110232295807
DB07458	0.07115000324095773	0.01627815287565916	-0.05487185036529857
DB08541	0.07112998762068745	0.01057502231421703	-0.06055496530647042
DB14116	0.07112373174446174	0.028074570553994926	-0.04304916119046681
DB01758	0.0711231204832733	0.03839085746828097	-0.032732263014992324
DB03256	0.07112020107436795	0.07089459475739107	-0.00022560631697687535
DB06981	0.07108983858502202	0.0291982214336953	-0.04189161715132672
DB01212	0.07106695449427877	0.033295275957047184	-0.037771678537231596
DB14543	0.07105582763045747	0.03556283847792398	-0.03549298915253349
DB07147	0.0710341023890507	0.0450519934946528	-0.025982108894397893
DB07055	0.07103145040691528	0.06858486794911808	-0.00244658245779719
DB04370	0.07102381600936342	0.03021235468379513	-0.04081146132556829
DB06988	0.07102361543928598	0.06465482781090681	-0.006368787628379176
DB17145	0.07102146329051823	0.05649412164123119	-0.01452734164928704
DB12504	0.07101122784926345	0.0005640157924421407	-0.0704472120568213
DB17758	0.07100083322540751	0.013502702347510387	-0.057498130877897125
DB01012	0.07097573968016013	0.06493683570712797	-0.006038903973032167
DB01085	0.07097132395480382	0.009133222720527412	-0.06183810123427641
DB07222	0.07096417347235962	0.008573861427343288	-0.06239031204501633
DB01532	0.0709329354787073	0.028777673736029658	-0.04215526174267764
DB00899	0.07092908962706318	0.004655594434314063	-0.06627349519274911
DB04776	0.07092897501559034	0.03482770138923112	-0.03610127362635922
DB13719	0.07092562581366185	0.03456595425448611	-0.036359671559175744
DB05016	0.07092191367540272	0.03634479435327101	-0.034577119322131714
DB11890	0.0709036331454852	0.034498053324133915	-0.036405579821351286
DB03052	0.0709011658151671	0.06379456683039553	-0.007106598984771574
DB18003	0.07089062792697005	0.005142126503813951	-0.06574850142315611
DB13835	0.07088937038442089	0.03351184706958199	-0.0373775233148389
DB03894	0.07088760345754797	0.0020304568527919065	-0.06885714660475606
DB02052	0.07086244623926011	0.043223049080325704	-0.027639397158934403
DB02436	0.07085445527268167	0.06309858229428478	-0.007755872978396881
DB15636	0.070852315858522	0.03565510708086228	-0.03519720877765972
DB08184	0.07083116367447947	0.04775242444652528	-0.02307873922795419
DB04457	0.07082566232378334	0.06400566206145042	-0.006820000262332928
DB12719	0.07082450347444687	0.06811722767072437	-0.0027072758037225042
DB07995	0.0708204029306408	0.005877263592506805	-0.064943139338134
DB11780	0.07081384142382088	0.037911717838779085	-0.0329021235850418
DB01694	0.0708117497644416	0.018755715451294785	-0.052056034313146815
DB02073	0.07079028239884866	0.06540557116181778	-0.005384711237030881
DB12911	0.07078265755225298	0.043563648908383046	-0.027219008643869936
DB13111	0.07077858247766322	0.05068256862648468	-0.02009601385117854
DB16660	0.07077305884140277	0.0019214868113394548	-0.06885157203006331
DB03756	0.070770897141679	0.012340172709301878	-0.058430724432377124
DB16856	0.07077004073928475	0.061052245385200876	-0.00971779535408387
DB07117	0.07076683480169732	0.055167863146770024	-0.015598971654927296
DB08472	0.07076174414211209	0.03181350242855343	-0.03894824171355865
DB05229	0.07075527814485283	0.005465203511135219	-0.06529007463371761
DB04235	0.0707513399673001	0.04333722120918415	-0.027414118758115946
DB03631	0.07070730050886209	0.011560407186546828	-0.059146893322315264
DB09214	0.07069957696905371	0.03961115765610368	-0.031088419312950033
DB00805	0.07069631054207787	0.05115185166932246	-0.01954445887275541
DB04030	0.07066338839650521	0.006301644407208484	-0.06436174398929673
DB13797	0.0706443469737541	0.06613222063421659	-0.0045121263395375075
DB12426	0.07064189874534826	0.013120485820204975	-0.05752141292514329
DB12035	0.07063917353921634	0.011319468401425947	-0.05931970513779039
DB07571	0.07062817402147581	0.05519250461343006	-0.015435669408045749
DB12831	0.07062076566321776	0.05227221702013482	-0.01834854864308294
DB14644	0.07061317583679427	0.06437391509098178	-0.006239260745812492
DB05540	0.07060626731190384	0.06543404574551387	-0.005172221566389967
DB00305	0.0705928577695818	0.0056946429451480984	-0.0648982148244337
DB08765	0.07058455480510509	0.06852819257579988	-0.002056362229305211
DB11201	0.07058287065318476	0.049836271143747335	-0.020746599509437427
DB15075	0.07058204927096287	0.05863409612362358	-0.011947953147339287
DB06160	0.07058203335270274	0.03296316374528396	-0.03761886960741878
DB01509	0.07057837852018001	0.0033840947546531774	-0.06719428376552683
DB01207	0.07057790097237647	0.05979306643887	-0.010784834533506472
DB11760	0.07057567241596024	0.020261856652374677	-0.05031381576358557
DB03279	0.07057340565571962	0.01796417678335771	-0.05260922887236191
DB01549	0.07056372416991685	0.0043954900640130745	-0.06616823410590378
DB01054	0.07054977022309887	0.044600780860699046	-0.025948989362399824
DB15825	0.07054329785853557	0.05601005371839732	-0.014533244140138249
DB11845	0.07054291900394472	0.02298884562942516	-0.047554073374519557
DB04746	0.07053431677617794	0.02912539221001101	-0.04140892456616693
DB19215	0.07050768234335125	0.03145647495605608	-0.03905120738729517
DB14660	0.07050682912460904	0.015336575055169506	-0.05517025406943954
DB00742	0.07050503672851997	0.024789589254130218	-0.045715447474389756
DB05104	0.07050353404476492	0.0642567312273093	-0.006246802817455634
DB13819	0.07050170026119953	0.06835844024991922	-0.002143260011280316
DB09179	0.07048489694582083	0.05094568473159977	-0.019539212214221065
DB04862	0.0704839163809976	0.0030341859280798023	-0.0674497304529178
DB00713	0.07047540011183538	0.022384855902178855	-0.04809054420965653
DB03669	0.0704744322816202	0.038467519809001205	-0.032006912472619
DB16029	0.07046351235518045	0.050514732859122	-0.019948779496058444
DB06865	0.07044939922576132	0.015341777142575508	-0.055107622083185814
DB11400	0.07044557247602934	0.0029328821206994204	-0.06751269035532992
DB13222	0.07044451868720958	0.06454366741686235	-0.005900851270347229
DB01088	0.0704267316233555	0.016617657527420393	-0.053809074095935105
DB14540	0.07042531808185723	0.06275798246622744	-0.0076673356156297945
DB18295	0.07042237957103975	0.051850847940247136	-0.018571531630792615
DB13628	0.07042147859751734	0.06929344701263296	-0.0011280315848843769
DB00138	0.07041358950780352	0.02856165021164281	-0.04185193929616071
DB07431	0.07040785893416178	0.041143309294213726	-0.029264549639948054
DB13215	0.07038130090898354	0.0002256063169768785	-0.07015569459200666
DB07985	0.07037451017921799	0.010793783779343879	-0.05958072639987411
DB07303	0.07037404218237056	0.031082472250970605	-0.039291569931399956
DB19203	0.07035917771107386	0.047072867554854625	-0.023286310156219237
DB00165	0.07034377201893327	0.020172599784250234	-0.05017117223468304
DB04505	0.07034364785650443	0.06500418904933225	-0.005339458807172182
DB16216	0.07032991039802397	0.03143511901828397	-0.03889479137974
DB01805	0.07031884083993911	0.0628354661891698	-0.007483374650769314
DB06354	0.07030905747727167	0.043348446766218185	-0.02696061071105349
DB02216	0.0703010633270412	0.0351061499624902	-0.035194913364550995
DB04982	0.07028731950125676	0.06961050055032614	-0.0006768189509306261
DB15674	0.07028513233231676	0.038391678850502986	-0.03189345348181377
DB18302	0.07026503712074585	0.06617821803864876	-0.00408681908209709
DB00971	0.07024230902895173	0.05261747134745015	-0.01762483768150158
DB07906	0.07023458548914333	0.013014527513566493	-0.05722005797557683
DB07285	0.07022806218614765	0.05251370339340378	-0.01771435879274387
DB07025	0.07021308628703016	0.02044885800491736	-0.0497642282821128
DB02142	0.07021060940575607	0.01133096775253395	-0.058879641653222126
DB07090	0.07020272349969449	0.052721513095570605	-0.017481210404123884
DB03207	0.07019095353816447	0.018532025692835963	-0.05165892784532851
DB07368	0.07018582467475498	0.06199382320569058	-0.008192001469064403
DB14993	0.07018456076490176	0.057506338332813156	-0.012678222432088604
DB15294	0.07017886839508408	0.06725943083687896	-0.002919437558205118
DB07910	0.07017507666552428	0.04669037723347516	-0.023484699432049116
DB12052	0.07017396557096822	0.06024564804319377	-0.009928317527774455
DB18064	0.07017333202421563	0.035976267529665595	-0.03419706449455004
DB08732	0.07016893540077143	0.05886271417541433	-0.011306221225357101
DB11534	0.07016817132428593	0.038643295604509964	-0.03152487571977597
DB07373	0.07016278458506256	0.020635311769312104	-0.049527472815750456
DB12241	0.07015243134868285	0.06095012019559848	-0.00920231115308437
DB06070	0.07011544049582452	0.007768085467558139	-0.06234735502826638
DB00509	0.07011315781732377	0.021085429226969765	-0.04902772859035401
DB05884	0.07011035301989131	0.03455637146189605	-0.03555398155799526
DB00495	0.07009864354774986	0.011763014801307703	-0.05833562874644216
DB08880	0.07008095836076045	0.06510220732782457	-0.00497875103293588
DB03439	0.07007638026915097	0.04359157590393109	-0.026484804365219883
DB11721	0.07007489350365617	0.06160613079690502	-0.008468762706751148
DB08647	0.07007237523490578	0.03972012769755612	-0.030352247537349664
DB06506	0.07007135009895427	0.02754423143265483	-0.042527118666299435
DB04974	0.07006758065495872	0.0033487753191069926	-0.06671880533585173
DB02530	0.0700673100445367	0.0617257788072435	-0.008341531237293198
DB07590	0.07005870144946592	0.06723862248725498	-0.0028200789622109417
DB02427	0.0700556706127397	0.058906521227254593	-0.01114914938548512
DB06731	0.07005151913050134	0.01014845114692342	-0.05990306798357792
DB12101	0.0700432766554131	0.03198106440184212	-0.03806221225357098
DB03004	0.07004065014249392	0.04184969800513638	-0.028190952137357533
DB07249	0.0700316563255281	0.020767828101128538	-0.049263828224399564
DB01594	0.0700246459237729	0.05713918047957767	-0.01288546544419523
DB13727	0.06999072729511704	0.04333147153363015	-0.026659255761486894
DB07515	0.06998668087339549	0.01955711070589588	-0.050429570167499604
DB13346	0.06997718085575799	0.014034684233294459	-0.05594249662246353
DB08600	0.06997314080134046	0.03530026996095695	-0.03467287084038351
DB14600	0.06996720647396915	0.012751411408451485	-0.05721579506551766
DB03097	0.06996387319030073	0.019801882608052823	-0.050161990582247906
DB02202	0.06995904040652942	0.00921453956050575	-0.060744500846023675
DB04470	0.06994601290245017	0.017241360427994845	-0.05270465247445533
DB05585	0.06994348508274373	0.03931546005618247	-0.030628025026561256
DB09131	0.06992568528428167	0.06146184131990651	-0.008463843964375162
DB19259	0.06992117723301666	0.02557674721688319	-0.044344430016133474
DB15774	0.06992063601217274	0.020841752501108868	-0.049078883511063875
DB16462	0.0698780578500135	0.04746138134586214	-0.022416676504151356
DB14475	0.06986851007759579	0.028180528860633325	-0.04168798121696246
DB18785	0.06986438724822563	0.007581631703163394	-0.06228275554506224
DB08556	0.06985769521167265	0.0597404979766617	-0.010117197235010951
DB07719	0.06984800735856594	0.05812566052820353	-0.011722346830362412
DB07811	0.06984535856008259	0.025258598502893997	-0.04458676005718859
DB11990	0.06984352796016914	0.0026558025178102934	-0.06718772544235885
DB01732	0.0698426906596871	0.01096600025189054	-0.058876690407796556
DB00418	0.06982257316255204	0.016575219445950307	-0.053247353716601734
DB14109	0.06981354114176197	0.046883675849719864	-0.022929865292042106
DB06833	0.06981031928591447	0.036140543974066214	-0.033669775311848255
DB07469	0.06979451245361895	0.05037564546952944	-0.01941886698408951
DB04881	0.06976989008887105	0.002419518231947415	-0.06735037185692364
DB15215	0.06976474530720145	0.009296677782706042	-0.060468067524495406
DB00373	0.0697617494906475	0.01942596334444935	-0.05033578614619816
DB18119	0.06975480912923672	0.020272260827186653	-0.04948254830205007
DB04946	0.06974577710844676	0.0612124149184915	-0.008533362189955263
DB00197	0.06973205875187849	0.04705534473411854	-0.022676714017759947
DB18900	0.06970184907782973	0.03823534243424831	-0.031466506643581416
DB13391	0.06969729327178441	0.06902047432085379	-0.0006768189509306261
DB02276	0.06968896483809162	0.019601739139958108	-0.05008722569813351
DB05212	0.06968116807428659	0.026576916969209136	-0.04310425110507746
DB05812	0.06967137834431503	0.06501103390118224	-0.004660344443132791
DB12794	0.0696580165567734	0.02850552242647264	-0.041152494130300754
DB07903	0.06965743394845308	0.026935861000224492	-0.04272157294822859
DB13085	0.06965047448513029	0.061303040756985894	-0.008347433728144388
DB07969	0.0696483605401867	0.0403024876929563	-0.029345872847230392
DB03586	0.06964099675305702	0.009853027341076293	-0.059787969411980724
DB19283	0.06959585575101901	0.03249935658392605	-0.037096499167092956
DB09088	0.0695753816848575	0.009187981535327738	-0.06038740014952976
DB14007	0.06956047900973655	0.06103006806520678	-0.008530410944529776
DB02269	0.06955659177061602	0.007670614777213758	-0.06188597699340226
DB01191	0.06954687208098903	0.012299924980423704	-0.057246947100565326
DB19365	0.06954358336844899	0.031753541526347184	-0.0377900418421018
DB13445	0.06951559588351246	0.011587239005798958	-0.0579283568777135
DB00335	0.06950435440821831	0.053530574584243706	-0.015973779823974604
DB13104	0.06948375299597576	0.06258439702331076	-0.006899355972665
DB16033	0.0694774843851419	0.04000405215229519	-0.029473432232846708
DB11554	0.06943000339886685	0.04254842048198704	-0.02688158291687981
DB11191	0.06942897189561142	0.024249667340200176	-0.04517930455541125
DB08963	0.06941554006772521	0.03167304606859089	-0.03774249399913432
DB13528	0.06940739310219761	0.04241563035609652	-0.026991762746101086
DB08237	0.0694008952684182	0.04532332342198786	-0.024077571846430335
DB18902	0.06940084432998578	0.033170699653376656	-0.03623014467660912
DB08162	0.06939549261093472	0.05153160404996199	-0.017863888560972735
DB13729	0.06938940865191813	0.011082636527414924	-0.058306772124503206
DB15367	0.06938766719426148	0.011565883068026861	-0.05782178412623462
DB04489	0.0693718348927499	0.02212173979706389	-0.04725009509568601
DB06912	0.069369956538056	0.0019759718320656663	-0.06739398470599034
DB13862	0.06936581779042578	0.061177095482945365	-0.008188722307480419
DB18798	0.06936158034958284	0.06116203680887533	-0.008199543540707512
DB09056	0.06934385059146514	0.04744495370142199	-0.021898896890043144
DB13180	0.06931897035090345	0.006687967845623977	-0.06263100250527948
DB07085	0.06931852782327208	0.041597807457055325	-0.027720720366216756
DB02416	0.06931742946332417	0.023518363368543294	-0.04579906609478088
DB16501	0.06931674497813914	0.03568631960529847	-0.033630425372840674
DB04720	0.0693100784108025	0.020712247904106418	-0.04859783050669608
DB14801	0.0693054939518889	0.05960442232188326	-0.00970107163000564
DB11421	0.06929894836332906	0.055521878884453424	-0.013777069478875643
DB01580	0.06929477777917856	0.06583460647577741	-0.0034601713034011494
DB00814	0.06927402355163886	0.03614629364962019	-0.03312772990201868
DB15678	0.0692728328657822	0.032119604203286634	-0.03715322866249557
DB15821	0.06925473062037796	0.030703267458479178	-0.03855146316189878
DB01972	0.06923898427747088	0.05388103099896513	-0.015357953278505752
DB03022	0.06923621768386262	0.026762549351381837	-0.042473668332480785
DB04579	0.06922471833275456	0.05647468226197716	-0.012750036070777404
DB02277	0.06920361390349228	0.03475569354776886	-0.034447920355723416
DB03166	0.06919624693271048	0.0076604843964757086	-0.06153576253623477
DB03086	0.06917999120547963	0.06362673106303285	-0.005553260142446779
DB08239	0.06917597980393045	0.0375015743159256	-0.03167440548800485
DB04171	0.06915729176655372	0.005410718490408972	-0.06374657327614475
DB14108	0.06914374532719475	0.030428652002256085	-0.038715093324938665
DB00830	0.06914136077182934	0.02618073694412959	-0.042960623827699745
DB08473	0.06913990902650663	0.017168804998384635	-0.051971104028121995
DB19029	0.06912612062959393	0.03317863968152274	-0.035947480948071195
DB09151	0.06911345287819334	0.054222452209244376	-0.014891000668948967
DB04353	0.06910992220809949	0.01509098177079056	-0.05401894043730893
DB02809	0.06910927911039089	0.03272304634238499	-0.0363862327680059
DB06021	0.06910336388493166	0.045124822718337065	-0.02397854116659459
DB05420	0.06910046039428641	0.0006768189509306355	-0.06842364144335578
DB06996	0.06907678039053738	0.04387248862385623	-0.025204291766681153
DB15784	0.06906020948175622	0.008587551131043328	-0.06047265835071289
DB08604	0.06905573645066362	0.052077549433520165	-0.01697818701714346
DB15242	0.06904507440003758	0.04764756131618286	-0.02139751308385472
DB07560	0.06904351122689428	0.020670631204858236	-0.04837288002203605
DB02591	0.06904126993586979	0.029751011669103433	-0.039290258266766354
DB03630	0.06903734130927305	0.009618933407805317	-0.05941840790146774
DB04666	0.06903268681001495	0.05558156599258557	-0.013451120817429385
DB03008	0.06903022903065309	0.0376748859647682	-0.03135534306588489
DB18883	0.06902856079699282	0.030186891834913077	-0.038841668962079745
DB16048	0.0690018849766898	0.027533279669694766	-0.04146860530699503
DB01206	0.06899362658334156	0.05367239991457623	-0.015321226668765328
DB01860	0.06896896601476937	0.00879864636209815	-0.06017031965267122
DB03430	0.06894963169603205	0.01644763140746583	-0.05250200028856622
DB15454	0.06894509180824693	0.033281586253347206	-0.03566350555489972
DB09270	0.06893338870340926	0.02885022916563995	-0.04008315953776931
DB16106	0.06893222667042084	0.02785580908886809	-0.041076417581552754
DB07350	0.06893205156955956	0.0528077582288809	-0.016124293340678664
DB02138	0.06892909077317788	0.03904084459995949	-0.02988824617321839
DB08172	0.06892092152208622	0.05868337905694371	-0.01023754246514251
DB03984	0.06891854651767687	0.022770905546520392	-0.04614764097115648
DB07863	0.06889987758221242	0.002816245845174925	-0.06608363173703749
DB09172	0.06889726062024928	0.056288228497582415	-0.012609032122666869
DB09484	0.06888319206195848	0.048662242154430824	-0.020220949907527652
DB02253	0.06887898327398378	0.027906187198484367	-0.04097279607549942
DB13175	0.06886769722756124	0.06796527195965374	-0.0009024252679075014
DB02577	0.06886456769762232	0.045171641504991256	-0.023692926192631067
DB12394	0.06884920976026215	0.05193955722022359	-0.01690965254003856
DB01450	0.0688299868693456	0.0496911602845268	-0.019138826584818802
DB08460	0.06880642147706945	0.005523521648897467	-0.06328289982817198
DB12694	0.06880344794607962	0.03692770193681927	-0.03187574600926035
DB12994	0.06879830953171406	0.06597396765944397	-0.0028243418722700975
DB03530	0.06879448596563414	0.03845109216456119	-0.030343393801072954
DB02396	0.06879385878618549	0.0032712915961646827	-0.06552256719002081
DB01979	0.06877948141364848	0.004228201884798444	-0.06455127952885004
DB12333	0.06876648574608951	0.044420350565932354	-0.024346135180157158
DB02808	0.06875241400414665	0.05297997470142757	-0.015772439302719085
DB13632	0.06874866366206334	0.017006445112502044	-0.05174221854956129
DB04850	0.06874302541433004	0.0467254228749473	-0.022017602539382744
DB19123	0.06870367547532238	0.047853454459831635	-0.020850221015490757
DB13273	0.06869053972707444	0.03168454541969894	-0.0370059943073755
DB13751	0.06869025001474033	0.05144481132850359	-0.017245438686236736
DB00288	0.06869011630135533	0.022470005859193176	-0.04622011044216215
DB08517	0.06868728603470667	0.0015792442188381495	-0.06710804181586852
DB15976	0.06868239594519893	0.04677169407345347	-0.021910701871745458
DB08486	0.06866670054072421	0.004014094918929574	-0.06465260562179465
DB11979	0.06865649693598966	0.06129838625772788	-0.007358110678261783
DB12529	0.06864872245774878	0.020005311605035603	-0.048643410852713176
DB01107	0.06864645569750821	0.03756098762998372	-0.03108546806752449
DB01405	0.06862393772674769	0.042269971908728055	-0.02635396581801963
DB04652	0.06861284906675064	0.0024816694867456635	-0.06613117958000497
DB15345	0.06858764409368234	0.06054189323126291	-0.008045750862419432
DB07640	0.06858075785435602	0.05357629819460186	-0.015004459659754166
DB04569	0.06855666079219197	0.03431762302936714	-0.03423903776282483
DB04366	0.06855487794705892	0.0573965469091387	-0.011158331037920223
DB14719	0.06855461688759312	0.018429352915085517	-0.050125263972507605
DB12308	0.06855162425469113	0.006309858229428478	-0.06224176602526266
DB17059	0.06854498952387464	0.025728976722027813	-0.042816012801846826
DB15818	0.06854468707693244	0.007806416637918291	-0.06073827043901415
DB15669	0.06853986066046522	0.061520159457668755	-0.007019701202796469
DB04839	0.06853126161635034	0.018758179597960778	-0.049773082018389564
DB07736	0.0685294660366092	0.030888626046577883	-0.037640839990031316
DB18908	0.06852019524191745	0.004418488766229144	-0.0641017064756883
DB16625	0.06851871484372662	0.06583734441651745	-0.002681370427209173
DB03458	0.06851357642936107	0.06180408391240777	-0.006709492516953297
DB08250	0.0685054581167017	0.045968108466260316	-0.02253734965044138
DB04409	0.06850201340521256	0.000451212633953757	-0.0680508007712588
DB11750	0.06849763270002851	0.011078529616304955	-0.057419103083723555
DB13442	0.06849620642392207	0.035215667592090605	-0.03328053883183146
DB03262	0.0684936690532596	0.05892048472502864	-0.009573184328230955
DB06780	0.06848549980216792	0.0127705769936316	-0.05571492280853632
DB18885	0.06848266635186712	0.005640157924421851	-0.06284250842744526
DB00198	0.06845243120860217	0.027151063142389353	-0.04130136806621282
DB02081	0.06842803806679987	0.05799341799046098	-0.010434620076338885
DB07390	0.06842680280981495	0.032595732097974506	-0.03583107071184044
DB06966	0.0684218554145707	0.06377102054003142	-0.004650834874539278
DB11221	0.06841580965937853	0.01600956088906412	-0.05240624877031441
DB02272	0.06841190968564997	0.05641116203680885	-0.012000747648841126
DB08263	0.06840693363753761	0.05925807281827189	-0.00914886081926572
DB07892	0.06840107253416279	0.040384899709230676	-0.028016172824932115
DB02160	0.06839885671235468	0.019472782131103594	-0.04892607458125109
DB18044	0.06839666954341464	0.05618966263094202	-0.012207006912472618
DB03583	0.0683919832076364	0.04401404016011479	-0.02437794304752161
DB04094	0.068391664842434	0.038914625531844965	-0.029477039310589037
DB08936	0.068384129138095	0.04077916317579222	-0.027604965962302774
DB08975	0.06834326378072442	0.022738324051714276	-0.04560493972901014
DB07685	0.06834223227746879	0.011602571473943016	-0.05673966080352577
DB08664	0.06832147486627704	0.055347472059314784	-0.01297400280696226
DB05298	0.06827135144882279	0.012083901456036883	-0.05618744999278591
DB07697	0.0682698487650677	0.004850535815002832	-0.06341931295006487
DB11454	0.06825335108028316	0.0028239120792469563	-0.0654294390010362
DB13608	0.06823909787017499	0.047020299092646434	-0.021218798777528552
DB00279	0.06821843596854404	0.03410269468127636	-0.03411574128726769
DB01948	0.06821473974854497	0.06389313269703589	-0.00432160705150908
DB13410	0.06821211323562582	0.009012753327967027	-0.05919935990765879
DB07353	0.06821188082902811	0.005142126503813951	-0.06306975432521417
DB12876	0.06820239991330279	0.017931869082625562	-0.05027053083067723
DB15779	0.06819685399147829	0.044539998576270834	-0.023656855415207456
DB00313	0.06819532583850707	0.05032225562509923	-0.017873070213407838
DB02941	0.06815884436997244	0.014859351984185643	-0.053299492385786795
DB08967	0.06814761244563443	0.01498584484637415	-0.05316176759926028
DB13297	0.06814745326303323	0.05703568631960532	-0.011111766943427914
DB13921	0.06813965968288022	0.06432271559914354	-0.0038169440837366696
DB07742	0.06813720508717025	0.044951237275420386	-0.023185967811749864
DB12415	0.0681295515877064	0.005920249262124977	-0.06220930232558142
DB03962	0.06812618646751775	0.03153861317825635	-0.036587573289261405
DB03070	0.06811761289261908	0.01938763217408923	-0.04872998071852985
DB02602	0.0681096537625609	0.021372091622448908	-0.04673756214011199
DB12731	0.06810770855117465	0.061174905130353285	-0.006932803420821365
DB02955	0.06810638415193312	0.04489647846062028	-0.023209905691312843
DB01604	0.06810533673041741	0.00292904900366342	-0.06517628772675399
DB08047	0.06809889301872231	0.022418532573280997	-0.04568036044544131
DB08204	0.06809384374661342	0.0272017150460796	-0.040892128700533825
DB00503	0.06808549302735639	0.029491728681024454	-0.03859376434633193
DB14626	0.06806161882083389	0.031837048718917516	-0.036224570101916376
DB00585	0.06806108715094605	0.02208724174373977	-0.04597384540720628
DB03934	0.06805324263236062	0.00498250455867133	-0.06307073807368929
DB02070	0.06804415012218218	0.02073634178261846	-0.04730780833956372
DB12762	0.06803810118333792	0.0676996917078726	-0.00033840947546531303
DB11877	0.06802082350380771	0.008276794857052114	-0.0597440286467556
DB11340	0.06800756359313084	0.051885893581719356	-0.016121670011411484
DB12847	0.06798410326137135	0.04130320503343027	-0.026680898227941077
DB07877	0.06797324064066797	0.012488842891484456	-0.05548439774918351
DB00887	0.06795675569049155	0.008381931781468524	-0.05957482390902302
DB01803	0.06795631316286022	0.0463656574617099	-0.02159065570115032
DB14627	0.0679525086986924	0.06594795722241387	-0.0020045514762785377
DB16879	0.06794645020889212	0.018433733620269566	-0.04951271658862255
DB02065	0.06794006061928148	0.0619782169434725	-0.0059618436758089866
DB19439	0.06792433337828646	0.03933955393469463	-0.028584779443591835
DB07252	0.0679144767916225	0.011551919570252825	-0.05636255722136968
DB16735	0.0679100005768778	0.01601038227128615	-0.051899618305591644
DB15073	0.06790886082945341	0.028281832668013707	-0.039627028161439704
DB13121	0.06790346135562197	0.05959045882410918	-0.008313002531512792
DB12990	0.06789558181686428	0.030707921957737083	-0.0371876598591272
DB00557	0.06787700520730855	0.006768189509306244	-0.061108815698002306
DB07432	0.06787202279189225	0.02224576851258636	-0.04562625427930589
DB01628	0.06786441386355657	0.02943067260252219	-0.03843374126103438
DB13244	0.06783410549629515	0.004936507154239211	-0.06289759834205594
DB05009	0.06782398466651307	0.013306939584599609	-0.05451704508191346
DB08918	0.06781332261588724	0.020044464157617847	-0.04776885845826939
DB07501	0.06780721000400247	0.005356233469682836	-0.062450976534319635
DB01477	0.06780688208784408	0.0021977450320065373	-0.06560913705583754
DB16324	0.06780256823935249	0.004512126339537459	-0.06329044189981503
DB00898	0.06779859504162758	0.02688384012616432	-0.04091475491546326
DB05294	0.06779727382603778	0.038638641105251836	-0.02915863272078595
DB02449	0.0677804100212705	0.05292056138736928	-0.014859848633901218
DB01992	0.06777740783741265	0.012115935362695014	-0.055661472474717644
DB17749	0.06777632857937682	0.009105569519053329	-0.058670759060323485
DB14570	0.06777282656215117	0.013559103926754579	-0.05421372263539659
DB03930	0.06776048354325703	0.031527387621222314	-0.03623309592203472
DB13586	0.06775697834237931	0.0030125561962336955	-0.06474442214614562
DB07474	0.06774978010515473	0.05826611688816605	-0.00948366321698868
DB13070	0.06774519246258925	0.04588761300850408	-0.021857579454085174
DB08924	0.06774075126801671	0.049236114533537045	-0.018504636734479663
DB17103	0.06773364217304878	0.06762083901456034	-0.00011280315848843768
DB13687	0.06772472794738368	0.029067347866322812	-0.03865738008106087
DB09187	0.0677244255004415	0.0334516123733018	-0.0342728131271397
DB04801	0.06772019124325046	0.019309600862998932	-0.04841059038025153
DB13715	0.06771655551264	0.05116170825598654	-0.01655484725665346
DB14723	0.06771114012054835	0.017149091825056535	-0.050562048295491824
DB05501	0.06770807426364997	0.06441087729097195	-0.0032971969726780254
DB06881	0.06770745663515743	0.016376444948225544	-0.05133101168693188
DB02495	0.06770012468454784	0.030613463002206798	-0.03708666168234104
DB08875	0.06769474749628057	0.029784688340205645	-0.03791005915607493
DB07716	0.06769033495457627	0.06095395331263448	-0.006736381641941791
DB02166	0.06767660067974791	0.020956746012189317	-0.0467198546675586
DB17161	0.06767576974656983	0.05027981754362909	-0.017395952202940747
DB07241	0.06767478599809462	0.050392620702117474	-0.017282165295977148
DB02597	0.06767417155325417	0.012737721704751404	-0.054936449848502766
DB11655	0.06765299389999546	0.04123475651493003	-0.026418237385065435
DB01597	0.06765221390524964	0.013280107765347493	-0.05437210613990215
DB08972	0.06764790324041012	0.05369539861679229	-0.013952504623617834
DB08160	0.06764463044613032	0.024003252673599134	-0.04364137777253119
DB15334	0.06763636568547787	0.005920249262124977	-0.061716116423352896
DB15991	0.06763607915679581	0.014035231821442506	-0.05360084733535331
DB00791	0.06760864244365922	0.03180118169522339	-0.035807460748435826
DB14055	0.06759494955630707	0.058238189892617864	-0.009356759663689207
DB15955	0.06758486374669742	0.032108926234400585	-0.03547593751229683
DB13523	0.0675839118347425	0.0076752692764717745	-0.05990864255827072
DB19277	0.06758068042793886	0.029668325858755118	-0.03791235456918374
DB18304	0.06757779922285778	0.0603869257853783	-0.007190873437479484
DB08070	0.06757696510602773	0.05815167096523366	-0.009425294140794072
DB17024	0.06757558658470163	0.040463478608468995	-0.027112107976232633
DB08654	0.06757196995600323	0.042883818222638426	-0.024688151733364805
DB12329	0.06756973821593493	0.030508326077790415	-0.03706141213814451
DB07074	0.06756778026994059	0.03212069937958262	-0.035447080890357974
DB18812	0.06754845868581127	0.02043051380195926	-0.047117944883852014
DB16756	0.0675260616938278	0.05041342905174162	-0.01711263264208618
DB02329	0.06752588659296632	0.0112649833806997	-0.05626090321226662
DB00149	0.06752345428282056	0.05899468291908283	-0.008528771363737718
DB03428	0.06749662246356847	0.029836435420191765	-0.0376601870433767
DB17977	0.06746714184583309	0.020969614333667397	-0.046497527512165696
DB01502	0.06746056123710087	0.015176953110026876	-0.052283608127074
DB01870	0.06745424168783476	0.027934114194032356	-0.039520127493802404
DB12975	0.06745190807090173	0.042578811624201185	-0.02487309644670055
DB02209	0.06745111215789587	0.019917697501355275	-0.047533414656540596
DB06554	0.06743528940734023	0.055295177391180506	-0.012140112016159721
DB11820	0.06743131939326731	0.014752572295325242	-0.05267874709794207
DB04069	0.06742714244181269	0.062117851921212996	-0.005309290520599693
DB02161	0.06741377428696693	0.040922083682420785	-0.026491690604546148
DB12669	0.06739928548660915	0.046474627503162336	-0.02092465798344681
DB00261	0.06739150782471623	0.05219062638608246	-0.015200881438633768
DB13024	0.06738291196425342	0.06569086458692686	-0.001692047377326565
DB09169	0.06737938447781161	0.04486334937766607	-0.02251603510014555
DB16173	0.06737856309558965	0.027124231323137238	-0.04025433177245241
DB12067	0.06737536352530624	0.004914877422393049	-0.06246048610291319
DB06486	0.06737375259738254	0.049909921749653696	-0.017463830847728845
DB03909	0.06736865238684131	0.01589073426094767	-0.05147791812589364
DB01030	0.06735111046419304	0.05351140899906365	-0.013839701465129394
DB01103	0.06735018720510627	0.02136552056467289	-0.04598466664043338
DB07033	0.06733286495444779	0.0279376735169945	-0.03939519143745329
DB03232	0.06732735723644745	0.04156495216817524	-0.02576240506827221
DB16176	0.06731890782397766	0.014757226794583259	-0.0525616810293944
DB03607	0.0673002961942496	0.05002108214369805	-0.01727921405055155
DB01420	0.06729770788515471	0.045583427792288855	-0.021714280092865856
DB00776	0.06729083119678445	0.06013996353062931	-0.007150867666155136
DB09242	0.06725231219095494	0.05867927214583368	-0.008573040045121263
DB06831	0.06724822438175704	0.04799692255460819	-0.019251301827148848
DB04063	0.06722267875792237	0.020940592161823257	-0.046282086596099115
DB05498	0.06722118244147143	0.023185977362705952	-0.04403520507876549
DB12036	0.06721902074174757	0.047987065967944165	-0.019231954773803406
DB04357	0.06721611725110233	0.03605457263482986	-0.031161544616272463
DB12048	0.06721217907354965	0.039606229362771694	-0.027605949710777955
DB01559	0.0671981073316068	0.008402740131092656	-0.05879536720051415
DB02727	0.06719238312526887	0.03734414272337483	-0.029848240401894044
DB01288	0.06718990624399479	0.030707921957737083	-0.03648198428625771
DB12789	0.0671894669000156	0.006764356392270243	-0.06042511050774535
DB02726	0.06718467232006858	0.0014702741773857044	-0.06571439814268287
DB08308	0.06717069608768639	0.05940236229527046	-0.007768333792415927
DB13484	0.06716784035182158	0.017235063164292873	-0.0499327771875287
DB13929	0.06716630583154637	0.03291251184159372	-0.03425379398995265
DB14205	0.06716228169538897	0.009544461419677033	-0.05761782027571194
DB14906	0.06714370190218114	0.059630158964839364	-0.007513542937341779
DB01445	0.06714265129701341	0.04605928189290265	-0.021083369404110756
DB07994	0.06714059784145848	0.026471780044792725	-0.04066881779666576
DB18016	0.06712379134242757	0.03534051768983504	-0.031783273652592536
DB02027	0.06711377238951033	0.015731933698026945	-0.051381838691483384
DB11817	0.06710676198775524	0.01902375984974182	-0.04808300213801342
DB04726	0.06709722058264145	0.0015792442188381495	-0.0655179763638033
DB18244	0.06708462923888936	0.007941670910474818	-0.05914295832841454
DB04691	0.06706388137865377	0.014015244854040376	-0.05304863652461339
DB01158	0.06705769554277258	0.048499608474474154	-0.018558087068298423
DB07112	0.0670475078562981	0.050828774662001225	-0.01621873319429687
DB14667	0.06704747920342985	0.0455122413330486	-0.021535237870381252
DB14986	0.06704285972434415	0.008413418099978644	-0.05862944162436551
DB13654	0.06703436255709405	0.029494192827690446	-0.037540169729403605
DB03636	0.06703291399542335	0.02618046315005551	-0.040852450845367844
DB02713	0.06703019515659558	0.025510762845048995	-0.04151943231154659
DB13216	0.0670253910256925	0.044520832991090775	-0.022504558034601718
DB03520	0.06702137325683899	0.02975730893280537	-0.03726406432403362
DB04612	0.06701903963990603	0.06386055120222978	-0.003158488437676255
DB17051	0.06701186368824562	0.055222621961570295	-0.011789241726675323
DB02738	0.06700710412847066	0.018023316303341863	-0.0489837878251288
DB07392	0.06699216961682969	0.007750836440896081	-0.05924133317593361
DB00812	0.06699158700850938	0.009452466610812671	-0.05753912039769671
DB15205	0.06698308029030331	0.0175559498190222	-0.04942713047128111
DB18208	0.06697657608921964	0.01673785312590692	-0.05023872296331272
DB04888	0.06697571968682553	0.046583597544614774	-0.020392122142210756
DB02394	0.06697118616634434	0.04396229308012861	-0.02300889308621573
DB03012	0.06697051441576735	0.06623270305937495	-0.0007378113563923927
DB08077	0.06696295324221219	0.05144563271072561	-0.015517320531486578
DB07019	0.06696217006381441	0.02647862489664274	-0.040483545167171675
DB14541	0.06696015481208364	0.014919860474539887	-0.05204029433754376
DB01133	0.0669527273519134	0.01827849238031093	-0.048674234971602476
DB11762	0.06695098589425663	0.03819208297055621	-0.028758902923700425
DB11996	0.06694749342798709	0.03176504087745527	-0.03518245255053182
DB01219	0.06694118342967709	0.020246250390156595	-0.04669493303952049
DB14075	0.06693220871462341	0.027036617219456896	-0.03989559149516651
DB14025	0.0669275382971053	0.03785285211286882	-0.029074686184236476
DB08093	0.06692044830404945	0.036647884393190194	-0.03027256391085925
DB01135	0.06691660245240533	0.026485195954418783	-0.040431406497986544
DB07962	0.0668991273864497	0.03994409125008902	-0.026955036136360674
DB13757	0.06689145478507365	0.02910403627223901	-0.03778741851283464
DB19336	0.0668815822801494	0.017636445276778434	-0.049245137003370965
DB11883	0.06687945241694582	0.03269648831720684	-0.03418296409973898
DB02625	0.06687336845792946	0.024650228070463687	-0.042223140387465774
DB17046	0.06687278903326112	0.009856039075890236	-0.05701674995737088
DB03068	0.06686854840876613	0.025744582984245867	-0.041123965424520265
DB16124	0.06686734180464937	0.013362245987547872	-0.0535050958171015
DB13326	0.06686453700721683	0.0609561436652265	-0.005908393341990319
DB03320	0.06685830023290329	0.019554098971081846	-0.047304201261821444
DB08908	0.06684818258677327	0.04168815950147575	-0.025160023085297523
DB08877	0.06684351216925517	0.027744101106675648	-0.039099411062579525
DB04046	0.06684069145356258	0.01960502466884606	-0.047235666784716523
DB00541	0.06684017570193473	0.036936189553113286	-0.02990398614882145
DB07400	0.06683760967840402	0.024952222934086832	-0.04188538674431719
DB16622	0.06683061519490896	0.010288359918738	-0.05654225527617096
DB11343	0.06682137305308528	0.023173109041227824	-0.04364826401185745
DB00956	0.06682081909763327	0.03755167863146769	-0.029269140466165577
DB00289	0.06680219154964512	0.016405740914143596	-0.05039645063550152
DB17499	0.06680111547526124	0.05347033988796346	-0.013330775587297783
DB00200	0.06679815149522761	0.014208269676211083	-0.052589881819016526
DB01925	0.06679307675390257	0.007331383919526438	-0.059461692834376134
DB11326	0.06678672218446406	0.03442467651230152	-0.03236204567216254
DB12452	0.06678159968835867	0.04227216226132002	-0.02450943742703865
DB08364	0.0667813863836731	0.06418691373843904	-0.0025944726452340667
DB09296	0.06677810722208913	0.000396727613227539	-0.06638137960886159
DB00883	0.06677646445764515	0.054258593027012525	-0.012517871430632627
DB04545	0.06677147249127266	0.03377523696877105	-0.03299623552250161
DB07157	0.06676703448035215	0.04953372869197614	-0.017233305788376008
DB13914	0.06675807568355874	0.03901702451552136	-0.02774105116803738
DB07552	0.06675585986175059	0.000902425267907514	-0.06585343459384307
DB01014	0.06675578345410205	0.03656519858284191	-0.03019058487126014
DB11462	0.06675474558354233	0.026638794429933332	-0.040115951153609
DB16835	0.0667434022313835	0.017739939436750826	-0.04900346279463268
DB01464	0.0667257043097862	0.03480634545145911	-0.031919358858327085
DB08217	0.06672450407297334	0.03477923983813294	-0.0319452642348404
DB00979	0.06671734722322507	0.04075917620839015	-0.025958171014834927
DB13414	0.06671151477271849	0.032081273032926474	-0.03463024173979201
DB12664	0.06671074432892876	0.06535546684627558	-0.0013552774826531833
DB15110	0.06666753898732097	0.03282462394383934	-0.033842915043481636
DB12937	0.06666058907495423	0.015053471982652389	-0.05160711709230184
DB12992	0.06665241664021049	0.01808409858777016	-0.04856831805244033
DB12283	0.06663551144796692	0.06342193309568006	-0.003213578352286861
DB01426	0.06661668969720536	0.038791691992618504	-0.02782499770458685
DB01699	0.0666083771817726	0.0031431559695321853	-0.06346522121224041
DB09345	0.06660829759047202	0.008460236886632777	-0.05814806070383924
DB05197	0.06659666452597901	0.050286114807331084	-0.016310549718647933
DB05565	0.0665956521246357	0.028077308494734998	-0.0385183436299007
DB00641	0.06659091803407707	0.0002256063169768785	-0.0663653117171002
DB18114	0.06658787446274278	0.0185084794024718	-0.04807939506027098
DB05414	0.06658069851108235	0.040976021114998984	-0.025604677396083367
DB06179	0.06657932635706032	0.06612811372310656	-0.0004512126339537507
DB04886	0.06657600262434801	0.04371368806093559	-0.022862314563412423
DB00607	0.06656983907403097	0.023782027061806266	-0.0427878120122247
DB04154	0.06654628004905888	0.06072314490825165	-0.005823135140807234
DB08531	0.06653529644957853	0.004294186256632661	-0.06224111019294587
DB14227	0.06652593332897805	0.0025085013059977304	-0.06401743202298033
DB08725	0.06652320175554213	0.02244700715697709	-0.044076194598565044
DB08424	0.06648077322502804	0.020040631040581736	-0.04644014218444631
DB06836	0.06647163932737321	0.05954637797819495	-0.006925261349178258
DB02110	0.06640982872334156	0.007798750403846257	-0.0586110783194953
DB07641	0.06637884860550307	0.049737431483032946	-0.016641417122470123
DB07208	0.06637709759689037	0.0635829240111927	-0.002794173585697668
DB13559	0.06636249100140763	0.005453704160027217	-0.060908786841380416
DB03999	0.06635547423234822	0.00879864636209815	-0.05755682787025007
DB09483	0.06634622890687275	0.04943132970829983	-0.01691489919857292
DB13677	0.06632077242529466	0.007474578220229011	-0.05884619420506565
DB03252	0.0663017214515873	0.018738466424632616	-0.04756325502695469
DB07190	0.06627942952012045	0.03287034755419749	-0.03340908196592296
DB07693	0.06626326293514628	0.024584791286777374	-0.04167847164836891
DB18821	0.06626038809736931	0.005898893324352894	-0.060361494773016416
DB17872	0.0662479718544785	0.023970397384718956	-0.04227757446975955
DB11869	0.06624474999863096	0.0636502773533969	-0.0025944726452340667
DB02776	0.06623926138254287	0.03591685421560731	-0.030322407166935558
DB18087	0.06622068477298712	0.027628560007447178	-0.03859212476553994
DB08107	0.06621578194887134	0.000902425267907514	-0.06531335668096383
DB15463	0.06619359507792116	0.03062715270590683	-0.035566442372014326
DB06421	0.06618551496908609	0.021438075994283157	-0.04474743897480293
DB08109	0.06618249368331602	0.004819870878714716	-0.06136262280460131
DB07106	0.06617911901217133	0.010185139552839506	-0.05599397945933182
DB13401	0.06617815754926037	0.029993593218668346	-0.03618456433059203
DB14849	0.06617691592497127	0.03575449432972472	-0.03042242159524655
DB12187	0.06617073327274203	0.003038019045115803	-0.06313271422762623
DB13361	0.06614036759974412	0.014244684288053255	-0.051895683311690866
DB02753	0.06613585954847917	0.05782941534013436	-0.00830644420834481
DB07944	0.0661344109868085	0.061960694122736304	-0.004173716864072194
DB13341	0.0661258947176464	0.05409760211149994	-0.012028292606146462
DB00395	0.06612354199880122	0.016842990050323414	-0.0492805519484778
DB02641	0.06611369177944121	0.010124631062485283	-0.05598906071695592
DB03392	0.06610509910263035	0.007382857205438631	-0.05872224189719172
DB01058	0.0661029787903829	0.000451212633953757	-0.06565176615642915
DB00239	0.06609969962879886	0.004173716864072197	-0.06192598276472666
DB00340	0.06609303306146215	0.008883796319112468	-0.05720923674234968
DB05168	0.06609132980762977	0.010740393934913661	-0.05535093587271611
DB07547	0.066088903864788	0.030723802014029203	-0.03536510185075879
DB15987	0.06608791056535675	0.006861005700392622	-0.059226904864964125
DB01254	0.06607664043719441	0.06562542780324065	-0.0004512126339537507
DB03039	0.0660758349732325	0.014786796554575377	-0.05128903841865712
DB07750	0.06607310339979651	0.057370536472108574	-0.00870256692768793
DB06838	0.06607084300686006	0.013959390862944177	-0.05211145214391588
DB03234	0.0660215377879757	0.034174976316812655	-0.03184656147116305
DB17602	0.06601998416578836	0.05302925763474775	-0.012990726531040608
DB02824	0.06601857699159411	0.04843964757226804	-0.017578929419326067
DB01125	0.06601504950515219	0.04884732694845556	-0.01716772255669663
DB07768	0.06599796284474341	0.04736281547922183	-0.018635147365521576
DB03823	0.06599475053985193	0.017701882060464746	-0.048292868479387185
DB00379	0.06599182794729447	0.028855978841193952	-0.037135849106100516
DB07206	0.06596562649114307	0.04032192707221044	-0.02564369941893263
DB03257	0.06595900131128274	0.03323723161335901	-0.03272176969792373
DB09060	0.06595763870821658	0.006476598820495116	-0.059481039887721465
DB08495	0.06594407635059751	0.03399618878648991	-0.0319478875641076
DB15533	0.06593748937456145	0.018527371193577946	-0.04741011818098351
DB13807	0.06593600260906662	0.017337188353895305	-0.04859881425517132
DB08252	0.06593533404214164	0.007911553562334694	-0.05802378047980694
DB17298	0.06592971489632057	0.008114161177095514	-0.05781555371922506
DB04616	0.06592810396839666	0.018196627952184574	-0.04773147601621208
DB11499	0.06592340489801046	0.04315487435589943	-0.022768530542111032
DB02716	0.06592123683098261	0.015132598470038783	-0.05078863836094383
DB08321	0.06590449082134012	0.06247022489445231	-0.0034342659268878153
DB03303	0.06588919655702047	0.0630950229713228	-0.002794173585697668
DB09076	0.0658776176146118	0.027735065902233624	-0.038142551712378174
DB12276	0.06587153047194334	0.055755972817724375	-0.010115557654218968
DB07145	0.06585011722843481	0.02324593826491217	-0.04260417896352264
DB12086	0.06584691765815143	0.050049556727394195	-0.01579736093075723
DB09536	0.0658281818659946	0.060517251764602875	-0.00531093010139172
DB06470	0.065817990995868	0.048603376428520584	-0.017214614567347422
DB13367	0.06578069132876338	0.028172315038413304	-0.037608376290350076
DB11203	0.06576717990957659	0.04288682995745241	-0.02288034995212418
DB02318	0.0657462569484798	0.004453808201775322	-0.061292448746704475
DB02988	0.06572713275077594	0.05851691225995104	-0.007210220490824905
DB13485	0.0657110298388423	0.01191113739534222	-0.053799892443500086
DB18303	0.06570806267515655	0.03418154737458862	-0.03152651530056794
DB11790	0.06569433795128427	0.045317299952359835	-0.02037703799892443
DB19358	0.06569255192249912	0.015771907632831206	-0.049920644289667915
DB16037	0.06568410569368141	0.04773627059615923	-0.01794783509752218
DB07629	0.0656835039834491	0.0392757599154524	-0.026407744067996702
DB00543	0.06568271125409536	0.03184471495298957	-0.03383799630110579
DB11900	0.06567713667940256	0.05104945268564609	-0.014627683993756475
DB03616	0.06565446270969283	0.025841506086442256	-0.03981295662325057
DB11697	0.06564796487591334	0.03907068815402559	-0.026577276721887748
DB12733	0.06563035609657264	0.053786024455286685	-0.011844331641285956
DB06952	0.06561083712601795	0.045406283026410144	-0.020204554099607808
DB01181	0.0656081182871901	0.049502516167540034	-0.016105602119650064
DB12687	0.06560154086211006	0.03905836742069557	-0.02654317344141449
DB04122	0.06558626569970227	0.03912900629178773	-0.026457259407914546
DB11558	0.0655662023246518	0.007343704652856494	-0.0582224976717953
DB08610	0.06556501800609918	0.03546920090461561	-0.03009581710148357
DB07497	0.06555201278758409	0.045509777186382605	-0.020042235601201483
DB17992	0.06555194593089159	0.059998685788444805	-0.005553260142446779
DB07986	0.06553697321542616	0.03306802687562632	-0.03246894633979984
DB02108	0.06553437535537515	0.005105985686045811	-0.06042838966932934
DB07406	0.06552673459051933	0.06179504870796576	-0.0037316858825535704
DB16397	0.06551298439743092	0.0037693230167726854	-0.06174366138065823
DB19383	0.0655105425363291	0.042498042372370926	-0.02301250016395817
DB07771	0.06550774092254841	0.022242482983698242	-0.043265257938850166
DB12125	0.06550643562521896	0.03713578543306012	-0.02837065019215884
DB11929	0.065496181082052	0.04385797753793416	-0.021638203544117843
DB00412	0.0654909567090819	0.025990176268624876	-0.03950078044045702
DB01114	0.06548579282550006	0.06221450122933536	-0.0032712915961646927
DB02576	0.06547242148700227	0.04059407838176743	-0.024878343105234846
DB04936	0.06546361550550603	0.059033835471665075	-0.006429780033840948
DB03621	0.06545448797515518	0.04442555265333836	-0.021028935321816822
DB04485	0.06544908531767175	0.050803038019045066	-0.014646047298626688
DB04381	0.06543138102877046	0.011351776102158095	-0.05407960492661236
DB03849	0.06543013622082927	0.03896664640590519	-0.02646348981492408
DB07964	0.06543003752761656	0.02035960113679297	-0.04507043639082359
DB00297	0.06542166133914337	0.02376450424107021	-0.04165715709807316
DB16296	0.06541754169342526	0.021046550468461662	-0.0443709912249636
DB04957	0.06541162646796606	0.024734282851181955	-0.0406773436167841
DB16260	0.0654111521038146	0.06419622273695508	-0.0012149293668595185
DB00972	0.06540063968483373	0.04467141973179131	-0.020729219953042416
DB01056	0.0653930689603224	0.05156582830921208	-0.013827240651110323
DB02066	0.06538925176154649	0.04522503134942146	-0.020164220412125025
DB01759	0.06537415170000013	0.049531538339384173	-0.01584261336061596
DB19045	0.0653739797827909	0.05113487643673442	-0.01423910334605648
DB06663	0.06536107325748856	0.016612729234088453	-0.048748344023400114
DB02688	0.06536103505366431	0.015041972631544387	-0.05031906242211992
DB08372	0.06534794069289257	0.012233393020441463	-0.05311454767245111
DB11853	0.06534370325204954	0.048653754538136695	-0.01668994871391284
DB12197	0.06534211460968994	0.05660446065305358	-0.008737653956636367
DB06177	0.0653154196874749	0.04189925473253053	-0.023416164954944363
DB04798	0.06531096575829434	0.018563238217272043	-0.0467477275410223
DB06515	0.06530233169400723	0.028349459804291988	-0.036952871889715244
DB03222	0.06529309910313974	0.05440890597363912	-0.010884193129500619
DB03946	0.06527907829962928	0.06099255827706865	-0.004286520022560632
DB02256	0.06526993803467049	0.05757341788094339	-0.007696520153727095
DB07970	0.06526546818722967	0.05752303977132711	-0.007742428415902558
DB19038	0.06525268264070433	0.030169916602325042	-0.03508276603837929
DB03011	0.06525083293887887	0.03699888839605958	-0.02825194454281929
DB19149	0.06524756969555498	0.0038429736226789097	-0.06140459607287607
DB07258	0.0652375793955059	0.03430557609011109	-0.030932003305394806
DB19141	0.0652333546892711	0.03878101402373252	-0.026452340665538587
DB12601	0.06523039389288947	0.005301748448956589	-0.05992864544393288
DB00566	0.06523034932176117	0.04456244969033893	-0.020667899631422237
DB03773	0.06521005354011283	0.04522913826053149	-0.019980915279581346
DB02362	0.06520627772881316	0.03786626802249493	-0.027340009706318225
DB14067	0.06519737623775615	0.007441175343200879	-0.05775620089455527
DB06704	0.06519365136488892	0.046776896160859505	-0.01841675520402941
DB07591	0.06516646934391428	0.040618993642501586	-0.02454747570141269
DB05053	0.06516158243805859	0.006258658737590239	-0.058902923700468346
DB00263	0.06515860572341675	0.055455894512619175	-0.009702711210797577
DB04571	0.06514319684762422	0.050324993565839304	-0.014818203281784917
DB04582	0.06513436858056354	0.02055810184044371	-0.04457626674011983
DB18079	0.06511604666316974	0.045593558173026905	-0.019522488490142837
DB08921	0.06511447712272234	0.0408073639654144	-0.024307113157307936
DB03944	0.06511106424775326	0.05430294766700061	-0.010808116580752647
DB02567	0.06511001682623777	0.022826211949468656	-0.04228380487676911
DB01792	0.06509874669807536	0.05474348233206838	-0.010355264366006978
DB13971	0.06509738409500931	0.0355124603683078	-0.029584923726701517
DB12907	0.06508646735222151	0.01538421522404565	-0.04970225212817586
DB03235	0.06505594249662244	0.031302876480541475	-0.03375306601608097
DB07819	0.06505391451028363	0.062207930171559345	-0.0028459843387242754
DB15096	0.065041775245119	0.028532901833872693	-0.03650887341124631
DB01917	0.06504157149138945	0.06356594877860466	-0.0014756227127847854
DB16860	0.06503548434872097	0.004700222868376236	-0.06033526148034474
DB11348	0.0650337970131486	0.019678401480678342	-0.045355395532470255
DB19379	0.06503364419785146	0.03592780597856737	-0.029105838219284086
DB02529	0.06502862994591484	0.01376910398151343	-0.051259525964401406
DB12622	0.06502314132982667	0.05932953307158617	-0.005693608258240501
DB01394	0.06502287071940482	0.03758809324330992	-0.027434777476094907
DB04872	0.06500052784950544	0.04422048089191155	-0.020780046957593883
DB12672	0.0649852208505776	0.057275256134356245	-0.00770996471622136
DB14107	0.06498411612332555	0.05411074422705198	-0.010873371896273576
DB13182	0.06498304641624567	0.05138731457296336	-0.013595731843282305
DB17099	0.06496135937866321	0.016056927263866316	-0.04890443211479689
DB12316	0.06495599492500403	0.01856241683505	-0.046393578089954035
DB12895	0.06495421844717486	0.033325393305187245	-0.031628825141987615
DB16315	0.06494454969598035	0.030253971383043365	-0.03469057831293698
DB04167	0.06494433957494676	0.04827865665675529	-0.01666568291819147
DB07262	0.06494378880314676	0.050306923156955174	-0.014636865646191585
DB00173	0.06493177051675891	0.017737749084158816	-0.0471940214326001
DB04613	0.064930678524115	0.0103778905809363	-0.05455278794317869
DB03606	0.06491098445269894	0.015556979284740313	-0.049354005167958626
DB03338	0.064891007036253	0.04904445868173629	-0.01584654835451671
DB00797	0.06487903013734148	0.024026251375815218	-0.040852778761526265
DB11870	0.06487635586964194	0.025663813732415573	-0.03921254213722636
DB16185	0.06487131296483703	0.038684912303758034	-0.026186400661078996
DB01663	0.06485834595014628	0.03052749166297042	-0.03433085428717586
DB11901	0.06484777304177702	0.011817499822033839	-0.053030273219743185
DB08883	0.06483447174362383	0.03278820933199722	-0.032046262411626614
DB03201	0.06483446219266781	0.0077127790646099245	-0.057121683128057876
DB03658	0.06482924737065374	0.010690289619371574	-0.05413895775128216
DB13775	0.06482156203466949	0.017187149201342677	-0.04763441283332681
DB08796	0.06481413457449914	0.016428465822285743	-0.048385668752213395
DB03947	0.06481057843518923	0.03489806646624938	-0.029912511968939848
DB03246	0.064808636407455	0.002282894989020859	-0.06252574141843414
DB08494	0.06479556751589959	0.01787437232708544	-0.046921195188814144
DB17865	0.06479384834380697	0.014392806882087883	-0.05040104146171909
DB13428	0.06479346630556412	0.0011105087641483102	-0.06368295754141581
DB03082	0.0647694233654843	0.02827005952283168	-0.03649936384265262
DB09280	0.0647569816533774	0.04900749648174618	-0.015749485171631217
DB01031	0.0647434256630624	0.04768096419321105	-0.017062461469851353
DB08529	0.06474104747500106	0.0055626742014796005	-0.05917837327352146
DB11529	0.06474045213207258	0.03283584950087337	-0.03190460263119921
DB15392	0.06473505902554529	0.008366599313324462	-0.05636845971222082
DB06970	0.0647337027897833	0.0612200811525635	-0.0035136216372197975
DB01819	0.06471965333340463	0.009300510899742043	-0.05541914243366258
DB00882	0.06471592846053749	0.06287763047656603	-0.001838297983971459
DB14868	0.06470600183352893	0.02270190943987216	-0.04200409239365677
DB00458	0.06470027444353899	0.04383005054238609	-0.020870223901152896
DB01416	0.06469024275601376	0.017305702035385173	-0.04738454072062859
DB03608	0.06468659747444709	0.027015261281684855	-0.037671336192762236
DB03828	0.06468205121935783	0.01135862095400808	-0.05332343026534975
DB14083	0.06467490392056557	0.006768189509306244	-0.05790671441125933
DB08439	0.06459885284103378	0.04868770500331293	-0.01591114783772085
DB04920	0.06459281663679761	0.004935685772017147	-0.05965713086478047
DB17049	0.06458921911001123	0.01647473702079183	-0.048114482089219396
DB16657	0.06458410616486199	0.05630684649461448	-0.008277259670247512
DB15817	0.06456477502977676	0.004905020835729079	-0.059659754194047676
DB16191	0.06455454277217393	0.037696241902540284	-0.026858300869633644
DB08715	0.06453404960410014	0.040094130402641565	-0.024439919201458576
DB06395	0.06452354355242335	0.01075873813787176	-0.053764805414551586
DB04064	0.06451801673251098	0.055876442210284816	-0.008641574522226157
DB08865	0.06451043645704352	0.02872756942048743	-0.03578286703655609
DB12084	0.06450567371361676	0.06185939031535603	-0.0026462833982607327
DB02492	0.06448986051401714	0.029870112091293866	-0.034619748422723286
DB00132	0.06448379884056488	0.04916191633948275	-0.015321882501082129
DB12959	0.06447205434825107	0.05049036518653591	-0.01398168916171516
DB07688	0.06444945678618993	0.00572229614662223	-0.058727160639567705
DB06549	0.06444487551092838	0.018868792403857207	-0.045576083107071175
DB12518	0.06443782053804481	0.004963338973491216	-0.059474481564553594
DB07036	0.06440636605605488	0.04882870895142344	-0.015577657104631437
DB09292	0.06439922194091474	0.011583405888762941	-0.0528158160521518
DB00732	0.0643972767295285	0.003021865194749729	-0.06137541153477877
DB07057	0.06439534106909835	0.017082286071000277	-0.04731305499809807
DB08560	0.06438619443683546	0.028183266801373286	-0.03620292763546218
DB05395	0.06437846452972311	0.058373991753322585	-0.006004472776400529
DB12062	0.06437430031287657	0.05165672794178042	-0.01271757237109615
DB13463	0.06437342799222201	0.025374687190270362	-0.03899874080195165
DB00747	0.06437006605568564	0.004519792573609536	-0.05985027348207611
DB07677	0.06436945161084517	0.042273805025764055	-0.02209564658508112
DB13250	0.0643650358854889	0.04811711815309472	-0.016247917732394188
DB07075	0.06436165166338803	0.05370306485086429	-0.01065858681252374
DB13313	0.06434665984601057	0.0002256063169768785	-0.06412105352903369
DB17621	0.06434411929169592	0.028863918869339922	-0.035480200422356
DB11449	0.06432478497295874	0.011019390096320754	-0.05330539487663799
DB09124	0.06430466747582365	0.050525958416156036	-0.013778709059667623
DB00633	0.06430013077169061	0.00763228360685364	-0.05666784716483697
DB01572	0.06429973599883962	0.012645726895887055	-0.051654009102952564
DB03296	0.06428315553910244	0.021377293709854937	-0.042905861829247494
DB04590	0.06427739631259244	0.007717433563868004	-0.056559962748724435
DB00949	0.06427507543026739	0.059988555407706756	-0.004286520022560632
DB00251	0.06425207672805128	0.052294941928276883	-0.011957134799774394
DB04736	0.06425010604744885	0.035795837234898875	-0.028454268812549977
DB13177	0.0642463143178893	0.034910934787727554	-0.029335379530161743
DB12370	0.06422187023765458	0.03222446733362905	-0.03199740290402553
DB12418	0.06420970868692563	0.041290336711952175	-0.022919371974973457
DB06283	0.06419909757473219	0.015989847715736083	-0.048209249858996106
DB03053	0.06418699014608759	0.03436170387528131	-0.029825286270806273
DB06703	0.06418632476281472	0.047300938018497496	-0.016885386744317214
DB15087	0.06418471701854302	0.0458509246025879	-0.01833379241595512
DB06578	0.06416597804273405	0.05637337845459678	-0.007792599588137272
DB14525	0.06413318005959037	0.03158159884787451	-0.03255158121171586
DB00625	0.06412621741261537	0.012478438716672424	-0.05164777869594295
DB15055	0.06412488664606969	0.02975566616836145	-0.03436922047770824
DB03690	0.06410723329560067	0.03897705058071721	-0.02513018271488346
DB03667	0.06407328919772858	0.06339647024679795	-0.0006768189509306261
DB17820	0.06406512631394097	0.008366599313324462	-0.055698527000616505
DB12417	0.06404017284938257	0.003415033485015262	-0.06062513936436731
DB02367	0.06403839637155362	0.006531083841221363	-0.057507312530332255
DB11987	0.06403681091284591	0.03129110333535934	-0.03274570757748657
DB16204	0.0640322837596689	0.052700157157798466	-0.011332126601870433
DB04606	0.06401042798852918	0.032229121832887064	-0.03178130615564212
DB17152	0.06400513675886654	0.03519540683061462	-0.028809729928251926
DB04869	0.06400508263678206	0.03274221192756499	-0.03126287070921707
DB08413	0.06400267579585261	0.002256063169768785	-0.06174661262608383
DB00768	0.06399678285595742	0.00964959834409343	-0.05434718451186399
DB15231	0.06399663322431237	0.024011192701745232	-0.03998544052256714
DB00130	0.06399417226129839	0.006779688860414306	-0.057214483400884086
DB14551	0.06399416589399431	0.039602122451661614	-0.0243920434423327
DB15617	0.06398738153153272	0.02414425662170966	-0.03984312490982306
DB13468	0.06398254238045742	0.0143714509443158	-0.04961109143614162
DB14878	0.06397475516760842	0.003895268290813103	-0.06007948687679532
DB16390	0.06396974409932382	0.04451316675701872	-0.019456577342305104
DB07537	0.06394718792473895	0.02963108986469097	-0.034316098060047984
DB03557	0.06394657984720253	0.0531751898761903	-0.010771389971012235
DB15317	0.06393406172744705	0.041273087685290144	-0.022660974042156903
DB12810	0.06391606135890751	0.025865326170880387	-0.038050735188027124
DB02877	0.06391337754025188	0.048028135079044354	-0.015885242461207524
DB00555	0.06389084365123118	0.026417568818140502	-0.03747327483309068
DB02486	0.06388519266888994	0.0568913968426068	-0.006993795826283136
DB04693	0.06387986960270702	0.022813617422064558	-0.04106625218064246
DB07933	0.06387361054282914	0.0378298534106527	-0.026043757132176437
DB07391	0.06385994949199739	0.04513495309907514	-0.018724996392922244
DB12091	0.06385580437706306	0.04090921536094272	-0.022946589016120345
DB18393	0.06384292332097692	0.010179116083211495	-0.053663807237765426
DB07728	0.06383919844810981	0.03493502866623954	-0.02890416978187027
DB08131	0.06383033516087697	0.04700003833117039	-0.016830296829706576
DB16209	0.06382975891986087	0.04190856373104668	-0.02192119518881419
DB13510	0.06380356383101338	0.010568998844589061	-0.053234564986424315
DB01849	0.06378260903339614	0.04374955508462974	-0.020033053948766387
DB02780	0.0637801830905543	0.05250904889414565	-0.011271134196408662
DB07122	0.06377707902983168	0.00964959834409343	-0.05412748068573825
DB08466	0.06376697093465787	0.02259512975101167	-0.041171841183646196
DB02980	0.0637628353706796	0.041414365427474675	-0.022348469943204927
DB11678	0.06374917431984775	0.00777191858459414	-0.05597725573525361
DB11518	0.0637490883612431	0.013988139240714237	-0.04976094912052886
DB02838	0.06374472675797124	0.03700545945383557	-0.026739267304135672
DB03469	0.0637270129181138	0.03437950049009139	-0.029347512428022415
DB18007	0.0637254561122744	0.015894293583909647	-0.04783116252836475
DB06594	0.06372462199544432	0.01726873983539498	-0.04645588216004934
DB11446	0.06372235205155172	0.051827849238031076	-0.011894502813520641
DB13539	0.06372057875737475	0.04580848652111774	-0.017912092236257005
DB18091	0.06371259734175243	0.05725691193139815	-0.006455685410354281
DB15307	0.06371133343189919	0.061455270262130435	-0.0022560631697687537
DB09167	0.0637071341948805	0.02262743745174378	-0.04107969674313672
DB07015	0.0637014131721948	0.01674250762516505	-0.04695890554702975
DB02164	0.06368598201083786	0.011543705748032762	-0.0521422762628051
DB02097	0.06368526568913263	0.025246277769563952	-0.03843898791956868
DB01153	0.06366247392429812	0.057225151818814046	-0.006437322105484072
DB08554	0.0636597519018181	0.052126284778692245	-0.011533467123125862
DB04168	0.06365406589930468	0.01741001757757955	-0.04624404832172513
DB15244	0.06364592211742912	0.045356726299015965	-0.018289195818413144
DB06828	0.06363397387138581	0.012400681199656094	-0.05123329267172971
DB05461	0.06363138556229098	0.026237138523373837	-0.03739424703891714
DB09074	0.06362095591826272	0.023647320377397807	-0.039973635540864916
DB14674	0.06362011861778052	0.05282610243183894	-0.01079401618594158
DB07978	0.0636125478932692	0.02508994135330933	-0.03852260653995987
DB04163	0.0635842133902621	0.018591165212820115	-0.044993048177441985
DB03854	0.06358052672121917	0.03149425853826819	-0.03208626818295098
DB08313	0.06354391790660358	0.05879700359765411	-0.004746914308949468
DB03400	0.06352997351074169	0.01268460565439522	-0.05084536785634647
DB03306	0.0635288464979254	0.024229406578724022	-0.03929943991920137
DB16291	0.06351647164251098	0.005040822696433557	-0.05847564894607743
DB07320	0.06350826100394302	0.05181936162173706	-0.011688899382205964
DB00470	0.06350734411216032	0.01987416424358912	-0.043633179868571195
DB11460	0.06347910511871385	0.032065392976634355	-0.0314137121420795
DB12174	0.06347571452930911	0.00214326001128029	-0.06133245451802882
DB12405	0.06346983114037025	0.028520854894616754	-0.034948976245753494
DB16062	0.06346982477306617	0.01540420219144778	-0.048065622581618395
DB02441	0.06346006687961486	0.04827099042268329	-0.015189076456931572
DB14914	0.06345815350474879	0.011073875117046966	-0.05238427838770182
DB00772	0.06345070375901435	0.006270979470920368	-0.05717972428809398
DB14128	0.06343580426754536	0.011357799571786066	-0.052078004695759295
DB07125	0.0634295483913197	0.01126005508736766	-0.05216949330395204
DB08873	0.06342192036107203	0.0050397275201375935	-0.05838219284093443
DB13055	0.06342122950858294	0.0015247591981119159	-0.06189647031047102
DB12039	0.06342110852980598	0.05033430256435523	-0.013086805965450754
DB06740	0.06341792806143479	0.023989289175825074	-0.03942863888560971
DB01163	0.06341700480234805	0.06104813847409085	-0.0023688663282571912
DB02935	0.06341107365862869	0.03119691817390302	-0.03221415548472567
DB13910	0.0633997175718618	0.026493409776638832	-0.03690630779522297
DB04318	0.06339042449160581	0.05630054923091243	-0.007089875260693379
DB09073	0.06338643219196866	0.010219090018015686	-0.05316734217395297
DB15191	0.0633828155632701	0.034156632113854446	-0.02922618344941566
DB04263	0.06335995375809103	0.04585119839666185	-0.017508755361429186
DB00609	0.06334240865179086	0.03301901773638011	-0.030323390915410753
DB03093	0.06333199174237081	0.0296743493283832	-0.03365764241398761
DB15686	0.06332934294388737	0.036090987246672035	-0.027238355697215333
DB18107	0.06332838784828043	0.05406967511595173	-0.0092587127323287
DB11132	0.063325455704767	0.005461370394099219	-0.05786408531066778
DB08334	0.06331565960749139	0.05658255712713356	-0.0067331024803578225
DB04082	0.06331086821119633	0.028193670976185387	-0.035117197235010944
DB12351	0.06330470784453127	0.029611650485436847	-0.033693057359094426
DB07275	0.06329784070711719	0.058724721962117865	-0.004573118744999327
DB02617	0.06328573327847256	0.028478416813146473	-0.03480731646532609
DB01086	0.06328381353630269	0.055942426582119065	-0.007341386954183626
DB12877	0.06327207859494477	0.0019176536943034117	-0.06135442490064136
DB01609	0.06326587365715157	0.008839989267272294	-0.054425884389879275
DB13421	0.06326064610052928	0.028364792272436046	-0.03489585382809324
DB08618	0.06323494447774547	0.044995591915408584	-0.018239352562336886
DB11204	0.0632340848916991	0.007693613479429852	-0.055540471412269254
DB09017	0.06323185633528283	0.06091480076005229	-0.002317055575230542
DB08261	0.06322868223421563	0.04748903454733622	-0.01573964768687941
DB13226	0.06322125159039338	0.0007896221094190192	-0.06243162948097436
DB01551	0.06321694729285789	0.042054222178415146	-0.02116272511444274
DB02390	0.06321145867676979	0.007129597686987663	-0.05608186098978213
DB01844	0.06320247759441211	0.05790991079789065	-0.005292566796521465
DB07224	0.06320051646476593	0.013666157409689128	-0.049534359055076804
DB09152	0.063144318639251	0.0366985362968804	-0.026445782342370605
DB01576	0.0631335929155847	0.012410537786320147	-0.050723055129264547
DB03488	0.06312784642368274	0.0026489576659602942	-0.06047888875772245
DB00259	0.06312390187882594	0.05411047043297801	-0.00901343144584793
DB02998	0.06312043169812054	0.01393858251332003	-0.04918184918480051
DB16000	0.06311008164539282	0.06209485321899688	-0.0010152284263959391
DB12120	0.06311000523774424	0.035180074362470504	-0.027929930875273734
DB13766	0.06309912988243283	0.021164555714356104	-0.04193457416807672
DB02260	0.0630975858112015	0.05195269933577551	-0.011144886475425997
DB12819	0.06308528417978364	0.01215892103231318	-0.050926363147470455
DB14008	0.06308142877718348	0.040287976607034315	-0.022793452170149164
DB07639	0.06306208490749013	0.04057162726769947	-0.02249045763979066
DB01534	0.06306110434266687	0.02751630443710673	-0.03554479990556014
DB15569	0.06305652625105745	0.03341684052590366	-0.02963968572515379
DB07643	0.06305483573183307	0.013311594083857625	-0.049743241647975445
DB18969	0.0630477903099056	0.02941670910474814	-0.033631081205157454
DB06976	0.06304749104661544	0.05326116121542668	-0.00978632983118876
DB06309	0.0630415790048082	0.027678116734841385	-0.03536346226996681
DB08174	0.06302981222693022	0.01785575433005329	-0.045174057896876924
DB09253	0.0630281599115301	0.008289115590382146	-0.054739044321147956
DB05814	0.06301823010086949	0.02569776419759162	-0.037320465903277866
DB12765	0.06299797570669752	0.0193638120896511	-0.04363416361704642
DB07604	0.06296664857078865	0.027649094562997356	-0.035317554007791296
DB06580	0.0629576133663465	0.011114396639999108	-0.051843216726347396
DB08056	0.06293083885283084	0.046283519239509574	-0.016647319613321263
DB02378	0.06292474852651042	0.03197339816777012	-0.030951350358740304
DB04786	0.06292307710919806	0.03892256555999096	-0.0240005115492071
DB12781	0.06291249146622077	0.05133967440408721	-0.011572817062133554
DB07663	0.0629071620327338	0.041398485371182625	-0.02150867666155118
DB19363	0.06290257120651621	0.03838100088161689	-0.024521570324899322
DB00546	0.0628926700487239	0.044862527995444074	-0.018030142053279817
DB15111	0.06289231029604529	0.052262908021618815	-0.010629402274426474
DB11786	0.06287623285332775	0.043515734945432843	-0.019360497907894902
DB15576	0.06284700692775419	0.059766234619617886	-0.0030807723081363036
DB08456	0.06284228875545567	0.029723084673555306	-0.03311920408190036
DB01401	0.06283673646632704	0.008612192597703405	-0.05422454386862363
DB16028	0.06282571147937052	0.014936835707128004	-0.04788887577224252
DB07227	0.06282262652055987	0.05226208663939674	-0.010560539881163122
DB04250	0.06281123541362066	0.005521331296305387	-0.05728990411731527
DB00338	0.0627944575674581	0.005239597194158341	-0.057554860373299765
DB01431	0.06278440041071659	0.038938993204431116	-0.023845407206285474
DB09220	0.06277644764796242	0.03548398578461165	-0.02729246186335077
DB00621	0.06276342651118738	0.010631971481609326	-0.052131455029578055
DB01275	0.06275248429918334	0.018832377792015076	-0.043920106507168266
DB07300	0.06273604073648317	0.05747101889726702	-0.00526502183921615
DB11962	0.06272837450241112	0.04979273788598121	-0.012935636616429914
DB07257	0.06272211544253335	0.061368477540672095	-0.0013536379018612521
DB08314	0.06271863889452395	0.06073081114232365	-0.0019878277522002996
DB02994	0.06270761390756734	0.02875878194492354	-0.0339488319626438
DB08855	0.06270521980124585	0.0284822499301825	-0.03422296987106335
DB09394	0.06269209997125791	0.03820987958536626	-0.02448222038589165
DB01354	0.062683204847505	0.01481006905086546	-0.04787313579663954
DB07384	0.06267291846781776	0.041510193353375024	-0.02116272511444274
DB05491	0.06266889114800822	0.040080714493015424	-0.022588176654992798
DB13638	0.06266779597171235	0.023018141595343322	-0.039649654376369026
DB03858	0.06266075373343691	0.026490945629972784	-0.036169808103464124
DB02111	0.06264835977611038	0.008787147010990148	-0.05386121276512024
DB18065	0.06264469539263151	0.05526067933785639	-0.007384016054775115
DB14186	0.06264451074081423	0.013879442993335878	-0.04876506774747835
DB12222	0.0626346095830218	0.00033840947546526223	-0.06229620010755654
DB14517	0.06263298592048991	0.05530996227117657	-0.007323023649313344
DB03768	0.06262699110373016	0.03901866727996539	-0.023608323823764765
DB04761	0.06262680963556488	0.033397674940723654	-0.02922913469484123
DB04313	0.06260484880390832	0.02028923605977473	-0.04231561274413359
DB02301	0.06259699155071488	0.060566534697923	-0.0020304568527918783
DB04226	0.06258869813719428	0.044837612734709986	-0.017751085402484296
DB00761	0.06258142030866906	0.0504167145806296	-0.01216470572803946
DB01554	0.06257925542529336	0.02986929070907196	-0.032709964716221396
DB16514	0.06257171335365011	0.004685985576528162	-0.05788572777712195
DB13005	0.06254740298680045	0.023247307235282177	-0.03930009575151827
DB06166	0.06251872464937486	0.04054178371363326	-0.021976940935741596
DB08132	0.06251009695239178	0.03135215941386163	-0.031157937538530148
DB02360	0.06249737189525478	0.036658562362076236	-0.025838809533178547
DB00666	0.06249525476665932	0.021832339460844702	-0.04066291530581462
DB02910	0.06249229715392967	0.05660062753601758	-0.005891669617912092
DB02918	0.06248468185829005	0.015756301370613138	-0.04672838048767691
DB18109	0.06247303924284109	0.05236010491788923	-0.010112934324951861
DB06707	0.06245407422773833	0.05016016953329061	-0.012293904694447723
DB11982	0.06243258139292926	0.04383580021794009	-0.01859678117498917
DB00403	0.06242992941079395	0.03922428662954025	-0.0232056427812537
DB00308	0.0624276371813372	0.04889880023436771	-0.013528836946969491
DB01879	0.06242462226287107	0.04316938544182147	-0.0192552368210496
DB06402	0.062422415992018976	0.040592709411397476	-0.0218297065806215
DB06367	0.062421645548229376	0.031142706947250853	-0.03127893860097852
DB16052	0.062416367053174826	0.016490069488936054	-0.04592629756423877
DB17419	0.06241477841081505	0.04209446990729332	-0.020320308503521733
DB00615	0.06240382983150716	0.020906367902573164	-0.041497461928934
DB01816	0.06239628775986397	0.04245177117386467	-0.0199445165859993
DB03507	0.06239532311330093	0.009523105481904937	-0.05287221763139599
DB00565	0.062392935374283476	0.0010152284263958977	-0.06137770694788758
DB14577	0.06238784153104626	0.007946872997880883	-0.05444096853316538
DB18478	0.06236022334974442	0.057345073623226495	-0.005015149726517924
DB02517	0.06235030627369198	0.0024816694867456635	-0.059868636786946317
DB01923	0.062328577848633104	0.01975259967473264	-0.042575978173900464
DB07606	0.06230356071103432	0.043730389499449684	-0.018573171211584638
DB05494	0.06230306087766674	0.011238972943669712	-0.05106408793399703
DB03945	0.062288623015741104	0.015041151249322357	-0.04724747176641875
DB11429	0.0622659585969875	0.04175578663775403	-0.020510171959233464
DB02665	0.06226185805318146	0.02057617224932784	-0.04168568580385362
DB00131	0.062251141880471234	0.05283568522442905	-0.009415456656042182
DB15321	0.062245904772892824	0.005406885373372972	-0.05683901939951985
DB05735	0.06223547194521262	0.010345035292056104	-0.05189043665315651
DB19134	0.06223335481661714	0.04388316659274222	-0.018350188223874922
DB01640	0.062202361964170755	0.027101232620921234	-0.03510112934324952
DB04282	0.06219188456536211	0.055902452647314915	-0.006289431918047192
DB13762	0.06218575285156529	0.05722241387807403	-0.0049633389734912575
DB06625	0.062170280302732084	0.03403835307388603	-0.028131927228846054
DB02196	0.06216422499658392	0.005702309179220125	-0.05646191581736379
DB05719	0.06216003531052135	0.009039585147219071	-0.053120450163302274
DB14661	0.06215334009031642	0.05276477255926276	-0.00938856753105366
DB01885	0.062149150404253756	0.05034908744435135	-0.011800062959902408
DB18767	0.062148663305494095	0.015241568511491055	-0.04690709479400304
DB17048	0.06214485247402234	0.05614037969762181	-0.006004472776400529
DB04214	0.06213784525591917	0.025818507384226197	-0.036319337871692975
DB16085	0.06212645414897994	0.02524244465252795	-0.036884009496451986
DB06346	0.062108775329294715	0.050412333875445636	-0.01169644145384908
DB03313	0.0621034968342401	0.04876026043292314	-0.01334323640131696
DB08771	0.06210015718326756	0.0020849418735180425	-0.060015215309749514
DB05465	0.0620945125682304	0.008873392144300385	-0.05322112042393001
DB14785	0.06201611513715746	0.027190763283119507	-0.034825351854037956
DB00479	0.06201543065197246	0.007830236722356387	-0.05418519392961607
DB18958	0.062004122319985755	0.06073738220009961	-0.0012667401198861476
DB07680	0.06199902529309664	0.05410280419890601	-0.007896221094190638
DB15068	0.06199587666124551	0.04813518856197874	-0.013860688099266771
DB17939	0.061991002489997955	0.0577746565253342	-0.004216345964663755
DB11952	0.06199032755576894	0.052378449120847215	-0.009611878434921728
DB11944	0.0619903052702048	0.002761760824448678	-0.05922854444575612
DB04458	0.06196463866759319	0.053618188687924034	-0.008346449979669157
DB01899	0.061959452498447365	0.049842294613375415	-0.01211715788507195
DB16950	0.06195302788866432	0.04288929410411835	-0.019063733784545966
DB00256	0.0619490928947636	0.047260416495545354	-0.014688676399218246
DB02893	0.061948889141034136	0.048678122210722874	-0.013270766930311262
DB08347	0.06194871085652076	0.0075539785016892624	-0.0543947323548315
DB13500	0.061944285580208425	0.04517465323980524	-0.016769632340403184
DB16171	0.061938274845188546	0.03459990471966223	-0.027338370125526312
DB13129	0.061938243008668264	0.05979498299738795	-0.002143260011280316
DB14094	0.06193362034593053	0.035977088911887584	-0.025956531434042945
DB07947	0.06193307275778248	0.0031508222036041866	-0.058782250554178295
DB01289	0.06192324164033472	0.033554558945126184	-0.028368682695208536
DB18973	0.06191551810052625	0.06135150230808406	-0.0005640157924421884
DB08737	0.06190663571138133	0.000451212633953757	-0.06145542307742757
DB03610	0.06188534663030171	0.04017106653743585	-0.021714280092865856
DB19261	0.061869116372287064	0.03537775368389923	-0.026491362688387837
DB07754	0.061863112004571286	0.04660550107053485	-0.015257610934036436
DB08641	0.061861520178559615	0.0416386027740816	-0.020222917404478014
DB07625	0.06185997610732827	0.006577902627875498	-0.05528207347945277
DB13487	0.06185722224832819	0.03894145735109711	-0.02291576489723108
DB13205	0.061847531211569357	0.003625033539774062	-0.0582224976717953
DB01392	0.06184407694912414	0.05787760309715856	-0.0039664738519655796
DB06808	0.06183551929248557	0.04328136721808795	-0.018554152074397617
DB02710	0.061832453435587145	0.053459114330929425	-0.00837333910465772
DB07144	0.06182118330742481	0.05099962216417786	-0.01082156114324695
DB14888	0.06181407421245684	0.05156144760402809	-0.010252626608428753
DB07593	0.06181290899581633	0.04777350659022339	-0.014039402405592937
DB18509	0.0618121194501145	0.008195204222999797	-0.0536169152271147
DB16948	0.06180153699078911	0.056908372075194724	-0.00489316491559438
DB12920	0.06179991332825735	0.03334072577333136	-0.02845918755492599
DB12168	0.0617945138544258	0.013549521134164522	-0.04824499272026128
DB00357	0.06176594057751694	0.048157092087898756	-0.013608848489618186
DB04050	0.061762635946716875	0.05587096632880478	-0.005891669617912092
DB03048	0.06176125424173873	0.0388297493689046	-0.02293150487283413
DB04240	0.06175198663069903	0.026743657560275746	-0.03500832907042328
DB08965	0.061746291077229454	0.05352838423165168	-0.008217906845577772
DB14537	0.06174155380301871	0.04882788756920142	-0.01291366623381729
DB19313	0.061739700917541315	0.04823840892787723	-0.013501291989664084
DB13865	0.061718854364092884	0.024678428860085755	-0.03704042550400713
DB13908	0.061693391515210805	0.05059769246354434	-0.011095699051666463
DB07135	0.06168934190983716	0.05640431718495881	-0.005285024724878351
DB08939	0.061684375412681014	0.02073387763595247	-0.040950497776728545
DB08786	0.061664897829602494	0.05036195576582936	-0.011302942063773136
DB06698	0.061664273833806016	0.04363839469058528	-0.018025879143220735
DB11778	0.06165648343730501	0.0547905749127966	-0.006865908524508413
DB00841	0.0616443600904005	0.05347006609388946	-0.00817429399651104
DB12587	0.06164257087796333	0.03196025605221797	-0.029682314825745355
DB16778	0.06164159668044428	0.05937635185824036	-0.0022652448222039157
DB18716	0.061641093663424615	0.044339581314102094	-0.017301512349322524
DB01242	0.06163351338795711	0.03264474123722061	-0.028988772150736503
DB17104	0.06160290894105748	0.05139881392407142	-0.010204095016986058
DB02763	0.06159682816569305	0.018509300784693816	-0.04308752738099923
DB03448	0.06159280721318766	0.029153045411485112	-0.03243976180170255
DB01016	0.06159037808669392	0.054605763912845884	-0.00698461417384803
DB12859	0.06158562489422323	0.0383347296831108	-0.023250895211112427
DB04188	0.061572925306302345	0.015284280387035304	-0.04628864491926704
DB01441	0.06155588958432587	0.024570553994929356	-0.03698533558939651
DB06651	0.0615557526872888	0.028871037515263986	-0.032684715172024814
DB02026	0.061539207247723895	0.05533077062080066	-0.006208436626923233
DB03219	0.061536813141402434	0.011766026536121653	-0.04977078660528078
DB08528	0.06153602996300478	0.03214588843439081	-0.029390141528613967
DB06435	0.061531700196253036	0.05924054999753586	-0.0022911501987171734
DB16754	0.0615146294541043	0.008666677618429652	-0.052847951835674645
DB03134	0.06150489066256504	0.04097930664388694	-0.0205255840186781
DB18964	0.06150181207105859	0.007382857205438631	-0.05411895486561996
DB03344	0.06150077738415102	0.004733899539478337	-0.056766877844672686
DB02805	0.06149367147283509	0.04655512296091863	-0.014938548511916463
DB07016	0.06148464581934909	0.05385502056193492	-0.007629625257414174
DB00179	0.06148438157623115	0.004057080588547701	-0.05742730098768345
DB03536	0.06145763253193176	0.025054348123689174	-0.03640328440824259
DB03220	0.06143740042332385	0.03663939677689615	-0.024798003646427702
DB04372	0.06142716179841706	0.0057499493480963615	-0.0556772124503207
DB08721	0.06142148853051155	0.02352192269150527	-0.03789956583900628
DB13451	0.0613932622716733	0.005291070480070603	-0.056102191791602696
DB01974	0.06137603553057541	0.009289832930856057	-0.052086202599719356
DB06993	0.06136201791071688	0.0026489576659602942	-0.05871306024475659
DB07900	0.06134902861046196	0.03531478104687902	-0.02603424756358294
DB07623	0.06134455239571723	0.043298342450675986	-0.018046209945041247
DB01018	0.06133754836126604	0.02620428323449364	-0.035133265126772395
DB01178	0.06133137525999299	0.011992454235320582	-0.04933892102467241
DB05796	0.061328210709881814	0.03999857627081527	-0.021329634439066547
DB01647	0.061327067778805366	0.049730312837108936	-0.01159675494169643
DB04446	0.06132261384962499	0.03674398611316465	-0.024578627736460343
DB03187	0.061310601930541074	0.0575621923239093	-0.0037484096066317764
DB11974	0.06128250938508778	0.035029213827695915	-0.026253295557391865
DB00183	0.061281385555923606	0.04663205909571294	-0.014649326460210665
DB18766	0.061279917892340885	0.021368258505412907	-0.03991165938692798
DB00819	0.0612691730667623	0.032462394383935944	-0.028806778682826356
DB02561	0.06126818295098313	0.056260575296108284	-0.005007607654874846
DB04699	0.06126021108631683	0.0013574710188972664	-0.059902740067419566
DB02346	0.06123946959338525	0.03038977324374792	-0.03084969634963733
DB16044	0.06121773480102233	0.0031001702999140512	-0.058117564501108276
DB15013	0.06119824129968389	0.055167863146770024	-0.006030378152913863
DB01921	0.06119754726354285	0.05111543705748034	-0.010082110206062513
DB15146	0.06118893230116787	0.02157141370832169	-0.03961751859284618
DB08922	0.06117750935770844	0.03691236946867521	-0.024265139889033227
DB06991	0.061173587098415735	0.04817105558567292	-0.013002531512742818
DB08220	0.061172125802137	0.0023803656793652365	-0.05879176012277176
DB03099	0.061168658805083764	0.019542325825899876	-0.04162633297918389
DB08575	0.06115666917156412	0.021562104709805657	-0.039594564461758464
DB08983	0.0611415786609738	0.010109298594341225	-0.051032280066632574
DB07983	0.061141502253325264	0.01971454229844649	-0.04142695995487877
DB00693	0.06112846838194197	0.010366391229828187	-0.05076207715211378
DB14739	0.06111731286525235	0.034559383196710036	-0.026557929668542313
DB00007	0.06110660942715021	0.031095066778374647	-0.030011542648775563
DB12047	0.06110555245467836	0.015349443376647509	-0.04575610907803085
DB05779	0.06110520862026003	0.0033840947546531774	-0.057721113865606855
DB00520	0.06110201860093264	0.014710408007929075	-0.04639161059300356
DB16340	0.061093394087601616	0.029944310285348164	-0.031149083802253452
DB11687	0.06108747249483834	0.03816908426834009	-0.02291838822649825
DB01430	0.061087453392926094	0.03894884979109503	-0.022138603601831064
DB00393	0.06108044617482301	0.05340983139760924	-0.007670614777213762
DB15884	0.06107666717987131	0.026755978293605764	-0.03432068888626555
DB06778	0.06107269079849431	0.04444471823851848	-0.016627972559975834
DB07726	0.06106418726394015	0.05652615554788931	-0.00453803171605084
DB04387	0.061060713899582786	0.007892387977154636	-0.05316832592242815
DB02639	0.06105146220680313	0.020800409595934655	-0.040251052610868476
DB04592	0.061027689877145457	0.007293052749166298	-0.05373463712797916
DB03042	0.06102344925265041	0.017795245839699044	-0.04322820341295136
DB04549	0.0610083173545838	0.029981546279412297	-0.031026771075171503
DB09513	0.061004605216324684	0.04622739145433935	-0.014777213761985335
DB01214	0.06100433778955469	0.04938889162682958	-0.011615446162725113
DB07540	0.06100247535312109	0.04997891785630193	-0.011023557496819159
DB00236	0.0609900400083182	0.022383486931808805	-0.0386065530765094
DB11919	0.06098940646156559	0.021548962594253596	-0.03944044386731199
DB14104	0.06096654147273459	0.03177544505226737	-0.029191096420467216
DB12303	0.06094947709788974	0.04863294618851266	-0.01231653090937708
DB04023	0.06093833431580836	0.019251008931162716	-0.041687325384645646
DB02056	0.06092405882013602	0.029059134044102763	-0.031864924776033254
DB06194	0.06091058878842548	0.055695738121444016	-0.005214850666981467
DB15460	0.060909512714041686	0.048033884754598355	-0.012875627959443331
DB07239	0.060890159293392226	0.05513719821048191	-0.005752961082910322
DB12079	0.06087969144553973	0.0564193758590289	-0.004460315586510832
DB02971	0.060879041980527016	0.045706361331515344	-0.015172680649011672
DB03612	0.06086958971766987	0.002870730865901172	-0.0579988588517687
DB05185	0.060857985306045026	0.037322786785602746	-0.02353519852044228
DB12879	0.06084552130837395	0.007118098335879619	-0.05372742297249433
DB12511	0.06083667712305335	0.011465948231016487	-0.049370728892036864
DB09570	0.060835333621899496	0.0007896221094190192	-0.060045711512480476
DB00917	0.06081303850678055	0.04478449668435369	-0.016028541822426856
DB00582	0.06081093729644525	0.05097607587381378	-0.009834861422631472
DB02364	0.06080921494070071	0.017656432244180564	-0.04315278269652015
DB04407	0.0608038950581698	0.05281323411036093	-0.007990660947808866
DB08059	0.06080101066943677	0.025380163071750506	-0.03542084759768627
DB09315	0.06079607282514854	0.04384182368756806	-0.01695424913758048
DB12389	0.06079472295669075	0.01268843877143122	-0.04810628418525953
DB03570	0.06078947311450436	0.031073710840602564	-0.029715762273901797
DB06620	0.06078876952740725	0.0002256063169768785	-0.06056316321043037
DB03887	0.06076643302481191	0.02553020222430305	-0.03523623080050886
DB13039	0.060759785559387394	0.046578395457208724	-0.01418139010217867
DB08976	0.06074818114776259	0.05009418516145636	-0.01065399598630623
DB08561	0.06073081114232365	0.05655709427825145	-0.004173716864072194
DB17614	0.060721982875263064	0.040608589467689526	-0.020113393407573538
DB04238	0.06071198302425801	0.057501683833555084	-0.003210299190702922
DB11282	0.06070917822682553	0.04863760068777079	-0.012071577539054745
DB19169	0.06070602322767048	0.04198988057102493	-0.01871614265664555
DB17608	0.06069630672169546	0.04061406534916956	-0.0200822413725259
DB17030	0.060692747398733454	0.04478422289027975	-0.015908524508453703
DB01365	0.060671614316603006	0.006496585787897247	-0.05417502852870576
DB02812	0.06066897188542364	0.03784600726101883	-0.022822964624404807
DB00540	0.06066524382890444	0.011613249442829057	-0.04905199438607538
DB04792	0.06064877798064011	0.058418620187384696	-0.002230157793255416
DB03678	0.06064160839628372	0.0020964412246261346	-0.058545167171657586
DB07961	0.06061862561232767	0.009526664804866969	-0.0510919608074607
DB04070	0.060594665447200574	0.00508764148308774	-0.055507023964112834
DB13502	0.06058089296854796	0.037885159813600966	-0.022695733154946995
DB19187	0.06056954643273702	0.05899030221389889	-0.0015792442188381276
DB08156	0.060558435487175766	0.030019603655698446	-0.03053883183147732
DB03720	0.06054311893729181	0.04800458878868019	-0.012538530148611615
DB06441	0.06053338651305673	0.056942048746296936	-0.0035913377667597945
DB08353	0.060532832557604666	0.009814696170716064	-0.0507181363868886
DB03550	0.060518900896350813	0.026399224615182404	-0.03411967628116841
DB13415	0.060505252580127164	0.033851899309491396	-0.02665335327063577
DB01236	0.06050029881757891	0.05766349613128974	-0.002836802686289169
DB06826	0.060480582460598856	0.029187543464809243	-0.03129303899578961
DB08839	0.06046630378127446	0.0341152892086804	-0.02635101457259406
DB14482	0.06046484566864785	0.007164369534385817	-0.05330047613426203
DB04379	0.06046022937321406	0.01699330299694994	-0.04346692637626412
DB16962	0.06044041432302129	0.004597276296551836	-0.05584313802646945
DB04246	0.06042831962898487	0.03496103910326964	-0.02546728052571523
DB13432	0.060423614191294495	0.056475503644199176	-0.003948110547095319
DB02921	0.06042338178469675	0.05440972735586114	-0.006013654428835613
DB05633	0.060422639993775396	0.010315739326138051	-0.050106900667637344
DB14471	0.060414244703389984	0.041967977045104854	-0.01844626765828513
DB13359	0.06041166594525116	0.003158488437676299	-0.05725317750757486
DB15968	0.06041044342287424	0.02305784173607347	-0.03735260168680077
DB18665	0.06039283464353348	0.018765845832032807	-0.041626988811500676
DB04713	0.0603841305389019	0.0498357235555994	-0.010548406983302505
DB08662	0.06037685271037668	0.05028228169029508	-0.0100945710200816
DB04084	0.060376212796319995	0.014898504536767887	-0.04547770825955211
DB16262	0.06037159331723428	0.059130758573861464	-0.0012408347433728144
DB08457	0.060368269584521905	0.019824059928046922	-0.04054420965647498
DB08140	0.06035323956332006	0.051888083934311324	-0.008465155629008736
DB03981	0.06034583120506193	0.051900678461715366	-0.008445152743346562
DB09461	0.06033918055598542	0.04838434116931978	-0.011954839386665639
DB00874	0.06033231023491911	0.0005640157924421407	-0.05976829444247697
DB00674	0.06032239952617069	0.009747890416659799	-0.05057450910951089
DB11179	0.06029722320597067	0.0007896221094190192	-0.05950760109655165
DB16203	0.06029055982228608	0.03378673631987916	-0.026503823502406917
DB00258	0.06028959199207096	0.04380623045794796	-0.016483361534122998
DB12451	0.060269108374953306	0.018233863946248763	-0.042035244428704543
DB06841	0.06026828062542716	0.050096649308122354	-0.010171631317304808
DB13947	0.06026635769960509	0.045212710616091445	-0.015053647083513644
DB12458	0.06025756763636886	0.023615560264813623	-0.036642007371555235
DB06479	0.06025085013059972	0.056077133266527524	-0.004173716864072194
DB06133	0.060243336711824844	0.05595091419841308	-0.004292422513411762
DB09040	0.06024026130397041	0.004815216379456682	-0.05542504492451372
DB07389	0.06023639316676199	0.030625236147388768	-0.029611157019373224
DB03897	0.06023383351053542	0.05462876261506197	-0.005605070895473446
DB00493	0.060231136957271704	0.058651892738433575	-0.0015792442188381276
DB01942	0.06022242966898804	0.004243534352942464	-0.05597889531604558
DB03503	0.06021275136683735	0.00500249152607346	-0.05521025984076389
DB16143	0.060210032528009494	0.05199212568243172	-0.008217906845577772
DB01498	0.06019462683586885	0.012627108898854988	-0.04756751793701386
DB00217	0.06018531783735286	0.00505998828161363	-0.05512532955573923
DB12514	0.06017438835995692	0.030948860742858075	-0.029225527617098845
DB04193	0.06015888715825568	0.056142570050213836	-0.004016317108041845
DB03976	0.060154277230126035	0.0064711229390151115	-0.053683154291110924
DB08126	0.06015205185736172	0.05425120058701449	-0.005900851270347229
DB02041	0.06015203275544956	0.04908059949950444	-0.01107143325594512
DB15594	0.060151141332883074	0.042811262793028104	-0.01733987853985497
DB12832	0.060147343236019335	0.0030341859280798023	-0.05711315730793953
DB17061	0.06014427101181685	0.033908027094661564	-0.02623624391715529
DB02423	0.060142988000051356	0.03564306014160623	-0.024499927858445125
DB01611	0.06013592984351589	0.0272633187127298	-0.032872611130786086
DB04224	0.06013166693345673	0.03609016586445002	-0.02404150106900671
DB13690	0.060120202602520934	0.020135089996112132	-0.0399851126064088
DB16403	0.060120068889136014	0.05480946670390263	-0.005310602185233382
DB18905	0.06010627094126708	0.024029263110629223	-0.03607700783063786
DB07762	0.060091250471021235	0.04710216352077268	-0.012989086950248559
DB12996	0.0600835937879054	0.025864230994584347	-0.03421936279332105
DB12574	0.06007832802745888	0.03476582392850691	-0.02531250409895197
DB08053	0.0600668350436549	0.026043566113055056	-0.03402326893059984
DB02992	0.0600616361399009	0.055002217731999425	-0.005059418407901473
DB15380	0.06004468956018105	0.03283420673642945	-0.027210482823751603
DB00784	0.06003084704118385	0.043683570712795494	-0.01634727632838836
DB00738	0.06002866623954786	0.046308982088391654	-0.013719684151156208
DB02850	0.0599791763688462	0.027230189629775636	-0.03274898673907056
DB04486	0.05996917015053708	0.008502401174028985	-0.05146676897650809
DB14902	0.05996563311313918	0.02565642129241752	-0.03430921182072166
DB04884	0.059961777710538955	0.03666759756651822	-0.023294180144020737
DB09288	0.05995676664225452	0.03887602056741085	-0.02108074607484367
DB12679	0.05995278707722537	0.0076629485431417566	-0.052289838534083616
DB17778	0.059944948925943986	0.04419939874821349	-0.015745550177730494
DB05343	0.05992968331449244	0.036124937711848104	-0.02380474560264434
DB19083	0.05992962919240813	0.006429780033840982	-0.05349984915856715
DB04737	0.059924710450032115	0.00011280315848838374	-0.05981190729154373
DB01226	0.05992124663663087	0.05503726337347159	-0.004883983263159277
DB02666	0.059919240935856266	0.05160525465586824	-0.008313986279988028
DB07337	0.059909454389536654	0.010430185249070467	-0.04947926914046619
DB07612	0.05990403581379303	0.053291278563566774	-0.006612757250226253
DB02873	0.0599016958295559	0.05532693750376466	-0.004574758325791239
DB13362	0.05989835936223552	0.024812314162272253	-0.035086045199963264
DB11666	0.059889715746992374	0.056392817833850806	-0.003496897913141568
DB03258	0.059877188076280806	0.03376948729321702	-0.026107700783063785
DB13963	0.05987672963038955	0.005839753804368741	-0.05403697582602081
DB06939	0.05986649100548269	0.043083414102585205	-0.016783076902897487
DB11669	0.059863326455371485	0.05656612948269346	-0.0032971969726780254
DB04924	0.05984751643942399	0.053540704964981756	-0.006306811474442231
DB04011	0.05984333948796943	0.0538388667115689	-0.006004472776400529
DB13854	0.059832413194225616	0.0028822302170091836	-0.056950182977216435
DB12675	0.059821671552299054	0.006476598820495116	-0.05334507273180394
DB01261	0.05981233708456685	0.05871021087619582	-0.0011021262083710237
DB04654	0.0598015954426403	0.04783757440353961	-0.011964021039100686
DB09030	0.059794842916698995	0.010089311626939143	-0.04970553128975985
DB04444	0.059770787242011236	0.01987060492062709	-0.03990018232138415
DB19040	0.059752423937140975	0.028133436279905166	-0.03161898765723581
DB06641	0.05974039291614503	0.005033156462361528	-0.0547072364537835
DB04947	0.059735171726826755	0.01996451628800945	-0.039770655438817304
DB12806	0.05971254869554954	0.0029328821206994204	-0.05677966657485012
DB11592	0.05970821256149384	0.04085336136984652	-0.018854851191647322
DB03276	0.05969564668695804	0.056930001807040886	-0.0027656448799171507
DB13096	0.059689104282050154	0.055358971410422786	-0.004330132871627368
DB16118	0.05968598748671938	0.003609701071630056	-0.05607628641508933
DB14933	0.059684666271129734	0.053012556196233684	-0.006672110074896051
DB04948	0.05968060074749604	0.05286060048516311	-0.006820000262332928
DB00355	0.059677445748341	0.05264266040225829	-0.007034785346082713
DB02488	0.059676178654835654	0.005344734118574723	-0.05433144453626093
DB00321	0.0596702602457244	0.04478942497768573	-0.01488083526803867
DB17057	0.05965029556388654	0.030877948077691814	-0.02877234748619473
DB03888	0.059614173848030534	0.04075014100394811	-0.018864032844082425
DB19084	0.05961183068014142	0.03990767663824685	-0.019704154041894573
DB07063	0.05959751061334079	0.016838883139213334	-0.04275862747412745
DB16631	0.05959674016955112	0.019571621791817928	-0.04002511837773319
DB18951	0.05959404361628739	0.02968612247356517	-0.02990792114272222
DB01461	0.05959006405125823	0.048980664662493956	-0.010609399388764276
DB00390	0.05958667982915761	0.039958602336011007	-0.0196280774931466
DB17536	0.05955788369660715	0.05820752495632986	-0.0013503587402772937
DB07504	0.059554209762172294	0.04771053395320313	-0.011843675808969167
DB19425	0.05953224574686378	0.006597068213055612	-0.052935177533808164
DB01479	0.0595100397740016	0.03879360855113656	-0.02071643122286504
DB04622	0.059504649851126135	0.002256063169768785	-0.05724858668135735
DB15410	0.059500437879499324	0.000956910288633761	-0.05854352759086556
DB04539	0.05949843536237665	0.009229872028649812	-0.05026856333372684
DB08281	0.059491434511577485	0.01605172517646028	-0.043439709335117205
DB03813	0.05945770690204294	0.0023143813075309798	-0.05714332559451196
DB01120	0.0594529091384439	0.05638131848274275	-0.0030715906557011504
DB14706	0.05945264171167397	0.016113602637184532	-0.04333903907448944
DB11428	0.059446487712312965	0.016265832142329115	-0.04318065556998385
DB11239	0.059430423004203536	0.03620543316960445	-0.023224989834599086
DB02069	0.05942427218849462	0.042507077576812935	-0.016917194611681688
DB00703	0.05942152788045055	0.05727826786917023	-0.002143260011280316
DB07107	0.05940898429147885	0.03681818430721884	-0.022590799984260015
DB14479	0.05939400202505739	0.05263499416818623	-0.006759007856871155
DB02814	0.059385428450158706	0.02308412596717757	-0.036301302482981135
DB00494	0.059381038194018576	0.017350056675373315	-0.04203098151864526
DB14151	0.05934748886899743	0.020032964806509734	-0.0393145240624877
DB12325	0.05934713229997082	0.044496465318504624	-0.014850666981466198
DB03108	0.05932023044037421	0.02762582206670719	-0.03169440837366702
DB04775	0.059317858619616914	0.0289682344115344	-0.030349624208082515
DB12070	0.059317508417894266	0.03857320432156566	-0.020744304096328603
DB11589	0.05930290500606358	0.025313083523620217	-0.033989821482443366
DB08158	0.05929066386403414	0.011720850513911474	-0.04756981335012267
DB04032	0.05927367589683791	0.015786418718753192	-0.043487257178084715
DB13339	0.05926456746839941	0.0277531363111177	-0.03151143115728171
DB18345	0.05926355506705605	0.00912583028052949	-0.05013772478652656
DB14646	0.05926204283234496	0.0026489576659602942	-0.056613085166384663
DB11816	0.059238426501636354	0.049515384489018155	-0.0097230420126182
DB00523	0.05923710846969868	0.02452619935494116	-0.03471090911475752
DB08037	0.05922079225307947	0.015345610259611508	-0.04387518199346796
DB18780	0.059215357759075715	0.047256583378509354	-0.011958774380566362
DB02122	0.05921241606460628	0.01863771020540031	-0.04057470585920597
DB01038	0.05920822001123957	0.005333234767466721	-0.05387498524377285
DB02903	0.05920624933063705	0.03308116899117834	-0.026125080339458706
DB08551	0.059202553110638045	0.05068886589018662	-0.008513687220451427
DB02490	0.05919958913060446	0.013090642266138763	-0.0461089468644657
DB08856	0.05916826836199959	0.05296409464513552	-0.006204173716864072
DB14489	0.05916544127900286	0.03999939765303717	-0.01916604362596569
DB03264	0.05915849455028821	0.048259217277501265	-0.010899277272786945
DB00579	0.05915421253831683	0.016269665259365115	-0.04288454727895172
DB13526	0.0591446392966829	0.036174768233316446	-0.022969871063366454
DB13808	0.05912817344841851	0.0031155027680580868	-0.05601267068036042
DB08129	0.05912429576025424	0.04806893039607052	-0.011055365364183722
DB02013	0.05911959350621582	0.03032953854746767	-0.028790054958748146
DB13575	0.059111981394228214	0.0015285923151479308	-0.05758338907908028
DB04609	0.059094703714697945	0.002201578149042542	-0.0568931255656554
DB11181	0.05907661102024965	0.05721994973140798	-0.0018566612888416692
DB12141	0.05907514972397104	0.012754696937339549	-0.046320452786631494
DB05018	0.059073809406469245	0.056704943078212056	-0.0023688663282571912
DB12207	0.05907351332683109	0.007962205466024892	-0.0511113078608062
DB02372	0.059069514659889744	0.023496186048549084	-0.03557332861134066
DB13425	0.059069323640768404	0.01581160777356135	-0.04325771586720706
DB07636	0.059060571781356486	0.05015633641625461	-0.008904235365101876
DB18004	0.05905971537896226	0.051124472261922405	-0.007935243117039859
DB15384	0.05905719392655985	0.05436372995142902	-0.004693463975130836
DB00171	0.059056964703614094	0.029626161571358944	-0.02943080313225515
DB14137	0.059052564896517834	0.03936939748876067	-0.019683167407757163
DB08346	0.059052160572710975	0.032787387949775204	-0.02626477262293577
DB01635	0.05904112921845028	0.020750031486318488	-0.038291097732131796
DB04517	0.05903701275638418	0.04896998669360797	-0.010067026062776208
DB01155	0.05903558011297383	0.021439992552801213	-0.037595587560172616
DB07020	0.05902096715018704	0.014632924284986776	-0.04438804286520026
DB13292	0.05900055357341377	0.0185383229565379	-0.04046223061687587
DB07731	0.05899682870054668	0.04879338951587742	-0.01020343918466926
DB07423	0.05898922613951496	0.05773002809127192	-0.0012591980482430376
DB01209	0.05898504282075637	0.04211965896210135	-0.01686538385865502
DB14049	0.05897295131037206	0.012840394482501849	-0.04613255682787021
DB09236	0.05895391307127285	0.029271598245527497	-0.029682314825745355
DB08926	0.05893562299039923	0.0456658398085632	-0.013269783181836026
DB12348	0.05892272601605293	0.043776934492029795	-0.015145791524023136
DB13977	0.05891242371810579	0.01787437232708544	-0.04103805139102035
DB03251	0.05891047213941539	0.018897814575701305	-0.04001265756371408
DB14979	0.05888073046221404	0.0377586669514125	-0.021122063510801536
DB03718	0.0588743886273837	0.008654356885099579	-0.05022003174228412
DB01615	0.058867496020753286	0.0556053860770237	-0.0032621099437295867
DB01033	0.058858655019084716	0.003158488437676299	-0.05570016658140842
DB03343	0.05885658246161757	0.025749511277577908	-0.03310707118403966
DB02630	0.0588541119476475	0.04576632223372157	-0.013087789713925935
DB00862	0.05884370777283551	0.03131711377238955	-0.027526594000445964
DB00890	0.05883991604327571	0.045237625876825505	-0.013602290166450204
DB08234	0.05883467256839342	0.021748010886052382	-0.03708666168234104
DB08930	0.05882730878126355	0.02598552176936675	-0.0328417870118968
DB18776	0.05882547818135022	0.052170091830532395	-0.006655386350817823
DB01098	0.05882079502922401	0.032240894978069104	-0.026579900051154903
DB11852	0.05881141280671144	0.03961061006795569	-0.019200802738755754
DB01437	0.05880597512905569	0.05547369112742925	-0.00333228400162644
DB01797	0.05880203058419897	0.037504859844813554	-0.021297170739385418
DB17143	0.05878988176807798	0.050215202142164794	-0.008574679625913184
DB16273	0.05878407797043969	0.04214430042876155	-0.01663977754167814
DB13801	0.05877977685655632	0.04274500462711994	-0.016034772229436375
DB02821	0.058773186696868054	0.04298238408927876	-0.01579080260758929
DB01476	0.05876772036634409	0.0486783960047969	-0.010089324361547192
DB02635	0.05876412283955784	0.05502850196310355	-0.003735620876454293
DB02386	0.05876262652310693	0.004453808201775322	-0.05430881832133161
DB05271	0.05876004139766399	0.05808322244673336	-0.0006768189509306261
DB13840	0.058756870480248774	0.03825751975424241	-0.020499350726006366
DB01246	0.05875242928567631	0.026659602779557423	-0.03209282650611889
DB13280	0.05874856114846816	0.041386712226000655	-0.017361848922467504
DB03765	0.05873586474419927	0.04899216401360207	-0.009743700730597202
DB18634	0.058729946335087935	0.04148254015190089	-0.017247406183187042
DB02148	0.058719176040293364	0.02049923611453358	-0.03821993992575978
DB16072	0.05871179951855543	0.0029873671414255565	-0.05572443237712987
DB00753	0.05870068538934217	0.011888686281274125	-0.04681199910806805
DB13515	0.058696400193718856	0.026992810167616732	-0.031703590026102124
DB12343	0.058685251044333364	0.019970813551711486	-0.03871443749262188
DB05532	0.05867223627486229	0.026650567575115414	-0.032021668699746875
DB03699	0.05865986141944787	0.0472532978496214	-0.011406563569826472
DB12558	0.058656149281188674	0.04962435453047054	-0.009031794750718133
DB03395	0.058655366102790985	0.05455018371582365	-0.004105182386967332
DB18110	0.05864411189288865	0.037293490819684694	-0.021350621073203957
DB16495	0.05864280022825508	0.008218476719289887	-0.050424323508965196
DB14985	0.05862990643756094	0.013155805255751107	-0.045474101181809834
DB14957	0.058610559384215555	0.03895952775998124	-0.019651031624234316
DB17029	0.05859446602323787	0.027778872954073774	-0.030815593069164093
DB04483	0.058591931836227344	0.058140719202273594	-0.0004512126339537507
DB13665	0.05859154661433251	0.040175447242619886	-0.018416099371712624
DB00644	0.058588932836021346	0.03778330841807259	-0.020805624417948754
DB05456	0.058579954937315826	0.009264643876047973	-0.04931531106126785
DB15411	0.058560458252325295	0.03329910907408319	-0.025261349178242104
DB07291	0.058557707576977217	0.057655282309069716	-0.0009024252679075014
DB03855	0.058539089579945164	0.037980713945427375	-0.02055837563451779
DB01382	0.05853618927295201	0.005068475897907709	-0.0534677133750443
DB08266	0.058529315768233725	0.05428542484626464	-0.004243890921969085
DB12139	0.05852858989557244	0.010848268800070091	-0.047680321095502354
DB00568	0.05852618305464284	0.026414009495178525	-0.032112173559464316
DB12019	0.058506170618024544	0.01572098193506699	-0.04278518868295755
DB13826	0.05849703035306575	0.05683088835225247	-0.0016661420008132755
DB09135	0.05848734886726298	0.04066772898767379	-0.017819619879589188
DB00339	0.05846976874079049	0.035741899802320676	-0.022727868938469814
DB00562	0.05846046292592649	0.03784929278990684	-0.020611170136019652
DB18041	0.058454277090045276	0.05343912736352735	-0.005015149726517924
DB08909	0.05845077507281965	0.017227123136146827	-0.04122365193667282
DB02532	0.05845015426067508	0.04206188841248715	-0.016388265848187936
DB00786	0.058433809391187724	0.016989469879913927	-0.0414443395112738
DB03924	0.05841897038910723	0.013816470356315613	-0.04460250003279162
DB12012	0.05840535390940367	0.021567580591285676	-0.036837773318117994
DB19337	0.058375309785260135	0.007813261489768311	-0.050562048295491824
DB13504	0.05837137160770728	0.00011280315848838374	-0.058258568449218895
DB06442	0.058370980018508406	0.04855710523001433	-0.009813874788494078
DB14932	0.058367758162660904	0.05357821475311986	-0.004789543409541049
DB01707	0.05836256244255897	0.003971109249311409	-0.05439145319324756
DB15102	0.05834995518054684	0.002598305762270081	-0.05575164941827676
DB15195	0.05834184323519154	0.01135670439549008	-0.04698513883970146
DB17128	0.0583173927876528	0.030127752314928813	-0.028189640472723987
DB06729	0.058304266590360976	0.040839124077998445	-0.01746514251236253
DB08820	0.05830334969857809	0.01890520701569931	-0.03939814268287878
DB01542	0.05828282787763621	0.006398293715330825	-0.05188453416230539
DB17589	0.05826691598482392	0.05117704072413054	-0.007089875260693379
DB08719	0.05826142418508379	0.032776436186815194	-0.025484987998268593
DB00560	0.05823205817882121	0.005356233469682836	-0.052875824709138375
DB16321	0.058219033858394	0.02218334346371409	-0.03603569039467991
DB03327	0.05821124027824098	0.043260558868463805	-0.014950681409777178
DB05428	0.058200361739277534	0.02244700715697709	-0.035753354582300445
DB07549	0.05819702208830507	0.02309261358347159	-0.035104408504833484
DB19456	0.05818464723289066	0.019640070310318225	-0.03854457692257243
DB12398	0.05815421470320026	0.04883254206845955	-0.009321672634740708
DB09241	0.058152540102235944	0.022418532573280997	-0.03573400752895495
DB05297	0.05814844592573398	0.02061614618413199	-0.03753229974160199
DB01887	0.05814583214742296	0.012668451804029156	-0.0454773803433938
DB03731	0.05812251826365661	0.053825177007868874	-0.004297341255787734
DB01791	0.058119111755991666	0.05122139536411874	-0.006897716391872926
DB03384	0.058106240250861585	0.004788384560204584	-0.053317855690657
DB07061	0.05808965024016832	0.004011356978189551	-0.05407829326197877
DB07398	0.05807666093991343	0.025989081092328836	-0.03208757984758459
DB01599	0.058057157887618935	0.03718890148341629	-0.020868256404202645
DB19328	0.05804929745077341	0.01584583203281148	-0.04220346541796193
DB08899	0.05804520645792344	0.05462602467432187	-0.003419181783601566
DB03960	0.05803820879077637	0.00011280315848838374	-0.057925405632287985
DB07226	0.058026537522459065	0.032810112857917295	-0.02521642466454177
DB03294	0.05799369178453502	0.05697846335813908	-0.0010152284263959391
DB12940	0.057970887285092254	0.03666650239022218	-0.021304384894870076
DB15495	0.05796629327522276	0.02631516983446411	-0.031651123440758655
DB00605	0.057962250037153246	0.012948543141732244	-0.045013706895421
DB11504	0.057938595502620316	0.05257585464820197	-0.005362740854418346
DB16301	0.05793422434839235	0.03125660528203522	-0.026677619066357128
DB02451	0.057926841459350405	0.005535021000005475	-0.05239182045934493
DB08840	0.05792659631814456	0.027038533777974827	-0.030888062540169736
DB08608	0.057924199028171114	0.02427868951204419	-0.03364550951612692
DB03705	0.05792345086994577	0.05082439395681726	-0.00709905691312851
DB01297	0.057920776602246093	0.015180512432988902	-0.04274026416925719
DB11257	0.05791849392374537	0.04902803103729625	-0.008890462886449124
DB03634	0.05791632585671752	0.007328372184712384	-0.05058795367200514
DB07387	0.05791545035241119	0.039053712921437556	-0.018861737430973635
DB13987	0.05788584557224681	0.013963771568128183	-0.04392207400411863
DB18120	0.057874928829459014	0.056582283333059535	-0.0012926454963994808
DB08488	0.05786775606145059	0.01661491958668046	-0.04125283647477013
DB13059	0.05786454694021108	0.05452472086694149	-0.0033398260732695854
DB19132	0.057854830434236115	0.03746926661519334	-0.020385563819042773
DB17414	0.057847673584487835	0.05047119960135582	-0.007376473983132015
DB04286	0.05784440079020789	0.009216729913097771	-0.04862767087711012
DB15314	0.05782562679422665	0.031734649735241094	-0.026090977058985557
DB15371	0.057824560270798867	0.04300045449816281	-0.014824105772636056
DB12804	0.05781254835171511	0.04734939956959572	-0.010463148782119389
DB02036	0.05780687508380966	0.025583865862807253	-0.03222300922100241
DB01215	0.05779964819371682	0.015227605013717081	-0.04257204317999974
DB00530	0.057795426671133965	0.0028124127281389244	-0.05498301394299504
DB01774	0.05774671042787391	0.034189213608660646	-0.023557496819213264
DB17235	0.05774395656887388	0.027212666809039665	-0.030531289759834213
DB12590	0.05773603564263999	0.03282654050235745	-0.02490949514028254
DB15687	0.05773467940687796	0.00846626035626083	-0.04926841905061713
DB01800	0.057731565795199224	0.05601361304135932	-0.0017179527538398985
DB19113	0.057727735861815226	0.049356036337949494	-0.008371699523865732
DB06911	0.057699691071142256	0.013706131344493167	-0.04399355972664909
DB00125	0.05769373127455474	0.01680684923255521	-0.04088688204199953
DB15590	0.057692273161928	0.02541712527174056	-0.03227514789018744
DB00376	0.0576800097343344	0.03564306014160623	-0.022036949592728172
DB12561	0.05767222570513753	0.007063613315153407	-0.050608612389984126
DB06629	0.05767108277406119	0.020856263587030924	-0.036814819187030265
DB02527	0.05766069770116139	0.02734189761196809	-0.0303188000891933
DB07309	0.0576578929037288	0.053249388070244597	-0.004408504833484206
DB01556	0.05765614507876804	0.0528833253933052	-0.004772819685462837
DB15327	0.05764951671525559	0.042666699521955564	-0.014982817193300024
DB14200	0.05764675330529935	0.05452335189657154	-0.003123401408727817
DB08784	0.057641016364353426	0.0310329155235764	-0.026608100840777027
DB01295	0.057630156927302084	0.052953416676249476	-0.004676740251052611
DB11833	0.05761701162809797	0.0026566239000323077	-0.05496038772806566
DB07794	0.05761143386975323	0.047043024000788525	-0.010568409868964705
DB03730	0.05760293033519909	0.050213011789572826	-0.007389918545626262
DB11368	0.0575794668197876	0.03263488465055664	-0.024944582169230962
DB09125	0.05757371714423354	0.009814696170716064	-0.047759020973517474
DB19409	0.05756846730204712	0.05341147416205316	-0.004156993139993959
DB06569	0.05754301082046914	0.015966849013519968	-0.041576161806949175
DB04456	0.05753957565993604	0.033878457334669446	-0.023661118325266593
DB16955	0.05753790105897194	0.041869411178464544	-0.015668489880507397
DB07592	0.05752673280767416	0.005593339137767702	-0.05193339366990646
DB12483	0.05748495692582489	0.05355193052201579	-0.003933026403809103
DB09473	0.05747991402102004	0.021733773594204364	-0.035746140426815676
DB01522	0.05747045220720686	0.03131848274275953	-0.026151969464447332
DB02870	0.05747029939190981	0.006422935181990996	-0.051047364209918816
DB16908	0.05745866314376473	0.03775647659882053	-0.019702186544944197
DB06091	0.05744042400132349	0.009253144524939971	-0.048187279476383515
DB03809	0.05743089851446983	0.04514453589166523	-0.012286362622804602
DB02670	0.05742009319950286	0.05290796685996535	-0.0045121263395375075
DB08814	0.057372510336363064	0.01168854281317935	-0.04568396752318371
DB03990	0.05735961017836475	0.045725800710769426	-0.011633809467595325
DB15023	0.057349845917609416	0.0070721009314475	-0.050277744986161915
DB08544	0.05733559907480525	0.025214243862905827	-0.032121355211899426
DB12020	0.05733516609813011	0.02468061921267778	-0.03265454688545233
DB03109	0.05733041927296345	0.009343496569360288	-0.04798692270360316
DB13382	0.05732863324417836	0.024496355800875058	-0.032832277443303304
DB01529	0.05731960759069232	0.04344317951582255	-0.013876428074869773
DB08199	0.05730544670649286	0.03593875774152744	-0.021366688964965422
DB08410	0.057296392400138715	0.017561151906428138	-0.03973524049371058
DB09370	0.057272094767897117	0.0021470931283163303	-0.055125001639580784
DB16008	0.05727186554495145	0.056005125425065305	-0.0012667401198861476
DB06178	0.05724676244874805	0.03414047826348854	-0.023106284185259514
DB06735	0.05723715737059379	0.04666874750162908	-0.010568409868964705
DB00320	0.05723623092785504	0.04957479780307639	-0.007661433124778658
DB03539	0.05722943383078534	0.04045553858032298	-0.016773895250462356
DB01831	0.05721285018739619	0.05302077001845373	-0.004192080168942458
DB13713	0.057199010852051035	0.046359086403933936	-0.0108399244481171
DB06972	0.05718223618954037	0.01573494543284104	-0.041447290756699326
DB02408	0.05717016378106815	0.02952814329286657	-0.02764202048820158
DB03916	0.05715880769430126	0.05260241267338017	-0.004556395020921089
DB16769	0.05713086159684091	0.053156845673232256	-0.003974015923608651
DB04221	0.05711732470843803	0.03779617673955071	-0.019321147968887314
DB06388	0.057114227015019337	0.024691844769711868	-0.03242238224530747
DB02145	0.057112173559464297	0.0006768189509306355	-0.05643535460853366
DB08057	0.05710994818670006	0.045777821584829625	-0.011332126601870433
DB02130	0.05707871337669981	0.023400084328574794	-0.03367862904812502
DB04234	0.05707511266626143	0.04996851368148986	-0.007106598984771574
DB08105	0.05705736698988377	0.008747446870259967	-0.0483099201196238
DB03943	0.05705731605145137	0.05322200866284449	-0.003835307388606881
DB15618	0.05704483931917215	0.022841544417612658	-0.03420329490155949
DB08591	0.05703715079953611	0.04309874657072932	-0.013938404228806794
DB04655	0.05703243581088957	0.05253834486006387	-0.004494090950825702
DB06027	0.05701762227802534	0.006033873802835488	-0.050983748475189855
DB15416	0.05701395152724246	0.054280770347006624	-0.002733181180235837
DB02931	0.057012343782970695	0.026970632847622647	-0.030041710935348048
DB02511	0.057011757990998446	0.011552740952474827	-0.04545901703852362
DB07667	0.05700463297777028	0.024514700003833045	-0.032489932973937236
DB12432	0.05700409812423057	0.0045827652106298356	-0.05242133291360074
DB11710	0.057001188266281075	0.055873156681396696	-0.0011280315848843769
DB00181	0.05698248112699244	0.011166691308133324	-0.045815789818859115
DB14774	0.05697707210220493	0.0002256063169768785	-0.05675146578522805
DB00780	0.05697315939386831	0.007907720445298683	-0.04906543894856963
DB01093	0.056960657192372866	0.039020036250335344	-0.017940620942037522
DB02316	0.05695750537686989	0.015594489072878526	-0.04136301630399136
DB04206	0.05695584669416577	0.011664722728741264	-0.04529112396542451
DB05518	0.056942010542472596	0.032838861235687355	-0.02410314930678524
DB14973	0.056939555946762754	0.03901729830959538	-0.01792225763716737
DB18025	0.05693801824283551	0.004693104222452227	-0.05224491402038328
DB15673	0.05693209665007226	0.032179017517344866	-0.024753079132727396
DB08489	0.056924277600703066	0.0023688663282571687	-0.0545554112724459
DB13265	0.05692164790413183	0.0030141989606776963	-0.05390744894345413
DB07405	0.05691932065450292	0.05141852709739958	-0.0055007935571033395
DB11182	0.05690114200144994	0.03445232971377565	-0.022448812287674286
DB13060	0.05689580301700692	0.025324035286580227	-0.03157176773042669
DB00878	0.05688694609707823	0.004566611360263706	-0.05232033473681452
DB06465	0.056862186835293205	0.023234712707878136	-0.03362747412741507
DB17912	0.05685217106602811	0.011016378361506818	-0.04583579270452129
DB15168	0.05684342557392019	0.015556157902518408	-0.041287267671401784
DB19073	0.056840939141689875	0.014273158871749292	-0.04256778026994058
DB02109	0.05683655843650598	0.02670532638991563	-0.03013123204659035
DB12360	0.05682750731380375	0.022598962868047683	-0.03422854444575607
DB08757	0.056821811760334184	0.00646208773457313	-0.050359724025761055
DB02930	0.05682002573154902	0.01433914324358354	-0.04248088248796548
DB02431	0.0568118915006296	0.035325185221691036	-0.02148670627893856
DB04834	0.056810557550431934	0.009397160207864463	-0.04741339734256747
DB02393	0.05679789616633535	0.035548601186075945	-0.021249294980259403
DB07584	0.0567956994464393	0.04349574797803074	-0.01329995146840856
DB13554	0.05677174883226825	0.051582803541800115	-0.005188945290468133
DB01291	0.056764152638540746	0.03347817039847989	-0.023285982240060857
DB08062	0.05676039911280534	0.03960677695091969	-0.017153622161885648
DB07210	0.05675796680265949	0.05580799369178452	-0.0009499731108749687
DB17034	0.05675670926011034	0.04128431324232418	-0.01547239601778616
DB19243	0.05675540077912877	0.032346305696559496	-0.024409095082569277
DB07670	0.05674474191215496	0.008346612345922384	-0.04839812956623257
DB01990	0.056715207172335025	0.015103302504120605	-0.04161190466821442
DB04012	0.05671079463063086	0.03882755901631274	-0.01788323561431812
DB17754	0.05671036802125967	0.03341848329034769	-0.023291884730911983
DB13558	0.05670947341504112	0.047790481822811426	-0.0089189915922297
DB13623	0.05670904362201806	0.02373904139218813	-0.03297000222982993
DB13210	0.05669426192567395	0.04823238545824915	-0.0084618764674248
DB01989	0.056678385053033915	0.005663156626637973	-0.05101522842639594
DB04891	0.05663838564901355	0.0010697134471221448	-0.055568672201891406
DB04791	0.05663603929747252	0.005301748448956589	-0.05133429084851593
DB07564	0.056632932053097745	0.03624212157552065	-0.020390810477577098
DB19367	0.0566221362890868	0.02709000706388709	-0.02953212922519971
DB16132	0.05661328573646223	0.04516835597610336	-0.011444929760358873
DB18912	0.05661316157403325	0.01690349854067759	-0.03970966303335566
DB13311	0.05660538391214036	0.010859768151178131	-0.04574561576096223
DB16953	0.05658289459424802	0.046830012211215716	-0.009752882383032306
DB08144	0.056582283333059535	0.056469480174571096	-0.00011280315848843768
DB13282	0.05658189174386068	0.03672427293983649	-0.019857618804024188
DB04749	0.05657624076151935	0.0037745251041786387	-0.05280171565734071
DB13482	0.05657301572201989	0.04976973918376515	-0.006803276538254743
DB03061	0.05657142389600818	0.04612827799955099	-0.010443145896457187
DB13036	0.056553191120870955	0.04712625739928486	-0.009426933721586095
DB11941	0.05654568406940008	0.016236262382336997	-0.040309421687063085
DB06163	0.05653471002087582	0.019513303654055708	-0.03702140636682011
DB04715	0.056533242357293095	0.028259655348019608	-0.028273587009273488
DB06744	0.05651995061009596	0.00854155372661114	-0.04797839688348482
DB08319	0.05651772523733167	0.045633532107831054	-0.010884193129500619
DB16474	0.05651573227116502	0.006957107420366926	-0.049558624850798094
DB13587	0.056495611590378095	0.009039585147219071	-0.04745602644315902
DB08666	0.05647887513169178	0.05212382063202625	-0.004355054499665525
DB18711	0.056468865729730616	0.017066132220634217	-0.0394027335090964
DB08031	0.05646181394049909	0.044053466506770944	-0.012408347433728144
DB07831	0.05645956628217064	0.035279461611332885	-0.02118010467083775
DB11827	0.056441884278833454	0.0014234553907315223	-0.05501842888810193
DB13758	0.056441056529307296	0.027758885986671644	-0.02868217054263565
DB08478	0.05644017465769691	0.04800321981831024	-0.008436954839386668
DB01567	0.05642525288066391	0.01342823035938212	-0.04299702252128179
DB12311	0.05640026757958527	0.0020304568527919065	-0.054369810726793366
DB07531	0.05638642824424006	0.012994266752090422	-0.04339216149214964
DB03816	0.05638452760398216	0.0007896221094190192	-0.05559490549456314
DB16238	0.05635435931740973	0.001353637901861271	-0.05500072141554846
DB08734	0.056343124209419615	0.012392193583362077	-0.04395093062605754
DB13874	0.05633668049772453	0.014058778111806558	-0.04227790238591797
DB06938	0.056336199766269024	0.030702993664405126	-0.025633206101863898
DB06861	0.05630084212689851	0.0019677580098456104	-0.0543330841170529
DB16932	0.056292762018063436	0.001859335556541164	-0.05443342646152227
DB12128	0.05627696155307213	0.05394318225376338	-0.0023337792993087525
DB00168	0.056272147871212874	0.011357799571786066	-0.04491434829942681
DB04627	0.0562573757258249	0.0112649833806997	-0.0449923923451252
DB06586	0.05623655782524484	0.042401119270174537	-0.0138354385550703
DB08938	0.056223167384834905	0.04620795207508532	-0.010015215309749581
DB06258	0.05622259114381867	0.051353364107787236	-0.004869227036031432
DB07250	0.05621175080867946	0.010001149935110809	-0.04621060087356865
DB13956	0.05620203748635644	0.02918535311221726	-0.027016684374139177
DB04858	0.05620032468156799	0.014003745502932374	-0.04219657917863562
DB07479	0.05618351818253707	0.021462443666869266	-0.034721074515667805
DB13429	0.05617066577931924	0.05546794145187528	-0.0007027243274439592
DB19159	0.0561705193313261	0.04453507028293879	-0.011635449048387309
DB06777	0.05615885124666083	0.032140960141058716	-0.024017891105602117
DB11573	0.05615156068352767	0.010245921837267802	-0.045905638846259866
DB05409	0.056144317875174654	0.053350144289476986	-0.002794173585697668
DB12760	0.056140605736915594	0.04297444406113282	-0.013166161675782773
DB15647	0.05613855228136048	0.025727607751657833	-0.030410944529702645
DB01776	0.05612206096388001	0.010760107108241823	-0.04536195385563819
DB01536	0.05611799862389821	0.03542648902907142	-0.020691509594826796
DB12447	0.05610988349489093	0.03343874405182373	-0.0226711394430672
DB12728	0.056108998439628466	0.05387884064637305	-0.002230157793255416
DB04797	0.056106980004245716	0.00864669065102755	-0.047460289353218166
DB09012	0.05610202624169747	0.0468688909697238	-0.00923313527197367
DB06999	0.056099940949622236	0.0057759597851264124	-0.050323981164495823
DB08695	0.056097069295497286	0.0065502494264014135	-0.04954681986909587
DB19146	0.056095684406867186	0.004679414518752201	-0.051416269888114985
DB03815	0.056089161103871486	0.04189432643919855	-0.014194834664672938
DB19436	0.05606719390491092	0.017868896445605333	-0.038198297459305586
DB15259	0.05606704745691783	0.03042728303188602	-0.025639764425031807
DB07873	0.056065528854902846	0.020760435661130616	-0.03530509319377223
DB09114	0.05605943534493024	0.04299689517520083	-0.013062540169729409
DB18539	0.05605798359960762	0.009140067572377453	-0.046917916027230167
DB13225	0.05605724499233822	0.012171241765643215	-0.043886003226695
DB11847	0.05604384818462421	0.05054895711837204	-0.005494891066252172
DB01773	0.056033564988589135	0.007143561184761671	-0.048890003803827464
DB03244	0.05600911454105041	0.005581839786659604	-0.05042727475439081
DB15953	0.056000057051044265	0.004912687069801061	-0.051087369981243205
DB13320	0.05599468623008097	0.006033052420613361	-0.04996163380946761
DB18294	0.05598046167284104	0.03290073869641166	-0.02307972297642938
DB03672	0.05597465469155063	0.005764460434018367	-0.05021019425753226
DB06797	0.05597287503006959	0.03248292893948601	-0.02348994609058358
DB06989	0.055963534195033304	0.0025361545074717995	-0.053427379687561505
DB14129	0.055948997639895054	0.004764564475766484	-0.05118443316412857
DB16272	0.055931010005963594	0.010880576500802208	-0.045050433505161386
DB15137	0.055926737544948396	0.03704598097678774	-0.018880756568160652
DB07803	0.05590586233863179	0.04285643881523826	-0.013049423523393527
DB19266	0.05589273932499195	0.008250784420022028	-0.04764195490496992
DB15480	0.055888263110247194	0.03087055563769381	-0.025017707472553385
DB09420	0.05587747052988834	0.02688082839135031	-0.02899664213853803
DB08905	0.05587371063684876	0.01901855776233574	-0.03685515287451302
DB12105	0.05587076257507531	0.013210837864625263	-0.04265992471045005
DB16123	0.05586769671817682	0.03858881058378372	-0.0172788861343931
DB00423	0.055863873152096954	0.020146589347220134	-0.03571728380487682
DB06685	0.05586155863707609	0.025579485157623316	-0.030282073479452776
DB11765	0.055858374985052694	0.008849298265788286	-0.04700907671926441
DB11376	0.055858266740883934	0.045003258149480585	-0.01085500859140335
DB02468	0.05584824778796678	0.03035801313116382	-0.02549023465680296
DB02884	0.0558433163109827	0.03971410422792809	-0.01612921208305461
DB00432	0.055835968442113026	0.021963213028217243	-0.03387275541389578
DB07951	0.05582018389538165	0.003158488437676299	-0.052661695457705354
DB05575	0.05581674873484857	0.02696406178984667	-0.0288526869450019
DB08907	0.05581041645097424	0.04817488870270892	-0.0076355277482653226
DB09081	0.05580930854007016	0.018866602051265224	-0.03694270648880493
DB02004	0.05579613140434584	0.007724278415717968	-0.04807185298862787
DB05676	0.055794001541142224	0.002310548190494921	-0.0534834533506473
DB13223	0.05578949985718135	0.013411255126794037	-0.042378244730387316
DB06708	0.05578940753127269	0.03581144349711694	-0.01997796403415575
DB16828	0.055784587482109474	0.008028189837859148	-0.047756397644250326
DB15880	0.05575361373157517	0.053072243304365996	-0.002681370427209173
DB08200	0.05574844984799335	0.03746351693963937	-0.01828493290835398
DB04439	0.055741108346427704	0.022987202864981196	-0.03275390548144651
DB09499	0.05574036973915827	0.046266544006921484	-0.009473825732236783
DB02588	0.05573968843762522	0.030432758913366054	-0.02530692952425917
DB15835	0.05573083151769653	0.03829913645349059	-0.017431695064205943
DB18310	0.055703652680373916	0.03778303462399857	-0.017920618056375348
DB01673	0.05569973360473332	0.01407438437402464	-0.04162534923070868
DB03385	0.055698660714001424	0.040988341848329	-0.014710318865672423
DB11689	0.05569043415717334	0.019061543431953876	-0.036628890725219465
DB04708	0.05567763269238779	0.025653957145751582	-0.030023675546636208
DB15918	0.055673175579555256	0.021295429281728673	-0.034377746297826584
DB16164	0.055665783139557154	0.019454985516293474	-0.03621079762326368
DB08254	0.05565336052936237	0.007573965469091393	-0.04807939506027098
DB13303	0.055644767852551597	0.03145373701531606	-0.024191030837235533
DB06951	0.05564292770168208	0.048552724524830365	-0.007090203176851717
DB07421	0.05564261252013181	0.04675444504679138	-0.008888167473340425
DB12551	0.05563851834362991	0.046954314720812185	-0.008684203622817722
DB00224	0.0556255831654594	0.004944173388311213	-0.05068140977714819
DB08106	0.055623287752350564	0.016703902660730824	-0.03891938509161974
DB12524	0.05562245045186847	0.049802594472645234	-0.005819855979223236
DB02475	0.05562057846447879	0.005604838488875746	-0.050015739975603046
DB07528	0.055618983454814974	0.03346201654811376	-0.022156966906701214
DB11096	0.05561244104990731	0.0054950470652013195	-0.050117393984705993
DB06695	0.055600836638282525	0.05359628516200399	-0.0020045514762785377
DB00911	0.055595405327930836	0.007364513002480644	-0.04823089232545019
DB00909	0.055567647065939973	0.03680887530870286	-0.01875877175723711
DB07233	0.0555627601600842	0.04816202038123085	-0.007400739778853343
DB01390	0.05555874239123082	0.02809674787398897	-0.02746199451724185
DB05824	0.055542926007979235	0.010685635120113446	-0.04485729088786579
DB15498	0.055540541452613945	0.006127511376143868	-0.04941303007647008
DB08688	0.05553728457659397	0.02932005979662572	-0.026217224779968254
DB02333	0.055519430656047586	0.02597320103603684	-0.029546229620010744
DB18080	0.0555155816207514	0.053485124767959524	-0.0020304568527918783
DB07072	0.05551397387647969	0.025272562000668075	-0.030241411875811613
DB00134	0.055506938005508155	0.034896423701805346	-0.02061051430370281
DB07782	0.0555030093789115	0.008588372513265321	-0.046914636865646175
DB11954	0.055491914351610494	0.01011094135878532	-0.045380972992825175
DB02194	0.05548773103285179	0.020022286837623637	-0.03546544419522815
DB09238	0.05547083539156439	0.015449652007731962	-0.040021183383832426
DB13496	0.05542912636640752	0.04917314189651678	-0.006255984469890738
DB12598	0.05542522320902696	0.018112299377392227	-0.03731292383163473
DB04651	0.05542090936053545	0.045102371604269	-0.010318537756266455
DB12774	0.05541133611890145	0.032181755458084854	-0.023229580660816596
DB00968	0.05539757637485687	0.007851045071980423	-0.04754653130287645
DB16252	0.05539283273334228	0.034252733833828874	-0.021140098899513404
DB02792	0.05538173452238915	0.03943976256577908	-0.015941971956610068
DB14143	0.05537923535555089	0.010457017068322583	-0.04492221828722831
DB14534	0.05537473048793798	0.02189449071564295	-0.03348023977229503
DB08756	0.05533842730391647	0.02642769919887844	-0.02891072810503803
DB07991	0.05532202512869276	0.028708677629381382	-0.02661334749931138
DB03101	0.055283980487014786	0.0384628653097433	-0.016821115177271487
DB01740	0.0552673108850209	0.017227396930220844	-0.03803991395480005
DB02928	0.0552659037108266	0.034154989349410525	-0.021110914361416072
DB08537	0.055237107578276136	0.024597933402329443	-0.030639174175946693
DB02758	0.055228527636073554	0.012753875555117533	-0.04247465208095602
DB03560	0.05521124040558717	0.021402756558737135	-0.033808483846850035
DB11461	0.055209906455389396	0.02903367119522071	-0.026176235260168684
DB14944	0.0552097791093084	0.0370333864493837	-0.018176392659924705
DB02023	0.05520486036693251	0.018872077932745257	-0.03633278243418725
DB08171	0.05519564369432506	0.03760753262256389	-0.017588111071761173
DB03885	0.05518524270316503	0.025416030095444575	-0.029769212607720454
DB00406	0.05517079847393547	0.031076174987268557	-0.02409462348666691
DB02506	0.05516697490785566	0.002256063169768785	-0.052910911738086874
DB06793	0.05515449180827231	0.018037006007041945	-0.037117485801230365
DB13591	0.0551365678473813	0.037073634178261816	-0.018062933669119485
DB00447	0.05512936961015669	0.014775023409393295	-0.04035434620076339
DB12291	0.05511275731389936	0.018414020446941515	-0.03669873686695785
DB16242	0.05511255674382182	0.04687792617416586	-0.00823463056965595
DB04427	0.055112120583494656	0.04115371346902569	-0.013958407114468968
DB17622	0.05508465840114202	0.033441208198489836	-0.02164345020265218
DB09039	0.05507635862031729	0.03640612422584727	-0.01867023439447002
DB04383	0.05507277064448696	0.031734649735241094	-0.023338120909245863
DB15401	0.055068896139974816	0.01470438453830114	-0.040364511601673675
DB00880	0.05506354442092365	0.025902288370870497	-0.029161256050053153
DB02167	0.055059962812397445	0.0495476921897503	-0.005512270622647142
DB13530	0.05505311796054735	0.048412815753015814	-0.006640302207531534
DB05123	0.05503932001267853	0.021693525865326135	-0.03334579414735239
DB00616	0.05503111574141459	0.03443699724563162	-0.020594118495782965
DB13270	0.055024232685740304	0.05065409404278853	-0.004370138642951771
DB12255	0.05501750244536319	0.013509547199360483	-0.041507955246002703
DB18600	0.055006541131446984	0.016849561108099376	-0.03815698002334761
DB02833	0.05500225275217166	0.04224533044206791	-0.012756922310103752
DB04306	0.05499768739517036	0.02147449060612533	-0.03352319678904503
DB00651	0.05498411230294309	0.029218755989245337	-0.02576535631369775
DB11801	0.054983431001410066	0.05252766689117777	-0.0024557641102322947
DB02598	0.0549755705645647	0.02340117950487086	-0.03157439105969384
DB03477	0.05496998325526381	0.026694100832881595	-0.028275882422382215
DB01141	0.05495521110987584	0.044508786051834684	-0.010446425058041157
DB02174	0.05495432923826543	0.024990006516298957	-0.029964322721966474
DB17273	0.05494429755074012	0.05032691012435728	-0.004617387426382846
DB13004	0.05493907954507391	0.016613550616310424	-0.03832552892876349
DB03267	0.05490245481219826	0.042131432107283456	-0.012771022704914807
DB07952	0.05490179897988148	0.034207010223470724	-0.020694788756410763
DB02302	0.05490028674517043	0.026771310761749878	-0.028128975983420554
DB12009	0.05489992380883979	0.021930905327485095	-0.032969018481354695
DB01982	0.05489453070231243	0.05248139569267163	-0.002413135009640799
DB02017	0.05487856150376369	0.010766951960091808	-0.04411160954367188
DB12155	0.054874722019423595	0.009377994622684386	-0.04549672739673921
DB02045	0.05487118498202573	0.02015863628647621	-0.03471254869554952
DB15949	0.054869449891673035	0.04402362295270479	-0.010845826938968245
DB01319	0.054866686481716845	0.016032559591280207	-0.03883412689043664
DB05252	0.05485887698330377	0.04911509755282856	-0.0057437794304752154
DB17832	0.054851293524184386	0.002816245845174925	-0.05203504767900946
DB13419	0.05484807803564086	0.03161390654860666	-0.023234171487034203
DB11119	0.05483182867571412	0.0515146288173739	-0.003317199858340225
DB15187	0.054823662608274405	0.052828292784430964	-0.00199536982384344
DB02072	0.05481852419390888	0.05265854045855034	-0.002159983735358544
DB17418	0.05480834287473857	0.032261155739545244	-0.022547187135193325
DB08487	0.05479685307458647	0.04026360893444822	-0.014533244140138249
DB02418	0.05478008796303187	0.030823189262891515	-0.02395689870014035
DB04212	0.05477109732971825	0.03980500386049646	-0.014966093469221793
DB06216	0.05476058491073743	0.015937279253527836	-0.038823305657209595
DB02669	0.054747933077596914	0.013751854954851345	-0.04099607812274557
DB01488	0.05473600393346581	0.044454848619256526	-0.010281155314209284
DB08219	0.05473520802046006	0.03084618796510774	-0.023889020055352317
DB11821	0.05473246052876385	0.022914099847222924	-0.031818360681540925
DB02596	0.05472307830625128	0.04582245001889179	-0.008900628287359491
DB01919	0.05470991072148307	0.011673210345035323	-0.043036700376447745
DB03018	0.05470340333674745	0.0012370016263367756	-0.05346640171041067
DB16051	0.05470110792363869	0.028845574666381935	-0.025855533257256758
DB18824	0.05470028017411266	0.0318025506655934	-0.02289772950851926
DB17151	0.05469375368746504	0.046426987334286185	-0.008266766353178856
DB09000	0.0546756005036283	0.04140286607636667	-0.013272734427261623
DB11835	0.054674820508882574	0.02204945816152755	-0.032625362347355025
DB03193	0.05466079652172007	0.05082548913311319	-0.003835307388606881
DB00556	0.05465941163308996	0.043624704986885254	-0.011034706646204706
DB05022	0.05464764167155996	0.04192252722882067	-0.012725114442739285
DB05636	0.05464727873522923	0.0025361545074717995	-0.05211112422775743
DB04189	0.054635957668634494	0.016463237669683828	-0.038172719998950666
DB03839	0.05463118537425168	0.04767247657691698	-0.0069587087973346975
DB08849	0.05461913206769159	0.005637967571829883	-0.048981164495861707
DB18314	0.054615973884884456	0.0030495183962238317	-0.05156645548866062
DB07517	0.05461442026269721	0.046466687475016366	-0.008147732787680845
DB11864	0.05460707557747943	0.04552510965452661	-0.009081965922952823
DB03006	0.05460336662287233	0.047333793307377636	-0.007269573315494694
DB06943	0.054594649783632626	0.008374539341470477	-0.04622011044216215
DB01960	0.0545632526073791	0.034784989513686915	-0.019778263093692183
DB07836	0.05454771956915762	0.04383141951275604	-0.01071630005640158
DB01115	0.05454557378769398	0.0011280315848843925	-0.05341754220280959
DB03180	0.05452031787619335	0.008654356885099579	-0.045865960991093774
DB12338	0.054519932654298525	0.008963196600572765	-0.04555673605372576
DB02715	0.054508758035696894	0.033146331980790616	-0.02136242605490628
DB04132	0.054499200712323045	0.05026777060437304	-0.004231430107950004
DB04315	0.054493435118508904	0.0006768189509306355	-0.05381661616757827
DB08570	0.05448641516579756	0.017471895038303764	-0.037014520127493795
DB14652	0.05446959593215861	0.03513270798766832	-0.01933688794449029
DB02557	0.05445768907359172	0.009784031234428059	-0.04467365783916366
DB13214	0.05444047188344983	0.028226526265065555	-0.026213945618384277
DB02953	0.0544365432568531	0.03539281235796932	-0.01904373089888378
DB11989	0.054434149150531574	0.02205931474819156	-0.032374834402340014
DB06791	0.05441849194988124	0.012203549466375363	-0.04221494248350588
DB00324	0.05441482438275037	0.008055021657111257	-0.04635980272563911
DB09351	0.05436036164758824	0.0468727240867598	-0.007487637560828448
DB07185	0.05435160978817638	0.004736911274292377	-0.049614698513884004
DB16870	0.0543505814685728	0.015345610259611508	-0.03900497120896129
DB03861	0.054346137090348245	0.012713901620313273	-0.04163223547003497
DB13967	0.05433016152449566	0.01854270366172195	-0.03578745786277371
DB12011	0.05432824814962957	0.0436411326313253	-0.010687115518304272
DB15059	0.054327811989302394	0.03630947491772488	-0.018018337071577517
DB09078	0.05432324663230104	0.004399323181049075	-0.04992392345125196
DB02264	0.05432030812148353	0.009482036370804747	-0.04483827175067878
DB07416	0.05431725499919329	0.021189197181016223	-0.03312805781817707
DB15284	0.05431654822844409	0.020909105843313125	-0.033407442385130964
DB03128	0.05430745253461371	0.04032740295369046	-0.013980049580923248
DB03891	0.054293218426417524	0.0509183053241995	-0.003374913102218024
DB08755	0.05427433618626757	0.00017112129625066353	-0.054103214890016904
DB09496	0.05426312654749371	0.024561792584561315	-0.029701333962932397
DB00838	0.054254938194489816	0.0028239120792469563	-0.05143102611524286
DB13082	0.05425475990997651	0.05335233464206901	-0.0009024252679075014
DB11642	0.05425451158511859	0.03743175682705513	-0.01682275475806346
DB01638	0.054247704937092946	0.04596126361441033	-0.008286441322682617
DB17804	0.05424563237962576	0.03826463840016647	-0.01598099397945929
DB07613	0.05424347704720606	0.02778982471703384	-0.026453652330172217
DB02707	0.0542298414655904	0.023150931721233836	-0.031078909744356564
DB18775	0.05422464256183644	0.049374106746833624	-0.00485053581500282
DB11855	0.054217415671743624	0.03628236930439882	-0.017935046367344804
DB12216	0.054205524731436694	0.000451212633953757	-0.05375431209748294
DB04058	0.0541972631544362	0.05182839682617901	-0.0023688663282571912
DB02942	0.05419063797457585	0.008928698547248648	-0.0452619394273272
DB00978	0.054185887965757185	0.04798925632053619	-0.006196631645220996
DB00824	0.054184509444431095	0.03675904478723463	-0.017425464657196466
DB16255	0.054151090649142836	0.05360970107163002	-0.0005413895775128186
DB03830	0.054125315802362434	0.01021963760616365	-0.04390567819619878
DB04491	0.05411481930164169	0.032553020222430284	-0.021561799079211408
DB17508	0.05410384843676955	0.03363204266806849	-0.020471805768701057
DB13430	0.054102132448328955	0.04422431400894755	-0.009877818439381403
DB09207	0.05410165171687342	0.02488432200373447	-0.02921732971313895
DB02745	0.054096194937305594	0.026383344558890354	-0.02771285037841524
DB04868	0.05406586428447984	0.04649132894167629	-0.0075745353428035515
DB00332	0.05406340968876999	0.019054424786029922	-0.03500898490274007
DB01905	0.05405533276358697	0.05143495474183957	-0.0026203780217473995
DB08461	0.05405434264780773	0.025345938812500357	-0.028708403835307372
DB01775	0.054045644910480195	0.02063230003449812	-0.033413344875982076
DB18076	0.05404197415969736	0.012393014965584093	-0.041648959194113266
DB00728	0.054037768555374566	0.03072489719032523	-0.023312871365049337
DB04878	0.05403602709771782	0.02858547029608094	-0.02545055680163688
DB06335	0.054032057083644836	0.006768189509306244	-0.04726386757433859
DB16112	0.05402109895338075	0.039805277654570426	-0.014215821298810327
DB08713	0.05401668959532855	0.01175452718501361	-0.04226216241031494
DB15202	0.054004177842877185	0.009782388469983954	-0.04422178937289323
DB02675	0.05399619642725484	0.0168314906992153	-0.03716470572803954
DB11390	0.053993827790149496	0.043725461206117644	-0.010268366584031852
DB03411	0.053992875878194506	0.008490901822920942	-0.045501974055273564
DB15565	0.05398221064391655	0.036264572689588714	-0.017717637954327837
DB11427	0.05396236375720351	0.009413314058230537	-0.04454904969897297
DB03647	0.05395923741091668	0.01640136020895966	-0.037557877201957024
DB08901	0.05394107149247185	0.01421894764509718	-0.03972212384737467
DB06295	0.05392381609850576	0.005709975413292155	-0.0482138406852136
DB03115	0.05392061652822233	0.02619661700042164	-0.02772399952780069
DB13763	0.053914433875993206	0.012431072341870242	-0.041483361534122964
DB08136	0.053900132911104646	0.0035007310301775826	-0.050399401880927064
DB12730	0.05389962989408503	0.004228201884798444	-0.04967142800928659
DB01602	0.053899528017220213	0.0017503655150887913	-0.05214916250213142
DB00877	0.05389862067639356	0.018230852211434723	-0.03566776846495884
DB11614	0.0538851156245109	0.011403249388070247	-0.04248186623644065
DB12289	0.053876650293781025	0.053763847135292586	-0.00011280315848843768
DB05087	0.05386932152682349	0.046598108630536816	-0.007271212896286678
DB19213	0.05385074810091983	0.010533679409042929	-0.0433170686918769
DB06579	0.05382410093348505	0.040015551503403246	-0.013808549430081807
DB13431	0.05382037287696584	0.02695256243873867	-0.02686781043822717
DB06792	0.05381697273660491	0.004103899375201947	-0.04971307336140296
DB17507	0.05379533345380274	0.05120086080856867	-0.0025944726452340667
DB07938	0.05377988319053382	0.005157458971958011	-0.04862242421857581
DB16130	0.053768412492293916	0.000451212633953757	-0.05331719985834016
DB08515	0.0537635224027862	0.024803278957830244	-0.028960243444955958
DB02120	0.05374765508110224	0.011172988571835352	-0.04257466650926689
DB04197	0.053747486347545004	0.03398496322945588	-0.019762523118089126
DB16827	0.053744869385581984	0.04140505642895864	-0.012339812956623342
DB08426	0.053743296661482406	0.008529232993281094	-0.04521406366820131
DB00400	0.053741864018072016	0.030717230956253228	-0.02302463306181879
DB12334	0.053735907405136396	0.02671299262398763	-0.027022914781148766
DB08498	0.05373299754718719	0.0020304568527919065	-0.05170254069439528
DB04138	0.05372975022212336	0.04539149814641408	-0.008338252075709283
DB05552	0.05371463742596891	0.022928884727218962	-0.030785752698749946
DB13875	0.05370344052180309	0.03827367360460854	-0.015429766917194554
DB06605	0.05370215751003782	0.03899347822515731	-0.01470867928488051
DB01924	0.053697802274069895	0.033672290396946636	-0.02002551187712326
DB15832	0.05368915547517472	0.04689243726008796	-0.006796718215086761
DB07804	0.05368897719066139	0.032248835006215115	-0.021440142184446277
DB14676	0.05368796478931799	0.0503389570636133	-0.003349007725704692
DB00777	0.053678108202653924	0.028981102733012437	-0.024697005469641486
DB02020	0.05367790763257646	0.00214326001128029	-0.05153464762129617
DB06809	0.05366875781666158	0.011042936386684854	-0.04262582142997673
DB14030	0.05366097697111681	0.03610303418592807	-0.01755794278518874
DB06690	0.05366090056346821	0.05208165634463008	-0.0015792442188381276
DB05724	0.05365996775342537	0.004251200587014493	-0.04940876716641088
DB12931	0.05365036267527118	0.0006768189509306355	-0.052973543724340544
DB09511	0.05362777148051409	0.018940800245319495	-0.0346869712351946
DB08303	0.053612680969923776	0.028525783187948683	-0.025086897781975093
DB05808	0.05359089205547651	0.012206561201189348	-0.041384330854287166
DB13544	0.05357282801389651	0.015209260810759018	-0.038363567203137494
DB12220	0.05355109322153365	0.032815314945323304	-0.020735778276210343
DB13029	0.053546085336901084	0.000902425267907514	-0.05264366006899357
DB13095	0.05354066039385352	0.04533947727235399	-0.008201183121499533
DB00525	0.05354043117090774	0.05026913957474305	-0.0032712915961646927
DB01146	0.05354013190761753	0.01875544165722076	-0.034784690250396766
DB03005	0.05353814212510301	0.007830236722356387	-0.04570790540274662
DB18030	0.053534382232063527	0.04091551262464477	-0.012618869607418759
DB07516	0.053523640590137034	0.021526237686111505	-0.03199740290402553
DB01064	0.053513612086263734	0.020130435496854115	-0.03338317658940962
DB05531	0.05351016419112255	0.040996555670549065	-0.012513608520573483
DB12384	0.05349582183875776	0.0037594664301086045	-0.04973635540864915
DB18965	0.05348184560637553	0.023507685399657197	-0.029974160206718337
DB02604	0.053479722110476025	0.0026996095696504296	-0.050780112540825595
DB12939	0.053473061910443376	0.021259562258034492	-0.03221349965240888
DB12535	0.053459747877682116	0.03703475541975376	-0.016424992457928354
DB07617	0.053445997684593564	0.025342927077686345	-0.02810307060690722
DB08606	0.053435612611693675	0.04787481039760377	-0.005560802214089899
DB12638	0.053417077389614154	0.04383799057053206	-0.009579086819082098
DB07242	0.0534009935795926	0.00401026180189356	-0.04939073177769904
DB04364	0.05339811237451153	0.013296261615713623	-0.04010185075879791
DB00919	0.05337984139555002	0.015966575219445944	-0.037413266176104076
DB07449	0.05337852973091639	0.03373307268137482	-0.01964545704954157
DB06281	0.053371430186904545	0.038981157491827234	-0.01439027269507731
DB02636	0.053366072100549417	0.019154907211188316	-0.0342111648893611
DB02428	0.05336191106735505	0.01325710906313149	-0.04010480200422356
DB05442	0.05336000087614109	0.05087833138939546	-0.0024816694867456288
DB03102	0.05335850455969007	0.02720719092755952	-0.02615131363213055
DB06368	0.053351369995505986	0.03226800059139523	-0.021083369404110756
DB08667	0.05333902060930773	0.044790246359907804	-0.008548774249399926
DB03289	0.05333040883058482	0.02001379922132973	-0.03331660960925509
DB00642	0.05332923406298812	0.02896768682338635	-0.024361547239601766
DB01458	0.05332183843933811	0.04821979093084508	-0.005102047508493029
DB02089	0.05331698018635067	0.016045701706832283	-0.03727127847951839
DB02839	0.053312997437669485	0.03494379007660753	-0.018369207361061957
DB13680	0.05330207114392571	0.034607570953734346	-0.018694500190191365
DB04701	0.0532971524015497	0.019379144557795214	-0.03391800784375448
DB13092	0.0532964838346248	0.042807429675992076	-0.010489054158632723
DB06188	0.0532943730733334	0.04893767899287582	-0.004356694080457579
DB01874	0.05329260614646045	0.04283699943598418	-0.010455606710476266
DB15694	0.053290638649510086	0.030485053581500277	-0.02280558506800981
DB04504	0.053288798498640655	0.01983446410285894	-0.033454334395781715
DB04059	0.05328102720405184	0.03387298145318943	-0.019408045750862413
DB07539	0.05327341509206418	0.03739014012780706	-0.01588327496425712
DB04814	0.05327054343793926	0.018367475454361293	-0.034903067983577965
DB01166	0.053250320880287416	0.01055530914088898	-0.042695011739398436
DB01182	0.053246853883234024	0.02405116663654927	-0.029195687246684754
DB07595	0.053237949208524926	0.03211850902699054	-0.021119440181534388
DB01514	0.053217637508616564	0.019494411862949645	-0.03372322564566692
DB16554	0.05321632266033105	0.04089716842168678	-0.01231915423864427
DB13035	0.0532096815622104	0.02001407301540359	-0.03319560854680681
DB17734	0.05320419294612229	0.04250625619459092	-0.01069793675153137
DB13553	0.053203317441815945	0.009031371324999093	-0.04417194611681685
DB01706	0.05319610965363519	0.04160656886742342	-0.011589540786211772
DB04917	0.05319313293899344	0.01756635399383416	-0.03562677894515928
DB04649	0.053190522344334364	0.049693624431192795	-0.003496897913141568
DB07854	0.0531900702657471	0.004621096380989953	-0.048568973884757144
DB16848	0.053187249550054494	0.01994507690875541	-0.033242172641299084
DB08143	0.053183734798220805	0.02659170184920523	-0.026592032949015576
DB03088	0.05318212705394909	0.010195269933577555	-0.042986857120371536
DB16250	0.05317942413338128	0.022365142728850818	-0.030814281404530464
DB09104	0.05317299633994621	0.038958158789611175	-0.014214837550335035
DB12165	0.053172200426940465	0.032399695540989704	-0.02077250488595076
DB02433	0.05316673728006849	0.0025361545074717995	-0.05063058277259669
DB13137	0.05316646348599452	0.030229056122309195	-0.022937407363685325
DB12843	0.05315888957783117	0.0484303385737519	-0.004728551004079276
DB13472	0.05314123941101421	0.05178760150915296	-0.0013536379018612521
DB07493	0.05314035753940375	0.043831145718682074	-0.009309211820721676
DB01384	0.053139708074390946	0.027026760632792857	-0.02611294744159809
DB13384	0.05313387880753645	0.02074756733965255	-0.0323863114678839
DB05968	0.05309073713896907	0.04157727290150531	-0.011513464237463761
DB06734	0.05308528991035723	0.016290473608989164	-0.036794816301368063
DB13122	0.05307371096794866	0.006593235096019612	-0.04648047587192905
DB13488	0.053070632376442134	0.0357999441460089	-0.017270688230433234
DB07703	0.05306749647919922	0.004542791275825624	-0.0485247052033736
DB02866	0.05306737868407437	0.051549126870698014	-0.0015182518133763558
DB08781	0.05306607020309284	0.03138720505533377	-0.021678865147759074
DB18237	0.05306264777716781	0.025109106938489445	-0.027953540838678362
DB16834	0.05306198876119901	0.013263132532759472	-0.03979885622843954
DB19200	0.05305453901546453	0.000451212633953757	-0.05260332638151077
DB12037	0.05305452628085633	0.02526133644363393	-0.0277931898372224
DB04894	0.05305194752271747	0.049339608693509396	-0.003712338829208073
DB15197	0.05305145405665401	0.04186557806142843	-0.01118587599522558
DB12680	0.053050887366593844	0.05214846209868634	-0.0009024252679075014
DB08971	0.05305076002051291	0.008766338661366016	-0.0442844213591469
DB00344	0.05304310970470105	0.035642238759384326	-0.017400870945316727
DB02730	0.053041670693986465	0.045757013235205535	-0.00728465745878093
DB07839	0.053038057248940035	0.04073398715358201	-0.012304070095358027
DB19008	0.053035459388889206	0.05129422458780308	-0.0017412348010861223
DB00606	0.053023059064258526	0.000902425267907514	-0.05212063379635101
DB12581	0.05300478171799278	0.04192252722882067	-0.011082254489172105
DB13828	0.053003689725348906	0.05117293381302057	-0.001830755912328336
DB03197	0.05299139446123513	0.026244257169297902	-0.02674713729193723
DB04908	0.05298592813071108	0.016176027686056763	-0.03680990044465432
DB03596	0.05298439679408784	0.04764756131618286	-0.005336835477904978
DB00573	0.05298360088108205	0.04289394860337642	-0.010089652277705634
DB13733	0.05297827463124716	0.01936162173705913	-0.033616652894188026
DB12929	0.05297730043372802	0.03310033457635843	-0.01987696585736959
DB08279	0.05296391954427415	0.03646088304064743	-0.016503036503626722
DB19034	0.05295895623076994	0.048395019138205764	-0.004563937092564174
DB13911	0.05295768913726451	0.03747611146704333	-0.01548157767022118
DB02484	0.05294182818288479	0.017165519469496626	-0.03577630871338816
DB19325	0.05291910964204677	0.003158488437676299	-0.04976062120437047
DB02909	0.05289197855950448	0.023789419501804354	-0.029102559057700123
DB13387	0.05288987416551711	0.0020887749905541043	-0.050801099174963005
DB04934	0.052883475024950166	0.016384111182297545	-0.03649936384265262
DB02945	0.05287267607728738	0.01935669344372712	-0.03351598263356026
DB03824	0.05286710786989873	0.048293989124899406	-0.004573118744999327
DB07359	0.05286090611575733	0.02786320152886612	-0.024997704586891212
DB13982	0.05284888464571748	0.0015247591981119159	-0.05132412544760556
DB15532	0.05283581257050991	0.04810726156643064	-0.004728551004079276
DB04784	0.05282207829568153	0.024071701192099337	-0.028750377103582192
DB05546	0.05282185544003992	0.03560363379495013	-0.017218221645089793
DB11485	0.052819502721194705	0.022742704756898213	-0.030076797964296492
DB00935	0.05281632862012754	0.026970632847622647	-0.025845695772504895
DB00999	0.05281479091620034	0.04487430114062607	-0.007940489775574266
DB13950	0.05281099600298854	0.021201517914346255	-0.031609478088642284
DB01518	0.0528097193585272	0.006047563506535472	-0.04676215585199173
DB13490	0.05280500755353279	0.03105564043171849	-0.0217493671218143
DB03081	0.05279438689038321	0.048587222578154565	-0.0042071643122286485
DB00808	0.05278869770421757	0.04988172096003152	-0.0029069767441860517
DB18151	0.05278257235772488	0.0175896264901243	-0.03519294586760058
DB18089	0.05276395436069276	0.0018631686735772288	-0.050900785687115535
DB02104	0.05275895284336421	0.006022374451727375	-0.046736578391636835
DB17134	0.05275034743194528	0.038468614985297245	-0.014281732446648036
DB14090	0.052745903053720844	0.0336090439658524	-0.01913685908786844
DB01969	0.05274548917895783	0.04129170568232221	-0.011453783496635617
DB17627	0.052735177330054395	0.04632048143949974	-0.006414695890554656
DB12464	0.052731430171622906	0.044330546109659974	-0.008400884061962932
DB14578	0.05273090805269127	0.006779688860414306	-0.04595121919227696
DB15945	0.052720163227112704	0.027856904265164073	-0.02486325896194863
DB00800	0.0527176799785346	0.05204086102760397	-0.0006768189509306261
DB12519	0.05271590350070557	0.02303621200422737	-0.0296796914964782
DB06635	0.05271279307267884	0.04918080813058878	-0.0035319849420900606
DB01084	0.052710835126684424	0.050567575115404106	-0.002143260011280316
DB12686	0.05269965414077883	0.04747726140215425	-0.005222392738624588
DB01550	0.05266484090590451	0.03140308511162593	-0.02126175579427858
DB01397	0.05265664936924858	0.023763956652922302	-0.02889269271632628
DB12170	0.05265518807296976	0.045260350784967596	-0.007394837288002165
DB04600	0.0526536121652183	0.05039754899544954	-0.0022560631697687537
DB07802	0.05263628354725569	0.007671436159435774	-0.04496484738781992
DB09406	0.052623103227879386	0.03595217365115355	-0.016670929576725835
DB04404	0.05262277212806889	0.013756509454109375	-0.03886626267395951
DB04099	0.05260964593077694	0.022409223574764936	-0.030200422356012002
DB09149	0.05260900601672014	0.03507959193731203	-0.017529414079408112
DB08546	0.05260598154729823	0.02032099617235883	-0.0322849853749394
DB14938	0.052583313944892525	0.027716447905201558	-0.024866866039690967
DB14678	0.05258269950005197	0.04942421106237571	-0.003158488437676255
DB16933	0.052575857831854034	0.017721321439718773	-0.03485453639213526
DB09132	0.052571594921794834	0.026435365432950553	-0.02613622948884428
DB07536	0.052536370995809434	0.023347242072292662	-0.02918912892351677
DB06261	0.05252172619650236	0.0010697134471221448	-0.051452012749380216
DB03416	0.052516715128217734	0.05071186459240273	-0.0018048505358150028
DB04261	0.052516501823532125	0.046033271455872604	-0.00648323036765952
DB12486	0.0525137033934038	0.0032751247132007067	-0.04923857868020309
DB04424	0.05250422884498246	0.04037723347515865	-0.012126995369823812
DB00654	0.05246743219489752	0.040679502132855816	-0.011787930062041707
DB08058	0.05246407344201299	0.022618128453227755	-0.029845944988785233
DB12161	0.05246012889715623	0.0062003405998281025	-0.04625978829732813
DB01566	0.05245073075638349	0.04714898230742692	-0.005301748448956571
DB03218	0.05244889060551414	0.019465115897031593	-0.032983774708482544
DB04464	0.05244741339097528	0.0015285923151479308	-0.05091882107582735
DB11699	0.052442571056247944	0.01558381110399254	-0.036858759952255404
DB01165	0.05244255195433578	0.014135714246600872	-0.03830683770773491
DB12674	0.052438998998677766	0.04631254141135366	-0.006126457587324108
DB06689	0.0524257231697407	0.03686774103461299	-0.015557982135127713
DB17312	0.05242555125253151	0.0373430475470789	-0.01508250370545261
DB03069	0.05242388301887124	0.005122960918633845	-0.0473009221002374
DB04186	0.052416197682887036	0.04354311435283287	-0.008873083330054168
DB12361	0.05240988768457697	0.029401650430678078	-0.02300823725389889
DB08167	0.05240640476926346	0.04381992016164793	-0.008586484607615533
DB02508	0.05239237123114499	0.04453123716590279	-0.007861134065242198
DB16148	0.052392036947682574	0.009530771715977049	-0.042861265231705525
DB00480	0.05238710547069847	0.01914066991934027	-0.0332464355513582
DB01496	0.05237749084158817	0.03112819586132877	-0.021249294980259403
DB12049	0.05236967179221909	0.035356397746127186	-0.017013274046091903
DB08684	0.052366217529773905	0.02454974564530532	-0.027816471884468584
DB12055	0.05236523378129865	0.04288025889967639	-0.009484974881622255
DB17163	0.052353482921680766	0.02635432238704627	-0.025999160534634497
DB01842	0.052348328589055027	0.02524573018141596	-0.027102598407639067
DB12808	0.05234639292862489	0.0062548256205542385	-0.04609156730807065
DB02695	0.052332849672918014	0.036209540080714475	-0.01612330959220354
DB06040	0.05232815060253171	0.0432038834951457	-0.009124267107386008
DB11211	0.05231640929386977	0.034945706635125584	-0.017370702658744186
DB09178	0.05229064718169752	0.04680756109714762	-0.0054830860845499
DB01947	0.05228055182113173	0.015315219117397416	-0.03696533270373431
DB05969	0.052244162678505845	0.045579594675252855	-0.006664568003252991
DB18827	0.05221776701958092	0.032974663096391965	-0.019243103923188953
DB08422	0.05220934625997925	0.04884951730104753	-0.003359828958931721
DB08946	0.05220409641779293	0.02555402230874114	-0.02665007410905179
DB15927	0.05219800609147246	0.006562570159731496	-0.045635435931740964
DB07037	0.05218530968720361	0.012927187203960133	-0.03925812248324348
DB06297	0.05217831520370854	0.019921530618391303	-0.032256784585317236
DB09079	0.05216775184629533	0.0027111089207585187	-0.04945664292553681
DB19250	0.05215381381773737	0.0178823123552313	-0.03427150146250607
DB07430	0.05215106314238932	0.024218181021689933	-0.027932882120699387
DB15029	0.05214812463157187	0.04937985642238757	-0.002768268209184299
DB01729	0.05214016550151368	0.023671140461835827	-0.028469025039677857
DB13744	0.052127227139691146	0.03927356956286038	-0.012853657576830768
DB03645	0.05211708720799696	0.008970862834644766	-0.04314622437335219
DB13879	0.05211459122481077	0.03247142958837801	-0.01964316163643276
DB17135	0.05211129932861871	0.004912687069801061	-0.04719861225881765
DB18306	0.052094088505780956	0.01503923469080437	-0.037054853814976585
DB12643	0.05209052918281898	0.013625635886736931	-0.03846489329608205
DB08871	0.052087460142268505	0.04354229297061096	-0.008545167171657542
DB19128	0.052086078437290406	0.004842869580930831	-0.047243208856359575
DB01767	0.05205573504985663	0.04037011482923464	-0.011685620220621994
DB15875	0.05203931695637265	0.013229455861657358	-0.03880986109471529
DB03326	0.052009014956415175	0.010255778423931786	-0.04175323653248339
DB04523	0.05199933665426448	0.029570855168410737	-0.022428481485853746
DB05048	0.05199926343026795	0.047581576944348614	-0.0044176864859193365
DB03146	0.051991415728030566	0.01014242767729534	-0.041848988050735225
DB13742	0.05199044153051143	0.02923929054479546	-0.022751150985715972
DB13607	0.05198061678036761	0.018980774180123644	-0.03299984260024397
DB13520	0.05195110114245993	0.0033840947546531774	-0.048567006387806755
DB09199	0.05194040407166178	0.006211839950936101	-0.04572856412072568
DB04553	0.05191094255583841	0.006040718654685438	-0.04587022390115297
DB11700	0.05190333362750282	0.031217726523527167	-0.020685607103975653
DB03182	0.051891379014155414	0.01388163334592786	-0.038009745668227554
DB03801	0.051883222497671855	0.003158488437676299	-0.048724734059995556
DB16160	0.05187662597067966	0.04552456206637867	-0.006352063904300986
DB06077	0.05186919214320521	0.05051555424134396	-0.0013536379018612521
DB19192	0.05186161823504187	0.040516047070677186	-0.011345571164364687
DB07188	0.051848619383830924	0.0307911553562335	-0.021057464027597422
DB04367	0.051833551158804794	0.028035691795486775	-0.02379785936331802
DB14896	0.05180642644356652	0.03259545830390047	-0.01921096813966605
DB15009	0.051802838467736256	0.026006330118990895	-0.02579650834874536
DB02509	0.05179755997268176	0.013102141617246876	-0.038695418355434885
DB15266	0.05179198858164097	0.0032053072243304337	-0.048586681357310535
DB14119	0.051784936792409475	0.018968727240867622	-0.03281620955154185
DB14680	0.05176868424883066	0.006803508944852377	-0.04496517530397828
DB13796	0.05176643977415435	0.018138309814422438	-0.03362812995973191
DB07529	0.05175668824800705	0.02512005870144951	-0.026636629546557537
DB13984	0.05175474622027279	0.045663375661897154	-0.006091370558375634
DB02861	0.05173982762689189	0.01086442265043619	-0.0408754049764557
DB04053	0.05172082440796488	0.020263499416818598	-0.031457324991146285
DB07608	0.05172008898434746	0.029979903514968265	-0.021740185469379197
DB13465	0.05170753266076773	0.04448222802665658	-0.007225304634111154
DB00524	0.05170113670385296	0.021413160733549097	-0.03028797597030386
DB03915	0.05169147113631034	0.03692770193681927	-0.014763769199491072
DB13181	0.05166760966439593	0.027294257443091885	-0.024373352221304045
DB13815	0.05166071069046159	0.023677985313685923	-0.027982725376775663
DB08151	0.051643646315616826	0.024320032417218362	-0.027323613898398463
DB08576	0.051640943395049044	0.0015209260810759018	-0.05012001731397314
DB02453	0.05163396482981397	0.03821891478980821	-0.01341505004000576
DB15254	0.05162754977098716	0.03911066208882974	-0.012516887682157418
DB00295	0.05161781097944795	0.03295741406972985	-0.018660396909718102
DB07503	0.0516131723984502	0.002870730865901172	-0.04874244153254903
DB16351	0.051611685632955207	0.005967068048779112	-0.045644617584176095
DB01203	0.05160985821669384	0.019152716858596316	-0.03245714135809752
DB19091	0.051600937623724585	0.03048313702298222	-0.021117800600742365
DB07987	0.05156347559036682	0.03016006001566096	-0.02140341557470586
DB04930	0.05156190923357141	0.013672180879317049	-0.03788972835425436
DB01825	0.05155495932120474	0.04325015469365184	-0.008304804627552898
DB03040	0.05154748410625402	0.05008104304590433	-0.0014664410603496898
DB13846	0.051523714960248324	0.039536411873901445	-0.011987303086346879
DB17938	0.05150510014686824	0.016056379675718296	-0.03544872047114994
DB12395	0.051501887841976755	0.02804801252881682	-0.023453875313159935
DB11620	0.05149974524416501	0.014872494099737676	-0.03662725114442733
DB08180	0.051497936929815906	0.008101840443765433	-0.04339609648605047
DB12721	0.051496259145199674	0.0032597922450566807	-0.048236466900142994
DB02681	0.05149173835932655	0.036065250603715904	-0.015426487755610646
DB15622	0.05148686418807902	0.012568790761092852	-0.038918073426986166
DB09300	0.051482747726012884	0.025644921941309518	-0.025837825784703367
DB07632	0.05145991457370201	0.035746828095652716	-0.015713086478049292
DB02500	0.051456377536304054	0.0031546553206401873	-0.04830172221566387
DB17576	0.05145384653294565	0.05111543705748034	-0.00033840947546531303
DB11948	0.05145055782040552	0.028662680224949215	-0.022787877595456307
DB00618	0.051450376352240264	0.03468861399963857	-0.01676176235260169
DB02906	0.05144667376493721	0.010443053570548519	-0.04100362019438869
DB06477	0.05143541318773087	0.016110317108296468	-0.035325096079434404
DB18850	0.051434152461529783	0.002318214424566995	-0.04911593803696279
DB08915	0.051426317493900586	0.04274801636193393	-0.00867830113196666
DB12870	0.051422869598759254	0.03871283929930622	-0.012710030299453036
DB13629	0.05139173984927574	0.031730542824131125	-0.01966119702514461
DB02076	0.05137717464126934	0.010988725160032686	-0.040388449481236655
DB00177	0.05137094423425975	0.015275245182593267	-0.036095699051666486
DB07932	0.051370180157774205	0.01039705616611634	-0.04097312399165787
DB07463	0.05136872204514753	0.000902425267907514	-0.050466296777240016
DB15926	0.05136398795458891	0.0333158105125973	-0.01804817744199161
DB06905	0.05136329391844785	0.008620406419923454	-0.042742887498524396
DB08810	0.05135853435867299	0.002695776452614429	-0.04866275790605856
DB15199	0.05134023154319123	0.030420164385961956	-0.020920067157229272
DB15671	0.05132760517926696	0.005856455242882724	-0.045471149936384236
DB01715	0.051312193119822325	0.02311533849161368	-0.028196854628208645
DB07024	0.05128411012532508	0.029662302389127093	-0.021621807736197984
DB00692	0.0512790290166959	0.02464338321861359	-0.026635645798082308
DB01547	0.05127219689945406	0.027660593914105358	-0.0236116029853487
DB18758	0.051265883717491856	0.02688466150838631	-0.024381222209105546
DB03332	0.05125572468388562	0.0161716469808727	-0.03508407770301292
DB01487	0.05125132806044152	0.04554427523970672	-0.005707052820734797
DB14057	0.05124845958996851	0.048576270815194444	-0.002672188774774065
DB09072	0.051248319509279494	0.020613408243391973	-0.03063491126588752
DB00422	0.05121724706553242	0.04775543618133929	-0.0034618108841931294
DB02123	0.051200201792599875	0.009744057299623798	-0.04145614449297608
DB04832	0.051191975235771736	0.004850535815002832	-0.046341439420768904
DB15583	0.0511894824362375	0.009965830499564676	-0.04122365193667282
DB15887	0.05118820260812407	0.035391169593525285	-0.015797033014598783
DB06964	0.05118529911747899	0.02173842809346238	-0.029446871024016608
DB16935	0.05117715851925542	0.036968223459771465	-0.014208935059483951
DB11464	0.051176219341908566	0.050386597232489505	-0.0007896221094190638
DB04852	0.051135812430429306	0.031990099606284184	-0.019145712824145122
DB00932	0.05113450713309975	0.007176690267715835	-0.043957816865383914
DB04628	0.05112646841174094	0.015211451163351028	-0.03591501724838991
DB07357	0.05112516629806352	0.04355817302690301	-0.007566993271160505
DB03533	0.05111186818356228	0.010413210016482433	-0.04069865816707985
DB01240	0.05111042598919574	0.009697238512969664	-0.04141318747622608
DB14195	0.05110619809930879	0.016088687376450417	-0.03501751072285837
DB07477	0.051105602756380465	0.01848876622914375	-0.032616836527236716
DB13583	0.051094081119708236	0.04579233267075167	-0.005301748448956571
DB16683	0.05108689561709168	0.038728719355598296	-0.012358176261493381
DB09054	0.051061572848898645	0.03468642364704658	-0.01637514920185207
DB02197	0.05104892419941026	0.03850941030232341	-0.012539513897086851
DB06397	0.051044145537723316	0.015795453923195278	-0.03524869161452804
DB07729	0.051039459201945	0.02206314786522756	-0.028976311336717436
DB06957	0.051035384127355254	0.03877033605484642	-0.012265048072508833
DB00366	0.05102616108744384	0.015624332626944619	-0.03540182846049922
DB12491	0.05102571855981264	0.028960568177462398	-0.02206515038235024
DB11379	0.05099438505659956	0.03318165141633675	-0.017812733640262812
DB17834	0.05099298106605732	0.010714383497883562	-0.04027859756817376
DB08787	0.05098185420223593	0.009428646526374583	-0.04155320767586135
DB12436	0.05098061576159896	0.021931179121559063	-0.029049436640039894
DB12000	0.05097883610011799	0.02727344909346785	-0.02370538700665014
DB06311	0.05096960987655455	0.01831080008104305	-0.0326588097955115
DB16837	0.05095729232687647	0.026985965315766705	-0.023971327011109766
DB11283	0.050950466576938636	0.02512772493552151	-0.025822741641417124
DB00328	0.0509504092712022	0.01861197356244426	-0.03233843570875794
DB06401	0.05095040290389807	0.04125392210011003	-0.009696480803788043
DB02325	0.050946506113821594	0.04090702500835064	-0.010039481105470953
DB00943	0.050942275040282814	0.025187412043653823	-0.02575486299662899
DB07907	0.050936503079164676	0.039552565724267574	-0.011383937354897102
DB06444	0.0509034153836867	0.0491854626298468	-0.0017179527538398985
DB01539	0.05088343159993658	0.007570953734277297	-0.04331247786565928
DB16943	0.05088168059132386	0.0496454366741686	-0.0012362439171552664
DB13013	0.05088097700422678	0.015610642923244655	-0.035270334080982124
DB16347	0.050845663935984775	0.03895706361331519	-0.011888600322669585
DB18299	0.05083208247645339	0.036714963941320455	-0.014117118535132938
DB08401	0.050829506901966526	0.025487490348758857	-0.02534201655320767
DB12471	0.05082347706503454	0.01518489313817295	-0.03563858392686159
DB00146	0.050804378336546885	0.0002256063169768785	-0.050578772019570006
DB04490	0.05079244919241577	0.0072117359091879996	-0.04358071328322777
DB06749	0.05079215629642958	0.010472897124614633	-0.04031925917181495
DB15347	0.05078811942566408	0.010674135769005444	-0.040113983656658636
DB14013	0.050774334212403335	0.03156434982121248	-0.01920998439119086
DB01520	0.0507684317215521	0.043972697254940574	-0.006795734466611525
DB07780	0.050737359277805094	0.03795059659728728	-0.012786762680517816
DB07175	0.050730562180735406	0.024206407876507907	-0.0265241543042275
DB15496	0.05073050169134699	0.045523193096008635	-0.005207308595338356
DB05943	0.05071997335410606	0.045956335321078345	-0.004763638033027716
DB16320	0.05071651590800874	0.041803426806630184	-0.008913089101378557
DB13236	0.05071559901622605	0.019559301058487882	-0.031156297957738166
DB08949	0.05069757954577436	0.003267458479128682	-0.04743012106664568
DB12266	0.05069545923352682	0.0015247591981119159	-0.049170700035414905
DB03732	0.050693151085809955	0.02830893828133984	-0.022384212804470116
DB15426	0.05068427824762118	0.025140593256999577	-0.025543684990621603
DB19172	0.050677280580474104	0.04014231815966579	-0.010534962420808314
DB01188	0.0506678728887453	0.04727328481702342	-0.0033945880717218824
DB03024	0.05066504580574849	0.05043943948877161	-0.00022560631697687535
DB01424	0.05065615386564759	0.01595836139722595	-0.03469779246842164
DB12453	0.05063704558620394	0.016645584522968604	-0.033991461063235334
DB11781	0.05063610959250901	0.04774749615319318	-0.0028886134393158354
DB03322	0.05062492542295134	0.03777454700770455	-0.012850378415246791
DB12830	0.05062251539836976	0.0208231345040768	-0.02979938089429296
DB01174	0.05062151254798236	0.020531270021191594	-0.030090242526790767
DB04374	0.05060070419835835	0.04789342839463584	-0.0027072758037225042
DB11904	0.05059202237929089	0.028862002310821977	-0.021730020068468914
DB14916	0.050590000760256104	0.023165716601229902	-0.027424284159026202
DB08525	0.0505459804037304	0.0011280315848843925	-0.04941794881884601
DB13806	0.05054198492044126	0.04545666113602642	-0.005085323784414841
DB14729	0.05053243396437136	0.003951943664131333	-0.04658049030024003
DB00512	0.05052144399758718	0.015427200893663895	-0.035094243103923284
DB06406	0.050514978000327795	0.024865704006702474	-0.02564927399362532
DB15269	0.05051403563932899	0.045107026103527015	-0.0054070095358019765
DB07425	0.0504902251058469	0.0218506836638028	-0.0286395414420441
DB03060	0.05048232328152515	0.03173273317672315	-0.018749590104802004
DB01946	0.05047052148347486	0.031113958569480737	-0.019356562913994124
DB00695	0.0504635110817197	0.0446144705643991	-0.005849040517320603
DB09087	0.05046339647024681	0.006145855579101855	-0.04431754089114495
DB04836	0.05044967811367855	0.02430689030166633	-0.026142787812012222
DB03983	0.050449420237864646	0.003220639692474496	-0.04722878054539015
DB01351	0.05044539291805522	0.02539522174582054	-0.02505017117223468
DB11751	0.05044466386174186	0.035989135851143605	-0.014455528010598252
DB01552	0.05044263587540307	0.043402931786944404	-0.007039704088458665
DB07483	0.05043824243561092	0.01186349722646603	-0.03857474520914489
DB03739	0.050425896233064704	0.01744999151238369	-0.032975904720681015
DB04378	0.05041808355099969	0.019707423652522482	-0.03071065989847721
DB07115	0.05039951649239992	0.016866810134761434	-0.033532706357638484
DB02067	0.050392267316742956	0.013859456025933747	-0.03653281129080921
DB11135	0.05037683297173423	0.012945531406918231	-0.037431301564816
DB02514	0.05035580813377244	0.04527212393014962	-0.005083684203622818
DB09534	0.050353719658045276	0.0028239120792469563	-0.04752980757879832
DB06288	0.050350131682215055	0.028073475377698998	-0.022276656304516057
DB13664	0.050345155634102634	0.007570132352055392	-0.04277502328204724
DB03808	0.05033372950699111	0.04380623045794796	-0.006527499049043151
DB12439	0.050333162816930954	0.0011280315848843925	-0.04920513123204656
DB13635	0.05033106160659562	0.027793384039995872	-0.022537677566599745
DB05434	0.050322465746132805	0.04665177226904099	-0.003670693477091813
DB04911	0.0502747937407364	0.000902425267907514	-0.04937236847282889
DB07979	0.05027366354426807	0.015998882920178037	-0.034274780624090034
DB01980	0.05026921598239162	0.0314704384538301	-0.018798777528561517
DB11284	0.050236589916457075	0.01711705791839835	-0.03311953199805873
DB13333	0.05023533555755995	0.004484473138063397	-0.04575086241949655
DB06769	0.050221871893153636	0.03862577278377388	-0.011596099109379754
DB16865	0.05022172544516053	0.019599274993292046	-0.030622450451868483
DB02704	0.05022013043549683	0.04976891780154308	-0.0004512126339537507
DB08794	0.050215068428779874	0.02913661776704507	-0.021078450661734804
DB04557	0.05020626881458752	0.016756197328865005	-0.033450071485722516
DB12106	0.05020149333655268	0.03611946183036818	-0.014082031506184499
DB07510	0.05019628488184247	0.02956839102174469	-0.02062789386009778
DB04661	0.05018983161919141	0.030412224357816015	-0.019777607261375396
DB17094	0.0501854222611392	0.015897852906871734	-0.034287569354267466
DB07338	0.05018381770051941	0.03802534237948954	-0.012158475321029871
DB16463	0.05017814124896197	0.023674973578871827	-0.026503167670090144
DB04429	0.05017086023678463	0.03830488612904459	-0.01186597410774004
DB07543	0.05016905192243553	0.0038974586434051225	-0.04627159327903041
DB07043	0.05016886408696617	0.022836068536132605	-0.027332795550833566
DB07664	0.05014776920865999	0.014912194240467858	-0.03523557496819213
DB04482	0.05014728847720448	0.021291322370618607	-0.028855966106585876
DB02435	0.05014380556189102	0.03903728527699746	-0.011106520284893558
DB15967	0.050143760990762676	0.020204359896834334	-0.02993940109392834
DB11168	0.05013392668966293	0.04547391016268848	-0.004660016526974453
DB08845	0.05012812607567649	0.010670302651969443	-0.039457823423707045
DB08198	0.05012173011876164	0.0352041682409826	-0.01491756187777904
DB13764	0.050116738152389206	0.0002256063169768785	-0.04989113183541233
DB12181	0.05011033901182247	0.0484182916344959	-0.001692047377326565
DB05766	0.05010462435644064	0.03094612280211806	-0.019158501554322582
DB00829	0.050094592668915416	0.00839808563183464	-0.04169650703708078
DB04098	0.05008062917114134	0.014926705326389927	-0.03515392384475141
DB12092	0.05007391484902421	0.04355461370394098	-0.006519301145083228
DB00993	0.05006485417536605	0.005686976711076097	-0.04437787746428995
DB19133	0.05006359663281691	0.016826014817735283	-0.03323758181508163
DB19130	0.05005905992868365	0.03225157294695513	-0.017807486981728515
DB15907	0.05005429081795276	0.03909697238512966	-0.010957318432823104
DB01643	0.050042937914837715	0.034705315438152584	-0.015337622476685131
DB05107	0.05004245081607828	0.025260515061412026	-0.02478193575466625
DB04768	0.05003849990391737	0.016876666721425487	-0.033161833182491884
DB01683	0.05003586702369411	0.049697457548228796	-0.00033840947546531303
DB08185	0.05003529396632991	0.023908246129920707	-0.026127047836409206
DB06800	0.050025978600509835	0.03306090822970226	-0.016965070370807578
DB06274	0.050020604595894594	0.03519485924246657	-0.014825745353428024
DB01172	0.05001792396089104	0.01911904018749422	-0.03089888377339682
DB04581	0.050014418760013446	0.01866399443650446	-0.031350424323508985
DB01480	0.05001211697960056	0.022947228930177033	-0.02706488804942353
DB04774	0.049999264576382554	0.010731632524545637	-0.03926763205183692
DB12192	0.04999028667767691	0.03190275929667774	-0.01808752738099917
DB11742	0.04998576270815189	0.04400719530826469	-0.005978567399887197
DB00626	0.0499843523503057	0.026781988730635975	-0.023202363619669722
DB00831	0.049973738054460065	0.03890230479851495	-0.01107143325594512
DB07077	0.049965145377649275	0.026797868786927997	-0.02316727659072128
DB11724	0.04995702388133795	0.013216313746105282	-0.03674071013523267
DB15208	0.04995119779813528	0.018134476697386326	-0.03181672110074896
DB12466	0.0499502267842683	0.03692277364348728	-0.01302745314078102
DB02562	0.04994342331989443	0.002532321390435799	-0.04741110192945863
DB00622	0.04994333099398577	0.022789249749478414	-0.027154081244507355
DB08981	0.04993931640878452	0.039189240988068086	-0.010750075420716432
DB02950	0.04992062518775588	0.028670346459021237	-0.02125027872873464
DB03789	0.04991585607702506	0.003902660730811164	-0.0460131953462139
DB07282	0.04990661393520157	0.033989891522787974	-0.015916722412413598
DB17705	0.049906352875735666	0.0142838368406355	-0.035622516035100166
DB18023	0.049899278800939875	0.0015247591981119159	-0.04837451960282796
DB16126	0.04986590776043196	0.022855781709460676	-0.027010126050971285
DB01684	0.04985436383819554	0.03979815900864636	-0.01005620482954918
DB12345	0.049852918460176976	0.008849298265788286	-0.04100362019438869
DB01977	0.04985044157890293	0.008868463850968409	-0.04098197772793452
DB01415	0.049832180150897465	0.016930056565855667	-0.0329021235850418
DB13514	0.04982849984915849	0.0019176536943034117	-0.04791084615485508
DB01179	0.04982330094540455	0.010007720992886826	-0.03981557995251772
DB13754	0.049803871117106546	0.02725209315569571	-0.022551777961410835
DB06916	0.04979485183092458	0.02197772411413923	-0.02781712771678535
DB09335	0.049784590920453675	0.027709603053351517	-0.022074987867102158
DB04215	0.049776125589723795	0.032111937969214605	-0.01766418762050919
DB01071	0.04977483621065431	0.04377036343425378	-0.006004472776400529
DB08738	0.04976230217263883	0.014995975227112268	-0.03476632694552656
DB19124	0.049753910065905405	0.0034462460094513716	-0.046307664056454034
DB14513	0.04975276395117703	0.047496700781408274	-0.0022560631697687537
DB12692	0.04975193938530298	0.035875511310433206	-0.013876428074869773
DB03045	0.04974972037984279	0.04392396190976841	-0.0058257584700743825
DB03717	0.04974798528949009	0.010315739326138051	-0.03943224596335204
DB02766	0.04973725001486767	0.006270979470920368	-0.043466270543947305
DB16167	0.04971980360178019	0.013568686719344747	-0.03615111688243544
DB08516	0.04971916687137548	0.02485885915485245	-0.024860307716523034
DB09418	0.04971183173711388	0.02885734781156396	-0.02085448392554992
DB12667	0.04970265008467878	0.02513484358144552	-0.024567806503233258
DB06634	0.049694506302803254	0.02702402269205284	-0.022670483610750414
DB13549	0.04968631158249537	0.038898197887404895	-0.010788113695090473
DB11274	0.04968551885314154	0.019171608649702354	-0.030513910203439187
DB00232	0.0496842740452005	0.026369107267042335	-0.02331516677815816
DB14965	0.049668963862620596	0.042016712390277045	-0.007652251472343552
DB11804	0.04966126260837633	0.015002820078962253	-0.03465844252941408
DB16966	0.04965001794943011	0.03424287724716488	-0.015407140702265232
DB06174	0.0496466337273293	0.016450369348205762	-0.03319626437912354
DB06195	0.049642380368226324	0.04121559092974991	-0.008426789438476412
DB08366	0.04963968699861453	0.04873726173070703	-0.0009024252679075014
DB05861	0.04963896430960535	0.0014664410603496547	-0.048172523249255694
DB18759	0.04963808880529896	0.039001144459229364	-0.010636944346069595
DB18815	0.04963277847372413	0.01209293666047892	-0.03753984181324521
DB03822	0.049628942173036095	0.011467043407312527	-0.03816189876572357
DB06900	0.04961121241491857	0.04600151134328856	-0.0036097010716300056
DB06228	0.04961091633528025	0.004675581401716089	-0.044935334933564164
DB13078	0.049609563283170496	0.00851773364217305	-0.041091829640997446
DB02916	0.04960174741745327	0.03615423367776627	-0.013447513739687
DB00553	0.04959349539140892	0.019995455018371522	-0.0295980403730374
DB12065	0.0495923206238124	0.04485458796729802	-0.0047377326565143825
DB06134	0.04958393806803518	0.011059364031124952	-0.03852457403691023
DB16001	0.04957962740319559	0.021920227358598998	-0.02765940004459659
DB13652	0.049576380078131935	0.03868792403857213	-0.010888456039559805
DB08512	0.049574215194756105	0.032804910770511286	-0.01676930442424482
DB02015	0.049566778183629756	0.0337333464754489	-0.015833431708180856
DB02058	0.049565186357618196	0.028484440282774526	-0.02108074607484367
DB13681	0.04956220327567229	0.04561409272857697	-0.003948110547095319
DB03896	0.04955657776254713	0.0039352422256172526	-0.045621335536929875
DB00106	0.049554581612728604	0.03293906986677181	-0.016615511745956792
DB15555	0.04954827479807053	0.01321549236388328	-0.03633278243418725
DB16138	0.04954265565224934	0.04567980330633724	-0.0038628523459121045
DB11197	0.04954248691869223	0.028390255121318153	-0.021152231797374077
DB02446	0.04953378918136464	0.041584117753355354	-0.007949671428009286
DB08222	0.04953291049340622	0.024379445731276594	-0.025153464762129624
DB01836	0.04953131230009056	0.02389318745585073	-0.02563812484423983
DB00424	0.04951661974600324	0.040056894408577515	-0.009459725337425728
DB12408	0.04951293944426424	0.01015447461655139	-0.03935846482771285
DB15993	0.049509660282680314	0.029866826562405913	-0.0196428337202744
DB12232	0.049508157598925295	0.012424775078168193	-0.0370833825207571
DB02540	0.04950742535895991	0.003586702369413941	-0.04592072298954597
DB07679	0.04949877856006468	0.018019483186305862	-0.03147929537375882
DB15439	0.04949752420116754	0.024366029821650537	-0.025131494379517005
DB14671	0.04948183516399693	0.021967046145253244	-0.027514789018743685
DB15201	0.049472274656971044	0.03085221143473571	-0.018620063222235337
DB13580	0.049462433988567145	0.020585481247843873	-0.028876952740723272
DB04227	0.04946067979630231	0.00995104561956861	-0.0395096341767337
DB13053	0.04943564355679131	0.019536576150345764	-0.029899067406445545
DB03021	0.04942359025023116	0.02716365766979334	-0.02225993258043782
DB02224	0.0494180124918866	0.015909899846127784	-0.033508112645758814
DB09184	0.04940669779259578	0.0028239120792469563	-0.046582785713348826
DB12078	0.04940362556839328	0.023940280036578887	-0.025463345531814396
DB00900	0.04940158166379441	0.012225726786369462	-0.037175854877424946
DB02836	0.04939956959571573	0.04928676643722729	-0.00011280315848843768
DB16889	0.04939823246186584	0.019380787322239135	-0.030017445139626703
DB12130	0.049393383759834486	0.01245133310334634	-0.036942050656488146
DB13058	0.049384555492773846	0.040778067999496126	-0.008606487493277717
DB00996	0.049339312613871256	0.041685421560735736	-0.00765389105313552
DB14715	0.049333101308773886	0.005795672958454512	-0.043537428350319374
DB13595	0.04933198066326172	0.0359844813518857	-0.013347499311376021
DB03576	0.049325909438853316	0.019569157645151936	-0.02975675179370138
DB18745	0.049319854132705045	0.03570575898455253	-0.01361409514815252
DB07676	0.04931657815477314	0.03127987777832536	-0.01803670037644778
DB16767	0.04930562002450901	0.04437900766075817	-0.004926612363750839
DB00367	0.04929974937017806	0.020706772022626274	-0.028592977347551785
DB00589	0.04929894390621627	0.037578236656645836	-0.01172070724957043
DB00508	0.04928243985412756	0.008137159879311571	-0.041145279974815985
DB04264	0.04927827563728118	0.020427228273071252	-0.02885104736420993
DB03192	0.04927607573373308	0.033166866536340656	-0.01610920919739242
DB00820	0.04926760085204722	0.04825237242565128	-0.0010152284263959391
DB02852	0.049261669708327904	0.013832624206681743	-0.03542904550164616
DB01324	0.049231135301772644	0.014546131563528436	-0.03468500373824421
DB14152	0.04922027268106921	0.011253484029591698	-0.03796678865147751
DB01578	0.04921789130935585	0.009883692277364348	-0.03933419903199151
DB07783	0.04918493732726299	0.04115918935050569	-0.008025747976757302
DB12146	0.049173861401874054	0.03143949972346799	-0.017734361678406065
DB16075	0.04917238418733525	0.040773139706164196	-0.008399244481171055
DB08887	0.04917192255779189	0.04510346678056501	-0.004068455777226879
DB17097	0.049168866251849574	0.046825905300105664	-0.002342960951743911
DB04817	0.04915937260151615	0.024076081897283413	-0.025083290704232736
DB12339	0.04915830607808834	0.006125868611699767	-0.04303243746638857
DB01198	0.04914483604637792	0.035018535858809874	-0.014126300187568044
DB05772	0.04914121305037533	0.04623423630618928	-0.0029069767441860517
DB16005	0.049127914935874206	0.040585043177325475	-0.008542871758548731
DB16868	0.04912005768268082	0.032526188403178224	-0.0165938692795026
DB07471	0.04911998445868429	0.04678620515937554	-0.0023337792993087525
DB08568	0.049115931669658636	0.026787464612115897	-0.02232846705754274
DB03059	0.04911263658981457	0.01634495862971541	-0.03276767796009916
DB12708	0.04910951661083178	0.046714744906061256	-0.0023947717047705245
DB16004	0.049106485774105646	0.03996188786489907	-0.009144597909206572
DB04861	0.04910088254654465	0.03723982718118046	-0.011861055365364184
DB00421	0.04909845660370297	0.0024855026037816433	-0.046612953999921325
DB19371	0.049062675538613404	0.020429692419737244	-0.02863298311887616
DB05003	0.049049320118375705	0.0410904670379314	-0.007958853080444306
DB06573	0.04901638842184721	0.033347570625181455	-0.015668817796665756
DB11080	0.04900671011969651	0.01470438453830114	-0.03430232558139537
DB15220	0.04899358392240446	0.024710736560817882	-0.024282847361586576
DB00411	0.04899296947756393	0.0028200789622109257	-0.046172890515353004
DB08023	0.04898736625000303	0.006950810156664969	-0.04203655609333806
DB15207	0.048978920021185424	0.005356233469682836	-0.04362268655150259
DB01937	0.048968216583083035	0.04704138123634449	-0.0019268353467385424
DB04351	0.04895684776170803	0.0007351370886928522	-0.04822171067301517
DB02121	0.04895263579008119	0.0011280315848843925	-0.0478246042051968
DB02759	0.04894640538307171	0.003158488437676299	-0.04578791694539541
DB18917	0.04894637991385547	0.02869526171975534	-0.02025111819410013
DB12914	0.048922983255136464	0.012984683959500365	-0.0359382992956361
DB07049	0.04891330176933362	0.029590842135812756	-0.01932245963352086
DB07013	0.04890465497043853	0.019968349405045466	-0.02893630556539306
DB02927	0.04888915376873715	0.029031207048554553	-0.019857946720182595
DB13574	0.04886953292131779	0.02953854746767859	-0.019330985453639205
DB19310	0.04885638762211375	0.02038670675011911	-0.02846968087199464
DB01356	0.04884785543469139	0.0014042898055514064	-0.04744356562913998
DB02690	0.04883959385769088	0.03724283891599445	-0.01159675494169643
DB06533	0.048833388919897656	0.0200534993620598	-0.028779889557837855
DB01994	0.04883132909703861	0.0008011214605271096	-0.0480302076365115
DB15036	0.048830510898468626	0.021360318477266882	-0.027470192421201745
DB01796	0.04882997286127666	0.003598201720521943	-0.04523177114075472
DB02872	0.04882386343304407	0.03865780669043206	-0.010166056742612006
DB11467	0.04879366649360334	0.028603540704964972	-0.020190125788638366
DB08555	0.04878247595674157	0.030133228196408957	-0.01864924776033261
DB15047	0.048746975053030106	0.029835066449821757	-0.01891190860320835
DB13454	0.048702938778244165	0.03477732327961491	-0.013925615498629251
DB16231	0.04869630404742775	0.023288376346382367	-0.025407927701045385
DB16561	0.04867018218257682	0.0465269221712965	-0.002143260011280316
DB11662	0.048666664247091096	0.0053715659378268405	-0.04329509830926426
DB02966	0.04866545127567026	0.03633055706142296	-0.0123348942142473
DB04771	0.048658393119134655	0.03333716645036933	-0.015321226668765328
DB04669	0.048653706783356454	0.025448064002102755	-0.0232056427812537
DB03635	0.048648727551592164	0.005225086108236354	-0.04342364144335581
DB02467	0.04864526692184279	0.04841966060486591	-0.00022560631697687535
DB14082	0.04864129054046567	0.030829212732519595	-0.017812077807946074
DB04841	0.04863849211033722	0.0028200789622109257	-0.04581841314812629
DB09021	0.04863663604120765	0.01943143922592938	-0.02920519681527827
DB08520	0.048630236900640916	0.004990170792743359	-0.04364006610789756
DB14015	0.048618250450773226	0.02376286147662615	-0.024855388974147075
DB02180	0.04860860716879481	0.02941862566326614	-0.01918998150552867
DB12988	0.048606388163334624	0.048493585004846185	-0.00011280315848843768
DB06230	0.048601692276600286	0.041304574003800276	-0.007297118272800012
DB16619	0.048590476270522376	0.0032836123294948116	-0.045306863941027564
DB08273	0.04858739131171175	0.014635936019800788	-0.03395145529191096
DB08373	0.04857557677905334	0.005663156626637973	-0.042912420152415365
DB14894	0.04857216390408451	0.04710572284373482	-0.0014664410603496898
DB03992	0.04857099232013995	0.004905020835729079	-0.04366597148441087
DB08213	0.04856791054498133	0.003625033539774062	-0.04494287700520727
DB11207	0.04856741071161362	0.02801460965178859	-0.02055280105982503
DB16687	0.04855666270238318	0.046890520701569904	-0.0016661420008132755
DB00246	0.04852324709074696	0.007313039716568381	-0.041210207374178576
DB03391	0.04851658370706223	0.039379527869498776	-0.009137055837563452
DB07759	0.04850621773607444	0.04452138057923871	-0.00398483715683573
DB12377	0.0484964152714949	0.03715084410713021	-0.011345571164364687
DB04201	0.04848668921456378	0.021726107360132307	-0.026760581854431476
DB19209	0.04846309835307133	0.013106522322430869	-0.03535657603064046
DB02175	0.04845196830559799	0.039314912468034535	-0.009137055837563452
DB11660	0.04845090814947428	0.02190379971415901	-0.02654710843531527
DB00764	0.048446530627942304	0.006165021164281921	-0.04228150946366038
DB05057	0.048446358710733065	0.023053187236815445	-0.02539317147391762
DB06234	0.04843806211356033	0.0023028819564229197	-0.04613518015713741
DB06700	0.048433827856369405	0.019491947716283597	-0.028941880140085807
DB13810	0.04842222026109258	0.032678965496470785	-0.015743254764621795
DB02226	0.04841435345694307	0.043312305948450036	-0.005102047508493029
DB19111	0.048404350422285955	0.0363176887399449	-0.012086661682341059
DB00959	0.04839842882952272	0.005258762779338403	-0.04313966605018432
DB01523	0.04839366926974803	0.04149431329708303	-0.006899355972665
DB01042	0.04838990300940432	0.038281887426828476	-0.010108015582575847
DB14995	0.04838965468454659	0.0011825166056106395	-0.04720713807893595
DB07110	0.048381418576762425	0.017575662992350194	-0.03080575558441223
DB11377	0.04837391470894348	0.0025361545074717995	-0.04583776020147168
DB15759	0.04837199496677358	0.025234230830307958	-0.02313776413646562
DB00322	0.04835141265644305	0.03742819750409321	-0.010923215152349841
DB09314	0.04833885314921127	0.026266160695217908	-0.02207269245399336
DB02580	0.048333109840961314	0.04419939874821349	-0.0041337110927478216
DB09004	0.048331276057395886	0.024386838171274627	-0.02394443788612126
DB06967	0.04832629682563149	0.04787508419167774	-0.0004512126339537507
DB19356	0.04832547544340951	0.04640782174910607	-0.0019176536943034405
DB12306	0.04831253708158689	0.0038602226493409386	-0.044452314432245954
DB00257	0.048309579468857326	0.013586209540080711	-0.034723369928776615
DB13790	0.048301830459832676	0.013874240905929813	-0.03442758955390286
DB03841	0.0482856033854701	0.0016375623566003534	-0.04664804102886974
DB01330	0.0482824101824908	0.02037904051604711	-0.02790336966644369
DB08152	0.048278526127022436	0.03349049113181002	-0.014788034995212418
DB05631	0.04824990827898523	0.04452740404886679	-0.003722504230118443
DB01495	0.04824937024179332	0.009985817466966806	-0.038263552774826515
DB02503	0.048241264663742026	0.02968940800245319	-0.018551856661288835
DB13618	0.04821186682095917	0.0014349547418395676	-0.046776912079119604
DB02369	0.048203818548644306	0.035747923271948756	-0.01245589527669555
DB14625	0.04819579574554578	0.016041321001648234	-0.03215447474389754
DB13230	0.048189546236624026	0.043668238244651436	-0.00452130799197259
DB09268	0.048169848981556046	0.014891933478991759	-0.03327791550256429
DB17863	0.048166553901711984	0.023202952595294035	-0.02496360130641795
DB08328	0.048165796192530475	0.010572831961625062	-0.03759296423090541
DB15684	0.04815925060397064	0.04695842163192221	-0.0012008289720484289
DB04371	0.04815120551530783	0.009022609914630997	-0.03912859560067683
DB04324	0.04814005954957434	0.000902425267907514	-0.04723763428166683
DB18508	0.048137907400806645	0.04355954199727302	-0.004578365403533624
DB09008	0.04810295090159117	0.02354793312853537	-0.0245550177730558
DB02840	0.048094959935012754	0.010428542484626435	-0.03766641745038632
DB02762	0.048091668038820645	0.031628965222676664	-0.01646270281614398
DB12376	0.04808804504281821	0.006437446267912976	-0.041650598774905234
DB13338	0.04808740194510949	0.03264255088462864	-0.015444851060480855
DB07519	0.048078726493346144	0.0394463336235551	-0.008632392869791047
DB18022	0.04807846861753229	0.041230923397894026	-0.0068475452196382625
DB13240	0.048075702023923986	0.011828177790919894	-0.03624752423300409
DB01256	0.048059621397554375	0.0478340150805775	-0.00022560631697687535
DB04048	0.04805852622125846	0.04693049463637408	-0.0011280315848843769
DB13448	0.048057558391043365	0.02217841517038205	-0.025879143220661316
DB04856	0.04804991125888358	0.0052319309600863395	-0.04281798029879724
DB12666	0.04803427952744929	0.024830932159304375	-0.023203347368144916
DB07893	0.04802652733477264	0.01674168624294292	-0.03128484109182972
DB17149	0.048018892937220836	0.04232856384056427	-0.005690329096656566
DB13958	0.047996639209578085	0.03462454618632227	-0.013372093023255816
DB02731	0.04799486591540114	0.021695990011992183	-0.026298875903408958
DB04060	0.04799067941299068	0.01739249475684357	-0.03059818465614711
DB04453	0.04798431529259617	0.0322981179395353	-0.01568619735306087
DB19378	0.047977088402503254	0.028879251337484035	-0.01909783706501922
DB18813	0.04797547110727539	0.029341963322545794	-0.018633507784729594
DB06839	0.04797536286310673	0.020628466917462118	-0.027346895945644614
DB07806	0.04797369462944645	0.008064330655627283	-0.03990936397381917
DB03695	0.04797365005831819	0.038272578428312554	-0.00970107163000564
DB08187	0.04796357379966443	0.022751739961340278	-0.02521183383832415
DB03853	0.04795577066855541	0.036858432036096955	-0.011097338632458452
DB04823	0.047951752899702105	0.03836676358976887	-0.009584989309933234
DB12081	0.047950858293483556	0.028514283836840626	-0.01943657445664293
DB11923	0.04794847373811817	0.04036901965293871	-0.00757945408517946
DB07132	0.04793884637439978	0.028012693093270688	-0.019926153281129094
DB06409	0.04793694573414198	0.010985713425218702	-0.036951232308923276
DB13625	0.04793321767762265	0.015125206030040694	-0.03280801164758196
DB03590	0.04793247588670121	0.044184066280069434	-0.0037484096066317764
DB01568	0.04791167072072912	0.01325683526905741	-0.03465483545167171
DB13593	0.04790800633725033	0.01607554526089837	-0.03183246107635196
DB11812	0.047888083042888815	0.012224905404147432	-0.03566317763874138
DB13399	0.04788483571782501	0.044700441903635424	-0.003184393814189588
DB08903	0.04787482631586387	0.00546903662817122	-0.04240578968769265
DB00551	0.04786990757348791	0.026845235161730152	-0.02102467241175776
DB11681	0.047852311528755354	0.0394520832991091	-0.008400228229646256
DB00951	0.04784967546488006	0.017223290019110826	-0.030626385445769233
DB11125	0.04784716037978169	0.021396459295035017	-0.026450701084746675
DB00521	0.04784194555776755	0.02459957616677344	-0.02324236939099411
DB06543	0.047841407520575634	0.041524430645223126	-0.00631697687535251
DB05220	0.04782838001649641	0.0125518155285047	-0.03527656448799171
DB16063	0.04782185352984869	0.0144012944983819	-0.03342055903146679
DB04103	0.047818466124096015	0.031040307963574487	-0.016778158160521528
DB12910	0.047810322342220476	0.04511222819093308	-0.002698094151287399
DB08096	0.047806826692298895	0.012936222408402184	-0.03487060428389671
DB11475	0.04779324204911554	0.043264391985499806	-0.004528850063615733
DB00567	0.04779101349269922	0.006412257213104788	-0.041378756279594434
DB07268	0.047778170640437545	0.021556355034251684	-0.02622181560618586
DB00455	0.04777387907751007	0.005861931124362729	-0.041911947953147344
DB03033	0.04776678908445428	0.020139196907222157	-0.027627592177232124
DB07005	0.04776299417124247	0.03208401097366642	-0.015678983197576046
DB01136	0.047746136733779296	0.01729420268427706	-0.030451934049502236
DB01991	0.04773385420427355	0.018514229078025843	-0.029219625126247706
DB03792	0.04773042859469645	0.02997278486904431	-0.01775764372565214
DB16338	0.0477212119220891	0.04287067610708628	-0.00485053581500282
DB08513	0.04772072482332962	0.03114161177095487	-0.01657911305237475
DB07631	0.047712994916217055	0.04193019346289273	-0.005782801453324327
DB02962	0.04769548801374113	0.038762396026700396	-0.008933091987040731
DB07452	0.04768669795050489	0.005659323509601959	-0.04202737444090293
DB01563	0.04767534186373797	0.04339800349361245	-0.004277338370125526
DB16152	0.04766738910098378	0.024347959412766462	-0.02331942968821732
DB12481	0.047657955940038826	0.016998778878429932	-0.030659177061608894
DB09231	0.047647013728034794	0.04211965896210135	-0.005527354765933446
DB18482	0.04764676858682908	0.03669141765095635	-0.010955350935872729
DB05956	0.04763966904281719	0.021775937881600482	-0.025863731161216708
DB08407	0.047607988521533584	0.008869285233190416	-0.03873870328834317
DB13780	0.04760129330132873	0.000451212633953757	-0.04715008066737497
DB19153	0.047585091696182386	0.027003761930576853	-0.020581329765605533
DB12654	0.04757286010510889	0.01516490617077082	-0.03240795393433807
DB04660	0.04756409869474086	0.028354114303550004	-0.01920998439119086
DB03028	0.047557572208093146	0.005612504722947775	-0.04194506748514537
DB08241	0.047555356386284955	0.004243534352942464	-0.043311822033342495
DB00378	0.04755268530223755	0.03024822170748942	-0.017304463594748132
DB08661	0.04753921527052701	0.0028239120792469563	-0.04471530319128006
DB13049	0.047536617410476045	0.04454602204589886	-0.0029905953645771866
DB13405	0.04751388613502988	0.04260235791456529	-0.004911528220464589
DB01129	0.047513860665813756	0.035510817603863876	-0.01200304306194988
DB04252	0.04751285463177434	0.04683603568084371	-0.0006768189509306261
DB18067	0.04750224988688487	0.01516545375891884	-0.03233679612796603
DB12381	0.04748997372468314	0.03029175496525552	-0.01719821875942762
DB13738	0.047479913384289585	0.014130512159194808	-0.03334940122509478
DB06757	0.047478085968028244	0.03834266971125677	-0.009135416256771473
DB15997	0.04747289024792628	0.016795349881447166	-0.030677540366479114
DB04208	0.04746675216682539	0.02981535327649365	-0.017651398890331738
DB09063	0.04745453649401212	0.044747260690289614	-0.0027072758037225042
DB04702	0.04740453723898663	0.04562559207968497	-0.0017789451593016592
DB07260	0.0473876288630911	0.020741817664098466	-0.026645811198992633
DB07650	0.04737783594946754	0.0136018158022988	-0.03377602014716874
DB12085	0.04737091150631692	0.030474375612614263	-0.016896535893702658
DB12954	0.04736220103438127	0.020706224434478337	-0.02665597659990293
DB04751	0.04736127777529457	0.04479271050657378	-0.0025685672687207894
DB12485	0.04735740963808621	0.013326926552001739	-0.03403048308608447
DB02092	0.04733939016763458	0.004621096380989953	-0.04271829378664463
DB16882	0.047335967741709464	0.021975259967473182	-0.025360707774236282
DB19253	0.04731853724688223	0.039461666091699155	-0.007856871155183076
DB00382	0.04731629277220576	0.03850092268602939	-0.008815370086176366
DB11688	0.047315592368760595	0.03907014056587754	-0.008245451802883053
DB07500	0.04731558281780458	0.01709679715692236	-0.030218785660882222
DB03525	0.04730994457007138	0.019432808196299396	-0.027877136373771982
DB11451	0.04729190281405553	0.038042043818003635	-0.00924985899605189
DB01813	0.04728813337005988	0.0010152284263958977	-0.046272904943663984
DB17690	0.0472846504547465	0.005845229685848663	-0.04143942076889784
DB02987	0.047274946683379615	0.034509826469315885	-0.01276512021406373
DB11876	0.04726559948103929	0.03408599324276229	-0.013179606238276999
DB13350	0.04725589570967226	0.03074269380513528	-0.016513201904536978
DB03918	0.04722531991564083	0.0385696449986036	-0.008655674917037226
DB03506	0.04722057309047419	0.02354273104112936	-0.02367784204934483
DB06144	0.04721705197133638	0.031849917040395526	-0.015367134930940858
DB13105	0.04719872050298635	0.03756290418850172	-0.009635816314484624
DB02948	0.04718636474948412	0.04018338727076587	-0.007002977478718253
DB15580	0.04717567086233806	0.027671545677065423	-0.019504125185272635
DB00750	0.04716916984490646	0.0253604498984224	-0.021808719946484062
DB09190	0.04716654651563934	0.04126569524529211	-0.005900851270347229
DB02443	0.04716474138494209	0.003532217348687694	-0.043632524036254394
DB06796	0.04715779783987936	0.04182752068514228	-0.005330277154737079
DB11551	0.0471218289393205	0.0014119560396234781	-0.045709872899697024
DB01521	0.047111049093569723	0.03110054265985468	-0.016010506433715044
DB12427	0.04710066720432182	0.023572027007047414	-0.02352864019727441
DB14883	0.047083083894197325	0.002936715237735394	-0.04414636865646193
DB00731	0.04707912343108034	0.03253440222539827	-0.014544721205682065
DB02531	0.04706778007892154	0.013088451913546795	-0.033979328165374745
DB04326	0.047064402224124835	0.019721113356222564	-0.02734328886790227
DB18725	0.0470635299034704	0.030269303851187424	-0.01679422605228298
DB01419	0.04706058820900094	0.006021553069505359	-0.04103903513949558
DB12350	0.04705530334664233	0.03975818507384232	-0.007297118272800012
DB12962	0.047052651364506926	0.013319260317929738	-0.03373339104657719
DB08819	0.04702369604935523	0.020233929656826508	-0.026789766392528724
DB02795	0.04698567687689338	0.040661157929897745	-0.006324518946995632
DB04733	0.04698521843100206	0.034530634818939976	-0.012454583612062087
DB12605	0.046980608502872445	0.022140631588169923	-0.024839976914702522
DB03882	0.0469728212900235	0.028218312442845506	-0.018754508847177997
DB03640	0.046965244198208106	0.042469841582748774	-0.004495402615459332
DB11609	0.04696261131798496	0.04001144459229333	-0.0069511667256916265
DB11811	0.04695791861490252	0.03801302164615948	-0.008944896968743034
DB11744	0.04693197185091291	0.010129285561743306	-0.036802686289169606
DB07929	0.046924840470380785	0.037724168898088384	-0.009200671572292402
DB11288	0.04690139287322949	0.024299771655742375	-0.022601621217487114
DB04450	0.04688075962446662	0.0024855026037816433	-0.044395257020684975
DB07014	0.046873036084658204	0.029774831753541564	-0.01709820433111664
DB18098	0.04687135193273789	0.001804850535815028	-0.045066501396922864
DB03302	0.046869050152324954	0.0309047798969439	-0.015964270255381052
DB00748	0.046866445924970024	0.034101325710906294	-0.01276512021406373
DB00348	0.04686283566357563	0.010834031508222042	-0.03602880415535359
DB01005	0.04686249182915708	0.026984870139470707	-0.019877621689686376
DB12517	0.046847251686921665	0.02690437468171436	-0.019942877005207305
DB06191	0.04684288053269377	0.04402280157048283	-0.0028200789622109417
DB13178	0.0468389391714889	0.0015209260810759018	-0.045318013090413
DB04750	0.04682882470901101	0.014209364852507123	-0.032619459856503885
DB03310	0.0468284808745925	0.027906734786632276	-0.018921746087960226
DB00988	0.04681636707864388	0.01694648421029575	-0.02986988286834813
DB08258	0.046802626436511535	0.040820779875040375	-0.00598184656147116
DB08578	0.04679174153024396	0.030917648218421967	-0.01587409331182199
DB18953	0.04679005737832376	0.01030807309206605	-0.03648198428625771
DB16688	0.046784358641202006	0.013853706350379746	-0.03293065229082226
DB18956	0.046782664938325655	0.019494138068875635	-0.02728852686945002
DB07527	0.046779468551694285	0.024923200762242692	-0.021856267789451593
DB03955	0.046774728093831645	0.022054112660785566	-0.02472061543304608
DB12924	0.04677155717641647	0.00820697736818184	-0.038564579808234634
DB14000	0.04675147788310574	0.005121865742337861	-0.04162961214076788
DB01914	0.046749898791702216	0.01228787804116771	-0.034462020750534506
DB18018	0.046738876988397515	0.03666266927318618	-0.010076207715211338
DB01866	0.04673614859861369	0.0037263373471544577	-0.04300981125145924
DB08159	0.0467301983529822	0.022793630454662428	-0.02393656789831977
DB00835	0.04672573805649749	0.04443458785778032	-0.0022911501987171734
DB07734	0.04672471610419812	0.024984530634818924	-0.021740185469379197
DB16302	0.046721984530762144	0.02109336925511584	-0.025628615275646305
DB00725	0.046720430908574806	0.01707681018952023	-0.029643620719054575
DB04100	0.04669511450768582	0.038728719355598296	-0.007966395152087524
DB13622	0.04668279695800776	0.02912977291519503	-0.017553024042812733
DB16343	0.046668817541973606	0.030404831917817954	-0.016263985624155652
DB12834	0.04665258410030694	0.014865375453813681	-0.03178720864649326
DB11185	0.04661706409468337	0.0026566239000323077	-0.04396044019465106
DB16015	0.04661617267211682	0.026956943143922607	-0.01965922952819421
DB15300	0.046604132100164834	0.04626572262469952	-0.00033840947546531303
DB18267	0.04660145783246529	0.04474479654362362	-0.0018566612888416692
DB18220	0.0465776982374157	0.011334253281422013	-0.035243444955993686
DB01485	0.04657623375748485	0.043827312601646046	-0.0027489211558388016
DB12928	0.0465750398879762	0.004632595732097974	-0.04194244415587822
DB04043	0.04655048756357272	0.035026202092881875	-0.011524285470690843
DB16325	0.0465463456322904	0.02964587474468694	-0.016900470887603464
DB04983	0.04654129317652955	0.006142022462065855	-0.0403992707144637
DB19039	0.04654071375186125	0.03034952551486969	-0.01619118823699156
DB18814	0.04651427670545999	0.03484111729885708	-0.011673159406602907
DB09121	0.04650626345331754	0.02563013706131345	-0.020876126392004094
DB13090	0.04649822154830677	0.02063449038709006	-0.025863731161216708
DB04668	0.046479743631963805	0.020970161921815444	-0.02550958171014836
DB06766	0.046466579230847516	0.010483027505352682	-0.03598355172549483
DB15657	0.04646611441765203	0.011032806005946805	-0.03543330841170522
DB09009	0.0464536345017209	0.03262475426981859	-0.013828880231902312
DB07648	0.046447674705133335	0.016436132056357772	-0.030011542648775563
DB04377	0.04644582818695975	0.039482200647249166	-0.006963627539710582
DB12792	0.04644400713800251	0.020240226920528515	-0.026203780217473997
DB11903	0.04644206829392033	0.030971311856926143	-0.015470756436994188
DB01877	0.046435197972854156	0.02762363171411518	-0.018811566258738976
DB06697	0.04641748731664873	0.006725203839688092	-0.03969228347696063
DB00844	0.04640239680605838	0.007934552264550788	-0.03846784454150759
DB07050	0.04640015233138195	0.029252432660347494	-0.017147719671034456
DB04645	0.046390607742616274	0.025342653283612293	-0.02104795445900398
DB07505	0.04638617291534791	0.013155805255751107	-0.033230367659596804
DB13667	0.04637155676890903	0.03373006094656089	-0.01264149582234814
DB12422	0.04636168744763686	0.010870993708212151	-0.035490693739424706
DB18804	0.04636056043482065	0.043453583690634595	-0.0029069767441860517
DB18479	0.046352537631722014	0.039680427556825965	-0.006672110074896051
DB04199	0.04631173913104383	0.020602456480431908	-0.025709282650611925
DB01558	0.046290109399197865	0.03521703656246067	-0.011073072836737197
DB01970	0.046283665687502695	0.040972735586110975	-0.00531093010139172
DB06901	0.046281962433670165	0.002925215886627308	-0.04335674654704286
DB02747	0.04626147881655246	0.009529950333754922	-0.03673152848279754
DB08074	0.04625904969005876	0.02841188485316426	-0.017847164836894497
DB07649	0.046248747392111454	0.04354147158838895	-0.0027072758037225042
DB11594	0.04624222090546376	0.021758688854938424	-0.024483532050525336
DB02137	0.04623297876364019	0.017074346042854238	-0.02915863272078595
DB03000	0.046230218537336026	0.034234389630870804	-0.011995828906465222
DB12509	0.046189394567441644	0.02726961597643185	-0.018919778591009795
DB02008	0.04618442488663338	0.01260712193145297	-0.03357730295518041
DB14141	0.04618421476559982	0.002769427058520745	-0.04341478770707907
DB16261	0.04617708020141564	0.003882126175261069	-0.042294954026154574
DB08309	0.04617062693876445	0.020349196961980898	-0.02582142997678355
DB13858	0.046168866379195594	0.014505610040576267	-0.03166325633861933
DB01407	0.04616879952250316	0.044138342669711284	-0.0020304568527918783
DB13132	0.0461507291136191	0.04141299645710472	-0.0047377326565143825
DB08694	0.04614377283394824	0.011314813902167903	-0.03482895893178034
DB08717	0.046128239795726764	0.009729546213701812	-0.03639869358202495
DB01500	0.04611821765915736	0.00825242718446595	-0.03786579047469141
DB04765	0.04611661946584178	0.0030848378317699376	-0.04303178163407184
DB07318	0.0461146519688914	0.04549882542342254	-0.0006158265454688549
DB12555	0.04611123591027033	0.023121361961241704	-0.022989873949028627
DB06824	0.046106922061778896	0.04136918940526452	-0.0047377326565143825
DB13543	0.04610437832381231	0.0053696493793088385	-0.04073472894450347
DB14508	0.04607808135810006	0.030012485009774457	-0.016065596348325606
DB01555	0.04606920851991128	0.019963147317639485	-0.026106061202271796
DB12580	0.04606437891979193	0.0409623314112989	-0.005102047508493029
DB19165	0.046038957458386154	0.04067621660396781	-0.005362740854418346
DB05855	0.0460332873741327	0.03540978759055735	-0.010623499783575352
DB07083	0.04603080730920667	0.04591800415071823	-0.00011280315848843768
DB00457	0.04602743582171398	0.04429111976300382	-0.0017363160587101634
DB15553	0.046021058966711326	0.030002354629036387	-0.01601870433767494
DB09230	0.046011609887506244	0.030287374260071442	-0.0157242356274348
DB02215	0.046007082734329185	0.01816568922182249	-0.027841393512506696
DB15981	0.04599906948218673	0.04214703836950162	-0.0038520311126851083
DB02271	0.045968108466260316	0.042245604236141876	-0.003722504230118443
DB00498	0.04593285588740672	0.021404399323181056	-0.024528456564225663
DB01482	0.04593283360184258	0.01578094283727327	-0.030151890764569315
DB04065	0.04591371577144282	0.02709493535721913	-0.01881878041422369
DB18392	0.045909363719127017	0.026287516632990005	-0.019621847086137012
DB13475	0.0459005004318942	0.024731544910441938	-0.02116895552145226
DB02345	0.045891325146763196	0.014836353281969639	-0.031054971864793557
DB16055	0.04586711984043024	0.0016413954736363692	-0.04422572436679387
DB07621	0.045861733101206954	0.01778456787081306	-0.028077165230393893
DB18245	0.045857075418296867	0.03639079175770321	-0.009466283660593659
DB08565	0.04585061260468966	0.03178694440337537	-0.014063668201314286
DB12833	0.04584726340276115	0.03138419332051978	-0.014463070082241368
DB06212	0.045841819357801405	0.020622443447834038	-0.025219375909967368
DB08446	0.04584105209766376	0.03443973518637167	-0.011401316911292092
DB04874	0.04583415312372935	0.000902425267907514	-0.044931727855821835
DB16214	0.04583267272553851	0.020527710698229645	-0.025304962027308864
DB04859	0.04581871241141649	0.004130731194454026	-0.04168798121696246
DB09158	0.04580959124836985	0.012819586132877744	-0.032990005115492105
DB04617	0.04580124689641683	0.0070474594647873395	-0.038753787431629494
DB01004	0.04578736298994335	0.0030418521621518035	-0.042745510827791544
DB03424	0.04576475587692619	0.014303823808037519	-0.03146093206888867
DB02079	0.04575721062163096	0.03345051719700576	-0.012306693424625204
DB08542	0.04574929606270112	0.009964461529194613	-0.035784834533506504
DB16407	0.04573678749390164	0.032838861235687355	-0.012897926258214287
DB11769	0.045731976995694534	0.03405094760129013	-0.011681029394404407
DB00676	0.045726539318038856	0.02695858590836664	-0.018767953409672213
DB04257	0.04572306277002944	0.04391821223421444	-0.0018048505358150028
DB03466	0.0457228653836039	0.018266445441054824	-0.027456419942549076
DB03155	0.045721050701950705	0.004442308850667209	-0.041278741851283496
DB16844	0.04571156660257335	0.029807960836495617	-0.01590360576607773
DB04327	0.0456847634361895	0.013411255126794037	-0.03227350830939546
DB08289	0.04567556268184225	0.023610084383333618	-0.022065478298508634
DB06458	0.04567482725822486	0.02032592446569087	-0.02534890279253399
DB05832	0.04566984165915654	0.043275069954386014	-0.0023947717047705245
DB05399	0.0456389252143585	0.03882810660446068	-0.006810818609897823
DB12739	0.0456163531215135	0.011388464508074188	-0.03422788861343931
DB01235	0.04561460529655273	0.032567805102426364	-0.013046800194126365
DB04734	0.04561220163927518	0.01708611918803629	-0.028526082451238888
DB18307	0.045610027204943226	0.04083720751948039	-0.004772819685462837
DB02848	0.0456064264945049	0.04459119806810896	-0.0010152284263959391
DB02381	0.04559824132515314	0.018653042673544368	-0.02694519865160877
DB14634	0.045583033019437974	0.027641428328925244	-0.01794160469051273
DB15243	0.045577382037096714	0.03544182149721553	-0.010135560539881183
DB03001	0.045572730721490734	0.0358900223963553	-0.00968270832513543
DB12041	0.04555834698164956	0.027875796056270163	-0.017682550925379396
DB06882	0.04554266749543495	0.03834130074088676	-0.0072013667545481885
DB01473	0.04553556476777104	0.041895695409568556	-0.0036398693582024855
DB02797	0.04552840473437072	0.01394843909998412	-0.0315799656343866
DB07973	0.045527172661037674	0.030317765402285618	-0.015209407258752056
DB16253	0.045516332325898495	0.015756301370613138	-0.029760030955285358
DB03401	0.045501381895997284	0.02848745201758851	-0.017013929878408773
DB01955	0.045495861443388866	0.008577420750305265	-0.0369184406930836
DB06898	0.04548782272203011	0.03291223804751969	-0.01257558467451042
DB18152	0.04548446078549351	0.041414365427474675	-0.004070095358018833
DB01359	0.045478564661946434	0.044914548869504245	-0.0005640157924421884
DB11471	0.045476925081154466	0.026076421401935168	-0.0194005036792193
DB19136	0.04547321931019943	0.0027034426866865413	-0.04276977662351289
DB09357	0.045460653435663634	0.012152897562685228	-0.033307755872978406
DB15988	0.04544337893978523	0.012263510368581532	-0.0331798685712037
DB15232	0.04543906509129372	0.010206769284685557	-0.035232295806608166
DB11672	0.0454308958402021	0.013182637075003112	-0.03224825876519899
DB00933	0.04542723145672326	0.008584539396229308	-0.03684269206049395
DB12606	0.04541208045674458	0.029700633559487266	-0.015711446897257314
DB19314	0.04540968316677105	0.007764252350522138	-0.03764543081624891
DB18169	0.04540861664334328	0.036824755364994965	-0.008583861278348315
DB07764	0.045399282175611066	0.022927515756849037	-0.02247176641876203
DB08042	0.04538505443471902	0.03151944759307629	-0.01386560684164273
DB13102	0.04538233559589122	0.03837935811717297	-0.007002977478718253
DB03336	0.045330168273837915	0.042397286153138536	-0.0029328821206993797
DB14060	0.04532128270104091	0.03259518450982646	-0.012726098191214452
DB11072	0.045318751697682486	0.018880839343113298	-0.026437912354569187
DB16223	0.04531289696161167	0.04397598278382864	-0.001336914177783033
DB07433	0.04530082773679145	0.03800206988319943	-0.0072987578535920195
DB02915	0.04529619552309758	0.0371910918360083	-0.008105103687089277
DB04783	0.045264645531547076	0.03495528942771564	-0.010309356103831435
DB15658	0.04525309524200655	0.020281296031628704	-0.024971799210377843
DB02678	0.045248822780991405	0.004512126339537459	-0.040736696441453946
DB08445	0.04524562321070791	0.03898635957923324	-0.006259263631474665
DB06834	0.04523019841665521	0.01495271576342	-0.03027748265323521
DB08841	0.04522950119686214	0.008304174264452235	-0.03692532693240991
DB11940	0.04522586864990358	0.00214326001128029	-0.04308260863862329
DB01890	0.045218654494418864	0.0016920473773265332	-0.04352660711709233
DB07545	0.045214378849751644	0.022384855902178855	-0.02282952294757279
DB00653	0.045177171508555644	0.01770927450046271	-0.027467897008092934
DB19151	0.04516674186452745	0.0014702741773857044	-0.04369646768714175
DB06969	0.04514841676348147	0.01959489428810801	-0.025553522475373458
DB18037	0.0451356375842602	0.030457126585952232	-0.01467851099830797
DB14846	0.04513189679313273	0.02737064598973815	-0.01776125080339458
DB02024	0.0451271881717904	0.0072309014943680566	-0.03789628667742234
DB13617	0.045096781111316125	0.0140732891977286	-0.031023491913587525
DB08911	0.04507615104620536	0.040625017112129624	-0.004451133934075736
DB14062	0.04506858032169403	0.02823008558802753	-0.016838494733666498
DB13919	0.045064705817181666	0.01901143911641176	-0.026053266700769906
DB07030	0.04505107660287004	0.014234827701389174	-0.030816248901480867
DB06710	0.04499676668300512	0.030486148757796205	-0.014510617925208913
DB02882	0.04499655337831961	0.00361353418866602	-0.04138301918965359
DB13219	0.044986973769381544	0.029409316664750107	-0.015577657104631437
DB01954	0.044985557044231184	0.0001672881792146308	-0.04481826886501655
DB06931	0.044975375725060884	0.004135385693712079	-0.040839990031348805
DB12211	0.044952205105635495	0.04167173185703568	-0.0032804732485998134
DB00167	0.04495122772446436	0.01268460565439522	-0.03226662207006914
DB13275	0.04494067391800727	0.005913404410274992	-0.039027269507732276
DB16122	0.044933119111756015	0.017243550780586925	-0.02768956833116909
DB17283	0.044930444844056394	0.029343606086989826	-0.015586838757066568
DB01515	0.04492655123763212	0.03342587573034572	-0.011500675507286395
DB15407	0.04492329436161219	0.014824853930861526	-0.03009844043075066
DB08169	0.04491308120592157	0.01062649560012923	-0.03428658560579234
DB02547	0.04488192917087386	0.01282615719065372	-0.03205577198022014
DB03516	0.044880951789702694	0.004566611360263706	-0.04031434042943899
DB17993	0.04487178923917981	0.006691527168586009	-0.0381802620705938
DB14795	0.04486031217363587	0.023809406469206373	-0.021050905704429496
DB13251	0.04485187549577424	0.013618517240812866	-0.031233358254961374
DB03671	0.044845151622701085	0.031496996479008166	-0.013348155143692919
DB04222	0.044843932283976165	0.04460160224292106	-0.0002423300410551027
DB13373	0.044836772250575856	0.010478373006094659	-0.0343583992444812
DB08778	0.044828217777589274	0.030909160602127894	-0.01391905717546138
DB09192	0.04482793124890716	0.026051779935275077	-0.018776151313632083
DB13008	0.0448267787668748	0.013443562827526234	-0.03138321593934856
DB09395	0.04481257012789497	0.01307750015058673	-0.03173506997730824
DB05076	0.044804044307776736	0.010257421188375804	-0.03454662311940093
DB09110	0.044796833335943864	0.022329001911082558	-0.022467831424861306
DB07823	0.04479327401298189	0.03383136475394127	-0.010961909259040614
DB01741	0.04479282193439463	0.027704127171871512	-0.017088694762523116
DB12203	0.044774283528663084	0.007196403441043886	-0.0375778800876192
DB00388	0.04475864542992489	0.012832728248429848	-0.03192591718149504
DB08013	0.044755076556006745	0.017956784343359677	-0.026798292212647068
DB14068	0.044754000481622896	0.03322217293928892	-0.011531827542333976
DB04822	0.0447450257665693	0.023853487315120547	-0.020891538451448755
DB08396	0.04473672280209262	0.024532496618643207	-0.020204226183449414
DB13563	0.04473597146021513	0.043208537994403606	-0.001527433465811523
DB11383	0.04472994162328309	0.004423143265487206	-0.04030679835779588
DB12353	0.04472451668023525	0.028471024373148413	-0.016253492307086836
DB09155	0.04471619779749865	0.03715084410713021	-0.007565353690368443
DB04667	0.04471298549260708	0.0029213827695913075	-0.04179160272301577
DB03175	0.04470140336654643	0.02077467295297858	-0.023926730413567854
DB04408	0.04467208829871627	0.025698859373887717	-0.018973228924828556
DB02570	0.04466989794612414	0.02752972034673279	-0.01714017759939135
DB04182	0.04465236875808411	0.019556289323673884	-0.025096079434410223
DB12709	0.04464545704954159	0.0002256063169768785	-0.044419850732564714
DB04266	0.04464482031913691	0.02485475224374245	-0.019790068075394462
DB12825	0.04463562274844168	0.00882848991616425	-0.03580713283227743
DB12897	0.0446270173370229	0.021111165869926007	-0.023515851467096893
DB12420	0.04461832596699928	0.02362021476407164	-0.02099811120292764
DB04265	0.04461821453917847	0.03802972308467356	-0.006588491454504908
DB01065	0.04460132844884701	0.04087882421872857	-0.003722504230118443
DB15326	0.04458379926080702	0.00930133228196417	-0.03528246697884285
DB18057	0.04458374195507053	0.04125145795344409	-0.00333228400162644
DB08768	0.04458227110783586	0.010261254305411804	-0.034321016802424054
DB02119	0.04456028799061501	0.0367352247027965	-0.007825063287818512
DB04478	0.04455811037263113	0.042943779124844594	-0.001614331247786538
DB13991	0.044535277220320246	0.00011280315848838374	-0.04442247406183186
DB03501	0.044525551163389146	0.03860797616896372	-0.005917574994425426
DB05187	0.044523465871313964	0.015535349552894276	-0.028988116318419688
DB06848	0.04450750304006932	0.02481121898597627	-0.01969628405409305
DB01264	0.04445927071191674	0.039122435234011765	-0.005336835477904978
DB08979	0.04445925797730865	0.0225337998784354	-0.02192545809887325
DB19057	0.04445095501283203	0.008520197788839057	-0.03593075722399297
DB04738	0.044449172167699	0.015778478690607223	-0.02867069347709178
DB14705	0.04443755183781406	0.031158587003542904	-0.013278964834271156
DB19267	0.04440910590698616	0.0313705036168197	-0.013038602290166457
DB03490	0.04440618649808087	0.01835816645584526	-0.02604802004223561
DB02147	0.044404072553137386	0.027137647232763296	-0.017266425320374087
DB14822	0.044389739751728524	0.03215026913957472	-0.012239470612153802
DB18490	0.04438164372463349	0.023206785712330036	-0.021174858012303455
DB00813	0.044374458222016966	0.04327233201364594	-0.0011021262083710237
DB08123	0.04437300966034635	0.002310548190494921	-0.04206246146985143
DB16304	0.04437106763261209	0.03861810654970177	-0.005752961082910322
DB00360	0.044370507309856144	0.02053428175600569	-0.023836225553850454
DB12480	0.0443585590638127	0.018768309978698827	-0.02559024908511387
DB12425	0.044349676674667826	0.0002256063169768785	-0.04412407035769095
DB11562	0.04434406389615078	0.026658233809187443	-0.01768583008696334
DB00533	0.04434255484509178	0.011327956017719965	-0.033014598827371816
DB00690	0.044328101064906145	0.04024882405445218	-0.004079277010453963
DB05316	0.044314245811300904	0.03146386739605411	-0.012850378415246791
DB14218	0.04431196313280028	0.04111510850459155	-0.003196854628208734
DB13759	0.04431144738117243	0.019500982920725662	-0.02481046446044677
DB16274	0.04430996698298173	0.03035582277857185	-0.01395414420440988
DB12244	0.04430900233641853	0.03758508150849582	-0.006723920827922714
DB02858	0.04430019317127015	0.015188452461134927	-0.029111740710135225
DB03755	0.044297518903570615	0.010170628466917464	-0.03412689043665315
DB03371	0.04429651286953129	0.01811175178924429	-0.026184761080287
DB01621	0.044293275095423565	0.0005640157924421407	-0.043729259302981424
DB00851	0.044259827647267144	0.0002256063169768785	-0.044034221330290266
DB00986	0.044258465044201174	0.0019759718320656663	-0.04228249321213551
DB01239	0.044250973910990477	0.002256063169768785	-0.04199491074122169
DB12559	0.0442497704905257	0.03386860074800546	-0.010381169742520235
DB07084	0.044221206764572904	0.005480535979279264	-0.03874067078529364
DB18232	0.044219137390757744	0.029314036326997722	-0.014905101063760022
DB03972	0.04421527880450558	0.03868792403857213	-0.005527354765933446
DB01471	0.044214492442455816	0.011040198445944838	-0.03317429399651098
DB04538	0.044212833759751706	0.0032751247132007067	-0.040937709046551
DB08141	0.044208624971776925	0.03683379056943692	-0.007374834402340009
DB08244	0.04420605576459402	0.017600578253084254	-0.026605477511509767
DB15586	0.044194161640635166	0.026381428000372353	-0.017812733640262812
DB08436	0.044182133803291265	0.0323578050476675	-0.011824328755623767
DB01121	0.04418125829898489	0.00841478707034865	-0.03576647122863624
DB04695	0.0441779886883571	0.00935034142121028	-0.03482764726714682
DB01878	0.04417213076863419	0.03246978682393398	-0.011702343944700211
DB18974	0.044168364508290675	0.013352115606809808	-0.030816248901480867
DB06903	0.04415976228052382	0.0023143813075309798	-0.04184538097299284
DB19306	0.04415555030889701	0.000902425267907514	-0.04325312504098949
DB09298	0.04412570993848297	0.00214326001128029	-0.04198244992720268
DB13386	0.04412301020156726	0.03859565543563381	-0.005527354765933446
DB09252	0.04411316953316324	0.00788335277271257	-0.03622981676045067
DB03569	0.04410841634069258	0.03616956614591038	-0.007938850194782198
DB18988	0.044108225321571125	0.043544209529128935	-0.0005640157924421884
DB19028	0.04404643700310357	0.01287407115360395	-0.031172365849499617
DB06871	0.04403673323173665	0.004708436690596285	-0.03932829654114037
DB05339	0.04401837947782246	0.040782174910606206	-0.0032362045672162543
DB11909	0.043993133117277955	0.012780433580295597	-0.031212699536982358
DB15109	0.04399005134211942	0.041308680914910245	-0.002681370427209173
DB08337	0.04396611664620853	0.007666781660177757	-0.03629933498603077
DB02251	0.0439318669177422	0.005278749746740474	-0.03865311717100173
DB12863	0.043929991746700536	0.023149288956789915	-0.02078070278991062
DB08400	0.04391189586860024	0.01369901269856915	-0.03021288317003109
DB07585	0.04391162525817824	0.039306698645814486	-0.004604926612363752
DB04022	0.04390757565280473	0.0380067243824575	-0.005900851270347229
DB14854	0.04389664617540879	0.03752785854702961	-0.006368787628379176
DB02007	0.04387177548580312	0.02184630295861878	-0.022025472527184342
DB00610	0.043868499507871084	0.00856537381104927	-0.03530312569682181
DB00811	0.04386517895881065	0.015989026333513956	-0.02787615262529669
DB03403	0.04385314157051076	0.022693695617652	-0.021159445952858763
DB07073	0.043847468302605386	0.030820998910299602	-0.013026469392305784
DB13836	0.04384462848500059	0.017088309540628288	-0.026756318944372304
DB01427	0.04384191601347687	0.014645245018316877	-0.02919667099515999
DB00756	0.04383059813053412	0.04225135391169599	-0.0015792442188381276
DB07740	0.04380907982650886	0.0215032389838955	-0.02230584084261336
DB08633	0.04378952901943395	0.04356392270245707	-0.00022560631697687535
DB01951	0.04378094907723118	0.034511743027833885	-0.009269206049397294
DB03489	0.04377854860360575	0.006877159550758738	-0.03690138905284701
DB16353	0.04377320006820662	0.003158488437676299	-0.04061471163053032
DB09157	0.04377190750548521	0.017889157207081507	-0.0258827502984037
DB14862	0.04377138220290122	0.014262207108789338	-0.029509175094111884
DB02897	0.04375517423045089	0.02625986343151593	-0.01749531079893496
DB16957	0.04374865729475916	0.01133480086956995	-0.03241385642518921
DB13077	0.043746718450677	0.028044453205854802	-0.015702265244822197
DB08018	0.043727883965307364	0.02244317403994108	-0.021284709925366282
DB06910	0.04372657548432579	0.02436247049868856	-0.01936410498563723
DB04126	0.043725050515006636	0.03488410296847533	-0.008840947546531308
DB06851	0.04371577972031482	0.03475350319517678	-0.008962276525138035
DB04460	0.04370481840639878	0.007382857205438631	-0.03632196120096015
DB02943	0.043703497190809126	0.007349728122484522	-0.036353769068324604
DB16877	0.04370043451756278	0.022915468817592877	-0.020784965699969904
DB07658	0.04368348793784287	0.0424000240938785	-0.0012834638439643761
DB07715	0.043681931132003526	0.024817242455604294	-0.018864688676399233
DB02450	0.043666264380396974	0.030636187910348833	-0.01303007647004814
DB15672	0.04366534748861428	0.00740503452543273	-0.03626031296318155
DB12892	0.043659919361914636	0.03968590343830598	-0.003974015923608651
DB12198	0.04364639202446777	0.001543924783291989	-0.04210246724117578
DB07570	0.04363669462040483	0.037600413976639824	-0.006036280643765005
DB01060	0.04363410312765792	0.009810863053680063	-0.033823240073977856
DB07067	0.04362573967379291	0.006425946916804981	-0.037199792756987926
DB06553	0.0436059660110763	0.012353588618927935	-0.03125237739214837
DB09094	0.04358583259568122	0.02554060639911515	-0.018045226196566067
DB13394	0.043584272606189765	0.01588060388020962	-0.027703668725980145
DB13666	0.04357386524772564	0.032225014921776984	-0.011348850325948658
DB03654	0.04357278917334195	0.014580082028704644	-0.02899270714463731
DB12916	0.04356517387770224	0.02029525952940274	-0.023269914348299503
DB00659	0.043555775736929495	0.03493256451957355	-0.008623211217355944
DB02261	0.043547039795777676	0.0025906395281980465	-0.04095640026757963
DB15247	0.04352789649616173	0.013524879667504486	-0.030003016828657247
DB02082	0.043522786734664365	0.038384012616430985	-0.00513877411823338
DB04183	0.04349634332095911	0.026121049835997362	-0.01737529348496175
DB16909	0.043491816167782096	0.03703940991901178	-0.006452406248770318
DB04877	0.043473971798191645	0.0352485228809708	-0.008225448917220844
DB12550	0.04346812661307692	0.014494110689468265	-0.028974015923608654
DB02828	0.043467276577986685	0.04042323087959085	-0.0030440456983958364
DB02404	0.04346644246115661	0.019321647802254982	-0.024144794658901625
DB04137	0.04346228142796216	0.04159643848668537	-0.0018658429412767852
DB04706	0.0434549526610046	0.041424495808212725	-0.0020304568527918783
DB02902	0.0434518677021941	0.009178398742737612	-0.03427346895945649
DB00947	0.04342524282032345	0.024148363532819683	-0.019276879287503768
DB11394	0.04341079859109387	0.030936540009528057	-0.012474258581565811
DB13598	0.04340319284641034	0.023571479418899477	-0.01983171342751086
DB03864	0.04338467035893884	0.0025361545074717995	-0.04084851585146704
DB12896	0.043379659290654224	0.042477234022746724	-0.0009024252679075014
DB01734	0.043361210027179464	0.04209446990729332	-0.0012667401198861476
DB12657	0.04334645698370365	0.01366971673265105	-0.029676740251052602
DB02626	0.04333334670467183	0.029832054715007744	-0.013501291989664084
DB17111	0.04332370342269336	0.026040554378241043	-0.017283149044452314
DB08762	0.043320551607190255	0.014769547527913263	-0.028551004079276993
DB13785	0.0433080112018706	0.002827745196282971	-0.04048026600558763
DB04842	0.043300806597342006	0.04115754658606169	-0.002143260011280316
DB19214	0.04329779486252799	0.03878566852299048	-0.0045121263395375075
DB00115	0.043295486714811066	0.022422639484390938	-0.020872847230420127
DB03358	0.04329004903715537	0.011353966454750054	-0.03193608258240532
DB12570	0.04328669665157489	0.02761623927411716	-0.01567045737745773
DB03857	0.043264156395250164	0.027152979700907354	-0.01611117669434281
DB00268	0.0432597693227621	0.02054632869526174	-0.02271344062750036
DB05416	0.043253032715080825	0.013488738849736337	-0.029764293865344488
DB06699	0.04324819993130952	0.003578214753119882	-0.039669985178189635
DB13080	0.04323740098364656	0.017887514442637364	-0.025349886541009198
DB06878	0.04321319249366167	0.03892667247110104	-0.004286520022560632
DB01320	0.043170945431312904	0.030719968896993202	-0.012450976534319706
DB18002	0.04317013041639503	0.014478778221324262	-0.02869135219507077
DB01983	0.043163174136724096	0.002936715237735394	-0.0402264588989887
DB12613	0.043151315032937426	0.04089525186316867	-0.0022560631697687537
DB00481	0.04314730999869218	0.0015754111018021488	-0.04157189889689003
DB02043	0.04314009584320744	0.005185112173432094	-0.037954983669775344
DB15039	0.04309521271698344	0.020886107141097038	-0.0222091055758864
DB02624	0.043063700929257126	0.03697233037088149	-0.006091370558375634
DB03744	0.04306311195363277	0.03892448211850902	-0.004138629835123756
DB03319	0.04305748962415967	0.006581735744911499	-0.036475753879248174
DB04131	0.04305691975044751	0.04041063635218678	-0.0026462833982607327
DB12160	0.04303120220940361	0.03675685443464262	-0.006274347774760991
DB00922	0.04300889754332862	0.030972407033222155	-0.012036490510106468
DB15761	0.04299806357549334	0.006741357690054128	-0.03625670588543921
DB12369	0.042996513136958035	0.011750694067977593	-0.03124581906898044
DB02887	0.04299179178100748	0.016533876540776093	-0.02645791524023139
DB01221	0.04298576831137951	0.01726107360132295	-0.02572469471005656
DB14204	0.04298478137925228	0.018133655315164355	-0.02485112606408793
DB07273	0.04298359706069965	0.011261971645885716	-0.031721625414813936
DB02255	0.04298026059337934	0.01816979613293257	-0.02481046446044677
DB01793	0.04296488673775889	0.000451212633953757	-0.04251367410380513
DB12848	0.042960818030473226	0.01865632820243246	-0.024304489828040766
DB19278	0.042935269222986405	0.020306758880510783	-0.022628510342475622
DB13779	0.04292535851423798	0.0159542544861159	-0.026971104028122084
DB03986	0.04292219396412689	0.040068667553759485	-0.0028535264103673984
DB07897	0.04291990810197421	0.01582091677207742	-0.027098991329896793
DB08262	0.0429017835710056	0.01814378569590236	-0.024757997875103244
DB04789	0.0428961389559685	0.04278333579748006	-0.00011280315848843768
DB15124	0.04288793150105244	0.019315350538552933	-0.023572580962499506
DB14174	0.042881166240503	0.0383005054238606	-0.0045806608166424
DB01625	0.04287679190262303	0.011593262475426996	-0.03128352942719603
DB01017	0.0428534270804243	0.04037175759367867	-0.0024816694867456288
DB03015	0.04285016383710041	0.02557455686429122	-0.017275606972809193
DB04130	0.04284590411069328	0.03708212179455589	-0.005763782316137389
DB00114	0.04281648716599828	0.03287308549493753	-0.009943401671060744
DB11164	0.04279258749025949	0.03774333448326839	-0.005049253006991106
DB01070	0.04278333579747998	0.04064007578619966	-0.002143260011280316
DB07626	0.04278187768485339	0.007287576867686302	-0.03549430081716709
DB11556	0.042777770773743305	0.0003460757095373416	-0.042431695064205965
DB13644	0.04276100247853676	0.011490589697676579	-0.03127041278086018
DB00276	0.0427585351482188	0.0068333524989185185	-0.03592518264930028
DB01901	0.04275093895449125	0.004718567071334334	-0.03803237188315692
DB15639	0.04272167482509337	0.006425946916804981	-0.03629572790828839
DB08511	0.04271851664228625	0.03308171657932635	-0.009636800062959902
DB01459	0.04270433665617464	0.030079564557904725	-0.012624772098269916
DB11980	0.04270375723150639	0.012831906866207787	-0.029871850365298602
DB00163	0.042696383893420425	0.037763869038818454	-0.0049325148546019715
DB02594	0.04269416170430829	0.036645420246524174	-0.0060487414577841125
DB06742	0.0426807330600741	0.013246978682393398	-0.0294337543776807
DB04311	0.04267081916767357	0.03452734929005197	-0.0081434698776216
DB11865	0.04266866065160187	0.03755907107146572	-0.005109589580136149
DB18955	0.04265463666443936	0.009002896741302946	-0.033651739923136414
DB04414	0.04265245586280342	0.023613643706295595	-0.019038812156507823
DB12259	0.04265231578211445	0.022920944699072965	-0.019731371083041488
DB01577	0.04264418473484699	0.0019176536943034117	-0.04072653104054358
DB12565	0.042642713887612205	0.021547867417957556	-0.02109484646965465
DB07031	0.04263641662391027	0.01113547878369725	-0.03150093784021302
DB15293	0.0426313960046695	0.0028200789622109257	-0.03981131704245858
DB11783	0.04262757243858961	0.007051292581823354	-0.03557627985676626
DB08325	0.042591457090037615	0.0181958065699626	-0.024395650520075016
DB05607	0.04258508660233906	0.003882126175261069	-0.03870296042707799
DB04242	0.04257873203290069	0.022684386619136077	-0.019894345413764614
DB13145	0.04257868746177229	0.03196764849221603	-0.010611038969556261
DB13739	0.042571731182101336	0.035879618221543175	-0.006692112960558161
DB11912	0.04256927021908752	0.04151895476374312	-0.0010503154553443972
DB08375	0.04255958554963269	0.02704620001204694	-0.015513385537585751
DB15914	0.04255460631786834	0.018554750600978	-0.02399985571689034
DB18762	0.04255146086966924	0.024235703842426043	-0.018315757027243196
DB06961	0.042530254563542313	0.03255438919280029	-0.00997586537074202
DB00547	0.042502891074402305	0.034565680460412085	-0.00793721061399022
DB01410	0.04249041434212307	0.008246129920763994	-0.03424428442135907
DB12005	0.04247645721165315	0.026876173892092292	-0.015600283319560853
DB00213	0.042475747257251936	0.025889420049392445	-0.01658632720785949
DB14006	0.04247030321229217	0.039041939776255474	-0.0034283634360366966
DB07274	0.04246891832366203	0.017402351343507518	-0.02506656698015451
DB13031	0.04246712592757292	0.002348879360855115	-0.04011824656671781
DB11438	0.04246163094418077	0.028137269396941167	-0.014324361547239602
DB02414	0.04245845047580965	0.015046627130802404	-0.027411823345007247
DB07637	0.042457648195499666	0.028253631878391625	-0.014204016317108041
DB02967	0.04244656271915459	0.03116296770872684	-0.01128359501042775
DB03221	0.04243706588516923	0.004406989415121098	-0.038030076470048135
DB00587	0.04241855613230602	0.007659115426105756	-0.03475944070620027
DB04386	0.04240836844583151	0.0184767192898877	-0.023931649155943813
DB01132	0.04238793895079819	0.024263357043900147	-0.018124581906898043
DB00563	0.04238007214664874	0.003960431280425336	-0.0384196408662234
DB00497	0.042357258096249906	0.0014664410603496547	-0.04089081703590025
DB11448	0.042338379039751954	0.033574819706602255	-0.008763559333149701
DB13074	0.04232434231798132	0.011357251983638017	-0.030967090334343306
DB03167	0.042318309297397265	0.005254929662302389	-0.03706337963509487
DB11244	0.04229361370865279	0.010898920703760287	-0.031394693004892504
DB12500	0.04228968826570806	0.02322759406195407	-0.019062094203753988
DB12368	0.04228504013375417	0.019475520071843555	-0.022809520061910615
DB00662	0.04227218454688411	0.02178168755715451	-0.0204904969897296
DB02397	0.04227031255949439	0.0340983139760922	-0.008171998583402194
DB11836	0.0422661833628203	0.020800135801860686	-0.021466047560959618
DB07773	0.04226468704636939	0.038499553715659385	-0.003765133330710005
DB11659	0.04225231855825895	0.029720346732815317	-0.012531971825443633
DB03883	0.042235833608082515	0.03934722016876668	-0.0028886134393158354
DB12663	0.04223354137862578	0.014926979120463924	-0.02730656225816186
DB13211	0.042217094632273494	0.029621507072100872	-0.012595587560172622
DB16166	0.04221066365518658	0.040770127971350184	-0.001440535683836397
DB02668	0.04220107767894432	0.028801767614541673	-0.013399310064402647
DB02083	0.04219939989432822	0.004472973786955357	-0.03772642610737286
DB11104	0.04219918022233865	0.02099808891736349	-0.02120109130497516
DB13990	0.042185035256399266	0.03366544554509665	-0.008519589711302615
DB16885	0.0421676716182644	0.028089903022138984	-0.014077768596125417
DB00204	0.0421661625672053	0.02449115371346902	-0.017675008853736275
DB02819	0.042164675801710516	0.0022913826053149178	-0.0398732931963956
DB09387	0.0421633195659486	0.011856652374616083	-0.030306667191332515
DB12465	0.0421467359225593	0.0023688663282571687	-0.03977786959430213
DB03158	0.042115249604049186	0.017001790613243965	-0.02511345899080522
DB11658	0.04209902252968667	0.020501152673051526	-0.021597869856635143
DB09510	0.042095880265139704	0.0026642901341043367	-0.039431590131035366
DB13793	0.04208717934415998	0.00023327255104890407	-0.04185390679311107
DB19035	0.04208372826536677	0.038638641105251836	-0.0034450871601149347
DB01966	0.042065514592141806	0.012968530109134346	-0.02909698448300746
DB02896	0.042060917398620154	0.008537720609575125	-0.03352319678904503
DB18773	0.04205750133999912	0.018168153368488496	-0.023889347971510627
DB11190	0.0420569378335911	0.004679414518752201	-0.0373775233148389
DB12668	0.042039379992682716	0.027768468779261757	-0.014270911213420959
DB12649	0.04201613296560877	0.019692912566600412	-0.02232322039900836
DB07468	0.04201471305680631	0.03689594182423506	-0.005118771232571255
DB09130	0.042006636131623365	0.016540995186700158	-0.025465640944923207
DB11328	0.04199734623501949	0.011606404590979037	-0.03039094164404045
DB15427	0.0419887249053405	0.009949676649198606	-0.0320390482561419
DB11706	0.0419871267120248	0.028470750579074472	-0.013516376132950328
DB03240	0.04198372657166396	0.00488886698536297	-0.03709485958630099
DB19033	0.041970122826568534	0.0032556853339466563	-0.03871443749262188
DB14977	0.04195727997430665	0.036448288513243415	-0.005508991461063234
DB05483	0.04195538251770085	0.03631522459327896	-0.0056401579244218835
DB00195	0.04194661792368065	0.026829355105438102	-0.01511726281824255
DB04602	0.0419297636698695	0.016327709603053353	-0.02560205406681615
DB07332	0.0419281718438579	0.03739014012780706	-0.00453803171605084
DB08089	0.0419247016631526	0.02505243156517123	-0.016872270097981368
DB12098	0.04192052471169802	0.0008441071301452663	-0.041076417581552754
DB02348	0.04192037508005289	0.02485037153855843	-0.01707000354149446
DB00657	0.04191837574658238	0.005262595896374421	-0.03665577985020796
DB15287	0.04191449805841793	0.00816864619782165	-0.03374585186059628
DB14629	0.041885147970415475	0.018207305921070643	-0.02367784204934483
DB01439	0.041865562143168236	0.03658381657987386	-0.005281745563294374
DB12764	0.04186503047328044	0.04163942415630356	-0.00022560631697687535
DB14648	0.04185654604063848	0.0003184225080632361	-0.041538123532575244
DB15675	0.04184875564413748	0.01967703251030839	-0.02217172313382909
DB14668	0.04184735165359521	0.02955607028841467	-0.01229128136518054
DB09140	0.04183512324617378	0.03805162661059358	-0.003783496635580197
DB12167	0.04182209892574673	0.003158488437676299	-0.03866361048807043
DB01573	0.041821105626315414	0.040801614289860316	-0.0010194913364550973
DB12151	0.04178727295626414	0.03558309923940006	-0.006204173716864072
DB08773	0.041782341479280005	0.003963443015239376	-0.03781889846404063
DB11963	0.04177103633094542	0.03338097350220948	-0.008390062828735948
DB12230	0.04177079118973967	0.011483471051752542	-0.030287320137987128
DB16088	0.04176159998634853	0.029752654433547465	-0.012008945552801058
DB02205	0.04175906579933794	0.008619858831775407	-0.033139206967562534
DB16299	0.041750839242509795	0.0035007310301775826	-0.03825010821233221
DB13296	0.041745003608351205	0.03227183370843123	-0.009473169899919975
DB07865	0.04174352957746441	0.006581735744911499	-0.03516179383255291
DB14209	0.0417340518453911	0.037534429604805575	-0.004199622240585527
DB06907	0.041732692425977214	0.012298282215979672	-0.02943441020999754
DB02448	0.0417292731837043	0.011802988736111852	-0.029926284447592443
DB06660	0.04172837221018168	0.028004753065124677	-0.013723619145057
DB18445	0.04172205584456744	0.006499597522711217	-0.03522245832185622
DB07766	0.0417061885228836	0.03734195237078297	-0.004364236152100631
DB01718	0.04169548826843328	0.03700956636494557	-0.004685921903487711
DB11323	0.04166658707536609	0.005091474600123753	-0.03657511247524234
DB12129	0.04165976450908021	0.03357892661771228	-0.008080837891367931
DB03510	0.04165379834518867	0.008475569354776884	-0.033178228990411784
DB16895	0.041653174349392044	0.03110903027614871	-0.010544144073243333
DB11126	0.04165079616133072	0.006277824322770359	-0.03537297183856036
DB13342	0.04162221333346583	0.03188441509371975	-0.009737798239746076
DB14733	0.041611248835897674	0.0011280315848843925	-0.04048321725101328
DB13569	0.041606323726217635	0.0050446558134695715	-0.036561667912748064
DB01513	0.04159595775522987	0.013429599329752101	-0.028166358425477767
DB01333	0.041576540661539964	0.022558715139169516	-0.019017825522370448
DB14509	0.041549731127851985	0.010529846292006817	-0.03101988483584517
DB03548	0.0415470600438045	0.025056812270355222	-0.016490247773449276
DB18903	0.041526980750493735	0.017205767198374744	-0.02432121355211899
DB17521	0.04152489545841853	0.02396957600249705	-0.01755531945592148
DB11785	0.041489773409297825	0.02302087953608334	-0.018468893873214487
DB08128	0.04148970973625733	0.01024126733800974	-0.03124844239824759
DB07976	0.041477268024150415	0.003454733625745443	-0.03802253439840497
DB03433	0.041476583538965384	0.023603513325557546	-0.017873070213407838
DB07706	0.041459515980468764	0.03329637113334327	-0.008163144847125492
DB02847	0.0414552116829332	0.004115398726309949	-0.03733981295662325
DB16345	0.04143842746946658	0.020581648130807872	-0.020856779338658704
DB02006	0.041434174110363486	0.004850535815002832	-0.036583638295360654
DB13861	0.04143387484707328	0.020347554197536977	-0.021086320649536305
DB11183	0.04141997820599175	0.010187603699505554	-0.031232374506486194
DB04696	0.04141639659746543	0.016489521900787896	-0.024926874696677537
DB01827	0.041411933117328825	0.014637578784244765	-0.02677435433308406
DB11457	0.041399806586772336	0.03237916098543969	-0.009020645601332644
DB01945	0.04139656881266461	0.036320426680684914	-0.005076142131979695
DB03682	0.041390968768755684	0.011039377063722822	-0.03035159170503286
DB16866	0.041382356990032745	0.008428750568122704	-0.03295360642191004
DB01454	0.04138041496229855	0.02919767384554728	-0.012182741116751269
DB15209	0.04137562356600355	0.01287872565286197	-0.028496897913141583
DB02087	0.04131153346712313	0.000451212633953757	-0.04086032083316937
DB04205	0.04130820336710679	0.021744725357164374	-0.019563478009942417
DB08730	0.0412972070330184	0.009584435354481169	-0.031712771678537234
DB17150	0.04128432597693227	0.021634933933489975	-0.019649392043442293
DB04275	0.04127219944637561	0.025868337905694316	-0.015403861540681296
DB08655	0.04126425941822959	0.015172298610768853	-0.026091960807460735
DB17823	0.041248481238802315	0.017549652555320094	-0.02369882868348222
DB04447	0.04124800369099879	0.040597090116581525	-0.0006509135744172667
DB04561	0.04124394771832116	0.00782174910606235	-0.03342219861225881
DB04952	0.041239697542870046	0.005515855414825355	-0.03572384212804469
DB01233	0.041224616583235896	0.016854215607357392	-0.024370400975878503
DB11712	0.041207319801793485	0.026485195954418783	-0.014722123847374702
DB00529	0.04120532365197488	0.01744615839534769	-0.02375916525662719
DB07162	0.041203416644412905	0.033185210739298754	-0.00801820590511415
DB16763	0.04120212408169144	0.016641203817784556	-0.024560920263906882
DB02310	0.041199793648410504	0.00912172336941941	-0.032078070278991094
DB17022	0.04119222929120325	0.019375311440759213	-0.02181691785044404
DB15396	0.04119099403421807	0.021952808853405184	-0.019238185180812883
DB15642	0.041187581159249254	0.000451212633953757	-0.0407363685252955
DB02581	0.04117759722650421	0.03762888856033597	-0.0035487086661682345
DB12201	0.041158090990557686	0.005877263592506805	-0.035280827398050885
DB17240	0.04113033591221882	0.03174176838116516	-0.00938856753105366
DB00716	0.04111740710135232	0.036294416243654815	-0.0048229908576975025
DB15103	0.04110630252309522	0.029972237280896263	-0.011134065242198954
DB06954	0.041090941402082914	0.015305910118881386	-0.02578503128320153
DB02350	0.041043078377565156	0.03169713994710299	-0.009345938430462164
DB12912	0.04104272817584251	0.003541252553129731	-0.03750147562271278
DB12301	0.04103210751269291	0.02832043763244789	-0.01271166988024502
DB14495	0.04102850361860261	0.02217430825927208	-0.018854195359330528
DB07922	0.04099902300086709	0.010120797945449268	-0.03087822505541782
DB07544	0.04099266843142872	0.007518659066143173	-0.03347400936528555
DB15469	0.04098863792796714	0.006538750075293365	-0.03444988785267378
DB11993	0.04098177079055298	0.03669525076799235	-0.004286520022560632
DB07911	0.04095068879584985	0.014593771732404621	-0.02635691706344523
DB09376	0.04094830424048446	0.007215569026224	-0.033732735214260456
DB19254	0.040938508143208874	0.03270223799276095	-0.008236270150447922
DB01802	0.04091262186860767	0.02140357794095904	-0.01950904392764863
DB01608	0.04089295963371191	0.0007389702057288674	-0.04015398942798304
DB08978	0.04088367292076007	0.033961690733165795	-0.006921982187594274
DB00180	0.04088229121578191	0.0023688663282571687	-0.03851342488752474
DB18215	0.04087747753392276	0.029693241119489205	-0.011184236414433559
DB14980	0.040876048074164305	0.01189416216275415	-0.028981885911410155
DB17071	0.0408756596686175	0.01268077253735922	-0.028194887131258284
DB14014	0.04087509616220941	0.03830652889348862	-0.0025685672687207894
DB02368	0.040873969149393105	0.008903783286514533	-0.03197018586287857
DB00688	0.04086971260663805	0.012855179362497915	-0.028014533244140133
DB06946	0.04086678046312459	0.019435819931113416	-0.021430960532011177
DB13696	0.040866407975837876	0.008922127489472617	-0.03194428048636526
DB08550	0.040859798714237575	0.01371817828374923	-0.027141620430488345
DB02228	0.040829904221739044	0.004722400188370335	-0.03610750403336871
DB03567	0.04082167766491093	0.0015209260810759018	-0.03930075158383503
DB02361	0.04082126697379995	0.009515439247832935	-0.03130582772596702
DB07829	0.04081809287273275	0.003337275967998949	-0.0374808169047338
DB02140	0.04081549501268178	0.03998324380267115	-0.0008322512100106261
DB15429	0.04079355328293739	0.01865003093873037	-0.022143522344207023
DB12813	0.04078133442647217	0.03154983873529049	-0.00923149569118168
DB03432	0.04076444515248868	0.0072117359091879996	-0.03355270924330068
DB08674	0.04074247476987608	0.03701997053975764	-0.003722504230118443
DB02293	0.040739845073304866	0.02395971941583297	-0.016780125657471896
DB08689	0.04072989297708007	0.026805261226925947	-0.013924631750154126
DB09144	0.040718883908383685	0.017655884656032517	-0.02306299925235117
DB04551	0.040712618481201834	0.01650978266226405	-0.024202835818937785
DB04673	0.04071056502564685	0.018298479347713004	-0.022412085677933846
DB02613	0.0407080531242005	0.02464475218898362	-0.01606330093521688
DB02118	0.04070793532907564	0.010793783779343879	-0.02991415154973176
DB12545	0.04070656635870561	0.03995203127823499	-0.0007545350804706256
DB05421	0.040705878689868635	0.0305729414792546	-0.010132937210614035
DB03285	0.04069403232069011	0.015492363883276107	-0.025201668437414004
DB03317	0.040689791696195104	0.008312661880746308	-0.032377129815448796
DB02322	0.04068880476406786	0.00822641674743596	-0.0324623880166319
DB11184	0.0406853855217949	0.01898323832678972	-0.021702147195005184
DB04223	0.040685146747893114	0.029266122364047575	-0.011419024383845539
DB02949	0.04067414404650066	0.006865660199650625	-0.033808483846850035
DB14491	0.04065960112405839	0.008667772794725637	-0.031991828329332755
DB18542	0.04065577119067454	0.0295905683417389	-0.01106520284893564
DB12901	0.04064296017493274	0.017227123136146827	-0.023415837038785914
DB16847	0.04064184589672458	0.02576101062868591	-0.01488083526803867
DB00317	0.04063717866285856	0.014469469222808139	-0.026167709440050424
DB02885	0.040633683012936975	0.010917264906718363	-0.02971641810621861
DB06529	0.04061851291104609	0.010337095263910107	-0.03028141764713598
DB12627	0.040618290055404405	0.033628757139180454	-0.0069895329162239506
DB17537	0.04061281099027241	0.009961176000306653	-0.03065163498996576
DB02983	0.04059319014285295	0.03624403813403859	-0.004349152008814361
DB01294	0.04057004499264372	0.03250757040614605	-0.00806247458649767
DB01180	0.040568940265391845	0.022941479254623087	-0.017627461010768758
DB11984	0.0405638559731106	0.0370410526834557	-0.0035228032896549013
DB15999	0.04055282780250208	0.02929185900700365	-0.011260968795498427
DB17297	0.0405303002807853	0.02776354048592966	-0.012766759794855642
DB01298	0.040527775644731034	0.037741144130676474	-0.0027866315140545606
DB16832	0.040512780643701285	0.006484265054567118	-0.03402851558913417
DB02905	0.04049328395871085	0.019887032565067173	-0.02060625139364368
DB06795	0.04048751199759256	0.03433678861454714	-0.006150723383045419
DB08045	0.040480625758266275	0.009632896905579336	-0.03084772885268694
DB01142	0.04047464685976654	0.011370120305116083	-0.029104526554650456
DB15350	0.04046737539854552	0.0035007310301775826	-0.03696664436836794
DB08932	0.04046703793143103	0.03245801367875195	-0.008009024252679076
DB04320	0.04045774803482716	0.014128048012528871	-0.026329700022298286
DB02241	0.04045366340928125	0.034440008980445636	-0.006013654428835613
DB03688	0.040453026678876625	0.030924766864346004	-0.00952825981453062
DB16332	0.0404523167244755	0.039949293337495084	-0.0005030233869804173
DB00872	0.0404500977190152	0.0007896221094190192	-0.03966047560959618
DB07104	0.040446035379033476	0.030673150110339012	-0.009772885268694465
DB06155	0.04043090348096695	0.0021939119149705366	-0.038236991565996414
DB01953	0.040415507339782414	0.009844539724782192	-0.030570967615000222
DB14675	0.04040912730112778	0.013292428498677622	-0.027116698802450157
DB02116	0.04039943308071691	0.03214807878698273	-0.008251354293734177
DB09050	0.04039365475229467	0.007000640678133163	-0.03339301407416151
DB00884	0.04037481389962096	0.027256200066805736	-0.013118613832815224
DB08816	0.040362544104723286	0.009137055837563413	-0.031225488267159873
DB17060	0.04035876829342368	0.013956926716278129	-0.02640184157714555
DB01440	0.040342038202041464	0.030874114960655785	-0.009467923241385678
DB13578	0.04034027127516851	0.03830981442237663	-0.0020304568527918783
DB04640	0.04033321311863289	0.036444455396207415	-0.0038887577224254732
DB14643	0.040329994446437374	0.0041575630137061295	-0.036172431432731245
DB16331	0.04031072380074056	0.039504377967243265	-0.000806345833497292
DB16036	0.04030921793333356	0.03116953876650294	-0.009139679166830617
DB01978	0.04030448065912293	0.019165037591926337	-0.02113944306719659
DB09084	0.04029985162908112	0.012856548332867868	-0.02744330329621325
DB02046	0.0402969863422602	0.019894698799139188	-0.02040228754312101
DB03413	0.04027613978881189	0.02614295336191752	-0.014133186426894373
DB11828	0.04026477733474075	0.015739599932099058	-0.024525177402641693
DB12441	0.04026441121475806	0.03328897869334513	-0.006975432521412927
DB12423	0.04025809166549188	0.004111565609273948	-0.03614652605621793
DB14099	0.04024947670311696	0.03734249995893091	-0.0029069767441860517
DB11708	0.04024364743626236	0.01879596318017296	-0.0214476842560894
DB03283	0.04024151757305874	0.019868414568035064	-0.020373103005023672
DB06949	0.04023888787648762	0.010305061357252066	-0.029933826519235554
DB08767	0.04023628046548049	0.02520329209994579	-0.015032988365534697
DB15353	0.04021499775170492	0.023668676315169834	-0.01654632143653509
DB09226	0.04021157532577997	0.023651153494433808	-0.016560421831346164
DB07724	0.04019959205956435	0.00655408254343743	-0.03364550951612692
DB01408	0.04019269626928193	0.03827504257497849	-0.0019176536943034405
DB02434	0.04018825825836156	0.015539456464004342	-0.024648801794357217
DB02615	0.04018824870740541	0.028619694555331046	-0.011568554152074362
DB13697	0.040165975877850646	0.003928944961915204	-0.03623703091593544
DB08590	0.040151881850343706	0.02212173979706389	-0.018030142053279817
DB00315	0.040143750803076264	0.022381844167364884	-0.01776190663571138
DB01299	0.04014255056626341	0.03510149546323216	-0.005041055103031256
DB04140	0.04010444861884899	0.032502368318740094	-0.007602080300108893
DB00370	0.04009916694014239	0.024221466550577997	-0.015877700389564396
DB18749	0.0400928951456565	0.0015830773358741419	-0.038509817809782354
DB16217	0.040091561195458786	0.032733450517197005	-0.007358110678261783
DB12651	0.04007726341422235	0.008717329522119788	-0.031359933892102565
DB13712	0.04007024982881513	0.026756525881753812	-0.013313723947061318
DB01039	0.0400685529422867	0.011639533673933222	-0.028429019268353478
DB09148	0.040057063142134655	0.035519031426083814	-0.00453803171605084
DB00331	0.040051701872127476	0.007907720445298683	-0.0321439814268288
DB08073	0.04004183573450736	0.035416906236481416	-0.004624929498025945
DB00663	0.04004107802532579	0.036041156725203805	-0.003999921300121985
DB03136	0.04003486035292442	0.028066904319922925	-0.011967956033001492
DB07393	0.04003425227538787	0.011932493333114302	-0.02810175894227357
DB03692	0.040025032419128484	0.016763315974788973	-0.02326171644433951
DB07850	0.0400172038188034	0.02118399509361024	-0.01883320872519316
DB07462	0.04001598766373049	0.004228201884798444	-0.035787785778932046
DB18783	0.04001560880913968	0.0015792442188381495	-0.03843636459030153
DB19296	0.039998706800548164	0.03425656695086493	-0.005742139849683234
DB03741	0.03999758615503596	0.03776742836178054	-0.002230157793255416
DB12703	0.039990257388078355	0.0024855026037816433	-0.03750475478429671
DB01607	0.03998556150134412	0.02544313570877077	-0.014542425792573355
DB02047	0.03997293513741981	0.010354891878720185	-0.029618043258699628
DB13816	0.039962632839472434	0.010566260903848934	-0.0293963719356235
DB11725	0.03994517369177686	0.02386416528400659	-0.01608100840777027
DB00301	0.03994505589665198	0.02876672197306962	-0.011178333923582362
DB01586	0.03994128645265649	0.021407137263921072	-0.018534149188735416
DB07307	0.03993980287081368	0.014014423471818374	-0.025925379398995307
DB15144	0.039937972270900304	0.006301644407208484	-0.03363632786369182
DB07439	0.039935772367352185	0.03449531538339384	-0.005440456983958342
DB03314	0.03992861870125586	0.008581801455489257	-0.0313468172457666
DB03967	0.039920143819569986	0.03201474107294422	-0.007905402746625767
DB18820	0.03990291707847205	0.027130254792765263	-0.01277266228570679
DB02199	0.0398891859872957	0.031212524436121103	-0.008676661551174594
DB08952	0.0398859991516205	0.02119248270990426	-0.01869351644171624
DB07928	0.03987564591524073	0.009223027176799792	-0.03065261873844094
DB02247	0.03984722545362901	0.0177109172649067	-0.02213630818872231
DB03096	0.039837025032546505	0.019215689495616584	-0.02062133553692992
DB09128	0.039832930856044585	0.026945169998740554	-0.012887760857304031
DB07455	0.03982444960705456	0.024768507110432103	-0.015055942496622454
DB01702	0.03982316659528927	0.007016794528499227	-0.032806372066790046
DB12614	0.03981004676530142	0.007889376242340651	-0.03192067052296077
DB01223	0.03979578718788923	0.01003510040028699	-0.029760686787602242
DB16956	0.039780594800434055	0.03008640940975471	-0.009694185390679344
DB07293	0.03976848418813754	0.037486515641855456	-0.002281968546282087
DB08779	0.039765571146536255	0.0104616715675806	-0.029303899578955656
DB13267	0.03974563511756651	0.025386186541378475	-0.014359448576188042
DB18963	0.039744689572915645	0.014887005185659774	-0.02485768438725587
DB18806	0.0397442056578081	0.01370667893264118	-0.026037526725166918
DB00906	0.03974074502805881	0.02782623932887597	-0.011914505699182842
DB15911	0.03973892397910152	0.03407777942054224	-0.005661144558559275
DB06440	0.03973189447543418	0.019198440468954525	-0.020533454006479657
DB02919	0.0397300002024803	0.009958164265492675	-0.029771835936987623
DB14126	0.03972163674861512	0.00592462996730897	-0.03379700678130615
DB02879	0.03971498928319056	0.004722400188370335	-0.034992589094820226
DB07366	0.039706154648825986	0.010005804434368826	-0.02970035021445716
DB15236	0.03970322887261667	0.002714942037794533	-0.03698828683482214
DB00515	0.03968613584490368	0.014114905896976768	-0.02557122994792691
DB03609	0.039681210735223654	0.022910266730186868	-0.016770944005036786
DB01076	0.03967633656397618	0.020028584101325797	-0.01964775246265038
DB11117	0.03967402204895509	0.027125326499433222	-0.012548695549521871
DB06508	0.03967077154023935	0.006581735744911499	-0.03308903579532785
DB03594	0.03966921473439998	0.015169286875954854	-0.024499927858445125
DB08100	0.03966789351881031	0.03025178103045137	-0.009416112488358941
DB09136	0.03963532794226432	0.001462607943313654	-0.038172719998950666
DB05408	0.0396351241885349	0.0035007310301775826	-0.036134393158357314
DB04052	0.03962923761594382	0.02164205257941397	-0.01798718503652985
DB02673	0.03962117660902087	0.0025361545074717995	-0.03708502210154907
DB13337	0.039619960453948	0.03292948707418175	-0.0066904733797662486
DB02981	0.03960332587212641	0.023161609690119822	-0.016441716182006585
DB04779	0.039596356857847514	0.00602921930357736	-0.033567137554270154
DB00186	0.039591170688701584	0.03000290221718438	-0.009588268471517203
DB03330	0.03958850278830603	0.0057836260191984346	-0.033804876769107595
DB01331	0.039588066627978924	0.013426587594938089	-0.026161479033040835
DB12780	0.0395379368432206	0.007666781660177757	-0.03187115518304284
DB01782	0.03952714426286172	0.013575531571194732	-0.025951612691666986
DB09348	0.039521120793233666	0.037342773753004876	-0.0021783470402287897
DB12784	0.039515555769496974	0.02257048828435157	-0.016945067485145404
DB15842	0.03951507822169349	0.009436312760446614	-0.03007876546124688
DB00770	0.03950752978274629	0.011773692770193682	-0.02773383701255261
DB01795	0.03946001695995105	0.002936715237735394	-0.036523301722215656
DB03565	0.03942869937499807	0.009986091261040664	-0.029442608113957408
DB00958	0.03941496191651776	0.006845673232248561	-0.0325692886842692
DB05407	0.03939636302139783	0.029369342729945958	-0.010027020291451874
DB17744	0.03939435413697112	0.03484714076848516	-0.004547213368485958
DB11630	0.039383189069325586	0.032864871672717566	-0.00651831739660802
DB08951	0.03938062304579485	0.02189613348008701	-0.01748448956570784
DB02127	0.03937975390879253	0.025903383547166592	-0.013476370361625939
DB01649	0.03934857003722447	0.027635404859297164	-0.01171316517792731
DB00230	0.039340942006976715	0.008668320382873573	-0.03067262162410314
DB02788	0.03934003784980215	0.017028622432496067	-0.02231141541730608
DB01412	0.03933747819357547	0.000902425267907514	-0.038435052925667956
DB11148	0.03933596914251647	0.028014335857714734	-0.011321633284801735
DB07086	0.039327729851080157	0.02212721567854381	-0.017200514172536346
DB12173	0.039315638340695805	0.006807342061888377	-0.03250829627880743
DB07377	0.03931496022281496	0.010405543782410431	-0.028909416440404526
DB19043	0.039287921466181264	0.021185637858054163	-0.0181022836081271
DB07310	0.03928228640210014	0.004403156298085084	-0.034879130104015055
DB08098	0.03927827500055084	0.027572979810424975	-0.011705295190125864
DB15790	0.039239727341853055	0.03441673648415555	-0.0048229908576975025
DB14050	0.03923840294261138	0.007534812916509259	-0.031703590026102124
DB08061	0.03919776044088241	0.02748262776600474	-0.01171513267487767
DB08348	0.03918814262811998	0.021137997689178012	-0.01805014493894197
DB14673	0.039187948425346675	0.024562887760857355	-0.01462506066448932
DB05966	0.03917229440834827	0.008137981261533644	-0.031034313146814624
DB02961	0.0391695469166522	0.026291623544100085	-0.012877923372552114
DB00349	0.03913111068577524	0.007868567892716529	-0.031262542793058706
DB01362	0.0391308305243972	0.0066523746160038755	-0.03247845590839332
DB16101	0.03912708018231374	0.006775855743378289	-0.032351224438935455
DB12904	0.039114619368294745	0.03506124773435404	-0.0040533716339407055
DB07256	0.0391026361020792	0.02755244525487499	-0.011550190847204211
DB02627	0.03909787654230429	0.009275869433081979	-0.02982200710922231
DB13839	0.03909571165892851	0.03393431132576569	-0.00516140033316282
DB14576	0.03908644723154074	0.010428542484626435	-0.028657904746914306
DB00721	0.039082146117657326	0.035733138391952635	-0.003349007725704692
DB12074	0.03907639325845136	0.034597714367070265	-0.004478678891381094
DB12960	0.03907055444064067	0.0006768189509306355	-0.038393735489710035
DB08521	0.03906820490544744	0.03288239449345358	-0.0061858104119938626
DB03198	0.03906785470372498	0.02909198933298296	-0.00997586537074202
DB17304	0.03906422534041838	0.026683422863995554	-0.012380802476422828
DB14173	0.03905070118662352	0.031718495884875075	-0.007332205301748449
DB16821	0.03902550258085935	0.015106314238934604	-0.023919188341924746
DB06799	0.03902299067941306	0.01840690180101745	-0.02061608887839561
DB03366	0.03901026880592806	0.000505697654680004	-0.03850457115124806
DB01695	0.03899598694295166	0.013694631993385165	-0.025301354949566496
DB06832	0.03899358328567404	0.036312212858464865	-0.002681370427209173
DB14974	0.03898822519931888	0.0038238080374988215	-0.03516441716182006
DB08253	0.03897102711108925	0.03547412919794768	-0.003496897913141568
DB00187	0.03897088384674811	0.02048198708787141	-0.018488896758876695
DB02456	0.03896508641641383	0.030998691264326306	-0.007966395152087524
DB07079	0.038928518989274546	0.015654997563232742	-0.023273521426041804
DB03440	0.03891836950662436	0.013266144267573499	-0.025652225239050863
DB12492	0.03891217730343907	0.018503003520991768	-0.020409173782447304
DB08485	0.03890425637720521	0.012526352679622627	-0.026377903697582583
DB05625	0.038903470015155456	0.008510888790323023	-0.030392581224832432
DB08340	0.03889999028349403	0.02930417974033371	-0.009595810543160322
DB06958	0.03889483276721639	0.01849287314025383	-0.020401959626962562
DB06884	0.03888779371259288	0.036857336859801	-0.0020304568527918783
DB19032	0.03887715713118313	0.005480535979279264	-0.033396621151903866
DB12321	0.03887401805028823	0.03251277249355211	-0.006361245556736117
DB08399	0.03886888281957471	0.03358549767548835	-0.005283385144086359
DB13519	0.03886677842558725	0.030046161680876565	-0.008820616744710685
DB19162	0.038858373584245896	0.03535393359946121	-0.0035044399847846894
DB15408	0.03885767636445273	0.037165628987126165	-0.001692047377326565
DB14717	0.03885086334912302	0.01991632853098535	-0.01893453481813767
DB07809	0.03885073600304201	0.016804932674037154	-0.022045803329004854
DB15992	0.03884949119510091	0.0186442812631763	-0.02020520993192461
DB11971	0.0388368807494367	0.023107398463467654	-0.015729482285969043
DB03807	0.038813203929339804	0.017263537747989055	-0.02154966618135075
DB04249	0.038806575565827256	0.0069623095077730145	-0.03184426605805424
DB03209	0.038794643238044164	0.011436926059172459	-0.027357717178871706
DB00683	0.038784006656634284	5.448502072624706e-05	-0.03872952163590804
DB08638	0.03878172397813362	0.03266116888166071	-0.006120555096472913
DB13930	0.03878171124352556	0.0335852238814143	-0.005196487362111254
DB03764	0.03877635634082244	0.030314479873397637	-0.0084618764674248
DB08195	0.03877022781067757	0.027349563846040092	-0.011420663964637479
DB08414	0.038758015321516355	0.03526111740837479	-0.003496897913141568
DB15372	0.03875351045390346	0.009868359809220295	-0.028885150644683163
DB14197	0.038750514637349576	0.020674464321894237	-0.01807605031545534
DB00420	0.038748725424912575	0.013321450670521692	-0.025427274754390883
DB00281	0.03873908214293398	0.007725099797940005	-0.031013982344993973
DB02810	0.03872492444238655	0.010007994786960833	-0.028716929655425716
DB02489	0.0387173919216994	0.012297187039683632	-0.02642020488201577
DB14599	0.038715093324938665	0.000902425267907514	-0.03781266805703115
DB07228	0.03870774227241691	0.010053444603244976	-0.028654297669171935
DB08480	0.03869866568049863	0.033232303320026954	-0.005466362360471674
DB03406	0.0386847340192448	0.024520723473461126	-0.014164010545783673
DB07816	0.03868245770804822	0.014519299744276334	-0.024163157963771886
DB13572	0.03868039151788505	0.0014678100307196906	-0.03721258148716536
DB03553	0.038672725283813006	0.022441531275497056	-0.01623119400831595
DB08078	0.03866663495749253	0.030494636374090334	-0.008171998583402194
DB08385	0.038658898683075926	0.029971415898674247	-0.008687482784401679
DB02548	0.03865668286126778	0.02299048839386919	-0.015666194467398586
DB06206	0.03865390353305151	0.00500249152607346	-0.03365141200697805
DB06630	0.03865349602559254	0.000505697654680004	-0.03814779837091253
DB11629	0.03864953874612759	0.009180041507181658	-0.02946949723894593
DB04037	0.03864454677975504	0.013626183474884868	-0.025018363304870173
DB06670	0.03861367490608547	0.025699680756109733	-0.012913994149975738
DB16134	0.03861130945263215	0.026058350993051094	-0.012552958459581057
DB12040	0.038611054760470304	0.024911701411134662	-0.013699353349335641
DB03706	0.03861033525511305	0.029898586674990013	-0.008711748580123035
DB16319	0.03860692556379615	0.02537550857249249	-0.013231416991303663
DB12066	0.03860195269933579	0.037361117955962975	-0.0012408347433728144
DB01413	0.03859154852452374	0.03509465061138217	-0.003496897913141568
DB11645	0.03858770585653165	0.028825313904905836	-0.009762391951625815
DB03063	0.038584305716170775	0.0019721387150296588	-0.036612167001141116
DB06588	0.038577470415276816	0.005410718490408972	-0.03316675192486784
DB00549	0.03857464333228016	0.0016958804943625794	-0.03687876283791758
DB11782	0.03857217600196214	0.011928660216078274	-0.026643515785883864
DB15241	0.038562653698760524	0.007015151764055233	-0.03154750193470529
DB12886	0.038554659548530115	0.01639834847414562	-0.022156311074384497
DB02183	0.03855197572987448	0.02694243205800051	-0.011609543671873977
DB15610	0.03854027899234104	0.009288190166412039	-0.029252088825929
DB02929	0.038537884886019544	0.038425081727531105	-0.00011280315848843768
DB08386	0.03851981447713542	0.03818140500167011	-0.00033840947546531303
DB05470	0.038493619388288006	0.0032321390435825423	-0.03526148034470546
DB08291	0.03849047075643702	0.0020304568527919065	-0.036460013903645117
DB03511	0.03847616660789645	0.002714942037794533	-0.03576122457010192
DB14056	0.03845724298027014	0.006063717356901525	-0.03239352562336861
DB04280	0.03845330480271737	0.02399777679211912	-0.014455528010598252
DB18009	0.0384508979617878	0.015592846308434494	-0.022858051653353306
DB00629	0.03843792457979295	0.014820747019751501	-0.023617177560041447
DB13474	0.038430035490079326	0.019097410455648098	-0.019332625034431228
DB16016	0.03842292002780727	0.02036097010716298	-0.01806194992064429
DB15181	0.038411124597061086	0.004235046736648429	-0.03417607786041266
DB09143	0.038410691620385906	0.019775872171022724	-0.018634819449363182
DB13392	0.038409615546001974	0.014172676446590926	-0.024236939099411048
DB07437	0.03840531443211867	0.014096561694018739	-0.02430875273809993
DB16043	0.03840518390238568	0.008868463850968409	-0.029536720051417276
DB12513	0.03839734893475644	0.01807999167666019	-0.020317357258096247
DB06087	0.03838867029934101	0.016309091606021342	-0.022079578693319668
DB13146	0.03836857190411816	0.003964264397461448	-0.03440430750665671
DB12736	0.03836639428613413	0.002474003252673551	-0.03589239103346058
DB08246	0.038366372000570026	0.010358724995756186	-0.02800764700481384
DB02803	0.0383500207637785	0.0028239120792469563	-0.03552610868453154
DB15169	0.03834929170746526	0.008736495107299902	-0.02961279660016536
DB13212	0.03834595524014478	0.03642830154584134	-0.0019176536943034405
DB12623	0.03834096964107636	0.01109769520148507	-0.027243274439591292
DB02374	0.03833313148979503	0.030290659788959506	-0.008042471700835527
DB02384	0.038314605818671674	0.0019214868113394548	-0.03639311900733222
DB15994	0.038312791137018354	0.0035513829338678082	-0.034761408203150546
DB07027	0.038307624069784635	0.034585119839666195	-0.003722504230118443
DB09180	0.038299639470510405	0.018902742869033373	-0.01939689660147703
DB03203	0.03829766242260383	0.027217047514223602	-0.011080614908380226
DB04255	0.03828517295571654	0.004500626988429457	-0.03378454596728708
DB11344	0.038246068157914745	0.023888259162518688	-0.014357808995396057
DB03936	0.038228921008117395	0.031678795744144894	-0.006550125263972504
DB02430	0.0382284275420538	0.012304031891533729	-0.02592439565052007
DB11452	0.038206320262404246	0.03155093391158642	-0.006655386350817823
DB12414	0.038205517982094456	0.035028666239547895	-0.0031768517425465603
DB01451	0.0381710008268581	0.03264364606092465	-0.005527354765933446
DB07388	0.03815181295611392	0.0061888412487199895	-0.03196297170739393
DB08884	0.03814745135284192	0.02616047618265349	-0.01198697517018843
DB13021	0.03814691968295411	0.02721157163274357	-0.010935348050210542
DB13732	0.03814421994603845	0.013804971005207611	-0.024339248940830838
DB12385	0.03814351317528922	0.014793915200499413	-0.023349597974789804
DB15343	0.03812563378552658	0.032302498644719346	-0.005823135140807234
DB03564	0.03811662723395269	0.0234814011685531	-0.01463522606539959
DB18753	0.038103981768116274	0.026883018743942305	-0.011220963024173969
DB04133	0.03809427481309735	0.03442358133600554	-0.003670693477091813
DB04521	0.0380856821362866	0.036081130660008065	-0.0020045514762785377
DB18796	0.038071085091759854	0.022006472491909373	-0.01606461259985048
DB14726	0.03806782821574008	0.017505845503479944	-0.020561982712260132
DB16829	0.038048525733522964	0.01174768233316359	-0.026300843400359375
DB02985	0.03804450478101751	0.0037225042301184397	-0.03432200055089907
DB08827	0.0380339064034321	0.011620915676901072	-0.026412990726531027
DB02712	0.03802795297414863	0.03170179444636101	-0.0063261585277876176
DB11264	0.038024406385794685	0.012641072396629038	-0.025383333989165646
DB00137	0.0380171285572695	0.03632508117994293	-0.001692047377326565
DB01171	0.038013276338321404	0.029797009073535663	-0.008216267264785741
DB07482	0.037943732643525054	0.002598305762270081	-0.03534542688125497
DB00730	0.03793284455360549	0.02537824651323245	-0.012554598040373035
DB05785	0.037903640913596076	0.015780121455051227	-0.02212351945854485
DB06959	0.037895150113649995	0.03167523642118289	-0.006219913692467105
DB02757	0.03789293110818981	0.03633959226586503	-0.0015533388423247807
DB08509	0.037892039685623304	0.013403588892722008	-0.024488450792901295
DB18770	0.03788400096426452	0.0038974586434051225	-0.0339865423208594
DB07826	0.03787856010295676	0.013780329538547464	-0.024098230564409295
DB01688	0.03787497212712654	0.0016920473773265332	-0.036182924749800005
DB16146	0.03786676785586257	0.017481204036819797	-0.020385563819042773
DB03754	0.03786637308301166	0.03608742792371	-0.0017789451593016592
DB04104	0.03785192567013007	0.03635957923326705	-0.0014923464368630226
DB14214	0.03784755451590216	0.010753809844539733	-0.027093744671362427
DB18760	0.03783307208284828	0.006382961247186765	-0.031450110835661516
DB00463	0.03782082457351481	0.007903065946040663	-0.029917758627474145
DB04196	0.03780444150020307	0.01005289701509704	-0.027751544485106028
DB15763	0.0377731621190745	0.01898323832678972	-0.01878992379228478
DB08957	0.03773288892098011	0.026713266418061654	-0.011019622502918455
DB08998	0.03772115716327438	0.03625471610292469	-0.0014664410603496898
DB06156	0.037703694831926704	0.030769251830313427	-0.006934443001613277
DB04124	0.037702090271307	0.022045077456343543	-0.015657012814963456
DB19329	0.037701650927327746	0.02816355362804529	-0.009538097299282455
DB02779	0.03769511170607209	0.005189766672690221	-0.03250534503338187
DB15984	0.03768307750142408	0.030818808557707578	-0.0068642689437165005
DB07056	0.03768139653315582	0.028710594187899452	-0.008970802345256365
DB07217	0.037664481789956156	0.035746828095652716	-0.0019176536943034405
DB08212	0.03766255886413414	0.01227856904265165	-0.02538398982148249
DB01090	0.03765659906754654	0.011487577962862594	-0.026169021104683943
DB18088	0.0376552523827407	0.01897091759345959	-0.01868433478928111
DB04614	0.0376487290797451	0.024347138030544557	-0.013301591049200541
DB12122	0.03764674248088251	0.0007896221094190192	-0.03685712037146349
DB13546	0.037631731561592774	0.027307947146791967	-0.010323784414800807
DB08362	0.03762669820774394	0.03334017818518331	-0.004286520022560632
DB08527	0.037607437113003295	0.007073196107743485	-0.03053424100525981
DB06558	0.03758725594282773	0.025988533504180844	-0.011598722438646888
DB16078	0.037583123562501444	0.031921651087783845	-0.005661472474717599
DB11364	0.03758185328534426	0.009692584013711605	-0.027889269271632655
DB03341	0.037574661415423684	0.014893028655287778	-0.022681632760135906
DB15214	0.037567058854392044	0.0014664410603496547	-0.03610061779404239
DB13799	0.03756595731079207	0.017705715177500747	-0.019860242133291323
DB11698	0.037565250540042894	0.005609492988133735	-0.03195575755190916
DB12022	0.037564569238509926	0.02638033282407637	-0.011184236414433559
DB04604	0.03755320678443874	0.006163104605763858	-0.031390102178674884
DB02755	0.03755084133098556	0.022116811503731792	-0.015434029827253767
DB04560	0.037547498496361215	0.010662636417897442	-0.026884862078463773
DB01661	0.03752583692799483	0.02145368225650124	-0.016072154671493588
DB11409	0.037506798688895615	0.033993177051675816	-0.0035136216372197975
DB12401	0.037505732165467875	0.03434527623084127	-0.003160455934626605
DB08035	0.03750089938169665	0.010024148637326924	-0.027476750744369727
DB01089	0.037491303854498455	0.015986562186848026	-0.02150474166765043
DB09234	0.037477235296207584	0.025619459092427355	-0.01185777620378023
DB15479	0.037463774815453266	0.023355182100438632	-0.014108592715014634
DB11736	0.0374632431455653	0.036222408402192485	-0.0012408347433728144
DB15335	0.03745820979171665	0.023444712762637043	-0.014013497029079605
DB16826	0.03745500703778121	0.02698103702243465	-0.010473970015346556
DB00216	0.037440155301092626	0.000451212633953757	-0.03698894266713887
DB05116	0.037438496618388495	0.031772433317453275	-0.005666063300935217
DB11797	0.03743307167534082	0.007032948378865256	-0.030400123296475567
DB02220	0.03742370218743629	0.010432923189810483	-0.02699077899762581
DB01013	0.03741945201198538	0.01046769503720868	-0.026951756974776697
DB06821	0.037414975797240596	0.023978611206939032	-0.013436364590301564
DB12184	0.03740994244339185	0.02191721562378507	-0.015492726819606784
DB08882	0.03740955403784496	0.012269533838209612	-0.02514002019963535
DB16857	0.03740572410446094	0.003045685279187804	-0.03436003882527314
DB08369	0.037393833164154025	0.023418702325606833	-0.013975130838547192
DB08331	0.03738824267120128	0.0010190615434319534	-0.03636918112776932
DB08896	0.03736217492843464	0.026569798323285043	-0.010792376605149596
DB15151	0.037346100669369275	0.027130528586839286	-0.010215572082529989
DB00860	0.037335900248286695	0.007794917286810245	-0.029540982961476447
DB04004	0.03733335969397202	0.03324654061187493	-0.00408681908209709
DB09011	0.037321729813131074	0.014639769136836803	-0.02268196067629427
DB03370	0.03731950125671482	0.0351762412454345	-0.002143260011280316
DB01512	0.03731946305289052	0.02201496010820342	-0.015304502944687104
DB16129	0.037314939083365445	0.004226559120354384	-0.03308837996301106
DB02857	0.03731023364567501	0.004703234603190221	-0.03260699904248479
DB13286	0.037300647669432974	0.03184936945224759	-0.005451278217185385
DB14770	0.03729715520316351	0.03563101320235024	-0.0016661420008132755
DB08211	0.03729321702561071	0.03650359491619165	-0.0007896221094190638
DB06968	0.03729061279825557	0.013924619015546029	-0.023365993782709538
DB14978	0.03728177179658698	0.0006768189509306355	-0.03660495284565635
DB07254	0.0372793458537454	0.008421084334050675	-0.028858261519694728
DB03877	0.037270450729992306	0.032567805102426364	-0.004702645627565944
DB03348	0.03726096026331094	0.01859007003652413	-0.018670890226786807
DB17839	0.0372584801983849	0.0026177451415242414	-0.03464073505686066
DB15660	0.03724667203303049	0.03645704992361143	-0.0007896221094190638
DB14855	0.03723153376765985	0.008651345150285539	-0.02858018861737431
DB03094	0.037225698133501295	0.0020304568527919065	-0.03519524128070939
DB11337	0.037216618357930775	0.008682010086573655	-0.02853460827135712
DB15878	0.03720749719488419	0.032824897737913354	-0.004382599456970837
DB13416	0.03720368636341229	0.03585004846155104	-0.0013536379018612521
DB15916	0.03718695627203006	0.019462104162217497	-0.01772485210981256
DB17028	0.03717959248490027	0.03706678932641183	-0.00011280315848843768
DB00758	0.037176714463471205	0.004504460105465458	-0.03267225435800575
DB13970	0.03715931262151201	0.012953197640990233	-0.024206114980521776
DB15308	0.037146721277760086	0.020866667761842983	-0.016280053515917103
DB15861	0.03714313330192978	0.03142361966717591	-0.00571951363475387
DB09443	0.03713331173543802	0.024297033715002275	-0.012836278020435743
DB07784	0.03712235997247798	0.009480667400434795	-0.027641692572043186
DB11936	0.037119657051910226	0.009157590393113535	-0.02796206665879669
DB03845	0.037118170286415314	0.026918338179488438	-0.010199832106926876
DB02308	0.03711647021623496	0.02429265300981831	-0.012823817206416649
DB04331	0.03710318483634172	0.016929782771781587	-0.020173402064560135
DB19359	0.037100593343594876	0.0323720423395156	-0.004728551004079276
DB11433	0.03707701521671053	0.02398463467656703	-0.0130923805401435
DB18746	0.03706842253989972	0.0063246431094245385	-0.030743779430475182
DB15912	0.03705972161892013	0.0023143813075309798	-0.03474534031138915
DB06460	0.03705299774584698	0.017626588690114353	-0.019426409055732625
DB03163	0.03704584726340274	0.0033334428509629336	-0.033712404412439806
DB18515	0.037009601385117885	0.0006768189509306355	-0.03633278243418725
DB12411	0.036998124319574	0.0024816694867456635	-0.034516454832828336
DB00681	0.03699661526851483	0.014703563156079014	-0.02229305211243582
DB13318	0.0369954596028305	0.02527475235326007	-0.01172070724957043
DB01786	0.03698907319687189	0.03300587562082807	-0.003983197576043818
DB03111	0.03698754822755265	0.01682136031847728	-0.020166187909075373
DB08115	0.03698709296531333	0.02933320191217781	-0.00765389105313552
DB04449	0.03696631645220949	0.0005640157924421407	-0.03640230065976735
DB13527	0.03696305957618968	0.0026059719963421116	-0.03435708757984757
DB09006	0.03695123230892333	0.0038353073886069344	-0.0331159249203164
DB01664	0.03694298983383504	0.03156188567454643	-0.005381104159288608
DB00310	0.03693781003199314	0.007569310969833369	-0.02936849906215977
DB03668	0.03693128036169349	0.000956910288633761	-0.03597437007305973
DB18707	0.03693074550815359	0.018532025692835963	-0.018398719815317627
DB03013	0.03692951343482062	0.029232993281093522	-0.007696520153727095
DB15078	0.036918539386296356	0.0077779420542221644	-0.029140597332074192
DB07001	0.03690908393978723	0.03476582392850691	-0.002143260011280316
DB13821	0.036894951708455914	0.03421358128124674	-0.002681370427209173
DB13795	0.036885884667493665	0.013939951483690094	-0.02294593318380357
DB01111	0.03688171408334322	0.003158488437676299	-0.03372322564566692
DB08640	0.0368719148024155	0.025315821464360178	-0.011556093338055323
DB02176	0.036861542464123764	0.026647282046227405	-0.01021426041789636
DB04410	0.03685544577049919	0.011431450177692357	-0.025423995592806836
DB03076	0.03685499687556398	0.03235041260766952	-0.0045045842678944625
DB07997	0.03685264097306662	0.02865309743235911	-0.008199543540707512
DB19374	0.03683892261649857	0.021207815178048373	-0.015631107438450198
DB14900	0.03682963908719861	0.015317683264063464	-0.021511955823135143
DB15163	0.0368223771769335	0.018366927866213262	-0.018455449310720233
DB00471	0.0368163855438256	0.003994929333749453	-0.03282145621007615
DB00433	0.03681486375815858	0.03572519836380661	-0.0010896653943519713
DB19382	0.03679845203197862	0.017414672076837556	-0.019383779955141067
DB03177	0.03679321174074836	0.019025402614185838	-0.01776780912656252
DB06266	0.03679157852726045	0.020664333941156188	-0.01612724458610426
DB12749	0.0367858766064867	0.030017687097180445	-0.00676818950930626
DB06950	0.03678094831315475	0.032268821973617245	-0.0045121263395375075
DB11248	0.03676812774645702	0.009466156314512725	-0.027301971431944294
DB03664	0.036762604110196745	0.030896839868797987	-0.005865764241398759
DB12745	0.03675822340501265	0.03506617602768608	-0.001692047377326565
DB01421	0.036756953127855374	0.021889562422310938	-0.014867390705544437
DB07380	0.036729713801144204	0.0016298961225282849	-0.03509981767861592
DB00570	0.03672093328886408	0.0009062583849435155	-0.03581467490392057
DB05928	0.03672018194698656	0.00579211363549248	-0.030928068311494084
DB13026	0.03670843427102077	0.031597205110092674	-0.005111229160928099
DB18068	0.03670448654251182	0.005251096545266374	-0.03145338999724545
DB04054	0.036702076517930206	0.01946155657406945	-0.017240519943860756
DB07196	0.0366931622922651	0.0010152284263958977	-0.035677933865869205
DB04394	0.036647798434585654	0.02498480442889295	-0.011662994005692706
DB14736	0.03664741957999482	0.0275529928430229	-0.009094426736971917
DB19042	0.03664208696285587	0.0026919433355784284	-0.03395014362727744
DB00483	0.03664192459660261	0.03094995591915406	-0.005691968677448551
DB15764	0.036639384042288045	0.006768189509306244	-0.0298711945329818
DB11770	0.03662147918330927	0.005453704160027217	-0.03116777502328205
DB02773	0.036619072342379586	0.03238436307284563	-0.004234709269533954
DB06182	0.03660468860253854	0.0240317272572953	-0.012572961345243248
DB17506	0.036598037953461886	0.0030026996095696493	-0.033595338343892236
DB02327	0.036591836199320577	0.0029328821206994204	-0.033658954078621156
DB02623	0.03658096721131315	0.02030812785088082	-0.016272839360432334
DB01035	0.036569598389938084	0.03192630558704187	-0.004643292802896215
DB04588	0.03656478470807885	0.024168898088369778	-0.01239588661970907
DB07022	0.036557850713972176	0.013625362092662869	-0.022932488621309307
DB00248	0.036556163378399925	0.030803202295489607	-0.005752961082910322
DB12228	0.036547879515835296	0.020352756284942958	-0.01619512323089234
DB12112	0.036526714597184595	0.0240114664958192	-0.012515248101365395
DB00462	0.03652576905253377	0.03091217233694199	-0.005613596715591779
DB01083	0.03652238801408503	0.009737212447773813	-0.026785175566311215
DB17131	0.036519137505369226	0.035555719831999955	-0.0009634176733692712
DB14909	0.03650243606685512	0.033846971016159313	-0.0026554650506958044
DB07787	0.03648394541590401	0.0309047798969439	-0.0055791655189601115
DB07494	0.0364570403726554	0.011381619656224196	-0.025075420716431207
DB08691	0.03644833308437177	0.028518664542024674	-0.007929668542347095
DB17062	0.03643938383853434	0.01558162075140046	-0.020857763087133878
DB00196	0.03643652173536538	0.025638898471681437	-0.010797623263683942
DB02210	0.03642611437690137	0.026275469693733955	-0.010150644683167412
DB00359	0.03642536621867587	0.01878282106462087	-0.017642545154055
DB13584	0.03641331291211579	0.016849834902173372	-0.019563478009942417
DB03083	0.03640866796381381	0.018457553704707585	-0.017951114259106227
DB11269	0.03640862339268555	0.012596991550714892	-0.02381163184197066
DB11476	0.03638383866168435	0.020563851515997794	-0.015819987145686554
DB07530	0.03637969991405414	0.02037411222271507	-0.01600558769133907
DB08497	0.03637933379407143	0.03228333305953923	-0.004096000734532201
DB09194	0.03635984666003702	0.00401026180189356	-0.03234958485814346
DB13069	0.03635187161171873	0.03345407651996779	-0.002897795091750942
DB00755	0.0363441894593866	0.014064253993286563	-0.022279935466100034
DB16426	0.036342947835097505	0.0028200789622109257	-0.03352286887288658
DB08481	0.03633094228331779	0.01862183014910823	-0.01770911213420956
DB04815	0.036326844923163834	0.0013919690722214023	-0.03493487585094243
DB00962	0.036322827154310566	0.0055511748503715985	-0.030771652303938968
DB12493	0.036315905894811845	0.005702309179220125	-0.030613596715591718
DB02093	0.03628519002009148	0.03170288962265702	-0.004582300397434458
DB11577	0.03626961877804558	0.0056478241584939125	-0.030621794619551668
DB08607	0.03624850161417523	0.014097109282166675	-0.02215139233200855
DB02674	0.03622864199285414	0.03244514535727394	-0.003783496635580197
DB04144	0.03622280954234747	0.03059183327036069	-0.00563097627198678
DB14768	0.03622245297332087	0.01915572859341033	-0.017066724379910542
DB09221	0.03622175575352776	0.028750841916777542	-0.00747091383675022
DB14556	0.03620704728118032	0.010162962232845435	-0.026044085048334886
DB04885	0.03618416000678504	0.026412914318882486	-0.009771245687902552
DB02483	0.0361670828973322	0.002936715237735394	-0.033230367659596804
DB02014	0.03616428446720371	0.0038897924093330705	-0.03227449205787064
DB08564	0.036126265294741854	0.013487917467514321	-0.022638347827227533
DB03268	0.03611302448597713	0.02915989026333514	-0.006953134222641988
DB00559	0.036107570890061225	0.01385288496815773	-0.022254685921903494
DB12958	0.036082983545485545	0.009654252843351458	-0.026428730702134084
DB02582	0.03607841818848422	0.0175636160530942	-0.018514802135390022
DB02033	0.03606480807608475	0.03372184712434084	-0.002342960951743911
DB04287	0.036060443289160804	0.0063991150975528654	-0.02966132819160794
DB08728	0.03605133486072232	0.009031371324999093	-0.027019963535723224
DB07296	0.036028014609651784	0.033207935647440845	-0.0028200789622109417
DB02275	0.03601356401311817	0.009620576172249318	-0.026392987840868853
DB02395	0.03600392073113968	0.03273262913497499	-0.0032712915961646927
DB16059	0.03600138336047714	0.002489335720817658	-0.03351204763965948
DB13048	0.03599359296397614	0.010370224346864187	-0.025623368617111952
DB16635	0.03598704100811234	0.02021558545386848	-0.015771455554243863
DB17731	0.03596608939414725	0.011153001604433332	-0.024813087789713917
DB02579	0.035954096576975514	0.022562000668057525	-0.01339209590891799
DB04890	0.035953240174581236	0.02750644785044265	-0.008446792324138586
DB07111	0.03591332354551366	0.012662428334401232	-0.023250895211112427
DB02153	0.03591293513996674	0.024813956926716285	-0.011098978213250454
DB03588	0.0359101430771423	0.010400889283152356	-0.02550925379398994
DB12284	0.035899608372597314	0.02405691631210334	-0.011842692060493973
DB04120	0.03587963095615132	0.004103899375201947	-0.03177573158094937
DB03237	0.035879092918959375	0.030335014428947704	-0.005544078490011673
DB07215	0.03586623096478528	0.002660457017068322	-0.033205773947716954
DB06973	0.03585887354495957	0.027459629063788515	-0.008399244481171055
DB01610	0.035855489322858924	0.003321943499854929	-0.032533545823003995
DB11153	0.0358538115382426	0.009421801674524555	-0.026432009863718048
DB06771	0.03584391993140625	0.03198270716628604	-0.003861212765120214
DB08383	0.03583885474103727	0.012166587266385205	-0.023672267474652064
DB18689	0.03583481468661978	0.01792173870188754	-0.01791307598473224
DB15012	0.03582296513378921	0.030278886643777536	-0.005544078490011673
DB17100	0.0358188805082433	0.015819274007633378	-0.01999960650060992
DB02317	0.03581324544416209	0.016380278065261544	-0.019432967378900545
DB13691	0.035801227157774285	0.025379067895454466	-0.010422159262319819
DB04090	0.035798135831659694	0.0322441805069571	-0.0035539553247025957
DB06624	0.035792586726183184	0.008596860129559403	-0.02719572659662378
DB16279	0.03577911351082064	0.012501985007036476	-0.02327712850378416
DB04431	0.035773497548651584	0.006022648245801343	-0.02975084930285024
DB18966	0.03577071503678325	0.01544417612625193	-0.020326538910531322
DB02077	0.03577050809940174	0.0022522300527327843	-0.03351827804666896
DB06075	0.03577000826603413	0.012061997930116808	-0.023708010335917323
DB07087	0.03575510559091319	0.01788039579671337	-0.01787470979419982
DB16876	0.035746630709227296	0.0200781408287199	-0.015668489880507397
DB16306	0.035745873000045725	0.008547850990313077	-0.027198022009732647
DB01118	0.035742721184542664	0.033937870648727664	-0.0018048505358150028
DB06250	0.035742256371347286	0.0028745639829371727	-0.032867692388410114
DB19090	0.03573958210364778	0.001353637901861271	-0.034385944201786506
DB07105	0.03573395659052254	0.0020887749905541043	-0.03364518159996843
DB11332	0.0357305437155537	0.0321382222003187	-0.003592321515235003
DB13136	0.035729852863064654	0.0334737896932959	-0.0022560631697687537
DB07470	0.035724962773556856	0.024295117156484247	-0.01142984561707261
DB14640	0.03572433877776027	0.020645442150050042	-0.015078896627710225
DB01936	0.035712457388409516	0.022862078973162725	-0.012850378415246791
DB07195	0.03569464803899133	0.008652714120655575	-0.02704193391833576
DB07485	0.03566000672132619	0.008826299563572282	-0.026833707157753905
DB04388	0.0356556005469259	0.013828517295571607	-0.021827083251354296
DB04441	0.03563144299537339	0.001983638066137697	-0.03364780492923569
DB04376	0.03560408905718948	0.0272373082756997	-0.00836678078148978
DB16623	0.035596636127803005	0.02037411222271507	-0.015222523905087937
DB02743	0.03559466226354855	0.027308220940865935	-0.008286441322682617
DB15257	0.03559053306687443	0.028787256528619687	-0.006803276538254743
DB17706	0.0355862192183829	0.009246025879015907	-0.02634019333936699
DB17140	0.0355673242436248	0.033675575925834644	-0.001891748317790154
DB07844	0.035553790538873906	0.02091102240183118	-0.014642768137042725
DB00476	0.03555286091248305	0.003510861410915611	-0.03204199950156744
DB03859	0.03554816184209675	0.014143106686598905	-0.021405055155497843
DB07314	0.03553197615521053	0.014364332298391735	-0.021167643856818796
DB12641	0.03551875763200979	0.03168345024340291	-0.003835307388606881
DB08154	0.035498331320628615	0.012485831156670443	-0.02301250016395817
DB07099	0.03549303054000985	0.01945169998740548	-0.01604133055260437
DB00225	0.03548806085920142	0.00693246595370689	-0.02855559490549453
DB13694	0.03545300566677322	0.030524753722230402	-0.004928251944542819
DB01126	0.035444935108894196	0.02531691664065623	-0.010128018468237965
DB01411	0.035420643843956726	0.0047453988905864115	-0.030675244953370318
DB15318	0.03542028409127812	0.015501672881792161	-0.01991861120948596
DB02991	0.0354114685588256	0.02454563873419524	-0.010865829824630358
DB01582	0.03540414297552018	0.03283557570679939	-0.0025685672687207894
DB19164	0.03540150054434088	0.0015792442188381495	-0.03382225632550273
DB15964	0.03539416222642715	0.0026996095696504296	-0.03269455265677672
DB13460	0.03537699279106565	0.02246398238956515	-0.012913010401500502
DB03373	0.03537559516782751	0.000902425267907514	-0.03447316989992
DB07042	0.03536003984404179	0.012024214347904572	-0.02333582549613722
DB14683	0.035331482485392994	0.032737009840158926	-0.0025944726452340667
DB17148	0.03532943858079418	0.005512022297789354	-0.029817416283004827
DB15819	0.03532439885964134	0.029533071586198556	-0.005791327273442781
DB07427	0.03532023782644694	0.024876108181514534	-0.01044412964493241
DB03300	0.03531245379725	0.007464174045416959	-0.027848279751833044
DB09064	0.03530757007504626	0.02161084005497782	-0.013696730020068437
DB13536	0.03530341222550395	0.019521791270349753	-0.015781620955154195
DB18911	0.03529633178340419	0.031999134810726165	-0.0032971969726780254
DB12659	0.03529534485127703	0.006362974279784689	-0.02893237057149234
DB04873	0.03528650384960835	0.011473888259162512	-0.02381261559044584
DB15589	0.03528268665083248	0.011591072122834972	-0.023691614527997507
DB18823	0.03527813721209122	0.004590431444701837	-0.030687705767389384
DB15597	0.03527608057288423	0.017065584632486308	-0.01821049594039792
DB13551	0.035274619276605496	0.006215673067972117	-0.029058946208633377
DB08004	0.03526038835206158	0.0013259847003871394	-0.03393440365167444
DB00299	0.03525298317745529	0.0070367814959012565	-0.028216201681554032
DB04630	0.03525033437897196	0.003498540677585482	-0.03175179370138648
DB00992	0.03523317767821866	0.0006806520679666405	-0.034552525610252016
DB02198	0.03523283066014815	0.028420372469458277	-0.006812458190689874
DB16939	0.03522028388752446	0.01235796932411204	-0.022862314563412423
DB11175	0.0352067756519896	0.012494318772964474	-0.022712456879025122
DB11521	0.03520205111238715	0.00591094026360893	-0.029291110848778223
DB01892	0.03518917323995302	0.024477464009768968	-0.010711709230184052
DB03624	0.035183337605794285	0.024822170748936223	-0.010361166856858062
DB19355	0.03517131295210247	0.03156161188047246	-0.0036097010716300056
DB14518	0.03517007132781341	0.013521046550468485	-0.021649024777344927
DB01789	0.03516707232760746	0.022097645918551734	-0.013069426409055729
DB13398	0.035163646718030454	0.034599630925588265	-0.0005640157924421884
DB08397	0.03514209339383301	0.009998138200296824	-0.025143955193536183
DB01010	0.03513105567226826	0.01566759209063684	-0.019463463581631424
DB12068	0.03509941653846105	0.01739030440425149	-0.01770911213420956
DB00889	0.035096019581752194	0.03193753114407594	-0.003158488437676255
DB07714	0.035084730351677695	0.032316462142493396	-0.002768268209184299
DB09502	0.03508001854668323	0.01070863382232956	-0.02437138472435367
DB07975	0.035067767853697585	0.029683384532825152	-0.005384383320872432
DB03230	0.0350667554523543	0.004823703995750717	-0.03024305145660358
DB06801	0.035050022177320006	0.03087630531324781	-0.004173716864072194
DB04656	0.0350446768255729	0.0017503655150887913	-0.033294311310484104
DB02438	0.03504361985310119	0.0309568007710041	-0.00408681908209709
DB13596	0.03504342883397987	0.028743175682705513	-0.00630025315127436
DB12193	0.03503699148958875	0.02130419069209666	-0.01373280079749209
DB02837	0.035032142787557286	0.002925215886627308	-0.03210692690092998
DB17822	0.03502592829880792	0.012719103707719347	-0.02230682459108857
DB07609	0.03502558128073735	0.01961844057847212	-0.015407140702265232
DB00147	0.035021913713606564	0.012960042492840287	-0.022061871220766277
DB11502	0.0349658082140005	0.010320941413544032	-0.024644866800456466
DB14498	0.034958288427921605	0.010388842343896365	-0.02456944608402524
DB00156	0.03494005883643631	0.0272937098549439	-0.007646348981492412
DB12757	0.0349396003905449	0.015494828029942065	-0.019444772360602842
DB05039	0.03491641066920749	0.03198352854850811	-0.0029328821206993797
DB09090	0.034907916685609386	0.010567356080145002	-0.024340560605464384
DB00832	0.034888795671557574	0.012263236574507577	-0.022625559097049996
DB12267	0.034886592584357536	0.007911553562334694	-0.02697503902202284
DB06374	0.03484545661656491	0.030706826781441154	-0.004138629835123756
DB19372	0.03483647553420728	0.011831189525733907	-0.023005286008473375
DB03966	0.03481900046825144	0.02596690377233475	-0.008852096695916689
DB05169	0.03480745017871101	0.024857490184482356	-0.009949959994228652
DB09015	0.03480007047332125	0.03286569305493958	-0.0019343774183816689
DB08097	0.034797310247017064	0.032202837601782996	-0.0025944726452340667
DB16285	0.03478962491103278	0.020256380770894533	-0.014533244140138249
DB08033	0.03478918238340155	0.03178776578559728	-0.003001416597804271
DB01232	0.03477349016257892	0.0018631686735772288	-0.03291032148900169
DB08280	0.03476539413548371	0.008514721907359024	-0.02625067222812469
DB12177	0.03475915417751818	0.012063093106412848	-0.022696061071105333
DB16911	0.03474747654189679	0.0028507438984990557	-0.031896732643397735
DB13360	0.03473633375981533	0.023609810589259594	-0.011126523170555735
DB16097	0.03472839691532137	0.030484505993352284	-0.004243890921969085
DB07207	0.0347144143156352	0.0019214868113394548	-0.032792927504295744
DB07365	0.03471368525932195	0.0030963371828780506	-0.031617348076443896
DB11397	0.0347124340840767	0.03403561513314607	-0.0006768189509306261
DB08950	0.034693698291919754	0.008490901822920942	-0.026202796468998812
DB04780	0.03469092851465952	0.004974838324599303	-0.029716090190060218
DB07496	0.03468728960039694	0.01829738417141702	-0.01638990542897992
DB04034	0.034677872357712136	0.030781572563643445	-0.0038962997940686916
DB00416	0.03465479088054338	0.014810616639013452	-0.019844174241529927
DB14501	0.03464706734073497	0.010035647988434926	-0.024611419352300046
DB04821	0.03464631599885748	0.005333234767466721	-0.02931308123139076
DB03442	0.034602387968240444	0.03390720571243955	-0.0006951822558008969
DB00116	0.03459990471966223	0.026703683625471597	-0.007896221094190638
DB12676	0.034592512279664214	0.031546827000476396	-0.003045685279187817
DB11886	0.03456947218997186	0.03031803919635967	-0.004251432993612194
DB01123	0.034562942519672096	0.02756914669338896	-0.006993795826283136
DB13725	0.03456127746966403	0.024538520088271232	-0.0100227573813928
DB19437	0.0345598257243413	0.0250584550347992	-0.009501370689542097
DB18907	0.034558676425960916	0.002045789320935937	-0.03251288710502498
DB13936	0.03454356681345857	0.025354700222868454	-0.009188866590590117
DB15206	0.03454240796412211	0.034316801647145234	-0.00022560631697687535
DB12107	0.03453553764305578	0.023044699620521414	-0.011490838022534366
DB09116	0.03453380573635518	0.005033156462361528	-0.02950064927399365
DB07429	0.034521106148434344	0.018812938412760993	-0.01570816773567335
DB13306	0.03449986800578715	0.015524671584008276	-0.018975196421778875
DB07916	0.03449476142794178	0.0023143813075309798	-0.0321803801204108
DB00250	0.034472590475251655	0.031652511513040715	-0.0028200789622109417
DB03989	0.03446913939645857	0.00900317053537697	-0.0254659688610816
DB07381	0.034453552236152596	0.0026804439844704264	-0.03177310825168217
DB00231	0.03444875128890152	0.00547670286224325	-0.02897204842665827
DB13312	0.03443333286215278	0.028767269561217557	-0.005666063300935217
DB05710	0.034432256787768956	0.02998866492533636	-0.004443591862432594
DB06329	0.0344298499468394	0.006016898570247342	-0.028412951376592055
DB14159	0.034420942088478346	0.004353325776616956	-0.03006761631186139
DB16107	0.03441629077287223	0.022032209134865477	-0.01238408163800675
DB09027	0.03439704878004369	0.016559065595584288	-0.0178379831844594
DB02343	0.03439156653125963	0.028394635826502146	-0.005996930704757486
DB16039	0.034388959120252444	0.009959533235862655	-0.024429425884389788
DB01127	0.034383973521184164	0.031555040822696445	-0.0028289326984877183
DB13232	0.03438032187231341	0.03031940816672965	-0.0040609137055837565
DB13609	0.0343799653032868	0.0204625477086174	-0.013917417594669395
DB03673	0.03437807103033291	0.023292209463418367	-0.011085861566914545
DB01701	0.03436800432263537	0.006281657439806371	-0.028086346882829002
DB16650	0.0343655147067532	0.032238978419551034	-0.002126536287202163
DB08761	0.0343643526737647	0.0037769892508446867	-0.03058736342292001
DB12585	0.03436266215454031	0.000902425267907514	-0.0334602368866328
DB19241	0.03435613248424062	0.010646482567531312	-0.023709649916709305
DB03693	0.03434737425752455	0.005535021000005475	-0.028812353257519074
DB14596	0.03433406022476328	0.01482403254863951	-0.019510027676123767
DB03659	0.03431926579381116	0.03341684052590366	-0.0009024252679075014
DB04434	0.0343125196351739	0.021024373148467612	-0.013288146486706287
DB13838	0.03429027227483529	0.005850431773254727	-0.028439840501580563
DB03138	0.03428428382537947	0.0075263253002152	-0.02675795852516427
DB13750	0.03428368529879905	0.021289679606174616	-0.012994005692624433
DB04018	0.03426031729294833	0.008385764898504539	-0.02587455239444379
DB00650	0.03423878307066294	0.0023220475416030097	-0.031916735529059936
DB08785	0.034227560697280945	0.0029328821206994204	-0.031294678576581525
DB02466	0.034223606601468004	0.02802172829771271	-0.006201878303755293
DB00444	0.03422154359495695	0.028000646154014652	-0.006220897440942301
DB08745	0.03421414478765483	0.012112923627880967	-0.022101221159773865
DB03168	0.034207978053685834	0.012681593919581235	-0.021526384134104598
DB07140	0.03419136575742838	0.019338075446695024	-0.014853290310733354
DB04210	0.0341859503653368	0.028529068716836692	-0.005656881648500112
DB01574	0.03417807401023123	0.00579594675252848	-0.028382127257702748
DB02741	0.03416429834792652	0.02728330568013182	-0.006880992667794698
DB17050	0.03413002633389606	0.016085128053488384	-0.018044898280407673
DB18308	0.03412759720740244	0.0026489576659602942	-0.031478639541442144
DB01627	0.034121344514828594	0.0037654898997365738	-0.03035585461509202
DB12290	0.034103878999828974	0.022164451672608	-0.011939427327220975
DB00925	0.034100940489011494	0.024624491427507555	-0.009476449061503939
DB03721	0.03407739101499534	0.016449274171909823	-0.017628116843085517
DB16766	0.03407033604211181	0.0024310175830554327	-0.031639318459056376
DB13918	0.03404071216003526	0.030179499394915044	-0.003861212765120214
DB07096	0.034033698574628055	0.025347855371018357	-0.0086858432036097
DB04502	0.03403266707137258	0.03003274577125059	-0.003999921300121985
DB00976	0.03401593061268615	0.004730066422442336	-0.029285864190243815
DB04866	0.034000295697599936	0.0261040746034093	-0.007896221094190638
DB01248	0.034000190637083164	0.027544505226728883	-0.006455685410354281
DB01217	0.03399805440657544	0.003345763584292949	-0.03065229082228249
DB08966	0.03399761824624836	0.00737902408840263	-0.026618594157845732
DB03364	0.03398767570097967	0.024640097689725596	-0.009347578011254076
DB02963	0.03398681293128131	0.019964790082083406	-0.014022022849197902
DB04312	0.033971356300708425	0.0037263373471544577	-0.03024501895355397
DB01709	0.033970003248598515	0.0035075758820276165	-0.0304624273665709
DB02096	0.0339471860145477	0.0015477579003280069	-0.0323994281142197
DB08722	0.033944193381645886	0.021746368121608378	-0.012197825260037508
DB12116	0.03393249346046043	0.009815243758864084	-0.024117249701596344
DB07295	0.03392965682650764	0.031673593656738885	-0.0022560631697687537
DB15980	0.03392907740183941	0.003286624064308751	-0.030642453337530656
DB03491	0.033925307957843875	0.014849769191595641	-0.019075538766248235
DB03703	0.03389992788391441	0.01610785296163053	-0.01779207492228388
DB08962	0.03389695116927252	0.02734682590530002	-0.006550125263972504
DB19445	0.03389513012031531	0.022628258833965798	-0.011266871286349511
DB07134	0.033888275717509186	0.013112819586132862	-0.020775456131376324
DB07370	0.0338867825847103	0.02252284811547539	-0.011363934469234907
DB02947	0.03387005567698009	0.023705638515160055	-0.010164417161820039
DB04343	0.03386147573477738	0.015809691215043387	-0.018051784519733993
DB17147	0.03385997623467438	0.02631626501076012	-0.007543711223914257
DB11367	0.033839737758762506	0.0027034426866865413	-0.031136295072075965
DB04951	0.033830944511874184	0.01232292368263982	-0.021508020829234364
DB03532	0.03382260334357328	0.02953608332101265	-0.004286520022560632
DB07322	0.0338157393898111	0.01905688893269597	-0.014758850457115127
DB11505	0.03381483523263645	0.023920293069176812	-0.009894542163459641
DB00169	0.03381008522381773	0.015829130594297414	-0.017980954629520318
DB01050	0.03380900914943387	0.005826611688816607	-0.02798239746061726
DB13952	0.033806771042061506	0.006025386186541359	-0.027781384855520147
DB00429	0.03380443424147644	0.009641932110021408	-0.02416250213145503
DB06403	0.033802845599116824	0.020638323504126074	-0.01316452209499075
DB07440	0.033799423173191845	0.015375453813677664	-0.01842396935951418
DB08119	0.03378822945267801	0.021274620932104527	-0.012513608520573483
DB06587	0.03378717566385825	0.01729036956724106	-0.01649680609661719
DB12444	0.033784253071301	0.02173267841790838	-0.01205157465339262
DB01055	0.03377336816503339	0.006725203839688092	-0.027048164325345292
DB13630	0.033772530864551224	0.011482102081382554	-0.02229042878316867
DB02911	0.03377003488136499	0.030385940126711863	-0.00338409475465313
DB05266	0.033767494327050465	0.004624929498025954	-0.02914256482902451
DB08791	0.03376510658803294	0.03320109079559075	-0.0005640157924421884
DB05462	0.03376281117492422	0.030578417360734633	-0.003184393814189588
DB14568	0.03375779055568354	0.025252301239191977	-0.00850548931649156
DB07419	0.03375722704927542	0.0009062583849435155	-0.0328509686643319
DB13097	0.03374987918040573	0.032647752972034705	-0.0011021262083710237
DB00368	0.03374553667904606	0.013232741390545422	-0.02051279528850064
DB02660	0.0337306467385331	0.02794095904588234	-0.005789687692650758
DB11109	0.03372842454942082	0.021041348381055536	-0.012687076168365286
DB00442	0.03372650480725088	0.007670614777213758	-0.026055890030037124
DB06345	0.03371689654544466	0.0068018661804084	-0.026915030365036258
DB00353	0.03370650192158865	0.0014664410603496547	-0.032240060861239
DB14981	0.03370577923257945	0.022864543119828773	-0.010841236112750674
DB13747	0.033697654552615974	0.00984536110700418	-0.023852293445611794
DB08906	0.03369089565937074	0.01010847721211923	-0.023582418447251507
DB06276	0.03368590369299804	0.011960146534588406	-0.02172575715840963
DB03800	0.03368273914288701	0.006266324971662313	-0.0274164141712247
DB00306	0.03368080666610884	0.012319364359677842	-0.021361442306431
DB01446	0.0336690685410991	0.028202706180627424	-0.005466362360471674
DB04889	0.03366068598532192	0.029348260586247954	-0.004312425399073965
DB14714	0.03365842877603731	0.0021824125638624237	-0.031476016212174884
DB07556	0.033652179267115584	0.030486148757796205	-0.003166030509319375
DB15382	0.03364881414692705	0.017046419047306083	-0.01660239509962097
DB01768	0.033607948789556495	0.030900672985833988	-0.0027072758037225042
DB03837	0.033597961673159454	0.006204173716864103	-0.02739378795629535
DB17306	0.03358602934537619	0.016347148982307422	-0.017238880363068768
DB18807	0.033578331274783935	0.02300664224423521	-0.010571689030548725
DB00861	0.03357345073623222	0.0314301907249519	-0.002143260011280316
DB05296	0.033561031309689474	0.004858202049074849	-0.028702829260614626
DB15056	0.03355255642800359	0.02741691718824435	-0.0061356392397592385
DB16187	0.03355095186738383	0.025122522848115503	-0.008428429019268324
DB03541	0.03354142956418224	0.008167277227451697	-0.025374152336730543
DB12925	0.03353957986235667	0.025345938812500357	-0.008193641049856315
DB18904	0.0335235788272877	0.02679047634692988	-0.0067331024803578225
DB19158	0.03352275744506575	0.027353670757150117	-0.006169086687915633
DB02078	0.03351595398069204	0.027537386580804846	-0.005978567399887197
DB02633	0.03349781034781141	0.02003652412947171	-0.013461286218339696
DB12448	0.03347744770947059	0.009331997218252175	-0.024145450491218412
DB00837	0.03347267859873977	0.027288507767537884	-0.006184170831201888
DB15340	0.03346311172440984	0.03267348961499078	-0.0007896221094190638
DB12402	0.033457362048855764	0.026914778856526378	-0.006542583192329385
DB06121	0.033455092104963224	0.005974734282851224	-0.027480357822112
DB04772	0.033454057418055655	0.020048844862801785	-0.01340521255525387
DB04527	0.033452847630286886	0.019114385688236202	-0.014338461942050684
DB03347	0.03343983922811978	0.03016854763195509	-0.0032712915961646927
DB16913	0.03342568471122431	0.02816656536285922	-0.005259119348365093
DB03502	0.03340260323405561	0.03159775269824061	-0.0018048505358150028
DB18578	0.03339293129920898	0.025027790098511193	-0.008365141200697784
DB02724	0.03334723952537094	0.018145702254420415	-0.015201537270950527
DB17760	0.03333464499796687	0.00428652002256058	-0.029048124975406292
DB12443	0.03333158232472058	0.007049102229231385	-0.026282480095489197
DB07846	0.03332638023731449	0.017308987564273126	-0.016017392673041364
DB16227	0.033319267958694665	0.008534708874761154	-0.02478455908393351
DB13767	0.033308965660747224	0.030940099332490034	-0.0023688663282571912
DB13538	0.03330359483978407	0.030960633888040157	-0.002342960951743911
DB06823	0.0332810386651992	0.03249141655578014	-0.0007896221094190638
DB16293	0.033260905249804004	0.018380069981765335	-0.01488083526803867
DB02474	0.0332328318062628	0.004204381800360313	-0.029028450005902484
DB08942	0.03323257711410092	0.031991742370728105	-0.0012408347433728144
DB09472	0.0332299187646615	0.01649143845930598	-0.01673848030535552
DB08278	0.033229734112844155	0.013576079159342669	-0.019653654953501486
DB11581	0.03322719037487753	0.0038314742715708228	-0.029395716103306706
DB12705	0.033213016756069996	0.02339323947672478	-0.009819777279345215
DB14048	0.03319826371259421	0.017359913262037396	-0.015838350450556815
DB16177	0.03319606062539405	0.004406989415121098	-0.02878907121027295
DB00185	0.03318790092525836	0.024082652955059403	-0.00910524797019896
DB08166	0.03318718141990118	0.017450812894605705	-0.015736368525295474
DB07308	0.03316992920958705	0.0015830773358741419	-0.03158685187371291
DB08974	0.03316221203708269	0.0325981962446405	-0.0005640157924421884
DB03449	0.03314671401903336	0.0242628094557521	-0.00888390456328126
DB13818	0.033117348012770664	0.01785219500709123	-0.015265153005679433
DB03653	0.033079252432660265	0.022701361851724	-0.010377890580936267
DB01544	0.03307857431477934	0.016034476149798138	-0.017044098164981203
DB01202	0.033078456519654485	0.028664049195319175	-0.004414407324335311
DB02053	0.03306607211328404	0.012911033353594115	-0.020155038759689922
DB07054	0.03305185710700009	0.005181279056396093	-0.027870578050604
DB03975	0.03304970177458045	0.019156549975632327	-0.013893151798948122
DB08948	0.03303388539132884	0.022360214435518777	-0.010673670955810066
DB04015	0.03302847318288926	0.026476708338124766	-0.006551764844764496
DB12178	0.03302565246719659	0.022821557450210528	-0.010204095016986058
DB09480	0.0330235862770335	0.023165442807155823	-0.009858143469877678
DB17390	0.03301257402468495	0.028396826179094115	-0.00461574784559084
DB01503	0.033000269209615046	0.018607045269112193	-0.014393223940502853
DB15328	0.03299983623293992	0.013730499017079276	-0.019269337215860646
DB09145	0.03299944146008904	0.010199103050613556	-0.022800338409475485
DB13949	0.03298764921299485	0.005439740662253112	-0.02754790855074174
DB05869	0.03297994159144657	0.006877159550758738	-0.026102782040687833
DB14755	0.03297658920586603	0.010646482567531312	-0.02233010663833472
DB15822	0.032957961657877954	0.032845158499389515	-0.00011280315848843768
DB18510	0.03295087484847404	0.021066537435863737	-0.011884337412610302
DB00973	0.03293984349421346	0.014612937317584687	-0.01832690617662877
DB17066	0.03293224093318192	0.024903213794840617	-0.008029027138341305
DB04150	0.03292259446755136	0.01828999173141893	-0.014632602736132427
DB07304	0.03291415142238574	0.017909691762631574	-0.015004459659754166
DB00275	0.032913817138923274	0.029807139454273712	-0.0031066776846495614
DB07589	0.03290934410783053	0.017967188518171695	-0.014942155589658834
DB14850	0.03288946538459725	0.01165787787689121	-0.02123158750770604
DB08145	0.032871885258124706	0.025513774579862925	-0.007358110678261783
DB17692	0.03285412366348703	0.006196507482792102	-0.026657616180694926
DB05817	0.032850058139853255	0.0045781107113717625	-0.028271947428481492
DB16312	0.03284636191985424	0.009946664914384562	-0.022899697005469677
DB01150	0.03283475432457742	0.025164139547363656	-0.007670614777213762
DB19138	0.03282745102683606	0.029150855058893144	-0.003676595967942918
DB01231	0.032823898071178026	0.01332993828681572	-0.019493959784362302
DB07526	0.03282380256161737	0.03237258992766362	-0.0004512126339537507
DB15925	0.03281926267383217	0.004169883747036196	-0.028649378926795976
DB11758	0.032818839248113144	0.011537408484330824	-0.02128143076378232
DB12531	0.032793755253821846	0.021464907813535383	-0.011328847440286463
DB04298	0.032783510261610915	0.025146342932553523	-0.007637167329057393
DB06505	0.03277817127716784	0.0023688663282571687	-0.03040930494891067
DB04764	0.03276677698657658	0.010279598508369889	-0.022487178478206693
DB02337	0.03276146347134978	0.018620734972812247	-0.014140728498537536
DB15132	0.032753816339189945	0.03153888697233043	-0.0012149293668595185
DB01812	0.032742858208925696	0.007779584818666141	-0.024963273390259555
DB19312	0.032708325135429386	0.02667794698251552	-0.006030378152913863
DB12154	0.032700127231469533	0.003158488437676299	-0.029541638793793235
DB05714	0.03268842412663192	0.009810041671458047	-0.022878382455173873
DB11093	0.03267766975009734	0.017599756870862238	-0.0150779128792351
DB16408	0.03266695994469104	0.027894140259228206	-0.004772819685462837
DB02789	0.03265909314054152	0.007196403441043886	-0.025462689699497637
DB07194	0.03265175482262794	0.03127221154425336	-0.001379543278374585
DB18981	0.03264590963751324	0.019006237029005724	-0.013639672608507514
DB03206	0.032641051384525666	0.022252339570362323	-0.010388711814163343
DB14581	0.03263659108804108	0.026831819252104094	-0.005804771835936988
DB05590	0.03263377037234847	0.013362793575695836	-0.019270976796652635
DB09247	0.03262675041963714	0.014732037739775161	-0.01789471267986198
DB03226	0.03262210865498727	0.01242148954928013	-0.02020061910570714
DB00272	0.0325955920172854	0.0253604498984224	-0.007235142118863003
DB09173	0.03259313423792359	0.019721113356222564	-0.01287202088170103
DB03129	0.03257902429215635	0.0021470931283163303	-0.03043193116384002
DB13467	0.032535083526931186	0.02927625274478557	-0.0032588307821456164
DB13679	0.03253467601947223	0.02565368335167753	-0.006880992667794698
DB02969	0.03251844894510967	0.010766130577869772	-0.021752318367239898
DB03573	0.03251557092368061	0.006996807561097149	-0.025518763362583463
DB08782	0.03250875790835081	0.009882870895142351	-0.02262588701320846
DB02876	0.0325025179503852	0.004181383098144223	-0.02832113485224098
DB16294	0.032498598874744496	0.0299651186349722	-0.002533480239772295
DB07286	0.032487653479088496	0.01190894704275014	-0.020578706436338357
DB13374	0.03248341285459355	0.028248703585059598	-0.004234709269533954
DB00940	0.03247907353688584	0.006015255805803338	-0.0264638177310825
DB01711	0.03247092338770626	0.02623166264189377	-0.006239260745812492
DB02968	0.03246684512946457	0.02000996610429373	-0.012456879025170842
DB13408	0.03246083439444458	0.02212557291409989	-0.010335261480344693
DB13258	0.032448663292759666	0.022105859740771838	-0.010342803551987826
DB01002	0.032433518660084926	0.025430541181366673	-0.007002977478718253
DB16058	0.03243261450291024	0.025725417399065753	-0.006707197103844488
DB02245	0.03242781992296326	0.0051183064193758565	-0.0273095135035874
DB00415	0.03241774048065756	0.0011863497226466029	-0.031231390758010957
DB02854	0.032409233762451445	0.025336082225836304	-0.007073151536615141
DB08835	0.032402096014615245	0.025037099097027116	-0.007364996917588129
DB03795	0.03240140516212628	0.018109835230726262	-0.014291569931400017
DB08749	0.032385900776772884	0.03055514486444455	-0.001830755912328336
DB03970	0.03238238602493919	0.021719536302356263	-0.010662849722582926
DB11924	0.03237993779653331	0.021612482819421852	-0.010767454977111457
DB06787	0.032362032937554436	0.020439001418253278	-0.011923031519301158
DB00931	0.03235780504766749	0.03168098609673686	-0.0006768189509306261
DB16938	0.03235692635970913	0.02609503939896725	-0.006261886960741883
DB03812	0.03234217968353736	0.024125912418751616	-0.008216267264785741
DB06733	0.03233952451774994	0.027098768474255144	-0.005240756043494799
DB08999	0.032322912221492556	0.010771606459349825	-0.02155130576214273
DB07267	0.032311750337498946	0.005181279056396093	-0.027130471281102853
DB07444	0.03230196379117942	0.009973496733636678	-0.02232846705754274
DB07946	0.03229876740454797	0.02284756788724064	-0.00945119951730733
DB18540	0.03229659615386819	0.015974241453517987	-0.016322354700350206
DB08329	0.032283059265465264	0.030026996095696507	-0.0022560631697687537
DB07879	0.03225929967041552	0.027242510363105654	-0.005016789307309866
DB00782	0.032245224744820694	0.02181290008159059	-0.010432324663230103
DB15425	0.03224464213650058	0.02024323865534261	-0.012001403481157968
DB13660	0.03224182460445989	0.006888658901866728	-0.02535316570259316
DB03704	0.032235606932058514	0.026551180326253032	-0.0056844266058054815
DB08440	0.032222229226256616	0.015671972795820777	-0.01655025643043584
DB07490	0.03219064739818589	0.003267458479128682	-0.028923188919057208
DB01213	0.032179530085320596	0.008783040099880068	-0.023396489985440527
DB11925	0.0321703579838416	0.023988193999529117	-0.008182163984312485
DB16921	0.032162010448236585	0.00809034109265739	-0.024071669355579195
DB07633	0.03213966121103317	0.0035237297323936698	-0.0286159314786395
DB11285	0.03213213824130222	0.023386942213022732	-0.008745196028279487
DB17141	0.03211556096521706	0.025182757544395695	-0.006932803420821365
DB12999	0.03210225011610773	0.010446339099436486	-0.021655911016671248
DB04237	0.03210102441007878	0.0014664410603496547	-0.030634583349729128
DB15465	0.03209467620794444	0.022866459678346718	-0.009228216529597724
DB12610	0.03207995818464085	0.008024356720823134	-0.024055601463817716
DB00244	0.03207315153661511	0.001353637901861271	-0.030719513634753837
DB14187	0.03206528791611768	0.01858760588985814	-0.013477682026259541
DB11892	0.032062148835222626	0.029545392319528574	-0.002516756515694052
DB15535	0.03205972289238097	0.00945547834562669	-0.022604244546754276
DB07862	0.03205925489553352	0.008339767494072392	-0.023719487401461126
DB06857	0.03204393197834554	0.030777191858459396	-0.0012667401198861476
DB03728	0.032039876005667906	0.006377485365706731	-0.025662390639961175
DB12137	0.03203970408845869	0.001804850535815028	-0.03023485355264366
DB01227	0.03202040797354562	0.008514721907359024	-0.0235056860661866
DB07830	0.032012385170446994	0.00361353418866602	-0.028398850981780972
DB07704	0.032008552053410945	0.005188945290468094	-0.02681960676294285
DB04111	0.032007240388777336	0.0007896221094190192	-0.031217618279358317
DB12875	0.031980898851936876	0.017795245839699044	-0.014185653012237828
DB13388	0.03195450637666403	0.03184170321817559	-0.00011280315848843768
DB06894	0.03194663638886244	0.013285583646827526	-0.018661052742034917
DB07630	0.0319372573500019	0.03114763524058284	-0.0007896221094190638
DB08304	0.03190913933533246	0.029582902107666786	-0.002326237227665673
DB09293	0.03190851533953584	0.0042750206714525785	-0.027633494668083264
DB15339	0.031905736011319547	0.02754477902080288	-0.004360956990516668
DB13943	0.031900588045997935	0.029964571046824262	-0.001936016999173673
DB00488	0.03189509306260577	0.02580372250423013	-0.006091370558375634
DB11663	0.03189422710925538	0.030348430338573706	-0.0015457967706816733
DB02881	0.03188699066820657	0.006056051122829496	-0.025830939545377074
DB00502	0.03187697808259336	0.003173820905820312	-0.028703157176773048
DB18112	0.0318604485612886	0.020927723840345247	-0.010932724720943348
DB06292	0.03185708980840396	0.019702221565116473	-0.012154868243287487
DB07874	0.031853014733814265	0.01937613282298123	-0.012476881910833036
DB08055	0.031829735870220054	0.0032751247132007067	-0.02855461115701935
DB07559	0.031829662646223555	0.0030963371828780506	-0.028733325463345505
DB08382	0.031804088369520624	0.02602522191009697	-0.005778866459423654
DB15960	0.03177626006718537	0.012906652648410177	-0.01886960741877519
DB15264	0.0317618413071719	0.02447390468680699	-0.007287936620364904
DB00220	0.03176021764463999	0.029304453534407693	-0.0024557641102322947
DB03429	0.03174097246815932	0.0002256063169768785	-0.031515366151182445
DB08777	0.03173395251544808	0.024070879809877432	-0.0076630727055706505
DB04097	0.0317268911752604	0.00979553058553606	-0.021931360589724336
DB15412	0.03172648048414943	0.02740651301343234	-0.004319967470717088
DB01068	0.03171384138561711	0.031149825593174918	-0.0005640157924421884
DB04187	0.03171243102777074	0.013022193747638529	-0.018690237280132214
DB07533	0.03169536346927403	0.006499597522711217	-0.02519576594656281
DB12424	0.03168477782629664	0.02822296694210351	-0.0034618108841931294
DB18788	0.03167725804021759	0.030123919197892812	-0.0015533388423247807
DB12100	0.03166850299715368	0.004173716864072197	-0.027494786133081484
DB03651	0.031641247752182515	0.027842666973316055	-0.0037985807788664602
DB07120	0.03158803937591759	0.009580602237445168	-0.02200743713847242
DB09304	0.03158415532044928	0.0037693230167726854	-0.027814832303676595
DB13792	0.031569246278024266	0.012404514316692095	-0.01916473196133217
DB03228	0.031568023755647365	0.01617301595124275	-0.015395007804404615
DB02924	0.031536511967921003	0.026055065464163085	-0.005481446503757918
DB12983	0.03152793520937033	0.02893346256413626	-0.0025944726452340667
DB14134	0.03151748327977805	0.01694128212288981	-0.014576201156888235
DB11625	0.03148350734538564	0.002201578149042542	-0.029281929196343093
DB01516	0.03147618812938418	0.03113777865391887	-0.00033840947546531303
DB13955	0.031470737717120334	0.012814931633619742	-0.018655806083500592
DB16021	0.03146934327753406	0.029326083266253744	-0.002143260011280316
DB11752	0.03146378462110147	0.028375470241322087	-0.00308831437977938
DB16067	0.03146218324413378	0.02743635656749846	-0.004025826676635319
DB03410	0.03145717535950118	0.011372310657708135	-0.020084864701793048
DB03575	0.031432075446949675	0.0007896221094190192	-0.030642453337530656
DB03700	0.03141699130366349	0.01565143824027071	-0.01576555306339278
DB01101	0.03140776826375205	0.02527475235326007	-0.006133015910491979
DB08611	0.031407484918722056	0.01819115207070457	-0.013216332848017487
DB01868	0.031394724841412744	0.02091321275442315	-0.010481512086989598
DB11481	0.03138419332051976	0.03003055541865851	-0.0013536379018612521
DB15998	0.031374273060815305	0.026801154315815978	-0.004573118744999327
DB13334	0.031372722622279914	0.010293288212069929	-0.021079434410209985
DB00153	0.03134455685283011	0.024186147115031864	-0.00715840973779824
DB02158	0.03134132862967856	0.007912374944556766	-0.023428953685121795
DB08365	0.031324337478830344	0.028981376527086433	-0.002342960951743911
DB13798	0.03130744820484688	0.0153595737573856	-0.015947874447461274
DB13466	0.0312740994499032	0.016933342094743703	-0.014340757355159495
DB15816	0.03126783083906932	0.02777093292592775	-0.003496897913141568
DB03587	0.031267178190404574	0.024924295938538732	-0.0063428822518658435
DB00858	0.03126334188971647	0.02469321374008182	-0.006570128149634646
DB18206	0.03125436399101095	0.018481373789145716	-0.01277299020186523
DB14955	0.03125199853755761	0.0023143813075309798	-0.028937617230026635
DB07465	0.031246802817455677	0.006204173716864103	-0.025042629100591574
DB14183	0.031245952782365423	0.01735608014500134	-0.013889872637364083
DB18545	0.031241454282056533	0.002034289969827893	-0.02920716431222864
DB11129	0.031215214622080795	0.013677930554871098	-0.017537284067209696
DB12287	0.031205791012091894	0.013524879667504486	-0.017680911344587408
DB02932	0.03120175732497836	0.01547621003291004	-0.01572554729206832
DB12153	0.03119108890704847	0.01521665325075705	-0.01597443565629142
DB03438	0.03116845950846711	0.006811175178924489	-0.024357284329542622
DB01237	0.031140593002307426	0.009437134142668668	-0.021703458859638758
DB14071	0.031132089467753227	0.02039053986715511	-0.010741549600598116
DB19264	0.031119991590064844	0.017757736051560946	-0.013362255538503898
DB13663	0.03111701805907509	0.020030500659843714	-0.011086517399231374
DB00724	0.031114792686310823	0.013298451968305598	-0.017816340718005225
DB16886	0.03110949190569212	0.024748246348956005	-0.006361245556736117
DB03959	0.031108750114770656	0.000451212633953757	-0.0306575374808169
DB12778	0.03110071139341194	0.027352301786780164	-0.0037484096066317764
DB09204	0.031098912630018793	0.000451212633953757	-0.030647699996065036
DB12611	0.03109197226860811	0.026875626303944355	-0.004216345964663755
DB15296	0.031085643168385774	0.00547670286224325	-0.025608940306142525
DB02399	0.031085162436930276	0.006441279384948992	-0.024643883051981286
DB06598	0.0310781584024791	0.019522065064423777	-0.011556093338055323
DB09378	0.03106838777441967	0.017159495999868546	-0.013908891774551124
DB08432	0.031047429793150505	0.02777777777777779	-0.003269652015372715
DB02178	0.0310428803544092	0.024189432643919817	-0.006853447710489381
DB15145	0.031036936476081772	0.0019176536943034117	-0.02911928278177836
DB00260	0.03100758957173133	0.015426653305515847	-0.015580936266215484
DB04743	0.031000907086134524	0.021848767105284828	-0.009152139980849697
DB07151	0.030999337545686956	0.002764772559262718	-0.028234564986424238
DB05412	0.030993699297953814	0.027210202662373617	-0.003783496635580197
DB18769	0.030969681827090256	0.013294345057195567	-0.01767533676989469
DB15282	0.030966319890553762	0.024785756137094217	-0.006180563753459545
DB03611	0.030961945552673717	0.003267458479128682	-0.027694487073545035
DB05626	0.030960643438996197	0.00953296206856899	-0.021427681370427207
DB09129	0.030947071530421002	0.016855858371801397	-0.014091213158619605
DB03821	0.03093560401583322	0.013279286383125522	-0.017656317632707696
DB01494	0.03092414286854933	0.012018464672350626	-0.018905678196198705
DB06978	0.03092200345438975	0.02732738652604602	-0.00359461692834373
DB13653	0.030894550822993153	0.004588788680257805	-0.026305762142735348
DB04083	0.03089003958807617	0.018786654181656884	-0.012103385406419285
DB08411	0.03087192779171579	0.009328164101216174	-0.021543763690499616
DB14093	0.030853510364761194	0.0126561310706991	-0.018197379294062094
DB12310	0.030851345481385517	0.01881485497127905	-0.012036490510106468
DB11549	0.030848012197716934	0.003135489735460184	-0.02771252246225675
DB02315	0.030846598656218693	0.015660473444712775	-0.015186125211505919
DB04341	0.030837693981509595	0.00951461786561092	-0.021323076115898676
DB03763	0.030822536614226813	0.0269613238491066	-0.003861212765120214
DB08010	0.030820868380566607	0.0074879941298550134	-0.023332874250711594
DB07800	0.030808830992266653	0.0049710052075632866	-0.025837825784703367
DB16333	0.03080086867855647	0.02190024039119698	-0.008900628287359491
DB05990	0.03078905414589814	0.008922948871694623	-0.021866105274203518
DB11205	0.030784797603142983	0.005119127801597845	-0.025665669801545138
DB00987	0.030777822221560114	0.022247411277030338	-0.008530410944529776
DB08629	0.03077629406858881	0.001859335556541164	-0.028916958512047647
DB11416	0.03077306266178524	0.025262431619930012	-0.0055106310418552296
DB08491	0.030772368625644142	0.007419819405428796	-0.023352549220215346
DB00856	0.030746106680104232	0.0228590672383487	-0.007887039441755533
DB14722	0.03073384006885852	0.0023726994452932058	-0.028361140623565317
DB08022	0.030725037271014218	0.0007351370886928522	-0.029989900182321366
DB13659	0.030711917441026387	0.021940488120075125	-0.008771429320951263
DB03921	0.03070754310314637	0.01793488081743958	-0.01277266228570679
DB13604	0.030685744637743095	0.022704921174686143	-0.007980823463056952
DB15237	0.030682118458088554	0.016857501136245408	-0.013824617321843147
DB15239	0.03068100099622839	0.007764252350522138	-0.022916748645706253
DB14575	0.030668431938040586	0.0256441005590875	-0.005024331378953084
DB03475	0.030655869247156686	0.0071482156840196875	-0.023507653563137
DB14823	0.030650530262713693	0.02875878194492354	-0.001891748317790154
DB02867	0.03062774804883517	0.0029873671414255565	-0.027640380907409612
DB16200	0.03061542413185311	0.01760961345752632	-0.013005810674326792
DB02188	0.03061167378976969	0.0030686839814039087	-0.02754298980836578
DB02831	0.0306070861472042	0.011981776266434485	-0.018625309880769714
DB18918	0.030595558143227813	0.023461414201151026	-0.007134143942076787
DB13000	0.03057561574695422	0.029725001232073334	-0.0008506145148808875
DB11966	0.030571725324181676	0.0033802616376170658	-0.02719146368656461
DB13823	0.030570636515189764	0.014888374156029754	-0.01568226235916001
DB08763	0.03055883471713953	0.003948110547095318	-0.02661072417004421
DB13912	0.030555329516261887	0.015619404333612585	-0.014935925182649301
DB08635	0.030525976244607355	0.021398102059479007	-0.009127874185128348
DB04442	0.03051963440977712	0.025147711902923642	-0.005371922506853477
DB08429	0.0305183736835758	0.026189224560423607	-0.004329149123152194
DB15978	0.03050702078046083	0.023574217359639466	-0.006932803420821365
DB02032	0.03048076201857297	0.0215870199705398	-0.00889374204803317
DB03871	0.03043357074463196	0.008685843203609656	-0.021747727541022305
DB06045	0.03042969624011966	0.017036288666568096	-0.013393407573551563
DB13247	0.030403609395441122	0.020016537162069692	-0.01038707223337143
DB03110	0.03040143496110914	0.00011280315848838374	-0.030288631802620758
DB06815	0.03039967440154027	0.007805595255696282	-0.02259407914584399
DB08209	0.030396255159267284	0.002854577015535077	-0.027541678143732207
DB15977	0.03037583521519016	0.008335934377036391	-0.02203990083815377
DB00769	0.030354288258296568	0.007736599149048018	-0.02261768910924855
DB14127	0.030337010578766276	0.0020926081075901192	-0.028244402471176155
DB04529	0.03032765382546987	0.00011280315848838374	-0.030214850666981485
DB03382	0.03031584884376759	0.002594472645234047	-0.027721376198533543
DB16081	0.030307635021547617	0.02771316237631355	-0.0025944726452340667
DB11647	0.030305845809110554	0.022136798471133923	-0.008169047337976632
DB07746	0.030294639353988684	0.0256605282035276	-0.004634111150461084
DB05154	0.03027085428972276	0.0037709657812166064	-0.026499888508506153
DB02825	0.03026874034477932	0.004005607302635536	-0.026263133042143783
DB02541	0.030266785582436992	0.015433498157365833	-0.01483328742507116
DB07638	0.03026474486149011	0.004453808201775322	-0.02581093665971479
DB18200	0.030262841037580285	0.002992021640683684	-0.0272708193968966
DB09550	0.03025421334059722	0.014388973765051882	-0.015865239575545337
DB18805	0.03023809132675133	0.02933566605884383	-0.0009024252679075014
DB18203	0.030235060490025223	0.008397811837760616	-0.021837248652264607
DB08192	0.03021638518725661	0.01004167145806295	-0.02017471372919366
DB06866	0.030186512980322357	0.01865468543798838	-0.011531827542333976
DB07837	0.030178783073209814	0.019629392341432128	-0.010549390731777686
DB01941	0.030166449605271747	0.009571019444855167	-0.02059543016041658
DB11583	0.03015615367462851	0.003158488437676299	-0.026997665236952212
DB02055	0.030151301788945015	0.014586105498332596	-0.01556519629061242
DB00199	0.03014445375344296	0.028903619010070145	-0.0012408347433728144
DB16640	0.03013343513379041	0.009625230671507334	-0.020508204462283075
DB06422	0.030123524425041993	0.008008202870457067	-0.022115321554584927
DB04800	0.03012202492493904	0.0210810485217858	-0.009040976403153241
DB18708	0.030116323004165356	0.005927915496197001	-0.024188407507968357
DB13702	0.03008796939924614	0.016170551804576744	-0.013917417594669395
DB13683	0.03008253808889453	0.017259704630953054	-0.012822833457941475
DB11081	0.030068676467985132	0.020767006718906578	-0.009301669749078556
DB06176	0.030059561672242552	0.011833653672399969	-0.018225907999842583
DB00871	0.030059259225300283	0.021406863469846993	-0.00865239575545329
DB12702	0.030057240789917516	0.024877477151884486	-0.00517976363803303
DB17174	0.030050634711969337	0.012106078776030982	-0.017944555935938356
DB02892	0.03003329335939854	0.023039497533115405	-0.006993795826283136
DB07149	0.03002836824971855	0.0034930647961055605	-0.02653530345361299
DB19387	0.03001956545187419	0.003434746658343313	-0.026584818793530876
DB09193	0.0300164454728914	0.016602051265202422	-0.013414394207688977
DB03304	0.03000695182255797	0.0019176536943034117	-0.02808929812825456
DB15333	0.029995073616859158	0.016516079925966043	-0.013478993690893115
DB19202	0.02999252032793661	0.012378503879662106	-0.017614016448274504
DB00596	0.02998477768621596	0.004294186256632661	-0.025690591429583298
DB01692	0.029983160390988115	0.002952047705879455	-0.02703111268510866
DB02060	0.029968824405927408	0.022514634293255398	-0.00745419011267201
DB02802	0.02995004722629413	0.004562778243227705	-0.025387268983066424
DB07410	0.029945663337458073	0.018685350374276502	-0.01126031296318157
DB08130	0.02993951252174909	0.008038320218597184	-0.021901192303151906
DB12571	0.02993488349170726	0.0039012917604411366	-0.026033591731266126
DB07473	0.029909538437950065	0.028781506853065686	-0.0011280315848843769
DB14037	0.029900961679399374	0.003543716699795807	-0.026357244979603567
DB00413	0.029896122528323993	0.027978468834020553	-0.0019176536943034405
DB09398	0.02989470898682578	0.017068596367300293	-0.012826112619525487
DB04510	0.029892333982416308	0.004449975084739322	-0.025442358897676987
DB19305	0.0298779693444874	0.01810381176109832	-0.01177415758338908
DB12673	0.029872241954497468	0.019434998548891413	-0.010437243405606055
DB17056	0.029868822712224574	0.009041227911663174	-0.0208275948005614
DB08790	0.029829042980193732	0.028813814553797792	-0.0010152284263959391
DB15366	0.029816200127931847	0.011357799571786066	-0.018458400556145782
DB01177	0.029807913081715376	0.015034306397472386	-0.01477360668424299
DB03486	0.029797849557669842	0.016355910392675477	-0.013441939164994365
DB02667	0.029792545593398945	0.0006185008131683878	-0.029174044780230557
DB01493	0.02978396883484824	0.004399323181049075	-0.025384645653799165
DB06280	0.029777359573248008	0.009054370027215097	-0.02072298954603291
DB08642	0.029758512353270206	0.01311939064390888	-0.016639121709361326
DB01511	0.02975484478613942	0.02885241951823192	-0.0009024252679075014
DB00454	0.02969769823232185	0.0035667154020118386	-0.026130982830310012
DB03153	0.02969689595201197	0.003773156133808686	-0.025923739818203284
DB07924	0.02968228298922515	0.020880357465543065	-0.008801925523682086
DB03335	0.029664075683304054	0.004181383098144223	-0.02548269258515983
DB19173	0.029663091934828918	0.0054222178415170375	-0.02424087409331188
DB11472	0.029656721447130344	0.02534429604805638	-0.004312425399073965
DB09080	0.029642210361208256	0.02589380075457648	-0.0037484096066317764
DB19137	0.029639746214542184	0.00586877597621277	-0.023770970238329414
DB13672	0.02959578634740498	0.014572963382780552	-0.015022822964624427
DB11696	0.029590227690972304	0.006882361638164691	-0.022707866052807613
DB12006	0.029587448362755953	0.015459508594395932	-0.01412793976836002
DB09069	0.02958083591750367	0.0024310175830554327	-0.02714981833444824
DB02744	0.029574455878848993	0.024463226717920894	-0.005111229160928099
DB04008	0.02957218593495646	0.0017465323980527803	-0.02782565353690368
DB08161	0.029565643530048646	0.01444510155022205	-0.015120541979826596
DB12416	0.02955246957797634	0.027782706071109775	-0.001769763506866565
DB17988	0.029517796423790987	0.01809778829147024	-0.011420008132320747
DB12484	0.029478554728952167	0.010031814871398925	-0.01944673985755324
DB08986	0.02947276684957381	0.01826918338179484	-0.011203583467778971
DB03938	0.0294687904681967	0.023436772734490935	-0.0060320177337057634
DB09460	0.02945624369557308	0.013014527513566493	-0.016441716182006585
DB08843	0.029423280162524205	0.024911153822986698	-0.0045121263395375075
DB02292	0.029419068190897374	0.015969586954259957	-0.013449481236637416
DB11784	0.029412029136273943	0.024238167989092063	-0.00517386114718188
DB02878	0.029404916857653965	0.018706980106122595	-0.01069793675153137
DB02419	0.029401271576087344	0.02757051566375901	-0.001830755912328336
DB16215	0.029389055903274005	0.02916344958629713	-0.00022560631697687535
DB14899	0.02938105538573952	0.016236536176410965	-0.013144519209328555
DB01560	0.029380568286979953	0.02667329248325745	-0.0027072758037225042
DB02783	0.02935683416114656	0.012621633017374977	-0.016735201143771583
DB09134	0.029338063348817278	0.02216883237779199	-0.007169230971025287
DB03694	0.029326452569888556	0.010988725160032686	-0.01833772740985587
DB02526	0.029322329740518373	0.015488530766240096	-0.013833798974278277
DB07814	0.029317847158469565	0.004574277594335749	-0.024743569564133816
DB02457	0.02931243813368214	0.020367541164939107	-0.008944896968743034
DB14554	0.029307003639678364	0.004562778243227705	-0.02474422539645066
DB01147	0.029305539159747623	0.0019176536943034117	-0.02738788546544421
DB04788	0.029300346623297682	0.027269889770505804	-0.0020304568527918783
DB13576	0.029296204692015382	0.0034462460094513716	-0.02584995868256401
DB02993	0.029294717926520553	0.0032712915961646827	-0.02602342633035587
DB04216	0.029285281581923648	0.006270158088698328	-0.02301512349322532
DB15008	0.02928421505849583	0.0223864986666229	-0.006897716391872926
DB07026	0.029269191404597994	0.006145855579101855	-0.02312333582549614
DB03895	0.02925894641238713	0.005822778571780592	-0.023436167840606537
DB12890	0.029257991316780058	0.0005640157924421407	-0.028693975524337917
DB02383	0.02923607187259991	0.001859335556541164	-0.027376736316058747
DB15026	0.02923466469840566	0.01568484111729887	-0.01354982358110679
DB00302	0.029234365435115497	0.007239389110662131	-0.021994976324453366
DB02388	0.029230774275633253	0.0005640157924421407	-0.028666758483191113
DB02029	0.02920742537169459	0.025007803131109063	-0.004199622240585527
DB11674	0.029194751252989946	0.025630958443535468	-0.003563792809454479
DB00852	0.029171634755648934	0.014210460028803107	-0.014961174726845827
DB14058	0.02916636899520253	0.01304437106763262	-0.01612199792756991
DB04694	0.02914610823372632	0.021625351140899918	-0.007520757092826402
DB15841	0.029142367442599088	0.026435091638876584	-0.0027072758037225042
DB07967	0.029114691955560823	0.0019176536943034117	-0.02719703826125741
DB08416	0.029103787947381145	0.013973080566644258	-0.015130707380736887
DB00934	0.029098286596684866	0.026842223426916112	-0.0022560631697687537
DB08467	0.0290919893329829	0.028753579857517586	-0.00033840947546531303
DB19050	0.029088920292432374	0.02618292729672156	-0.0029059929957108155
DB17352	0.029079964679290998	0.02274626407986026	-0.006333700599430737
DB08191	0.0290743041459936	0.022871114177604734	-0.006203189968388867
DB03141	0.02907180816280741	0.01278454049140565	-0.01628726767140176
DB16310	0.02906641505628005	0.014485623073174247	-0.0145807919831058
DB00219	0.029059500164085424	0.0031623215547122692	-0.025897178609373156
DB17077	0.029059407838176756	0.028720998362711442	-0.00033840947546531303
DB04005	0.029048774440419	0.0032398052776545713	-0.025808969162764428
DB06962	0.029041652610843016	0.023140801340495787	-0.005900851270347229
DB14579	0.02904164305988685	0.024404908580158646	-0.004636734479728205
DB00675	0.029040691147932007	0.010405543782410431	-0.018635147365521576
DB02616	0.029039293524693754	0.026435639227024577	-0.002603654297669178
DB13191	0.029027619072724553	0.003321943499854929	-0.025705675572869624
DB12782	0.02902484292816007	0.0012408347433727762	-0.027784008184787296
DB06852	0.02901357598364973	0.024361101528318496	-0.004652474455331235
DB09372	0.029005514976726852	0.00900590847611693	-0.01999960650060992
DB11136	0.029004674492592718	0.01567881764767083	-0.013325856844921886
DB04425	0.028980832122590477	0.018463577174335638	-0.01051725494825484
DB05188	0.028976113950291975	0.008612192597703405	-0.02036392135258857
DB09385	0.02893346256413625	0.028369446771694062	-0.0005640157924421884
DB04547	0.028928833534094513	0.021694347247548262	-0.00723448628654625
DB05423	0.02892139015566403	0.012918425793592092	-0.016002964362071936
DB01766	0.02891465673163479	0.013984306123678236	-0.014930350607956555
DB07708	0.02891063259547741	0.021665325075704067	-0.007245307519773344
DB15316	0.02890922860493507	0.01843099567952944	-0.010478232925405631
DB07371	0.02890175657363664	0.002279883254206916	-0.026621873319429723
DB02185	0.028881871483099134	0.00011280315848838374	-0.02876906832461075
DB02417	0.028880346513780054	0.027301102294941926	-0.0015792442188381276
DB02232	0.02887051221268018	0.026823331635810077	-0.0020471805768701046
DB01373	0.028865746285601335	0.003749336049370545	-0.02511641023623079
DB12612	0.028857347811563933	0.026939694117260493	-0.0019176536943034405
DB04173	0.02885583239320085	0.024240084547610008	-0.00461574784559084
DB13120	0.02885369616269326	0.014254540874717309	-0.014599155287975951
DB04849	0.028852686945001926	0.0020304568527919065	-0.02682223009221002
DB17139	0.0288452149137034	0.015715779847661038	-0.013129435066042361
DB06909	0.02884435851130903	0.008308281175562237	-0.02053607733574679
DB16624	0.02882121017744784	0.01912177812823418	-0.009699432049213662
DB05961	0.028806438032059845	0.025176734074767615	-0.0036297039572922296
DB06145	0.02876346191339777	0.02525147985696996	-0.0035119820564278106
DB00522	0.028762341267885596	0.02842393179242028	-0.00033840947546531303
DB06608	0.028752296845752173	0.016726627568872887	-0.012025669276879286
DB01468	0.02874456057133562	0.004894890454990974	-0.023849670116344646
DB00928	0.028744102125444315	0.009396065031568479	-0.019348037093875836
DB06494	0.02873651229902084	0.018677684140204473	-0.010058828158816369
DB15985	0.02873647727884865	0.023876759811410686	-0.004859717467437963
DB14486	0.02868998959200481	0.0023143813075309798	-0.026375608284473828
DB07216	0.028687932952797777	0.02716968113942142	-0.0015182518133763558
DB12073	0.02868653532955956	0.012855726950645852	-0.015830808378913708
DB02182	0.028673571498520803	0.023763682858848195	-0.004909888639672608
DB07326	0.028655711210670242	0.004508293222501458	-0.024147417988168784
DB12741	0.028654192608655177	0.02459327890307142	-0.0040609137055837565
DB12906	0.028651327321834286	0.01857446377430605	-0.010076863547528236
DB01687	0.028642378075996837	0.019878818742847137	-0.008763559333149701
DB04152	0.028634285232553736	0.02201988840153546	-0.006614396831018277
DB00817	0.02860453400439622	0.009008920210930915	-0.019595613793465305
DB11720	0.028597552255509306	0.014233184936945253	-0.014364367318564053
DB08753	0.02859462966295201	0.022510801176219397	-0.006083828486732612
DB00711	0.028584327365004547	0.004730066422442336	-0.02385426094256221
DB03445	0.028579138012206573	0.006028671715429423	-0.02255046629677715
DB14542	0.028574782776238813	0.02022243030571846	-0.008352352470520352
DB00806	0.02856018573171208	0.0010152284263958977	-0.027544957305316184
DB11764	0.028558253254934024	0.01815117813590042	-0.010407075119033604
DB14998	0.02855668053083451	0.013701750639309174	-0.014854929891525334
DB03890	0.028535365980538685	0.028422562822050246	-0.00011280315848843768
DB06263	0.02853321701542305	0.023873200488448598	-0.004660016526974453
DB04857	0.028527763419507128	0.02509185791182733	-0.003435905507679797
DB04854	0.028526534529826245	0.005083808366051724	-0.02344272616377452
DB01340	0.028523739283349794	0.019039092317885878	-0.009484646965463917
DB01908	0.02851592341763265	0.007250888461770133	-0.021265034955862516
DB15456	0.028510049579649754	0.026583214232911212	-0.0019268353467385424
DB07292	0.02848879551874228	0.011809012205739818	-0.01667978331300246
DB03213	0.028485643703239395	0.009562258034487181	-0.018923385668752214
DB07028	0.0284807249608634	0.007983013815649032	-0.02049771114521437
DB14084	0.02845842984574442	0.02608956351748723	-0.0023688663282571912
DB13356	0.028451616830414635	0.005822778571780592	-0.022628838258634043
DB04709	0.028448340852482656	0.02660840328771924	-0.0018399375647634164
DB07859	0.028435526653089044	0.0006223339302044145	-0.027813192722884628
DB13160	0.028407500964328203	0.002038123086863907	-0.026369377877464295
DB03476	0.028358323091524765	0.025562509925035184	-0.0027958131664895802
DB04139	0.028334579414735175	0.00011280315848838374	-0.02822177625624679
DB03079	0.02832511441727	0.022329823293304574	-0.005995291123965426
DB14026	0.028324681440594968	0.023685651547757924	-0.004639029892837043
DB01930	0.02831772197727203	0.02311205296272567	-0.005205669014546362
DB15186	0.028317263531380754	0.009818529287752176	-0.01849873424362858
DB02954	0.028302201673658642	0.006107524408741738	-0.022194677264916904
DB00437	0.02830093776380538	0.012984957753574333	-0.015315980010231045
DB03746	0.028298683738172892	0.008663392089541616	-0.019635291648631276
DB17603	0.028287193938020927	0.02024734556645258	-0.008039848371568348
DB13582	0.028287009286203535	0.010027981754362925	-0.01825902753184061
DB13317	0.028271619512323043	0.0032712915961646827	-0.02500032791615836
DB04346	0.028261301296115676	0.0014157891566594933	-0.026845512139456185
DB17115	0.028251702585265548	0.01820566315662664	-0.010046039428638909
DB03355	0.028240531150315884	0.022903695672410906	-0.005336835477904978
DB01897	0.0282180386487715	0.025510762845048995	-0.0027072758037225042
DB19150	0.028186870695463714	0.009653705255203482	-0.018533165440260232
DB14507	0.028184696261131847	0.02023502483312256	-0.007949671428009286
DB01784	0.028182130237600966	0.016034476149798138	-0.01214765408780283
DB18715	0.028177396147042455	0.006287680909434407	-0.02188971523760805
DB08868	0.028176851742546416	0.003045685279187804	-0.025131166463358612
DB07732	0.02816755547863852	0.02238868901921487	-0.005778866459423654
DB02973	0.028149408662105926	0.0011241984678483918	-0.027025210194257535
DB00807	0.02814887380856612	0.026257125490775968	-0.001891748317790154
DB07299	0.028143538007775	0.003142882175458217	-0.02500065583231678
DB09038	0.028142369607482405	0.0018631686735772288	-0.026279200933905178
DB07871	0.028114398040805955	0.01842250806323542	-0.009691889977570534
DB08157	0.028112354136207076	0.0278867478192302	-0.00022560631697687535
DB07841	0.028109597093554997	0.01335074663643987	-0.014758850457115127
DB07723	0.028097215870836453	0.015845284444663474	-0.01225193142617298
DB02593	0.028085541418867183	0.015094814887826574	-0.012990726531040608
DB07102	0.028064163195530872	0.019376680411129193	-0.008687482784401679
DB14950	0.027997004056100033	0.014305192778407513	-0.01369181127769252
DB01422	0.027994100565454805	0.002259896286804768	-0.025734204278650037
DB04926	0.027967335602895264	0.0037340035812264884	-0.024233332021668774
DB02085	0.027948001284157864	0.005009610171997414	-0.02293839111216045
DB11587	0.02793568055082782	0.005589506020731687	-0.02234617453009613
DB08861	0.027935018351206983	0.010182949200247506	-0.017752069150959476
DB08644	0.027933582524144518	0.02565751646871356	-0.0022760660554309586
DB08818	0.027932452327676188	0.022197854549636076	-0.0057345977780401125
DB03243	0.02792602771789328	0.025115130408117442	-0.0028108973097758366
DB19206	0.027921879419307	0.020521139640453656	-0.007400739778853343
DB05549	0.027911239654245246	0.006204173716864103	-0.021707065937381143
DB13381	0.027910004397260102	0.013265596679425395	-0.014644407717834707
DB11636	0.027893280673181906	0.011347942985121984	-0.016545337688059922
DB08323	0.02789222370071021	0.025184947896987706	-0.0027072758037225042
DB08632	0.027858445152743272	0.004512126339537459	-0.023346318813205813
DB07896	0.027852275235122237	0.00987328810255228	-0.017978987132569957
DB03231	0.027844580348182046	0.006805151709296409	-0.021039428638885638
DB17058	0.02784321456146399	0.015998882920178037	-0.011844331641285956
DB11210	0.027840766333058098	0.016286640491953164	-0.011554125841104934
DB09512	0.027832441083017356	0.010749976727503718	-0.017082464355513638
DB17300	0.027829104615696893	0.019265246223010735	-0.008563858392686158
DB18890	0.02779542794459479	0.018893160076443316	-0.008902267868151473
DB03911	0.027790865771245496	0.006612400681199655	-0.02117846509004584
DB06293	0.027764966762036214	0.012227643344887462	-0.015537323417148752
DB13444	0.027734066235498345	0.019069209666025988	-0.008664856569472357
DB01506	0.02770607238325762	0.005667811125895983	-0.022038261257361635
DB01545	0.02761750318397036	0.012927187203960133	-0.01469031598001023
DB03205	0.027603966295567453	0.012456535190752321	-0.015147431104815132
DB09281	0.027603434625679595	0.02021941857090448	-0.007384016054775115
DB11530	0.027592323680118342	0.007802583520882273	-0.01978974015923607
DB02888	0.027590165164046637	0.023919471686954824	-0.003670693477091813
DB09286	0.027579152911698147	0.017983342368537825	-0.009595810543160322
DB16942	0.027577048517710784	0.014415805584303998	-0.013161242933406786
DB02875	0.027572553201053895	0.0038897924093330705	-0.023682760791720825
DB03493	0.02756190706868809	0.002259896286804768	-0.025302010781883322
DB01601	0.027560805525088106	0.018301764876601068	-0.009259040648487038
DB15957	0.0275471508415602	0.0031623215547122692	-0.02438482928684793
DB02891	0.02752921732971314	0.0037225042301184397	-0.0238067130995947
DB01780	0.027528023460204443	0.014809795256791491	-0.012718228203412951
DB12575	0.027524168057604242	0.012707604356611306	-0.014816563700992935
DB04508	0.0275133086205529	0.021514738335003503	-0.005998570285549398
DB01918	0.027503394728152407	0.015919756432791768	-0.01158363829536064
DB06784	0.02749505355985149	0.025039289449619195	-0.0024557641102322947
DB16141	0.027488708541369034	0.012797408812883604	-0.01469129972848543
DB07051	0.02748473852729605	0.006941774952222923	-0.020542963575073125
DB03270	0.02746483115119456	0.017538153204212044	-0.009926677946982515
DB04481	0.027463283896311336	0.009012753327967027	-0.01845053056834431
DB19193	0.027459699104132998	0.008234630569655899	-0.0192250685344771
DB08663	0.027445515934369447	0.024745782202290012	-0.0026997337320794346
DB17510	0.027442166732440904	0.021071739523269767	-0.006370427209171137
DB06202	0.027436630361572477	0.02100685032773153	-0.006429780033840948
DB18176	0.027416649761474343	0.021666967840147988	-0.005749681921326355
DB01336	0.027410887351312335	0.0023935077949173156	-0.02501737955639502
DB16060	0.02740280405882524	0.01973973135325459	-0.0076630727055706505
DB15167	0.027380343393801077	0.0006768189509306355	-0.02670352444287044
DB04835	0.027372820424070188	0.008329089525186406	-0.01904373089888378
DB07349	0.027368032211427085	0.02410428268690551	-0.0032637495245215753
DB16009	0.027348863442595017	0.000451212633953757	-0.02689765080864126
DB16758	0.027348306303491	0.019819679222862985	-0.007528627080628014
DB07920	0.02734029305134833	0.008437238184416773	-0.018903054866931557
DB18111	0.027335326554192012	0.022936003373142944	-0.004399323181049069
DB08104	0.027305158267619478	0.011768490682787625	-0.015536667584831854
DB16183	0.027301732658042525	0.02091458172479315	-0.006387150933249375
DB11206	0.027288437727193443	0.008752648957666032	-0.01853578876952741
DB12840	0.02728793471017371	0.015486888001796095	-0.011801046708377616
DB19005	0.027277893471692294	0.024293200597966247	-0.0029846928737260452
DB11702	0.027264888253177248	0.0013106522322430848	-0.025954236020934163
DB09023	0.027264327930421252	0.01887262552089323	-0.008391702409528023
DB16734	0.027228636007588295	0.01204611787382474	-0.015182518133763555
DB13305	0.0271912058107507	0.026601284641795175	-0.0005899211689555216
DB01186	0.027185656705274158	0.004702413220968243	-0.022483243484305915
DB13366	0.027181463835559527	0.007530432211325211	-0.019651031624234316
DB01119	0.027176484603795133	0.020217775806460433	-0.0069587087973346975
DB13550	0.02717242226381341	0.00991517859587443	-0.01725724366793898
DB12644	0.027119665966135874	0.008553053077719183	-0.01856661288841669
DB08092	0.027118631279228315	0.00635530804571266	-0.020763323233515655
DB15783	0.027116039786481395	0.01423975599472127	-0.012876283791760123
DB03225	0.027111636795733238	0.0260964083693373	-0.0010152284263959391
DB11200	0.027106135445036927	0.00918551738866158	-0.017920618056375348
DB00685	0.027097128893463163	0.01908974422157607	-0.008007384671887094
DB16287	0.027095696250052814	0.013217956510549356	-0.013877739739503459
DB02778	0.027093474060940426	0.015765610369129157	-0.011327863691811269
DB04465	0.02708497689369032	0.026271088988549907	-0.0008138879051404133
DB13853	0.027080628025026532	0.002594472645234047	-0.024486155379792485
DB18102	0.02707847587625889	0.01259507499219692	-0.01448340088406197
DB01465	0.027077625841168615	0.0019759718320656663	-0.02510165400910295
DB15233	0.027066734567596992	0.026164309299689492	-0.0009024252679075014
DB07264	0.0270588168250152	0.02331958887081853	-0.0037392279541966725
DB07665	0.02705827878782326	0.0011863497226466029	-0.025871929065176658
DB02391	0.02705085451130489	0.022313121854790507	-0.0047377326565143825
DB11395	0.027035585716201398	0.01976437281991472	-0.007271212896286678
DB13873	0.02702517199043325	0.019551634824415853	-0.007473537166017397
DB07672	0.027024904563663216	0.004974838324599303	-0.022050066239063915
DB04172	0.02701414063617258	0.016876940515499483	-0.010137200120673096
DB08858	0.026985532339091622	0.0006768189509306355	-0.026308713388160987
DB02510	0.026966264877046786	0.019950826584309467	-0.007015438292737319
DB03468	0.02696597834836462	0.025273930971038056	-0.001692047377326565
DB14845	0.026956675717152656	0.000451212633953757	-0.0265054630831989
DB02001	0.026947026067870104	0.01470493212644905	-0.012242093941421055
DB00482	0.026942342915743933	0.01302164615949053	-0.013920696756253403
DB13459	0.026926806693870327	0.015890460466873646	-0.01103634622699668
DB12337	0.026909197914529635	0.015151764055218786	-0.011757433859310851
DB18603	0.026895320375360188	0.011459650967314439	-0.015435669408045749
DB16147	0.026891528645800543	0.013000016427644479	-0.013891512218156063
DB18564	0.026881939485906475	0.010759285726019807	-0.016122653759886668
DB02493	0.026881270918981515	0.013431789682344097	-0.013449481236637416
DB01665	0.026867855009355464	0.005663156626637973	-0.02120469838271749
DB03147	0.02685625378138269	0.014397735175419868	-0.012458518605962823
DB05246	0.026838393493532148	0.009552949035971064	-0.017285444457561083
DB09112	0.026834690906229045	0.00033840947546526223	-0.026496281430763782
DB00554	0.02682552517205411	0.016787683647375137	-0.010037841524678973
DB00924	0.02681940937651739	0.013913941046659994	-0.012905468329857395
DB13494	0.026817967182150862	0.0037225042301184397	-0.023095462952032422
DB03752	0.026806642931904046	0.017535141469398052	-0.009271501462505993
DB13344	0.02679951155137199	0.02296420416276511	-0.003835307388606881
DB05119	0.02679624512439615	0.004301852490704689	-0.022494392633691462
DB08371	0.026787314980470836	0.02352356545594926	-0.0032637495245215753
DB14017	0.026785853684192163	0.007794917286810245	-0.01899093639738192
DB08179	0.026781151430153777	0.009880680542550313	-0.016900470887603464
DB08137	0.026776961744091166	0.015925232314271787	-0.010851729429819379
DB02022	0.026760358998789827	0.009839885225524175	-0.01692047377326565
DB02410	0.026757242203459125	0.019399131525197344	-0.007358110678261783
DB11151	0.02673620144723725	0.02295270481165705	-0.003783496635580197
DB09319	0.026724514260659783	0.018134750491460294	-0.00858976376919949
DB00266	0.02672340316610379	0.0017971843017430267	-0.024926218864360764
DB03140	0.02672234937728403	0.010221280370607655	-0.016501069006676375
DB05660	0.026712285853238593	0.011260876469589731	-0.015451409383648862
DB14983	0.026656282230497166	0.01755759258346612	-0.009098689647031047
DB01984	0.026620173249249257	0.01691746203845168	-0.009702711210797577
DB09262	0.026610931107425746	0.02024214347904657	-0.006368787628379176
DB08637	0.026599326695800896	0.004158384395928194	-0.0224409422998727
DB18095	0.026598422538626338	0.022868376236864774	-0.0037300463017615644
DB03333	0.026586509312755302	0.0031001702999140512	-0.02348633901284125
DB02964	0.026571336027212334	0.024289367480930246	-0.002281968546282087
DB04672	0.026568155558841084	0.02374807659663014	-0.0028200789622109417
DB13123	0.0265614762568962	0.012771945964001552	-0.013789530292894647
DB04844	0.02651079570033793	0.007912374944556766	-0.018598420755781164
DB04418	0.026487007452420004	0.02262579468729979	-0.003861212765120214
DB13411	0.02647779396346464	0.003376428520581065	-0.023101365442883576
DB12594	0.0264703760542504	0.004512126339537459	-0.02195824971471294
DB14077	0.02644730731168987	0.008936912369468697	-0.017510394942221175
DB16587	0.02642103581519384	0.0035590491679398095	-0.02286198664725403
DB07354	0.02641444565550566	0.014992142110076156	-0.011422303545429502
DB07923	0.026411198330441896	0.005363899703754812	-0.021047298626687083
DB01160	0.026407986025550438	0.02189585968601293	-0.0045121263395375075
DB13698	0.026402567449806846	0.008862987969488367	-0.01753957948031848
DB00352	0.0263972730364921	0.005990066750995242	-0.02040720628549686
DB00027	0.026378202960872676	0.015044436778210324	-0.011333766182662353
DB15948	0.02637331287136513	0.004850535815002832	-0.021522777056362297
DB01896	0.026365484271039824	0.023258806586390263	-0.0031066776846495614
DB08307	0.026350511555574378	0.0027579277074126773	-0.0235925838481617
DB08080	0.02634662750010605	0.009016586445003028	-0.017330041055103024
DB04016	0.026329935612548025	0.02364102311369573	-0.0026889124988522944
DB01833	0.0263290441899815	0.014213197969543123	-0.012115846220438375
DB03558	0.026323530104677167	0.00615078387243384	-0.020172746232243327
DB04816	0.026315943461905758	0.01092191940597638	-0.015394024055929378
DB00212	0.026314049188951937	0.014710408007929075	-0.011603641181022861
DB11772	0.02630894579475862	0.010300406857993938	-0.016008538936764682
DB15399	0.0263074017235273	0.0019176536943034117	-0.02438974802922389
DB07848	0.026293689734263107	0.01150893390063465	-0.014784755833628458
DB01815	0.02627641205473287	0.011617903942087074	-0.014658508112645796
DB03189	0.026259293557803765	0.02571200148943975	-0.0005472920683640137
DB09326	0.026246122789383458	0.003856663326378962	-0.022389459463004496
DB07634	0.026234874946785225	0.012519781621846526	-0.013715093324938699
DB07263	0.026233394548594476	0.0052979153319205885	-0.020935479216673887
DB04203	0.02623141113338394	0.02001051369244164	-0.006220897440942301
DB01629	0.026218536444601814	0.002594472645234047	-0.023624063799367767
DB01418	0.026217135637711594	0.014956822674530024	-0.01126031296318157
DB02285	0.026189985453257125	0.010591997546805065	-0.01559798790645206
DB02999	0.026168693188525535	0.0023688663282571687	-0.023799826860268367
DB04782	0.026168374823323216	0.0161639807468007	-0.010004394076522516
DB04802	0.026154156633387382	0.016808218202925218	-0.009345938430462164
DB11424	0.026129553370551506	0.016803289909593233	-0.009326263460958273
DB08360	0.026094536381947555	0.013088725707620763	-0.013005810674326792
DB01156	0.026070362912134853	0.008257629271872041	-0.017812733640262812
DB06282	0.02605736087727195	0.02394000624250492	-0.0021173546347670325
DB07202	0.026024868524722425	0.003874459941189068	-0.022150408583533357
DB06875	0.025994770278494506	0.0032337818080265812	-0.022760988470467924
DB04865	0.02597653431970516	0.00879864636209815	-0.01717788795760701
DB04683	0.025974477680498043	0.019158740328224344	-0.006815737352273699
DB11528	0.025967311279793667	0.00846708173848286	-0.017500229541310808
DB11414	0.02590104674658145	0.02038287363308311	-0.00551817311349834
DB09250	0.025890473838212212	0.007200236558079998	-0.018690237280132214
DB16103	0.025846329319257545	0.019052234433437953	-0.0067940948858195935
DB04892	0.025829933511337666	0.008899950169478532	-0.016929983341859134
DB09546	0.02581248391459817	0.025474074439132854	-0.00033840947546531303
DB03676	0.0258111404134444	0.004842869580930831	-0.02096827083251357
DB11814	0.02578940243742943	0.024054725959511303	-0.0017346764779181262
DB01713	0.02578141465450301	0.014828687047897526	-0.010952727606605484
DB11437	0.025774426538311995	0.012012441202722601	-0.013761985335589396
DB14623	0.02577357013591775	0.0175773057567942	-0.008196264379123547
DB01403	0.025766623407203038	0.0056171592222058475	-0.02014946418499719
DB11911	0.025762653393129952	0.02249136179696526	-0.0032712915961646927
DB03017	0.025744041763401837	0.00011280315848838374	-0.025631238604913453
DB01909	0.025719890579153443	0.020025298572437733	-0.00569459200671571
DB04967	0.025684749428120587	0.02298665527683319	-0.002698094151287399
DB07211	0.02566985948760781	0.02305866311829552	-0.002611196369312294
DB03991	0.025662193253535796	0.017974854752243807	-0.007687338501291991
DB18033	0.025661406891485994	0.001804850535815028	-0.023856556355670966
DB12059	0.025653208987526085	0.0006768189509306355	-0.02497639003659545
DB13917	0.025649716521256583	0.009308998516036171	-0.01634071800522041
DB15325	0.025635234088202695	0.015569847606218407	-0.010065386481984287
DB13533	0.02562225115525177	0.0039073152300691805	-0.021714935925182588
DB07168	0.025618274773874794	0.005690809828112098	-0.019927464945762696
DB00564	0.02561509430550346	0.0192781145444888	-0.0063369797610146605
DB03342	0.025612400935891788	0.020144398994628165	-0.005468001941263623
DB15256	0.025609777606624626	0.0013344723166811567	-0.02427530528994347
DB07852	0.025598825843664574	0.015170108258176884	-0.01042871758548769
DB03913	0.02557614869030278	0.0016920473773265332	-0.023884101312976247
DB04317	0.025574531395075054	0.00802052360378712	-0.017554007791287934
DB08969	0.025564152689479255	0.017329522119823304	-0.00823463056965595
DB05383	0.025559109784674267	0.006633756618971726	-0.01892535316570254
DB03572	0.025548941200112064	0.017658622596772512	-0.007890318603339552
DB01935	0.025540523624162467	0.015909626052053705	-0.009630897572108763
DB01850	0.025529084762442908	0.004818228114270698	-0.02071085664817221
DB12631	0.025518365406080587	0.02117085297805814	-0.004347512428022449
DB12905	0.02551834948782042	0.00641362618347488	-0.01910472330434554
DB05245	0.02551632786878571	0.015748361342467154	-0.009767966526318554
DB06802	0.025502638165085592	0.014014423471818374	-0.011488214693267218
DB13113	0.025460496163253632	0.009697238512969664	-0.01576325765028397
DB11296	0.02545146414246363	0.008251605802244044	-0.017199858340219587
DB14064	0.025440063484568315	0.011505922165820692	-0.013934141318747623
DB12273	0.025427488059076388	0.019596810846626067	-0.005830677212450321
DB07484	0.025408255617203723	0.011844331641285955	-0.013563923975917769
DB11791	0.025390019658414413	0.024826003865972224	-0.0005640157924421884
DB16590	0.025388609300568167	0.011436104676950332	-0.013952504623617834
DB01263	0.0253782687987966	0.008553874459941158	-0.016824394338855443
DB00763	0.025371567211287638	0.019139848537118254	-0.006231718674169384
DB04066	0.02537140166138244	0.021648897431263997	-0.003722504230118443
DB11335	0.025364556809532413	0.02164205257941397	-0.003722504230118443
DB19055	0.02536236645694046	0.021639862226822015	-0.003722504230118443
DB07480	0.02536037985807793	0.004850535815002832	-0.0205098440430751
DB13814	0.025357100696493995	0.005076142131979711	-0.020280958564514284
DB00474	0.025355890908725143	0.005523521648897467	-0.019832369259827676
DB00133	0.025355333769621027	0.01637534977192956	-0.008979983997691468
DB00672	0.0253281421976903	0.02476412640524811	-0.0005640157924421884
DB06817	0.025322749091162833	0.015213093927795018	-0.010109655163367814
DB02349	0.025316601459105907	0.012379325261884011	-0.012937276197221894
DB16987	0.025304048319178214	0.017859039858941328	-0.007445008460236886
DB15121	0.025300262956922545	0.0026796226022483965	-0.02262064035467415
DB01998	0.025298722069343305	0.0047892059424266	-0.020509516126916705
DB07842	0.025235698493890568	0.012116756744916968	-0.0131189417489736
DB08296	0.025197606097432268	0.012201632907857363	-0.012995973189574905
DB12690	0.025190436513075815	0.01670855715998884	-0.008481879353086974
DB12521	0.025185938012766904	0.010721228349733547	-0.014464709663033355
DB02239	0.025180735925360954	0.022898767379078866	-0.002281968546282087
DB04469	0.025178386390167784	0.004737732656514337	-0.020440653733653447
DB11759	0.025173948379247357	0.0015170929640399011	-0.023656855415207456
DB05592	0.02516724360808642	0.00770210109572389	-0.01746514251236253
DB00392	0.02516118511828605	0.016561255948176257	-0.008599929170109794
DB05706	0.025154432592344678	0.008480223854034907	-0.01667420873830977
DB09182	0.025150921024163053	0.009347329686396288	-0.015803591337766765
DB03340	0.02514661991027961	0.01398074680071626	-0.011165873109563351
DB04135	0.02513976550747351	0.0029988664925336347	-0.022140899014939874
DB13980	0.02513671875248724	0.0019061543431954098	-0.023230564409291832
DB02864	0.02512894745789843	0.02062600277079603	-0.004502944687102401
DB15027	0.025106489976526425	0.018118596641094387	-0.006987893335432038
DB14191	0.025076757850281017	0.016764411151085068	-0.008312346699195951
DB01116	0.025049610849478588	0.010568177462367004	-0.014481433387111584
DB01985	0.025046704175181345	0.015328908821097477	-0.00971779535408387
DB08305	0.02504547846915239	0.0031623215547122692	-0.02188315691444012
DB12974	0.025038786432599474	0.015304267354437379	-0.009734519078162095
DB01484	0.02503592114577845	0.007508802479479049	-0.017527118666299402
DB13668	0.025021766628883054	0.016787136059227104	-0.00823463056965595
DB08363	0.025011801798050265	0.010686456502335462	-0.014325345295714803
DB14918	0.02500468633577825	0.020692260936704288	-0.004312425399073965
DB12138	0.024975033800833553	0.007534812916509259	-0.017440220884324294
DB03597	0.024963448491120848	0.023609810589259594	-0.0013536379018612521
DB08702	0.024962079520750868	0.021803591083074614	-0.003158488437676255
DB07498	0.024954091737824535	0.003158488437676299	-0.021795603300148236
DB11159	0.024922000525429873	0.019819953016936842	-0.005102047508493029
DB00235	0.024919619153716613	0.018393759685465375	-0.006525859468251238
DB01884	0.024909027143435104	0.018653042673544368	-0.006255984469890738
DB02336	0.024903487588914665	0.022647424419145912	-0.0022560631697687537
DB03646	0.02488008456289159	0.006425946916804981	-0.01845413764608661
DB05695	0.024866678204221594	0.011606404590979037	-0.013260273613242557
DB13020	0.024864249077727885	0.01726216877761899	-0.007602080300108893
DB15554	0.02485670063878065	0.0007896221094190192	-0.02406707852936163
DB15588	0.02482689210488681	0.018487944846921733	-0.006338947257965077
DB18706	0.024808207251162256	0.01792721458336756	-0.006880992667794698
DB15011	0.024806631343410768	0.0021394268942442896	-0.022667204449166478
DB18365	0.024746982439102796	0.021840005694916745	-0.0029069767441860517
DB08706	0.02474646987112704	0.0014119560396234781	-0.02333451383150356
DB06595	0.024732146620674356	0.01057502231421703	-0.014157124306457325
DB08874	0.024730707609959823	0.009747890416659799	-0.014982817193300024
DB16159	0.024722952233631204	0.012288699423389726	-0.012434252810241478
DB09213	0.024698059258461216	0.021722548037170275	-0.0029755112212909406
DB15930	0.024692943129659972	0.008281723150384224	-0.01641121997927575
DB01958	0.0246758851221192	0.004104720757423963	-0.020571164364695235
DB13457	0.024669342717211357	0.00746882854467501	-0.017200514172536346
DB05171	0.024660278859901075	0.0010152284263958977	-0.023645050433505177
DB04014	0.024657346716387717	0.022175677229642088	-0.0024816694867456288
DB02556	0.02465093802486482	0.009731736566293756	-0.014919201458571063
DB03685	0.024642520448915302	0.0018631686735772288	-0.022779351775338075
DB06937	0.024636073553568227	0.016782481559969087	-0.00785359199359914
DB08103	0.024626656310883344	0.006593235096019612	-0.018033421214863732
DB11552	0.02462345037329583	0.011030341859280757	-0.013593108514015073
DB14051	0.024615586752798478	0.017407005842765555	-0.007208580910032923
DB12972	0.024585186059628228	0.004737732656514337	-0.01984745340311389
DB07369	0.024564259914879316	0.009337473099732208	-0.015226786815147109
DB16144	0.024558296934639758	0.01333897349125776	-0.011219323443381998
DB11999	0.024514152415685102	0.022032482928939473	-0.0024816694867456288
DB05095	0.02450966346633224	0.0028239120792469563	-0.021685751387085284
DB01750	0.024494582506698004	0.011962610681254371	-0.012531971825443633
DB01447	0.02448709455713942	0.009565269769301166	-0.014921824787838253
DB01859	0.024470396302277375	0.010311632415028027	-0.014158763887249348
DB06233	0.024460762571254846	0.01633893516008733	-0.008121827411167513
DB06868	0.02445103014701988	0.01622394164900698	-0.008227088498012902
DB07795	0.024409875077314944	0.006888658901866728	-0.017521216175448218
DB17342	0.024409693609149727	0.0001396349777405409	-0.024270058631409186
DB15272	0.024395488153821865	0.00304650666140982	-0.021348981492412045
DB13229	0.024385714342110426	0.011990811470876522	-0.012394902871233904
DB01200	0.024377287215204768	0.0007896221094190192	-0.02358766510578575
DB07066	0.02436467995319269	0.017578127139016186	-0.006786552814176505
DB02677	0.024351413675211722	0.013834814559273684	-0.010516599115938037
DB03211	0.02434974225789946	0.0010152284263958977	-0.02333451383150356
DB12021	0.024345705387134015	0.021351830860972837	-0.0029938745261611777
DB12771	0.02433094916000611	0.014752846089399196	-0.009578103070606914
DB14207	0.024318306877821754	0.00972407033222173	-0.014594236545600024
DB08412	0.024310570603405135	0.005591148785175637	-0.018719421818229498
DB11107	0.02430219123128008	0.012152897562685228	-0.012149293668594852
DB02522	0.024281134556798097	0.005010157760145462	-0.019270976796652635
DB09102	0.024266082250032114	0.012640798602555056	-0.011625283647477058
DB11186	0.024264818340178906	0.007927707412700769	-0.016337110927478138
DB19369	0.024260112902488494	0.01610319846237248	-0.008156914440116014
DB01761	0.02425613333745935	0.02073333004780445	-0.0035228032896549013
DB12468	0.02425103949422209	0.0016920473773265332	-0.022558992116895556
DB16233	0.024250807087624414	0.01259863431515888	-0.011652172772465535
DB16884	0.024248237880441635	0.011893340780532141	-0.012354897099909494
DB12375	0.024247750781682044	0.022781309721332355	-0.0014664410603496898
DB01251	0.0242368276715903	0.019767658348802786	-0.004469169322787514
DB19279	0.024213548807996116	0.019007879793449756	-0.005205669014546362
DB19023	0.024212927995851563	0.012116756744916968	-0.012096171250934595
DB02313	0.024205882573924038	0.013360055634955792	-0.010845826938968245
DB07866	0.024199015436509916	0.023296590168602416	-0.0009024252679075014
DB08455	0.024188655832826176	0.01400292412071033	-0.010185731712115845
DB04573	0.024176981380856888	0.007725099797940005	-0.016451881582916883
DB03601	0.02417596261220941	0.01137313203993013	-0.01280283057227928
DB00624	0.024170754157499336	0.014071920227358592	-0.010098833930140744
DB04002	0.024162355683461978	0.012530185796658627	-0.01163216988680335
DB07761	0.024148344430907555	0.008599871864373367	-0.015548472566534188
DB08034	0.024147908270580443	0.013112545792058894	-0.011035362478521549
DB14515	0.024142878100383625	0.005130627152705958	-0.019012250947677667
DB02249	0.02413821405016947	0.011945635448666336	-0.012192578601503135
DB16119	0.024131662094305704	0.0223268115584907	-0.0018048505358150028
DB12476	0.024121805507641553	0.02130172654543061	-0.0028200789622109417
DB09101	0.024117816391656333	0.00660938894638563	-0.017508427445270702
DB08685	0.02409278970310154	0.015861438295029548	-0.00823135140807199
DB03388	0.02408282487226869	0.01514710955596077	-0.008935715316307921
DB02240	0.02406962226732817	0.004189049332216251	-0.019880572935111918
DB02257	0.024067734361678417	0.0006768189509306355	-0.02339091541074778
DB07614	0.024063796184125658	0.014549964680564437	-0.009513831503561221
DB15550	0.02404704062352716	0.006016898570247342	-0.018030142053279817
DB03156	0.02401996047941729	0.0057491279658743455	-0.018270832513542945
DB17160	0.024001336115081078	0.022760501371708264	-0.0012408347433728144
DB03697	0.023991368100596294	0.009015765062780984	-0.01497560303781531
DB02294	0.023990683615411255	0.009875204661070308	-0.014115478954340947
DB07597	0.023990346148296843	0.007106598984771617	-0.016883747163525226
DB01023	0.023988881668366147	0.004348671277358873	-0.019640210391007273
DB13730	0.023979400752640795	0.00777575170163014	-0.016203649051010655
DB03263	0.023961817442516242	0.0010152284263958977	-0.022946589016120345
DB04636	0.02395439953330216	0.004632595732097974	-0.019321803801204185
DB08463	0.023952810890942533	0.01892847951198945	-0.005024331378953084
DB01025	0.02393798462347002	0.022558441345095437	-0.001379543278374585
DB03901	0.023933807672015577	0.011548086453216803	-0.012385721218798773
DB06619	0.023922734930278633	0.01026207568763382	-0.013660659242644813
DB14520	0.023921493305989583	0.022932170256106943	-0.00098932304988264
DB07298	0.02391792761572356	0.007273887163986248	-0.016644040451737313
DB00548	0.02390628818392654	0.019542052031825907	-0.004364236152100631
DB13138	0.02388820504043429	0.003753169166406556	-0.020135035874027735
DB15906	0.023855878237790007	0.005967068048779112	-0.017888810189010895
DB17641	0.023854486981855882	0.0011318647019203914	-0.02272262227993549
DB18957	0.02383274263853688	0.018930396070507394	-0.004902346568029486
DB07966	0.02382048557824734	0.0016920473773265332	-0.022128438200920808
DB00300	0.02381635638157309	0.021586198588317673	-0.002230157793255416
DB03920	0.0238055478829542	0.008705008788789775	-0.015100539094164422
DB00920	0.02380474560264434	0.00033840947546526223	-0.023466336127179077
DB02311	0.023801023913429087	0.023037307180523325	-0.0007637167329057615
DB11656	0.02377884022613097	0.0016920473773265332	-0.022086792848804437
DB03698	0.023778193944770296	0.022086146567443732	-0.001692047377326565
DB02614	0.02377818439381421	0.0011280315848843925	-0.02265015280892982
DB04300	0.023762422132646954	0.006418280682732869	-0.017344141449914086
DB15942	0.02376020949449081	0.016472272874125907	-0.007287936620364904
DB01472	0.023738404661783435	0.002259896286804768	-0.021478508374978666
DB08393	0.02372175097804976	0.014732585327923181	-0.008989165650126576
DB02237	0.0237157911814622	0.007229806318072074	-0.016485984863390125
DB19007	0.023707176219087266	0.019620357136990174	-0.00408681908209709
DB12846	0.023702352986271966	0.017949391903361644	-0.005752961082910322
DB00318	0.023685062572133556	0.020336054846428864	-0.003349007725704692
DB04473	0.023681904389326512	0.009287368784190037	-0.014394535605136476
DB04027	0.023678717553651214	0.00831978052667028	-0.015358937026980934
DB03796	0.02367141425590984	0.018933681599395458	-0.0047377326565143825
DB12410	0.023661118325266607	0.0006768189509306355	-0.02298429937433597
DB07356	0.023651201249214118	0.010647030155679305	-0.013004171093534814
DB19139	0.0236507109668026	0.022435781599943083	-0.0012149293668595185
DB06855	0.0236448275778635	0.009163066274593554	-0.014481761303269947
DB07821	0.02359525811586123	0.008289115590382146	-0.015306142525479087
DB05490	0.02354658007642549	0.010779820281569846	-0.012766759794855642
DB07306	0.023532778944904575	0.002474003252673551	-0.021058775692231024
DB03708	0.023517268192247268	0.02047158291305945	-0.003045685279187817
DB04680	0.023510697134471223	0.022495468708075284	-0.0010152284263959391
DB07769	0.02349744995840248	0.018395402449909448	-0.005102047508493029
DB00927	0.023495109974165346	0.017159769793942597	-0.006335340180222748
DB04405	0.02348791173694076	0.011697030429473454	-0.011790881307467305
DB07698	0.023475651492999065	0.022911635700556876	-0.0005640157924421884
DB03592	0.023475285373016304	0.007071279549225436	-0.016404005823790868
DB11992	0.023475103904851042	0.020767828101128538	-0.0027072758037225042
DB03185	0.023467310324698176	0.01590031705353767	-0.007566993271160505
DB06350	0.023450780803393318	0.01811558490628029	-0.005335195897113027
DB07203	0.023450596151575936	0.0016920473773265332	-0.021758548774249403
DB04887	0.023449211262945913	0.009635087258171415	-0.013814124004774497
DB00902	0.02344438803013054	0.0037340035812264884	-0.01971038444890405
DB05524	0.02342892503225366	0.003679518560500276	-0.019749406471753383
DB07522	0.023422395361953896	0.002256063169768785	-0.02116633219218511
DB18810	0.02341485010665875	0.0175674491701302	-0.005847400936528548
DB08802	0.023409625733688613	0.012051593755304846	-0.011358031978383766
DB12117	0.023373398957315827	0.017160043588016594	-0.006213355369299234
DB12332	0.023367735240366394	0.006425946916804981	-0.016941788323561413
DB04512	0.023367633363501672	0.0011280315848843925	-0.02223960177861728
DB06044	0.023346347466074002	0.005119127801597845	-0.018227219664476157
DB08704	0.02333957583822066	0.010000602346962872	-0.013338973491257788
DB03777	0.023329470926698737	0.010483027505352682	-0.012846443421346054
DB09355	0.02329716004231453	0.008390419397762527	-0.014906740644552002
DB02756	0.023278847675876624	0.005512022297789354	-0.01776682537808727
DB03362	0.023271483888746974	0.01451546662724032	-0.008756017261506654
DB15468	0.023258258998242336	0.022017424254869522	-0.0012408347433728144
DB03691	0.023230991018662966	0.010598021016433118	-0.012632970002229849
DB12998	0.023195286361221968	0.022405664251802904	-0.0007896221094190638
DB06982	0.023185741772456192	0.005664525597007974	-0.017521216175448218
DB14803	0.023180167197763536	0.009697238512969664	-0.013482928684793873
DB15391	0.023170052735285607	0.0049011877186929675	-0.01826886501659264
DB06726	0.023168792009084324	0.007324539067676383	-0.01584425294140794
DB02482	0.023146044815378075	0.01758360302049622	-0.005562441794881856
DB02184	0.02314545583975385	0.022355833730334784	-0.0007896221094190638
DB11693	0.02312445647100847	0.02271587293764621	-0.00040858353336226116
DB02589	0.023093415863781417	0.01769722756120662	-0.005396188302574798
DB14589	0.02308278246602373	0.01607390249645435	-0.007008879969569379
DB07939	0.02307490611091819	0.007215569026224	-0.01585933708469419
DB06013	0.02306545066440907	0.005607850223689759	-0.017457600440719312
DB02296	0.02306082163436724	0.012497330507778494	-0.010563491126588748
DB06856	0.02303086346882821	0.0016920473773265332	-0.021338816091501678
DB03368	0.02302500554910547	0.014659208516090816	-0.008365797033014655
DB01268	0.023015655163113186	0.016151386219396685	-0.0068642689437165005
DB19049	0.023013697217118836	0.020922247958865173	-0.0020914492582536637
DB13829	0.023001351014572513	0.0005640157924421407	-0.022437335222130372
DB03998	0.02299667104609837	0.004691735252082219	-0.018304935794016153
DB12064	0.022986760337350032	0.020192586751652364	-0.002794173585697668
DB00443	0.0229750667834685	0.005444668955585152	-0.01753039782788335
DB07344	0.022959549663507085	0.019349848591877078	-0.0036097010716300056
DB13927	0.022935006890059784	0.013735974898559378	-0.009199031991500406
DB03781	0.022930756714608688	0.011007069362990715	-0.011923687351617973
DB11664	0.02292041621283715	0.016472272874125907	-0.006448143338711243
DB01154	0.022910031139937184	0.0027379407400106165	-0.020172090399926568
DB15534	0.022894851487090223	0.00762379599055958	-0.015271055496530645
DB09419	0.02288044546168494	0.0096657521944595	-0.013214693267225438
DB01963	0.022834651810982237	0.017310904122791154	-0.005523747688191083
DB14122	0.0228294051524478	0.018269730969942888	-0.004559674182504914
DB06016	0.022823120623353996	0.014209091058433154	-0.008614029564920841
DB16702	0.022804582217622476	0.013554723221570586	-0.00924985899605189
DB12051	0.022798284953920438	0.014338048067287612	-0.008460236886632826
DB13714	0.022797119737279936	0.020702391317442337	-0.0020947284198375993
DB03259	0.022779622385760107	0.009727903449257742	-0.013051718936502366
DB04073	0.022758479752673543	0.017994841719645827	-0.004763638033027716
DB00620	0.0227555157726399	0.003267458479128682	-0.01948805729351122
DB13561	0.022738031155728117	0.012942519672104247	-0.00979551148362387
DB07965	0.022723730190839564	0.003730170464190472	-0.01899355972664909
DB16627	0.0227235391717182	0.022046720220787575	-0.0006768189509306261
DB01745	0.022723176235387478	0.002598305762270081	-0.020124870473117396
DB12017	0.022718776428291343	0.017163876705052594	-0.005554899723238749
DB01742	0.022706430225745144	0.006986129592211121	-0.015720300633534023
DB11458	0.022704176200112725	0.008784135276176164	-0.01392004092393656
DB01044	0.02268468588242622	0.008343600611108393	-0.014341085271317826
DB18970	0.022684023682805348	0.00887613008504044	-0.013807893597764909
DB04047	0.022680391135846856	0.018535858809871963	-0.004144532325974892
DB02461	0.02267727434051603	0.00714191842031775	-0.01553535592019828
DB12642	0.02267472105159338	0.004245177117386478	-0.018429543934206902
DB12004	0.02266899684525553	0.008059676156369266	-0.014609320688886263
DB03046	0.02265523073390696	0.006511918256041249	-0.016143312477865712
DB08361	0.02261342619918938	0.00899605188945285	-0.01361737430973653
DB12647	0.022590675821831052	0.006647720116745748	-0.015942955705085304
DB08710	0.022583213341488592	0.016953876650293798	-0.0056293366911947945
DB17170	0.02256032606709331	0.00610286990948368	-0.01645745615760963
DB00561	0.02255472920683632	0.0005640157924421407	-0.02199071341439418
DB04340	0.02254801170106724	0.012749221055859405	-0.009798790645207833
DB19152	0.02253576100808179	0.0031001702999140512	-0.01943559070816774
DB11613	0.022532542335886183	0.005866859417694714	-0.01666568291819147
DB03417	0.02253053663511158	0.005818945454744577	-0.016711591180367004
DB01176	0.02252840995556001	0.013774032274845416	-0.008754377680714593
DB06585	0.022511243703850582	0.01661957408593849	-0.005891669617912092
DB15648	0.022500441572535633	0.00949463089820884	-0.013005810674326792
DB03927	0.02249525540338959	0.01623763135270695	-0.006257624050682642
DB12658	0.022492148159015013	0.004002595567821565	-0.018489552591193448
DB16961	0.02249113257401959	0.014787070348649373	-0.007704062225370217
DB18800	0.02248324348430586	0.008685843203609656	-0.013797400280696204
DB08847	0.022473565182155153	0.007188737206971885	-0.015284827975183268
DB12032	0.02246794921998607	0.015204606311500998	-0.007263342908485071
DB18879	0.022462196360780173	0.010713288321587577	-0.011748908039192596
DB03241	0.022460378495474838	0.02001215645688565	-0.0024482220385891873
DB15827	0.02245515730615677	0.017656432244180564	-0.004798725061976206
DB13234	0.02245210736751837	0.008440249919230751	-0.014011857448287618
DB13213	0.022433037291898994	0.019073864165284005	-0.0033591731266149893
DB01139	0.022428322303252455	0.017740760818972832	-0.004687561484279623
DB00485	0.022421814918516945	0.011139859488881219	-0.011281955429635726
DB13556	0.022413419628131624	0.008358933079252433	-0.01405448654887919
DB13830	0.02241027736358465	0.016805206468111206	-0.005605070895473446
DB09322	0.02239109904379652	0.00665538635081786	-0.01573571269297866
DB07167	0.022386708787656417	0.019844046895448997	-0.0025426618922074207
DB01444	0.02238491002426335	0.006874147815944753	-0.015510762208318596
DB01486	0.02238423190638228	0.01365903876376498	-0.008725193142617299
DB11885	0.022336050516662154	0.011978490737546477	-0.010357559779115677
DB14001	0.022304844359530063	0.017957331931507614	-0.004347512428022449
DB12253	0.022300887080065168	0.01625378520307308	-0.006047101876992089
DB08639	0.022293380028594323	0.0020304568527919065	-0.020262923175802416
DB13992	0.02228460588361813	0.0052864159808124755	-0.016998189902805654
DB18066	0.022271126300951648	0.01028808612466392	-0.011983040176287726
DB06786	0.022267863057627794	0.009929689681796527	-0.012338173375831266
DB00682	0.022257261496390263	0.013032324128376516	-0.009224937368013747
DB01530	0.02223336500430366	0.010572010579403018	-0.011661354424900641
DB13507	0.02222541542520151	0.012476795952228392	-0.009748619472973119
DB14571	0.0222077716256886	0.008223131218547897	-0.013984640407140703
DB11425	0.02219029337608089	0.00532392576895066	-0.016866367607130228
DB12229	0.022188300409914263	0.00020644073179676425	-0.0219818596781175
DB09330	0.02216763214097925	0.018870435168301225	-0.0032971969726780254
DB07575	0.022122647137890458	0.01460910420054868	-0.007513542937341779
DB09245	0.022113646953620614	0.019637879957726145	-0.0024757669958944684
DB14544	0.022088047207701612	0.012547982411468685	-0.009540064796232928
DB13042	0.022057515984798368	0.0033364545857769573	-0.01872106139902141
DB05838	0.022051151864403984	0.007441175343200879	-0.014609976521203105
DB14777	0.022047627561614117	0.017015754111017967	-0.00503187345059615
DB07118	0.022042549636636988	0.0033972368702051003	-0.018645312766431887
DB07760	0.0220407604242	0.019056067550473954	-0.0029846928737260452
DB13443	0.02203574617226345	0.002058110054266038	-0.01997763611799741
DB04544	0.02201679389176881	0.00979142367442598	-0.01222537021734283
DB02136	0.022011674579315386	0.02031962720198882	-0.001692047377326565
DB13718	0.021970522693262662	0.005966246666557151	-0.01600427602670551
DB12158	0.021967027043341185	0.01792447664262764	-0.004042550400713545
DB07342	0.021951882410666403	0.012563314879612743	-0.00938856753105366
DB08431	0.021950051810753102	0.002707275803722542	-0.01924277600703056
DB14474	0.021943563527929654	0.01974849276362267	-0.0021950707643069826
DB16836	0.02194341389628459	0.010280419890591886	-0.011662994005692706
DB02637	0.021934085795856338	0.014124762483640807	-0.007809323312215533
DB07921	0.02193061561515096	0.006383782629408752	-0.015546832985742207
DB14840	0.0219076996878875	0.016217370591230934	-0.005690329096656566
DB00166	0.021885124411390455	0.0016920473773265332	-0.020193077034063922
DB11705	0.021885073472958122	0.00798274002157498	-0.013902333451383142
DB11440	0.021859492828951277	0.0031869630213724465	-0.01867252980757883
DB13724	0.021852329611898827	0.007640771223147658	-0.01421155838875117
DB06626	0.021850919254052508	0.001244667860408829	-0.02060625139364368
DB02960	0.021842699064528515	0.005181279056396093	-0.01666142000813242
DB08809	0.021807697994184624	0.020679666409300246	-0.0011280315848843769
DB13324	0.021795545994411733	0.015339860584057452	-0.006455685410354281
DB04301	0.02174600200162563	0.013040811744670533	-0.008705190256955098
DB09459	0.02173927494490053	0.0015324254321839453	-0.020206849512716583
DB02629	0.021737437977683127	0.019620083342916095	-0.0021173546347670325
DB03834	0.02173410151036269	0.006110536143555709	-0.01562356536680698
DB05875	0.021734072857494513	0.019096315279352072	-0.002637757578142441
DB09488	0.021725012183836323	0.021612209025347884	-0.00011280315848843768
DB12242	0.021722882320632686	0.00418494242110623	-0.017537939899526456
DB13613	0.02171047881235011	0.012279938013021685	-0.009430540799328424
DB06159	0.021704843748268907	0.0015324254321839453	-0.02017241831608496
DB09200	0.021698454158658155	0.016283902551213147	-0.0054145516074450084
DB04871	0.02169575760539444	0.01681013476144322	-0.004885622843951221
DB02424	0.02169251346398282	0.005068475897907709	-0.01662403756607511
DB05102	0.021692309710253266	0.0010152284263958977	-0.020677081283857368
DB07569	0.021680507912203106	0.008377277282210494	-0.013303230629992613
DB17015	0.021671915235392282	0.013080511885400749	-0.008591403349991533
DB03091	0.021651269252021238	0.0006223339302044145	-0.021028935321816822
DB16954	0.02164952779436463	0.0015285923151479308	-0.0201209354792167
DB15138	0.021633386678606592	0.007892387977154636	-0.013740998701451956
DB00712	0.02162370837645592	0.02015726731610623	-0.0014664410603496898
DB14882	0.021616080346208138	0.0008517733642173049	-0.020764306981990832
DB08259	0.021594361472105472	0.004929662302389226	-0.016664699169716246
DB00985	0.021577478565426023	0.016804658879963186	-0.004772819685462837
DB18761	0.021571235423808455	0.005010157760145462	-0.016561077663662993
DB18246	0.021568226872646368	0.010084930921755109	-0.011483295950891259
DB04795	0.021567580591285683	0.019085911104540054	-0.0024816694867456288
DB00577	0.021566590475506575	0.01967484215771642	-0.001891748317790154
DB00863	0.021566389905428987	0.001353637901861271	-0.020212752003567716
DB00705	0.021557408823071347	0.018208401097366655	-0.003349007725704692
DB12881	0.021556386870771847	0.009023431296853006	-0.012532955573918841
DB04692	0.02154474743897483	0.0006768189509306355	-0.020867928488044196
DB16852	0.021529144360408765	0.016539900010404174	-0.004989244350004592
DB12579	0.021522261304734468	0.015103302504120605	-0.006418958800613862
DB02952	0.021520780906543704	0.004581943828407778	-0.016938837078135927
DB01059	0.021513327977157166	0.016021060240172157	-0.005492267736985008
DB06622	0.02150526060293012	0.01995192176060534	-0.0015533388423247807
DB01157	0.021504840360863132	0.015448556831435936	-0.006056283529427196
DB03738	0.02149191791730068	0.0070321269966432814	-0.014459790920657398
DB15235	0.021491634572270532	0.010975035456332494	-0.010516599115938037
DB08358	0.021454389027250394	0.008479402471812898	-0.012974986555437495
DB13252	0.02145161924999006	0.00011280315848838374	-0.021338816091501678
DB00875	0.02142735663792083	0.01164856887837519	-0.00977878775954564
DB00504	0.02142637607309765	0.007730301885345986	-0.013696074187751664
DB13011	0.021425417793838664	0.01640108641488558	-0.005024331378953084
DB07601	0.021411244175031034	0.016786314677005088	-0.004624929498025945
DB07131	0.021401008733776348	0.010207590666907684	-0.011193418066868664
DB07917	0.021377074037865283	0.008094174209693404	-0.013282899828171879
DB06197	0.021305874844016914	0.016194645683088815	-0.005111229160928099
DB07791	0.0212792435948424	0.007134252186245749	-0.014144991408596652
DB14898	0.021267798365818644	0.016964554619179784	-0.004303243746638858
DB12712	0.021252507285150914	0.016801373351075177	-0.004451133934075736
DB11651	0.021236837349892387	0.013340616255701751	-0.007896221094190638
DB02664	0.021231679833614698	0.01612209025347855	-0.005109589580136149
DB06904	0.021220221869982958	0.01314266314019899	-0.008077558729783968
DB18442	0.021202001829453865	0.017080095718408295	-0.00412190611104557
DB13255	0.021199684130780883	0.010526013174970816	-0.010673670955810066
DB06657	0.021182954039398547	0.0028239120792469563	-0.01835904196015159
DB02855	0.02116547260613884	0.006775855743378289	-0.014389616862760551
DB13692	0.021137513774070478	0.012174253500457234	-0.008963260273613242
DB11531	0.021114177604739978	0.020211752336832478	-0.0009024252679075014
DB12459	0.021105581744277062	0.012956209375804266	-0.008149372368472796
DB04785	0.021085626613395275	0.012022023995312658	-0.009063602618082617
DB02749	0.021084050705643675	0.01476215508791523	-0.006321895617728446
DB15108	0.021036213150342084	0.01421785246880114	-0.006818360681540944
DB16087	0.021021125823403847	0.011057721266680892	-0.009963404556722955
DB16213	0.02099975078371963	0.009475465313028786	-0.011524285470690843
DB02632	0.020995898564771468	0.020206276455352404	-0.0007896221094190638
DB12984	0.020992530260930845	0.009331175836030204	-0.011661354424900641
DB13509	0.020991202678037148	0.015047722307098388	-0.005943480370938758
DB07675	0.020980922665654024	0.01673703174368494	-0.004243890921969085
DB12538	0.020967732795321624	0.00516512520603004	-0.015802607589291584
DB07404	0.02096030533515136	0.020734699018174485	-0.00022560631697687535
DB17877	0.020940865955897177	0.01744396804275561	-0.003496897913141568
DB13455	0.02091178011101269	0.017917905584851512	-0.0029938745261611777
DB08828	0.020909363719127022	0.01641724026525171	-0.004492123453875313
DB01763	0.0208863077111745	0.006607198593793662	-0.01427910911738084
DB13153	0.02086323578496188	0.003839140505642895	-0.017024095279318984
DB04723	0.020853340994473554	0.0077012797135018775	-0.013152061280971676
DB14533	0.020846613937748337	0.005414551607444973	-0.015432062330303364
DB17202	0.02084558561814494	0.018138309814422438	-0.0027072758037225042
DB16858	0.020844888398351878	0.014986666228596145	-0.0058582221697557335
DB00136	0.02084066050846496	0.0014119560396234781	-0.019428704468841484
DB00303	0.02082012276926277	0.01754883117309808	-0.0032712915961646927
DB03363	0.02080660816642399	0.000451212633953757	-0.020355395532470233
DB06481	0.02080234525636493	0.0002256063169768785	-0.02057673893938805
DB11683	0.02079957547910463	0.008976886304272846	-0.011822689174831785
DB02551	0.020797607982154243	0.01712691450506243	-0.003670693477091813
DB00630	0.020793609315212996	0.004967719678675264	-0.01582588963653773
DB16027	0.02078132996935926	0.009883692277364348	-0.010897637691994911
DB06248	0.020774125364830597	0.019533290621457783	-0.0012408347433728144
DB08831	0.02076631905006955	0.01017528296617548	-0.01059103608389407
DB01066	0.020759251342577896	0.0024110306156533493	-0.018348220726924547
DB02274	0.020713865199334158	0.006966964007031007	-0.013746901192303151
DB01632	0.0207093539644172	0.006274812587956369	-0.01443454137646083
DB03639	0.020664801938003657	0.006749023924126241	-0.013915778013877417
DB08982	0.020664212962379285	0.007234734611404069	-0.013429478350975216
DB01581	0.020643850324038482	0.014494110689468265	-0.006149739634570217
DB12802	0.020637839589018526	0.014156248802150911	-0.006481590786867613
DB17117	0.020603577125944118	0.0016375623566003534	-0.018966014769343766
DB03848	0.020598349569321935	0.02025994009385662	-0.00033840947546531303
DB15920	0.020577337465968352	0.006907824487046802	-0.01366951297892155
DB00602	0.0205624825456278	0.015599143572136542	-0.0049633389734912575
DB08991	0.020556882501718853	0.006787355094486334	-0.013769527407232519
DB18899	0.02054360985643383	0.014433875993187961	-0.00610973386324587
DB06763	0.020539786290353967	0.014547774327972496	-0.005992011962381472
DB06604	0.020539378782894892	0.017693394444170618	-0.0028459843387242754
DB05013	0.020534437754954768	0.00428652002256058	-0.016247917732394188
DB02356	0.02051951279426978	0.012264879338951595	-0.008254633455318183
DB00194	0.02049571181174381	0.01628362875713918	-0.004212083054604632
DB12981	0.020484944700601096	0.006215673067972117	-0.014269271632628977
DB00680	0.02046766702107081	0.004519792573609536	-0.015947874447461274
DB09308	0.020461427063105164	0.014497943806504265	-0.005963483256600899
DB15046	0.02046115963633525	0.004348671277358873	-0.016112488358976378
DB13115	0.020458252962038	0.0158775921453956	-0.0045806608166424
DB12662	0.02043177771181253	0.014652911252388878	-0.005778866459423654
DB12135	0.02042440755737866	0.0144032110568999	-0.006021196500478759
DB12993	0.02039645827626637	0.004916520186837076	-0.015479938089429294
DB18117	0.02038449411196299	0.011264161998477705	-0.009120332113485285
DB15903	0.020363376948092524	0.007953717849730854	-0.01240965909836167
DB04643	0.02036064219100464	0.001804850535815028	-0.018555791655189613
DB01278	0.020345558047718384	0.005978567399887225	-0.01436699064783116
DB00380	0.020343724264152922	0.012900355384708018	-0.007443368879444905
DB03274	0.020324555495320848	0.019422130227413348	-0.0009024252679075014
DB07284	0.02030751977334433	0.0007896221094190192	-0.01951789766392531
DB03696	0.02030473726147595	0.017233146605774796	-0.0030715906557011504
DB15309	0.020300229210211074	0.015978622158701994	-0.00432160705150908
DB13497	0.020292375140669675	0.014661398868682896	-0.00563097627198678
DB00319	0.020279000618519907	0.016192181536422816	-0.00408681908209709
DB02842	0.02027295804697975	0.005601005371839732	-0.014671952675140019
DB06713	0.020266721272666155	0.019077697282320005	-0.0011890239903461497
DB07758	0.020257109827207853	0.008365230342954444	-0.01189187948425341
DB03701	0.02022125235446986	0.011041567416314846	-0.009179684938155012
DB15436	0.020216410019742392	0.0016337292395642855	-0.018582680780178107
DB07793	0.020192338426794583	0.018598010064670212	-0.0015943283621243712
DB08492	0.020186289487950322	0.018607045269112193	-0.0015792442188381276
DB02817	0.020177190610467854	0.018762560303144826	-0.0014146303073230282
DB06255	0.020163134786785077	0.0032751247132007067	-0.01688801007358437
DB14975	0.020147576279347434	0.007429675992092877	-0.012717900287254558
DB00795	0.02013977951554244	0.007270054046950247	-0.012869725468592191
DB13010	0.020129489952203247	0.018204294186256686	-0.0019251957659465607
DB07413	0.02011588620710777	0.005488202213351296	-0.014627683993756475
DB16006	0.020109735391398816	0.0012991528811350404	-0.018810582510263775
DB06721	0.020099547704924392	0.003882126175261069	-0.016217421529663323
DB19181	0.02008928361080134	0.015421725012183835	-0.004667558598617505
DB12577	0.02008094244250037	0.009876847425514312	-0.010204095016986058
DB09271	0.020069443091392414	0.00930133228196417	-0.010768110809428244
DB03562	0.02005472506808876	0.011492506256194579	-0.00856221881189418
DB08240	0.020040783855878888	0.009544187625603051	-0.010496596230275837
DB07460	0.020036100703752707	0.004815216379456682	-0.015220884324296025
DB08293	0.02001718981073447	0.007888554860118635	-0.012128634950615835
DB03236	0.02001220421166605	0.01349421473121637	-0.006517989480449682
DB01634	0.020011462420744548	0.007386690322474632	-0.012624772098269916
DB15574	0.019964388941928535	0.015781490425421207	-0.004182898516507327
DB11622	0.019938862420005983	0.011295648316987825	-0.00864321410301816
DB08712	0.01993791687535506	0.016250499674185057	-0.0036874172011700044
DB07186	0.019899487011782235	0.012241333048587544	-0.0076581539631946915
DB08524	0.01989534189684794	0.0058159337199306105	-0.01407940817691733
DB09340	0.019888086353886864	0.0053715659378268405	-0.014516520416060023
DB07126	0.019884485643448607	0.009238359644943905	-0.010646125998504702
DB08226	0.019881830477661174	0.01954342100219586	-0.00033840947546531303
DB11399	0.019873588002572926	0.007027472497385265	-0.01284611550518766
DB16745	0.019865192712187542	0.009548294536713048	-0.010316898175474494
DB12743	0.0198268169706991	0.007061696756635372	-0.01276512021406373
DB11915	0.01981656242753213	0.01234564859078191	-0.00747091383675022
DB05553	0.0198133501226406	0.00033840947546526223	-0.019474940647175337
DB12704	0.019787552990296164	0.011082362733341067	-0.008705190256955098
DB14829	0.01978441390940116	0.004301852490704689	-0.015482561418696472
DB08955	0.019780864137395167	0.005515855414825355	-0.014265008722569812
DB14002	0.019780141448386024	0.015690043204704907	-0.004090098243681117
DB06864	0.019762554954609435	0.011437747441394364	-0.008324807513215071
DB15360	0.0197511256438459	0.014423471818375999	-0.005327653825469904
DB08040	0.019750956910288647	0.018510122166915832	-0.0012408347433728144
DB15644	0.01973690745390999	0.01168361451984734	-0.00805329293406265
DB00575	0.01973361555771781	0.0017503655150887913	-0.017983250042629018
DB12548	0.019728604489433296	0.017607970693082328	-0.002120633796350968
DB18000	0.01971930185822135	0.018278766174384953	-0.001440535683836397
DB13741	0.01968105664646576	0.015239104364825132	-0.00444195228164063
DB08404	0.019648736211125548	0.003496897913141561	-0.016151838297983986
DB00119	0.01964775246265038	0.0020304568527919065	-0.017617295609858474
DB01605	0.019641206874090517	0.018816497735722998	-0.0008247091383675187
DB03402	0.01963145853159522	0.011953301682738338	-0.007678156848856883
DB14842	0.019626090894284035	0.014005935855524343	-0.005620155038759692
DB11401	0.019598615977323264	0.008289115590382146	-0.011309500386941118
DB13034	0.019573958592403004	0.018323942196595097	-0.001250016395807907
DB01959	0.01953822846574582	0.012633953750704974	-0.006904274715040848
DB09202	0.01952469794464699	0.014761059911619273	-0.004763638033027716
DB07089	0.01951472037920604	0.002365033211221168	-0.017149687167984873
DB16690	0.019509008907476318	0.015943576517229857	-0.0035654323902464605
DB07197	0.019508009240740982	0.0020887749905541043	-0.017419234250186877
DB03421	0.01950763675345435	0.01650458057485804	-0.0030030561785963084
DB02010	0.019488611248963252	0.0031623215547122692	-0.016326289694250984
DB12140	0.019472234542955644	0.018569809275048144	-0.0009024252679075014
DB16031	0.019467398575532216	0.001353637901861271	-0.018113760673670945
DB15877	0.019441700136400376	0.0050137170831074385	-0.014427983053292938
DB03997	0.019428491164155855	0.017120617241360436	-0.00230787392279542
DB07414	0.01942794357600789	0.014976809641932154	-0.004451133934075736
DB01678	0.01941333698052508	0.004309518724776723	-0.015103818255748358
DB00255	0.019390643908903236	0.017021777580646047	-0.0023688663282571912
DB08910	0.019380787322239187	0.019042377846773872	-0.00033840947546531303
DB11935	0.01937774693455696	0.008787694599138085	-0.010590052335418876
DB19280	0.019376565799656298	0.0019176536943034117	-0.017458912105352886
DB07599	0.01935719646074685	0.007546312267617261	-0.01181088419312959
DB12210	0.01935482145633741	0.0028239120792469563	-0.016530909377090452
DB12478	0.01933662370137245	0.014105049310312756	-0.005231574391059694
DB02799	0.019333732945335302	0.0019253199283754694	-0.017408413016959834
DB13125	0.019324427130471333	0.01252115059221659	-0.006803276538254743
DB03186	0.019323981419188008	0.007243222227698132	-0.012080759191489876
DB11591	0.019286898240421	0.006861827082614624	-0.012425071157806373
DB11115	0.01926550409882459	0.0038314742715708228	-0.015434029827253767
DB03517	0.019253199283754706	0.008649702385841562	-0.010603496897913142
DB04314	0.019230432988136315	0.01892711054161944	-0.0003033224465168755
DB02222	0.019223839644796015	0.015665949326192696	-0.0035578903186033184
DB03727	0.019219796406726584	0.01752774902940002	-0.001692047377326565
DB02044	0.019199118586835512	0.007675816864619794	-0.011523301722215717
DB13257	0.01919136321050674	0.01430574036655552	-0.004885622843951221
DB09059	0.019165037591926358	0.01657056494669229	-0.0025944726452340667
DB03150	0.019158173638164147	0.00033840947546526223	-0.018819764162698885
DB12727	0.019149520471964915	0.013639873178584921	-0.005509647293379993
DB16945	0.01914532441859832	0.01767888335824863	-0.0014664410603496898
DB04321	0.019142717007591264	0.008437238184416773	-0.010705478823174491
DB16928	0.01913750855288123	0.011136026371845208	-0.008001482181036024
DB11741	0.019135130364819786	0.015351633729239589	-0.003783496635580197
DB02400	0.019121230540086187	0.01314266314019899	-0.005978567399887197
DB13364	0.01910440493914321	0.00871897228656382	-0.01038543265257939
DB00127	0.01907721336721247	0.012821228897321735	-0.006255984469890738
DB02793	0.019064061700704404	0.004399323181049075	-0.01466473851965533
DB15319	0.019063565050988718	0.009219194059763791	-0.009844370991224927
DB18178	0.019062094203754022	0.002707275803722542	-0.01635481840003148
DB16335	0.019049958122241306	0.016298413637135245	-0.002751544485106061
DB12854	0.019033979372736536	0.005656311774787981	-0.013377667597948555
DB16073	0.01900274137908418	0.0028200789622109257	-0.016182662416873255
DB13545	0.018993559726649043	0.00033840947546526223	-0.01865515025118378
DB07218	0.01898635512212042	0.016981803645841884	-0.0020045514762785377
DB02545	0.018975909559832114	0.014299169308779502	-0.004676740251052611
DB03866	0.018975024504569567	0.015478126591427999	-0.003496897913141568
DB07926	0.018964324250119437	0.0019759718320656663	-0.01698835241805377
DB11918	0.018950500833034366	0.00361353418866602	-0.015336966644368344
DB14987	0.01888913594028596	0.01340441027494399	-0.005484725665341972
DB04220	0.01887568501048754	0.0028822302170091836	-0.015993454793478357
DB08469	0.018856366610010396	0.009806208554422047	-0.009050158055588347
DB03714	0.018853800586479695	0.01451710939168438	-0.0043366911947953155
DB11861	0.018841428914717184	0.01295566178765628	-0.0058857671270609035
DB13878	0.018828375941421838	0.016372611831189543	-0.0024557641102322947
DB17737	0.018772174932255026	0.01106155438371692	-0.007710620548538105
DB04445	0.018743643042822555	0.013118569261686919	-0.005625073781135637
DB12028	0.01873967302874953	0.015723172287659015	-0.0030165007410905137
DB19024	0.018729746401740965	0.014633745667208764	-0.004096000734532201
DB13787	0.01872794763834784	0.0006768189509306355	-0.018051128687417206
DB13076	0.018722344410786896	0.002325880658639024	-0.016396463752147872
DB00788	0.01871730150598202	0.00547670286224325	-0.01324059864373877
DB15830	0.0187035895167178	0.017324046238343216	-0.001379543278374585
DB00347	0.0187034207831605	0.014191294443622993	-0.0045121263395375075
DB16266	0.018687693542165637	0.0019869235950257247	-0.016700769947139912
DB13684	0.018681625501409276	0.011376965156966144	-0.007304660344443131
DB04088	0.01865445303139071	0.013656027028950996	-0.004998426002439715
DB02300	0.018653510670391796	0.004624929498025954	-0.014028581172365842
DB12111	0.018651947497248297	0.014478230633176103	-0.004173716864072194
DB01557	0.018645968598748616	0.00011280315848838374	-0.018533165440260232
DB03345	0.018644975299317523	0.014010864148856439	-0.004634111150461084
DB03928	0.01861702920185718	0.0129860529298704	-0.00563097627198678
DB13030	0.018590264239297508	0.007945777821584787	-0.01064448641771272
DB01075	0.018585632025603704	0.003609701071630056	-0.014975930953973648
DB06454	0.018575160994099123	0.0026059719963421116	-0.01596918899775701
DB08335	0.01857415177640777	0.012519507827772558	-0.0060546439486352105
DB14752	0.018551423684613717	0.014751203324955275	-0.003800220359658442
DB16965	0.01851052330707075	0.012202728084153347	-0.006307795222917405
DB13745	0.01849738437517074	0.010386378197230317	-0.008111006177940423
DB02057	0.01848743227894601	0.0031078365339860586	-0.01537959574495995
DB13505	0.018480896241342245	0.010902753820796304	-0.007578142420545941
DB18886	0.018477110879086545	0.011713184279839473	-0.006763926599247072
DB13170	0.018442237154823737	0.010187603699505554	-0.008254633455318183
DB18062	0.0184383690176154	0.004017928035965589	-0.01442044098164981
DB03176	0.01840835991364409	0.008048176805261265	-0.010360183108382826
DB04634	0.01840736343056081	0.01170770839835943	-0.006699655032201379
DB03711	0.018406917719277605	0.001353637901861271	-0.017053279817416334
DB13025	0.018386988057611887	0.0031116696510220723	-0.015275318406589813
DB16608	0.01838460350224641	0.010115869652117249	-0.008268733850129162
DB03031	0.018355412596845144	0.0037110048790104377	-0.014644407717834707
DB07557	0.018354164605252077	0.015559991019554409	-0.002794173585697668
DB18752	0.01834562286687355	0.008275973474830112	-0.01006964939204344
DB01830	0.01834491927977642	0.015386131782563706	-0.002958787497212713
DB03574	0.018330739293664768	0.001244667860408829	-0.01708607143325594
DB03559	0.01832205747459728	0.003110026886578049	-0.015212030588019232
DB07763	0.018318256194081537	0.00563249169034985	-0.012685764503731687
DB08072	0.018231001843079832	0.0028822302170091836	-0.015348771626070647
DB13564	0.018216067331438678	0.01562159468620461	-0.0025944726452340667
DB14806	0.018196984521211212	0.012035439904938716	-0.006161544616272496
DB01912	0.01818120952543593	0.004290353139596646	-0.013890856385839284
DB02908	0.018170993186093228	0.004912687069801061	-0.013258306116292168
DB14653	0.018164587678222377	0.0005640157924421407	-0.017600571885780236
DB08634	0.018145387072870105	0.011750694067977593	-0.00639469300489251
DB01329	0.01814412316301686	0.005119949183819861	-0.013024173979196998
DB00451	0.01812790563961034	0.016435858262283776	-0.001692047377326565
DB12821	0.01811798219625381	0.008692688055459738	-0.009425294140794072
DB13812	0.01811413316095768	0.004760731358730473	-0.013353401802227206
DB11404	0.018112528600337963	0.0031431559695321853	-0.014969372630805777
DB03535	0.01809149102776815	0.010984892042996575	-0.007106598984771574
DB11142	0.018059730915184088	0.017721321439718773	-0.00033840947546531303
DB02502	0.01804909433377433	0.014178699916219006	-0.003870394417555323
DB08030	0.01804793548443795	0.012086091808628963	-0.0059618436758089866
DB07221	0.018046041211484003	0.015677174883226813	-0.0023688663282571912
DB13869	0.01802051468956145	0.013560199103050619	-0.004460315586510832
DB03194	0.01801541766267223	0.012340172709301878	-0.005675244953370351
DB16084	0.017985443578873137	0.0028239120792469563	-0.01516153149962618
DB09233	0.01797704510483575	0.016284997727509187	-0.001692047377326565
DB06820	0.017969506216844677	0.012225726786369462	-0.0057437794304752154
DB06521	0.017965921424666353	0.009529950333754922	-0.008435971090911432
DB01744	0.017962037369198047	0.0025906395281980465	-0.015371397841
DB16303	0.01794290998784221	0.013138282435014914	-0.004804627552827297
DB09449	0.017920369731517585	0.011603392856165073	-0.00631697687535251
DB14178	0.017899456321376683	0.012458999337418342	-0.005440456983958342
DB13473	0.017892394981189108	0.004162217512964195	-0.013730177468224913
DB07644	0.017876288885603348	0.015169013081880844	-0.0027072758037225042
DB02113	0.01786369435819924	0.014366796445057672	-0.003496897913141568
DB19368	0.017852717126023043	0.006869493316686626	-0.010983223809336418
DB07347	0.017847521405921087	0.008841632031716284	-0.009005889374204802
DB18113	0.017845413828281705	0.00944616934711065	-0.008399244481171055
DB12753	0.017843707390797242	0.011752336832421606	-0.006091370558375634
DB12549	0.017841138183614467	0.014656744369424879	-0.003184393814189588
DB07348	0.01783460214601066	0.002598305762270081	-0.015236296383740577
DB02263	0.017833596111971356	0.012090472513812928	-0.005743123598158428
DB00586	0.01779825439086104	0.0012991528811350404	-0.016499101509726
DB02696	0.017789897304299956	0.011820511556847865	-0.0059693857474520905
DB14512	0.017789569388141566	0.006462361528647098	-0.011327207859494468
DB04953	0.017785093173396826	0.014530525301310382	-0.0032545678720864446
DB13778	0.017783978895188735	0.0015754111018021488	-0.016208567793386586
DB13995	0.017775628175931646	0.008546755814017148	-0.009228872361914497
DB01369	0.017762479693075574	0.011265804762921716	-0.006496674930153858
DB00404	0.01776035619717605	0.005009336377923439	-0.012751019819252613
DB00647	0.017717762116756745	0.0031661546717482838	-0.01455160744500846
DB06718	0.01771356924704215	0.010111488946933256	-0.007602080300108893
DB08995	0.01771193284990214	0.008308281175562237	-0.009403651674339902
DB11858	0.017700576763135127	0.0062556470027762545	-0.011444929760358873
DB17032	0.01769647621932914	0.0023067150734589204	-0.01538976114587022
DB01895	0.01769446733490243	0.008010119428975004	-0.009684347905927426
DB08490	0.017685276131511385	0.005523521648897467	-0.012161754482613918
DB13380	0.017651214238514373	0.012933484467662182	-0.0047177297708521915
DB14637	0.017647145531228592	0.010185413346913474	-0.007461732184315116
DB06933	0.01763650894981885	0.01634386345341937	-0.0012926454963994808
DB02740	0.017633363501619898	0.003496897913141561	-0.014136465588478336
DB08071	0.017616085822089678	0.006877159550758738	-0.01073892627133094
DB08692	0.017610788225122853	0.011109194552593071	-0.006501593672529782
DB00271	0.017609597539266303	0.009169363538295672	-0.008440234000970631
DB08011	0.01760912954241879	0.009548294536713048	-0.008060835005705742
DB00435	0.017604834795839356	0.0007896221094190192	-0.016815212686420337
DB06413	0.01759856936865757	0.013236300713507357	-0.004362268655150214
DB02229	0.017575300056019594	0.0003833117036015077	-0.017191988352418086
DB08203	0.017544600099559167	0.013024931688378538	-0.004519668411180629
DB09041	0.017522696573639078	0.009731736566293756	-0.007790960007345322
DB02203	0.01751934418805862	0.007296885866202311	-0.01022245832185631
DB11703	0.017488660149858323	0.00852539987624508	-0.008963260273613242
DB03826	0.017479621761764208	0.007837902956428389	-0.00964171880533582
DB07700	0.01747299021459979	0.01634495862971541	-0.0011280315848843769
DB04811	0.017472273892894574	0.014790903465685401	-0.002681370427209173
DB03460	0.017469118893739498	0.011865687579058037	-0.0056034313146814604
DB16859	0.017454445441564305	0.003504564147213597	-0.013949881294350708
DB04112	0.01744002349789886	0.0035360504657236946	-0.013903973032175165
DB02341	0.017430128707410567	0.004239701235906449	-0.013190427471504118
DB02565	0.017385735863598085	0.0011863497226466029	-0.016199386140951483
DB16733	0.017381902746562025	0.0025361545074717995	-0.014845748239090226
DB01657	0.017361667454302166	0.004869701400182894	-0.012491966054119272
DB01926	0.01734260374598684	0.005185112173432094	-0.012157491572554746
DB04472	0.01733868467034621	0.01069247997196349	-0.006646204698382719
DB07486	0.01733695594729756	0.01109769520148507	-0.006239260745812492
DB15338	0.017316042537156684	0.012855726950645852	-0.004460315586510832
DB08403	0.017284346097613076	0.016381920829705576	-0.0009024252679075014
DB12894	0.017250500692953752	0.013638504208214997	-0.0036119964847387553
DB05234	0.01724970159629591	0.0038353073886069344	-0.013414394207688977
DB01847	0.0172219847217812	0.009499559191540774	-0.007722425530240428
DB12938	0.017213879143730054	0.005204277758612191	-0.012009601385117863
DB06637	0.017192058392762555	0.011457460614722442	-0.0057345977780401125
DB04288	0.017177655551009297	0.00977855535294794	-0.007399100198061358
DB16254	0.017169791930511824	0.00044737951691775635	-0.016722412413594068
DB01028	0.01716825741023661	0.0108512805348841	-0.00631697687535251
DB01818	0.017165958813475823	0.002586806411162046	-0.014579152402313778
DB04092	0.017146990614721226	0.00681500829596049	-0.010331982318760737
DB05521	0.017144440509450562	0.005076142131979711	-0.012068298377470851
DB01799	0.01713239038654242	0.014199508265843042	-0.0029328821206993797
DB17083	0.017110929388253544	0.01629540190232115	-0.0008155274859323967
DB09397	0.017109939272474384	0.011469781348052502	-0.0056401579244218835
DB00531	0.017107035781829205	0.0034853985620335592	-0.013621637219795646
DB04259	0.01708467699366978	0.008671332117687669	-0.00841334487598211
DB03002	0.0170823274584766	0.009940641444756593	-0.0071416860137200056
DB14018	0.01702079383217081	0.00912555648645541	-0.0078952373457154
DB18793	0.017002096243838204	0.008755660692479971	-0.008246435551358233
DB08672	0.016981488464291566	0.006525881753815299	-0.010455606710476266
DB09240	0.016981087324136633	0.0010735465641581652	-0.015907540759978467
DB07435	0.01697508295642086	0.0034462460094513716	-0.013528836946969491
DB16114	0.01695811090748476	0.013808804122243612	-0.003149306785241149
DB03504	0.016928799023306504	0.012558660380354733	-0.004370138642951771
DB00209	0.01686112094859582	0.004624929498025954	-0.012236191450569867
DB01073	0.016851477666617442	0.013580186070452749	-0.0032712915961646927
DB06536	0.01684111806293369	0.0015792442188381495	-0.015261873844095542
DB14573	0.016824394338855492	0.0038353073886069344	-0.012989086950248559
DB06974	0.01679749247925877	0.013670811908947034	-0.003126680570311735
DB13248	0.01679486596633961	0.013810173092613565	-0.0029846928737260452
DB17052	0.01674052739360643	0.013633849708956869	-0.0031066776846495614
DB08890	0.016732736997105584	0.010121619327671305	-0.0066111176694342785
DB07219	0.016720056511096877	0.015253615450747188	-0.0014664410603496898
DB01719	0.016711842688876852	0.01107168476445497	-0.0056401579244218835
DB13802	0.016709735111237467	0.010886599970430233	-0.005823135140807234
DB13673	0.01670239360967178	0.0038552943560089536	-0.012847099253662828
DB02334	0.016700015421610453	0.012893236738784036	-0.003806778682826417
DB04086	0.01668360051177844	0.005663978008859982	-0.011019622502918455
DB17386	0.016682467131658107	0.006178984662055909	-0.010503482469602199
DB07739	0.016668357185891033	0.00546903662817122	-0.011199320557719813
DB06656	0.016665128962739528	0.01387095537704186	-0.002794173585697668
DB16305	0.01665188497032269	0.011802988736111852	-0.004848896234210837
DB02920	0.016627985294583925	0.009961449794380628	-0.006666535500203297
DB04599	0.016625855431380357	0.0067191803700600294	-0.009906675061320327
DB02883	0.01662528237401617	0.012373849380403978	-0.004251432993612194
DB15882	0.01661767981298462	0.013442467651230139	-0.0031752121617544832
DB04269	0.01659427678696157	0.012393014965584093	-0.004201261821377478
DB06835	0.016566267016460967	0.007133430804023677	-0.00943283621243729
DB00670	0.0165503296544324	0.00717258335660583	-0.009377746297826568
DB06803	0.016542911745218186	0.010789950662307866	-0.005752961082910322
DB12196	0.01654082645314292	0.014085062342910626	-0.0024557641102322947
DB06124	0.016539664420154462	0.007027472497385265	-0.009512191922769198
DB15273	0.01653465971917388	0.01239766946484211	-0.004136990254331771
DB18737	0.016534319068407438	0.008950602073168779	-0.007583716995238658
DB13656	0.01652995428148349	0.0038782930582250685	-0.01265166122325842
DB01975	0.01651032388310801	0.005593339137767702	-0.010916984745340308
DB02658	0.01650158794195611	0.007571775116499313	-0.008929812825456795
DB13489	0.01645140085146135	0.0035590491679398095	-0.012892351683521541
DB05959	0.016426959954878695	0.00011280315848838374	-0.01631415679639031
DB08562	0.01640978415221317	0.011047043297794823	-0.005362740854418346
DB04970	0.0163716853884508	0.011156834721469333	-0.005214850666981467
DB08120	0.016363767645868884	0.0096657521944595	-0.006698015451409384
DB15831	0.016343927126459823	0.013584840569710654	-0.00275908655674917
DB14799	0.01633748978206885	0.0028745639829371727	-0.013462925799131678
DB17025	0.016326130511649807	0.012100602894550946	-0.00422552761709886
DB14550	0.016309944824763528	0.0033257766168909297	-0.012984168207872598
DB12013	0.01630662745935526	0.01382495797260963	-0.0024816694867456288
DB03381	0.016294698315224093	0.014409508320601921	-0.0018851899946221717
DB04419	0.016274428002791937	0.0016375623566003534	-0.014636865646191585
DB08221	0.016272571933662362	0.007222413878074013	-0.009050158055588347
DB03497	0.016272129406031233	0.016159326247542793	-0.00011280315848843768
DB07833	0.016271432186238027	0.011231032915523576	-0.005040399270714452
DB06927	0.01626353672922031	0.01037186711130822	-0.005891669617912092
DB06143	0.01626037854641331	0.0038353073886069344	-0.012425071157806373
DB02192	0.01625351459265109	0.002267562520876799	-0.01398595207177429
DB13363	0.016232028125146097	0.01046988538980062	-0.005762142735345477
DB02155	0.016198154067618376	0.00246633701860155	-0.013731817049016826
DB06691	0.016186158066794847	0.015622142274352657	-0.0005640157924421884
DB08770	0.01618150356753678	0.008285282473346145	-0.007896221094190638
DB14961	0.016175457812344668	0.014274527842119383	-0.0019009299702252846
DB04033	0.01613864206034759	0.004414655649193128	-0.011723986411154463
DB03675	0.01613142472121084	0.01160421423838709	-0.00452721048282375
DB18573	0.016112510644540515	0.005990066750995242	-0.010122443893545274
DB08069	0.016077401330027892	0.004512126339537459	-0.011565274990490433
DB06750	0.016073208460313272	0.012811098516583685	-0.0032621099437295867
DB08292	0.01605747485201429	0.014816640108641477	-0.0012408347433728144
DB12539	0.016043151601561667	0.010809937629709943	-0.0052332139718517245
DB13054	0.016039996602406525	0.00619267436575599	-0.009847322236650535
DB12899	0.016030620747198077	0.009843170754412212	-0.006187449992785865
DB06853	0.016018917642360526	0.005468215245949211	-0.010550702396411316
DB04851	0.01601124185733238	0.008303900470378212	-0.00770734138695417
DB16774	0.01600886685292307	0.001804850535815028	-0.014204016317108041
DB08744	0.01599121668610609	0.015878413527617652	-0.00011280315848843768
DB03245	0.01597771800152738	0.0035267414672076752	-0.012450976534319706
DB02455	0.015886423596108146	0.00870309223027177	-0.007183331365836376
DB01854	0.01587770038956439	0.007219402143260001	-0.008658298246304388
DB12777	0.01585964271528839	0.008984552538344848	-0.0068750901769435435
DB01245	0.015810216517627228	0.008043522306003213	-0.0077666942116240145
DB15679	0.01580015936088575	0.0033334428509629336	-0.012466716509922815
DB01700	0.015798242802367635	0.0011318647019203914	-0.014666378100447242
DB09383	0.01577404386333881	0.004776063826874531	-0.01099798003646428
DB04716	0.015771528778240427	0.006721370722652079	-0.009050158055588347
DB01057	0.01576314622246315	0.01486072095455565	-0.0009024252679075014
DB03544	0.015740507272925742	0.005068475897907709	-0.010672031375018032
DB04272	0.01572807829542694	0.00570532091403414	-0.0100227573813928
DB09239	0.01571776644652343	0.0017380447817587422	-0.013979721664764688
DB02173	0.015681001632958824	0.0006185008131683878	-0.015062500819790436
DB08454	0.015680781960969115	0.006596520624907565	-0.00908426133606155
DB07011	0.01565064551091691	0.012253106193769514	-0.0033975393171473967
DB03374	0.01564893907343246	0.002827745196282971	-0.012821193877149487
DB18983	0.015642342546440223	0.009266012846417926	-0.006376329700022297
DB17936	0.015565568777899053	0.01028808612466392	-0.005277482653235133
DB17226	0.015554515138074355	0.011155191957025287	-0.004399323181049069
DB04515	0.015550217207842998	0.007471018897266979	-0.008079198310576019
DB11934	0.015519288028436842	0.0007896221094190192	-0.014729665919017823
DB06992	0.015511548570368405	0.003874459941189068	-0.011637088629179337
DB12060	0.015507342966045619	0.008472557619962906	-0.007034785346082713
DB02772	0.015497247605479908	0.010454552921656562	-0.0050426946838233455
DB02609	0.015497018382534141	0.011323301518461948	-0.004173716864072194
DB14070	0.015456933019909158	0.0008479402471812897	-0.014608992772727869
DB09380	0.015448006059635921	0.002022790618719905	-0.013425215440916016
DB03425	0.015432587632887221	0.007969871700096923	-0.007462715932790298
DB16117	0.015408681589844486	0.005194421171948127	-0.01021426041789636
DB12655	0.01538916898659387	0.007054851904785331	-0.00833431708180854
DB01891	0.015360627546205324	0.007273887163986248	-0.008086740382219076
DB04748	0.015336944358804172	0.00912555648645541	-0.0062113878723487614
DB04207	0.015326059452536622	0.003226936956176485	-0.012099122496360137
DB03106	0.015294767336799908	0.009584435354481169	-0.005710331982318739
DB09205	0.015217933078870427	0.003158488437676299	-0.012059444641194128
DB00293	0.015197443094448641	0.0022867281060568664	-0.012910714988391775
DB03383	0.015174488963360842	0.012692819476615214	-0.0024816694867456288
DB17021	0.015155259705140312	0.011597369386536993	-0.0035578903186033184
DB13542	0.015137125623215897	0.011179833423685448	-0.003957292199530449
DB02230	0.015121879113676365	0.012788099814367612	-0.0023337792993087525
DB08285	0.01507809116374835	0.010244279072823756	-0.004833812090924594
DB13994	0.015075544242129691	0.008845465148752285	-0.006230079093377406
DB12697	0.01505543311229874	0.008817811947278213	-0.006237621165020527
DB11519	0.015041278595403381	0.013020003395046609	-0.0020212752003567723
DB02409	0.015037213071769598	0.010611984514207196	-0.004425228557562402
DB18756	0.015018633278561774	0.005593339137767702	-0.009425294140794072
DB19217	0.015016423824057767	0.011249650912555698	-0.00376677291150207
DB18104	0.014989235435779014	0.013548699751942617	-0.001440535683836397
DB14584	0.014951935768674287	0.00938949397379243	-0.005562441794881856
DB17756	0.014949041828985155	0.0014664410603496547	-0.0134826007686355
DB06203	0.014936730646611286	0.006450588383465128	-0.008486142263146158
DB16100	0.014926692591781827	0.0011863497226466029	-0.013740342869135225
DB07889	0.014920869692231331	0.005062726222353653	-0.009858143469877678
DB06825	0.014918488320517842	0.007133430804023677	-0.007785057516494165
DB17027	0.014902302633631612	0.003998762450785565	-0.010903540182846047
DB12761	0.01489755899211689	0.003496897913141561	-0.01140066107897533
DB01944	0.014897005036664912	0.005523521648897467	-0.009373483387767445
DB13165	0.01487424192469844	0.012869690448419902	-0.0020045514762785377
DB06885	0.014872637364078733	0.00214326001128029	-0.012729377352798443
DB08574	0.014868514534708624	0.011606404590979037	-0.0032621099437295867
DB06306	0.014832163595906996	0.009826195521824177	-0.005005968074082819
DB08374	0.014828687047897622	0.009752544915917927	-0.005076142131979695
DB03114	0.014814019963026392	0.00325595912802068	-0.011558060835005712
DB11411	0.014810890433087464	0.011990811470876522	-0.0028200789622109417
DB13395	0.014768283618060152	0.013327747934223755	-0.001440535683836397
DB03820	0.014749012972363222	0.012605752961082906	-0.002143260011280316
DB15573	0.014748990686799024	0.009463965961920673	-0.005285024724878351
DB02068	0.014723718857038392	0.010072883982499115	-0.004650834874539278
DB01779	0.014713314682226322	0.004760731358730473	-0.009952583323495849
DB00581	0.014711923426292128	0.00996500911734266	-0.004746914308949468
DB15251	0.014698644413703096	0.0013927904544434044	-0.013305853959259692
DB14934	0.014689621943869137	0.007453496076530897	-0.007236125867338241
DB14535	0.014670313094348048	0.001353637901861271	-0.013316675192486777
DB01149	0.014669046000842775	0.009611267173733291	-0.005057778827109484
DB04219	0.014654280222758855	0.01442867390578198	-0.00022560631697687535
DB07178	0.014633156691584472	0.0030495183962238317	-0.01158363829536064
DB02304	0.01461342123269227	0.010829924597112073	-0.003783496635580197
DB01669	0.014598088764548156	0.010363379495014202	-0.004234709269533954
DB01469	0.014597837256038337	0.003803821070096757	-0.01079401618594158
DB14038	0.014587496754266764	0.008366599313324462	-0.006220897440942301
DB15003	0.014562769329002134	0.009087225316095293	-0.005475544012906841
DB09275	0.014557293447522053	0.010435387336476483	-0.00412190611104557
DB03942	0.014553619513087195	0.01073929875861767	-0.0038143207544695246
DB08349	0.014538022801825146	0.013210290276477243	-0.0013277325253479022
DB17543	0.014520783326119169	0.003045685279187804	-0.011475098046931365
DB11412	0.014519194683759567	0.009417147175266538	-0.005102047508493029
DB00735	0.014508497612961387	0.003671852326428247	-0.01083664528653314
DB16765	0.014498048867021014	0.012267891073765597	-0.002230157793255416
DB01619	0.014470685377881043	0.006608567564163641	-0.0078621178137174
DB08743	0.014467937886184948	0.0011863497226466029	-0.013281588163538346
DB13228	0.014461022993990403	0.0063323093434965675	-0.008128713650493835
DB03321	0.014433602199113958	0.007891019006784572	-0.006542583192329385
DB13737	0.014431262214876894	0.0005640157924421407	-0.013867246422434754
DB02016	0.014392806882087833	0.010783105810457827	-0.0036097010716300056
DB03785	0.014349232236845373	0.0018631686735772288	-0.012486063563268144
DB05560	0.014342492445512112	0.0074096890246907465	-0.006932803420821365
DB12319	0.01433013987566184	0.006309310641280486	-0.008020829234381355
DB17801	0.01432541215240728	0.010750798109725714	-0.003574614042681567
DB05722	0.014288491339893437	0.012596443962566872	-0.001692047377326565
DB14530	0.014286600250591613	0.0009607434056697274	-0.013325856844921886
DB14791	0.014264811336144434	0.005115294684561844	-0.00914951665158259
DB03971	0.014263617466635676	0.008362766196288446	-0.005900851270347229
DB03217	0.014257931464122131	0.01135095471993608	-0.0029069767441860517
DB06896	0.014246180604504204	0.006133534845771796	-0.008112645758732408
DB00245	0.014204353784222499	0.010664826770489369	-0.00353952701373313
DB13277	0.014196474245464885	0.0012408347433727762	-0.012955639502092109
DB00849	0.014185901337095642	0.007121931452915632	-0.00706396988418001
DB02380	0.01418149834634741	0.010518346940898815	-0.0036631514054485947
DB00717	0.014170355564266046	0.004684069018010217	-0.009486286546255829
DB07751	0.014161871131624038	0.008850941030232318	-0.00531093010139172
DB04629	0.014151635690369258	0.010055634955837056	-0.004096000734532201
DB00828	0.014141559431715571	0.00401026180189356	-0.010131297629822011
DB04342	0.014138280270131531	0.0035590491679398095	-0.010579231102191722
DB00336	0.014134498091528003	0.000902425267907514	-0.013232072823620489
DB05885	0.014125688926379554	0.012572350084054773	-0.0015533388423247807
DB03677	0.01412116177320249	0.013366626692731864	-0.0007545350804706256
DB18391	0.014119668640403635	0.007491827246891125	-0.00662784139351251
DB12553	0.014106243179821565	0.004653404081722101	-0.009452839098099464
DB19077	0.014097720543355166	0.000396727613227539	-0.013700992930127626
DB18732	0.014078217491060613	0.012047760638268734	-0.0020304568527918783
DB04703	0.01406957069216537	0.00033840947546526223	-0.013731161216700108
DB09177	0.014068214456403553	0.0005410170902261369	-0.013527197366177416
DB14754	0.014060548222331468	0.006511918256041249	-0.007548629966290219
DB04461	0.014057409141436541	0.010447708069806536	-0.0036097010716300056
DB05137	0.014018256588854387	0.011198177626643446	-0.0028200789622109417
DB07895	0.014012818911198544	0.002244563818660672	-0.011768255092537871
DB08619	0.014012105773145505	0.006896325135938757	-0.007115780637206748
DB06589	0.014006400668719745	0.007533991534287236	-0.006472409134432509
DB15873	0.013988699563470378	0.00576062731698235	-0.008228072246488027
DB00645	0.013969833241580482	0.0011863497226466029	-0.01278348351893388
DB07069	0.013962720962960456	0.006258658737590239	-0.007704062225370217
DB19070	0.01392720414098887	0.0016375623566003534	-0.012289641784388516
DB16064	0.013918700606434777	0.011011723862248725	-0.0029069767441860517
DB01893	0.013918047957770071	0.013692441640793196	-0.00022560631697687535
DB15760	0.013895364437104374	0.00923534791012992	-0.004660016526974453
DB04773	0.013887109227407936	0.010051801838801055	-0.003835307388606881
DB13067	0.013878242756523102	0.0038974586434051225	-0.00998078411311798
DB06117	0.01385886705030947	0.004869701400182894	-0.008989165650126576
DB06645	0.013854836546848048	0.004905020835729079	-0.008949815711118969
DB07541	0.013842375732828979	0.008176312431893762	-0.005666063300935217
DB07989	0.013815932319123723	0.002625137581522184	-0.01119079473760154
DB03686	0.013810555130856349	0.009241371379757855	-0.004569183751098493
DB14074	0.013803923583691924	0.00996500911734266	-0.0038389144663492636
DB13439	0.013786375293739652	0.0014741072944217185	-0.012312267999317934
DB15785	0.013779313953552048	0.0012991528811350404	-0.012480161072417006
DB09487	0.013775910629539229	0.004449975084739322	-0.009325935544799907
DB11916	0.013771399394622241	0.01142843844287833	-0.002342960951743911
DB13850	0.01375037774031253	0.009549115918935052	-0.004201261821377478
DB19160	0.013729091842884993	0.0037263373471544577	-0.010002754495730536
DB06775	0.013702696183960028	0.006942048746296892	-0.0067606474376631365
DB15034	0.013700992930127602	0.0023688663282571687	-0.011332126601870433
DB04805	0.013689156111905161	0.01177150241760172	-0.0019176536943034405
DB15048	0.013660114838148801	0.008151123377085567	-0.005508991461063234
DB03919	0.01364534906006494	0.010712466939365561	-0.0029328821206993797
DB04276	0.013641385413295928	0.006721370722652079	-0.00692001469064385
DB07323	0.013637682825992923	0.013524879667504486	-0.00011280315848843768
DB07269	0.013618052427617421	0.0039596098982033635	-0.009658442529414057
DB03591	0.013614095148152533	0.000902425267907514	-0.01271166988024502
DB01613	0.013609832238093422	0.000902425267907514	-0.012707406970185908
DB14756	0.013598281948552962	0.004784551443168583	-0.008813730505384379
DB01708	0.013488738849736346	0.010104644095083215	-0.00338409475465313
DB08201	0.013483297988428622	0.004054068853733717	-0.009429229134694905
DB04488	0.013459697575980131	0.0007313039716568825	-0.012728393604323249
DB15489	0.013451566528712657	0.009226038911613797	-0.00422552761709886
DB15934	0.013436001653970943	0.011769859653157667	-0.0016661420008132755
DB04352	0.013410433744572037	0.012056795842710785	-0.0013536379018612521
DB11981	0.013400112344712594	0.006336142460532584	-0.00706396988418001
DB03414	0.013377339681790112	0.0005640157924421407	-0.012813323889347972
DB12043	0.013361698399399928	0.012910485765446178	-0.0004512126339537507
DB12573	0.013312036611488894	0.007420366993576802	-0.005891669617912092
DB00311	0.01324746259750087	0.00991517859587443	-0.00333228400162644
DB07129	0.01324013383054337	0.011096873819263053	-0.002143260011280316
DB12969	0.013235374270768586	0.006779688860414306	-0.006455685410354281
DB04071	0.01321875879085917	0.006920145220376872	-0.006298613570482298
DB09065	0.013216246889412697	0.004354968541060877	-0.00886127834835182
DB00350	0.013207488662696734	0.011003236245954687	-0.0022042524167420474
DB04143	0.01319308263729152	0.007517837683921169	-0.005675244953370351
DB01525	0.013159049397162776	0.0043954900640130745	-0.008763559333149701
DB07130	0.01314485349279098	0.010663184006045351	-0.0024816694867456288
DB12121	0.013129056211451523	0.0005095307717159767	-0.012619525439735546
DB16120	0.013120594064373735	0.0053647210859768535	-0.007755872978396881
DB12935	0.013095739293028024	0.006414447565696868	-0.006681291727331156
DB18400	0.013079891073256205	0.00638679436422278	-0.006693096709033425
DB06941	0.01303533586319065	0.007846390572722517	-0.005188945290468133
DB08113	0.013021623873926394	0.005931748613233015	-0.007089875260693379
DB02101	0.013016151176098365	0.002318214424566995	-0.01069793675153137
DB11795	0.013009678811535141	0.003575203018305939	-0.009434475793229202
DB08188	0.012991528811350406	0.007238567728440084	-0.005752961082910322
DB07153	0.012974913331440956	0.006476598820495116	-0.006498314510945839
DB04477	0.012967406279970173	0.007115086601065634	-0.005852319678904538
DB08147	0.012945362673360938	0.011392023831036158	-0.0015533388423247807
DB04682	0.012924159550885994	0.0014664410603496547	-0.01145771849053634
DB05289	0.012901724355078055	0.009066416966471175	-0.003835307388606881
DB05025	0.012895573539369116	0.009840706607746181	-0.003054866931622935
DB01910	0.012873004630176155	0.003045685279187804	-0.00982731935098835
DB06490	0.012858292974176622	0.006114369260591723	-0.006743923713584898
DB09115	0.012853985492989106	0.00033840947546526223	-0.012515576017523844
DB02411	0.012726515249629589	0.006052765593941467	-0.0066737496556881215
DB13245	0.012712952892010443	0.007176416473641844	-0.005536536418368598
DB00410	0.012711669880245057	0.002707275803722542	-0.010004394076522516
DB06061	0.01265585727662515	0.011866235167206085	-0.0007896221094190638
DB01045	0.01262024494509284	0.005080796631237727	-0.007539448313855113
DB06673	0.012617105864197883	0.005858098007326729	-0.006759007856871155
DB06147	0.012593874755384113	0.008507055673287023	-0.00408681908209709
DB11649	0.012579615177971903	0.003997393480415501	-0.008582221697556403
DB00661	0.012575511450513898	0.004558945126191705	-0.008016566324322193
DB03254	0.012567147996648763	0.010423887985368446	-0.002143260011280316
DB09181	0.012547982411468685	0.01175836030204962	-0.0007896221094190638
DB04843	0.0125030578977684	0.007782048965332189	-0.00472100893243621
DB00953	0.012493497390742472	0.012042284756788722	-0.0004512126339537507
DB04166	0.012445752161349523	0.007118098335879619	-0.005327653825469904
DB04392	0.012400448793058422	0.008304448058526221	-0.004096000734532201
DB07445	0.01236896565820034	0.006244147651668253	-0.006124818006532088
DB12711	0.012358176261493381	0.0014664410603496547	-0.010891735201143726
DB02725	0.01231005536116176	0.011746039568719571	-0.0005640157924421884
DB02538	0.012304725927674842	0.003948110547095318	-0.008356615380579524
DB00210	0.012303484303385733	0.0080169642808251	-0.004286520022560632
DB06623	0.012297986136341626	0.006448945619021023	-0.005849040517320603
DB14536	0.012288126366025498	0.002038123086863907	-0.01025000327916159
DB02143	0.01225047331354634	0.00968190604482555	-0.0025685672687207894
DB01393	0.012211320760964206	0.009304344016778154	-0.0029069767441860517
DB01565	0.01219068114489729	0.01173946851094354	-0.0004512126339537507
DB07447	0.01218700402681043	0.007896221094190636	-0.004290782932619794
DB08682	0.01217703601232557	0.0025553200926519137	-0.009621715919673656
DB18036	0.012167828890674248	0.010692206177889463	-0.0014756227127847854
DB11640	0.012160544694845073	0.0011241984678483918	-0.01103634622699668
DB06157	0.012159866576964107	0.0035943686034859423	-0.008565497973478164
DB03958	0.012157870427145483	0.0001672881792146308	-0.011990582247930853
DB02869	0.012145778916761127	0.0114689599658305	-0.0006768189509306261
DB14574	0.012124422978989007	0.010883588235616193	-0.0012408347433728144
DB01583	0.012116756744917025	0.008281449356310144	-0.003835307388606881
DB06447	0.012092115278256916	0.011979312119768479	-0.00011280315848843768
DB00810	0.012080889721222902	0.008358385491104459	-0.003722504230118443
DB13643	0.01207724443965627	0.004926376773501134	-0.007150867666155136
DB03034	0.01207225565693577	0.00610286990948368	-0.0059693857474520905
DB12400	0.01206075630582774	0.0011280315848843925	-0.010932724720943348
DB02319	0.012014418250629025	0.0023726994452932058	-0.00964171880533582
DB11127	0.011969793000218908	0.005601005371839732	-0.006368787628379176
DB08503	0.011953120214573058	0.008475569354776884	-0.0034775508597961746
DB15458	0.011934136097558272	0.011370120305116083	-0.0005640157924421884
DB02103	0.011851997875357985	0.008355099962216417	-0.003496897913141568
DB17044	0.011845745182784306	0.0039442774300593175	-0.007901467752724989
DB17299	0.011835547945353797	0.009821814816640129	-0.0020137331287136684
DB15265	0.011825166056105847	0.008328268142964279	-0.003496897913141568
DB14657	0.01180924461233756	0.007106598984771617	-0.004702645627565944
DB15446	0.011766383105148322	0.003912791111549182	-0.00785359199359914
DB17018	0.011762362152642829	0.007449936753568864	-0.004312425399073965
DB16400	0.011754527185013608	0.004422321883265159	-0.007332205301748449
DB13872	0.011745702101605145	0.008075008624513332	-0.003670693477091813
DB08196	0.011734186832236954	0.006053039388015491	-0.005681147444221463
DB05105	0.011725625991946376	0.00214326001128029	-0.009582365980666085
DB12729	0.011724346163833	0.00839206216220656	-0.00333228400162644
DB11701	0.01170410768792111	0.0029405483547714087	-0.008763559333149701
DB13099	0.011696441453849035	0.0007896221094190192	-0.010906819344430016
DB13335	0.011672175658127615	0.0019176536943034117	-0.009754521963824203
DB17884	0.011670536077335718	0.00586576424139873	-0.005804771835936988
DB00894	0.011646270281614357	0.002256063169768785	-0.009390207111845572
DB08579	0.011598824315511624	0.0048467026979668315	-0.006752121617544793
DB07525	0.011578413922390497	0.007907720445298683	-0.003670693477091813
DB06921	0.01157598797954866	0.0025668194437599573	-0.009009168535788703
DB16246	0.011572030700083853	0.005375399054862857	-0.006196631645220996
DB14750	0.01154368346246859	0.005807446103636482	-0.005736237358832108
DB04559	0.01153717607773308	0.006538750075293365	-0.004998426002439715
DB13406	0.011502089048784626	0.006764356392270243	-0.0047377326565143825
DB08891	0.011498087198191398	0.008816716770982225	-0.002681370427209173
DB00778	0.011491958668046582	0.011153549192581269	-0.00033840947546531303
DB07128	0.011486632418211701	0.0035828692523779404	-0.007903763165833761
DB07415	0.01147538139196147	0.0051659465882520905	-0.0063094348037093795
DB09274	0.011464451914565542	0.006040718654685438	-0.005423733259880104
DB04671	0.011437893889387318	0.007593404848345364	-0.003844489041041954
DB01788	0.011403816078130347	0.0026996095696504296	-0.008704206508479917
DB11259	0.011388977076049855	0.006999819295911147	-0.004389157780138708
DB02402	0.011359779803344565	0.007923874295664768	-0.003435905507679797
DB02481	0.011359066665291316	0.0047922176772405845	-0.006566848988050732
DB02610	0.011306157552316676	0.009188802917549643	-0.0021173546347670325
DB03555	0.011301907376865577	0.0012991528811350404	-0.010002754495730536
DB09462	0.011288208122209481	0.0035083972642496134	-0.007779810857959868
DB04578	0.011271236073273516	0.004169883747036196	-0.00710135232623732
DB07409	0.011250147562271162	0.0016920473773265332	-0.009558100184944629
DB01364	0.01124663917774171	0.011021032860764834	-0.00022560631697687535
DB03104	0.011245228819895335	0.004399323181049075	-0.00684590563884626
DB04499	0.011218164594045583	0.0005018645376440034	-0.01071630005640158
DB11729	0.011197251183904678	0.002936715237735394	-0.008260535946169283
DB03987	0.011150862190273631	0.003337275967998949	-0.007813586222274682
DB07582	0.011147917312152145	0.0021279275431362876	-0.009019989769015857
DB13716	0.011129216540167436	0.006155712165765881	-0.004973504374401555
DB04819	0.011077663662954595	0.0010152284263958977	-0.010062435236558698
DB02946	0.011075266372981134	0.003951943664131333	-0.007123322708849801
DB03492	0.011072964592568263	0.0034692447116674574	-0.0076037198809008055
DB14528	0.01105936403112489	0.0104953482386827	-0.0005640157924421884
DB09031	0.011043210180758807	0.00991517859587443	-0.0011280315848843769
DB02471	0.011030443736145479	0.00011280315848838374	-0.010917640577657095
DB11917	0.01102739379750726	0.0027409524748246428	-0.008286441322682617
DB01631	0.011012080431275328	0.000902425267907514	-0.010109655163367814
DB12883	0.011001864091932611	0.0017503655150887913	-0.00925149857684382
DB07587	0.010992895744183113	0.0075569902365033165	-0.003435905507679797
DB11749	0.010991042858705575	0.0023143813075309798	-0.008676661551174594
DB04350	0.010968168318918448	0.0061343562279938535	-0.004833812090924594
DB04089	0.01096670065533567	0.0072100931447439676	-0.003756607510591703
DB13400	0.010966172169099765	0.0014664410603496547	-0.00949973110875011
DB00691	0.010958060223744513	0.010845257065256075	-0.00011280315848843768
DB02996	0.010948792612704733	0.00033840947546526223	-0.01061038313723947
DB12706	0.010909156145015086	0.009130210985713427	-0.0017789451593016592
DB07720	0.01088091396791665	0.005640157924421851	-0.005240756043494799
DB13772	0.010864422650436183	0.010413210016482433	-0.0004512126339537507
DB14105	0.010856756416364183	0.002509322688219795	-0.008347433728144388
DB15249	0.010819921562454881	0.0016920473773265332	-0.009127874185128348
DB07755	0.010769094557903452	0.004173716864072197	-0.006595377693831256
DB02421	0.01073171211584617	0.0019176536943034117	-0.008814058421542759
DB17919	0.010677147503819429	0.008872296968004425	-0.0018048505358150028
DB03107	0.01067203137501798	0.00011280315848838374	-0.010559228216529597
DB11090	0.010655323569199932	0.005845777273996683	-0.004809546295203249
DB14598	0.0106085939248024	0.008213822220031877	-0.0023947717047705245
DB17260	0.010607667482063626	0.00570532091403414	-0.004902346568029486
DB08535	0.010603496897913116	0.010039481105470927	-0.0005640157924421884
DB04971	0.010585025348874105	0.0067405363078321505	-0.003844489041041954
DB00765	0.010572010579403018	0.009105569519053329	-0.0014664410603496898
DB07321	0.010569925287327808	0.009693405395933663	-0.0008765198913941452
DB11576	0.010517401396247898	0.006561748777509459	-0.003955652618738439
DB11968	0.01051451382386278	0.008032844337117151	-0.0024816694867456288
DB01238	0.010480330952088973	0.00660993653453365	-0.003870394417555323
DB07950	0.010450258175077172	0.002034289969827893	-0.008415968205249279
DB04809	0.010447708069806536	0.009094070167945284	-0.0013536379018612521
DB15222	0.010389978907668684	0.008662844501393652	-0.0017271344062750327
DB03939	0.010377890580936288	0.009475465313028786	-0.0009024252679075014
DB16447	0.010376126837715396	0.00348923167906956	-0.006886895158645837
DB08322	0.010361736730570205	0.0028039251118448794	-0.007557811618725325
DB16855	0.010345477819687329	0.006258658737590239	-0.00408681908209709
DB18184	0.010315506919540392	0.0058810967095428174	-0.004434410209997575
DB01739	0.010254514514078604	0.008137159879311571	-0.0021173546347670325
DB04870	0.010243941605709243	0.007588476555013438	-0.0026554650506958044
DB11441	0.010222101752829662	0.00931967648492216	-0.0009024252679075014
DB02752	0.010205842841946823	0.005667811125895983	-0.00453803171605084
DB03446	0.010193900963207502	0.006922609367042809	-0.0032712915961646927
DB08142	0.010183538175871809	0.006087537441339608	-0.004096000734532201
DB00836	0.010146098428078183	0.004760731358730473	-0.00538536706934771
DB07627	0.010131727422845183	0.005185112173432094	-0.004946615249413089
DB00294	0.01012473930665405	0.0023688663282571687	-0.007755872978396881
DB11507	0.01012008162374406	0.008453939622930784	-0.0016661420008132755
DB15690	0.010112584123229233	0.009661371489275483	-0.0004512126339537507
DB15418	0.010112456777148227	0.0040119045663374875	-0.006100552210810739
DB09290	0.010081075519154947	0.0017503655150887913	-0.008330710004066155
DB11879	0.010052495874942082	0.0032751247132007067	-0.0067773711617413746
DB15279	0.010039481105471003	0.003609701071630056	-0.006429780033840948
DB03811	0.010026338989918896	0.006303834759800453	-0.003722504230118443
DB15886	0.01001193614816566	0.001353637901861271	-0.008658298246304388
DB01475	0.009974066607348857	0.003865972324894995	-0.006108094282453862
DB04362	0.009961764975930931	0.006091370558375608	-0.003870394417555323
DB14553	0.009958985647714672	0.00860534774585342	-0.0013536379018612521
DB03215	0.009939692716453691	0.0037263373471544577	-0.006213355369299234
DB03357	0.009927960958747966	0.006838006998176532	-0.0030899539605714343
DB16125	0.009913430770913697	0.007857068541608486	-0.002056362229305211
DB08788	0.009891358511436379	0.007635295341667625	-0.0022560631697687537
DB08614	0.009888493224615491	0.002575307060054044	-0.007313186164561447
DB04501	0.009876255266238074	0.006638411118229756	-0.0032378441480083175
DB02243	0.009865453134923086	0.00819931113410981	-0.0016661420008132755
DB11436	0.009846411712171889	0.0036756854434642616	-0.006170726268707627
DB05964	0.009808860536557412	0.005365268674124818	-0.004443591862432594
DB13436	0.009802521885379112	0.007988489697128953	-0.0018140321882501587
DB02628	0.009800627612425259	0.006277824322770359	-0.0035228032896549013
DB13110	0.009777804011070423	0.0002256063169768785	-0.009552197694093545
DB13435	0.00977136985033137	0.003504564147213597	-0.006266805703117773
DB12716	0.009763222884803881	0.0031078365339860586	-0.006655386350817823
DB02794	0.009756696398156173	0.006564760512323464	-0.003191935885832709
DB14779	0.009746795240363813	0.009633992081875375	-0.00011280315848843768
DB17759	0.009652629180819633	0.002640470049666249	-0.007012159131153384
DB14202	0.009638439643751877	0.0032712915961646827	-0.006367148047587194
DB13612	0.009626157114246081	0.008185621430409684	-0.001440535683836397
DB00944	0.009622779259449432	0.0035943686034859423	-0.00602841065596349
DB15872	0.009607434056697277	0.005433717192625084	-0.004173716864072194
DB03498	0.009574852561891134	0.007205986233633943	-0.0023688663282571912
DB11675	0.009572936003373098	0.008557707576977158	-0.0010152284263959391
DB02295	0.009570758385389212	0.004134564311490042	-0.00543619407389917
DB01538	0.009565037362703421	0.0043410050432868275	-0.005224032319416594
DB00801	0.00954551520849673	0.0014587748262776534	-0.008086740382219076
DB07518	0.009522748912878385	0.0031631429369343156	-0.006359605975944069
DB15114	0.009514028889986613	0.005601005371839732	-0.003913023518146881
DB04855	0.009484290396437264	0.007402022790618719	-0.002082267605818545
DB08997	0.009443978994518641	0.00809034109265739	-0.0013536379018612521
DB06767	0.009436440106527572	0.004820692260936732	-0.00461574784559084
DB01144	0.009435491378224605	0.00920988506124773	-0.00022560631697687535
DB15902	0.009430289290818515	0.009317486132330077	-0.00011280315848843768
DB13100	0.009339663452324272	0.0042635213203445765	-0.005076142131979695
DB00505	0.009327931694618541	0.008277616239274144	-0.0010503154553443972
DB03191	0.00929145340973587	0.0018631686735772288	-0.007428284736158641
DB04432	0.009242746717431902	0.0025906395281980465	-0.006652107189233855
DB03797	0.009224880062277372	0.004877367634254923	-0.004347512428022449
DB01328	0.009219690709479367	0.0024816694867456635	-0.006738021222733703
DB14572	0.009170627448148814	0.004858202049074849	-0.004312425399073965
DB03940	0.009160411108806199	0.002209244383114572	-0.0069511667256916265
DB08980	0.009150070607034634	0.0024855026037816433	-0.006664568003252991
DB03870	0.009053634603597756	0.0071802495906778604	-0.001873385012919896
DB04003	0.00904940034640679	0.00558758946221366	-0.0034618108841931294
DB12740	0.008998516036118873	0.00719366550030387	-0.0018048505358150028
DB03604	0.008982607326958603	0.0023688663282571687	-0.006613740998701434
DB15292	0.008977774543187288	0.004866689665368851	-0.004111084877818437
DB07605	0.00895662554279675	0.008054200274889248	-0.0009024252679075014
DB13600	0.008950707133685495	0.006720549340430079	-0.002230157793255416
DB01000	0.008939440189175151	0.004826715730564729	-0.004112724458610422
DB06794	0.008911449520586583	0.004399323181049075	-0.0045121263395375075
DB03484	0.008900628287359512	0.001353637901861271	-0.007546990385498241
DB15033	0.008876362491638095	0.0010152284263958977	-0.007861134065242198
DB05015	0.008813978830242196	0.007460340928380944	-0.0013536379018612521
DB06575	0.008756606237130926	0.00628247882202837	-0.002474127415102556
DB13358	0.008755660692479971	0.004807550145384653	-0.003948110547095319
DB03589	0.008747173076185933	0.007957550966766869	-0.0007896221094190638
DB02088	0.008743228531329139	0.000902425267907514	-0.007840803263421625
DB16168	0.008724425882479792	0.006710692753766123	-0.0020137331287136684
DB14125	0.008708841905825791	0.0060015661021032875	-0.0027072758037225042
DB18786	0.008704082346051027	0.00348923167906956	-0.005214850666981467
DB03020	0.008693079644658555	0.0021547593623883615	-0.006538320282270194
DB00154	0.008651915023997734	0.0051382933867779364	-0.0035136216372197975
DB14948	0.008594077617691043	0.002761760824448678	-0.005832316793242365
DB00983	0.008588442553609799	0.002420339614169431	-0.0061681029394403675
DB13651	0.008567226696526833	0.0035428953175737493	-0.005024331378953084
DB04200	0.008555896078975889	0.0072281635536279865	-0.0013277325253479022
DB13437	0.00851472190735899	0.006033052420613361	-0.0024816694867456288
DB12042	0.008508214522623531	0.00292904900366342	-0.0055791655189601115
DB08178	0.008495323915581277	0.00214326001128029	-0.006352063904300986
DB04729	0.00849288205447945	0.005169779705288091	-0.0033231023491913595
DB00091	0.008478600191503038	0.0016920473773265332	-0.006786552814176505
DB11575	0.008466260356260824	0.006097394028003633	-0.0023688663282571912
DB09085	0.008453729501897246	0.004115398726309949	-0.004338330775587297
DB04514	0.008451055234197775	0.0038353073886069344	-0.00461574784559084
DB08231	0.008447702848617178	0.0018516693224691627	-0.006596033526148015
DB13499	0.008440714732426115	0.0062548256205542385	-0.0021858891118718762
DB01184	0.008413418099978644	0.008300614941490207	-0.00011280315848843768
DB11684	0.008403415065321544	0.004013273536707579	-0.004390141528613965
DB06889	0.008401453935675256	0.005398397757078947	-0.0030030561785963084
DB04096	0.008347433728144345	0.0007896221094190192	-0.007557811618725325
DB12272	0.008289115590382142	0.008063509273405267	-0.00022560631697687535
DB14804	0.008285282473346164	0.005690809828112098	-0.0025944726452340667
DB03312	0.008280968624854598	0.0016882142602905326	-0.006592754364564066
DB12961	0.008261191778486165	0.001804850535815028	-0.0064563412426711375
DB07039	0.008249393164087793	0.004994825292001348	-0.0032545678720864446
DB12696	0.008218015089746487	0.004314173224034712	-0.0039038418657117747
DB09206	0.00821767443898008	0.0037999879530607426	-0.0044176864859193365
DB09049	0.008186296364638693	0.0036833516775362923	-0.004502944687102401
DB18774	0.008183978665965755	0.0042358681188704355	-0.003948110547095319
DB17180	0.008181323500178417	0.0028094009933249398	-0.005371922506853477
DB13018	0.008180145548929738	0.0019759718320656663	-0.006204173716864072
DB07785	0.008164813080785725	0.0056831435940400965	-0.0024816694867456288
DB00584	0.008143899670644864	0.0013498047848252703	-0.0067940948858195935
DB11526	0.008129493645239542	0.004632595732097974	-0.003496897913141568
DB00277	0.008082891346922971	0.0014825949107157843	-0.006600296436207187
DB19440	0.008063235479331292	0.007612022845377542	-0.0004512126339537507
DB02051	0.008054451783399096	0.002769427058520745	-0.005285024724878351
DB01956	0.007997524901571056	0.006756690158198242	-0.0012408347433728144
DB09535	0.007977537934168954	0.0074135221417267645	-0.0005640157924421884
DB05514	0.007968502729726925	0.0072916837787962985	-0.0006768189509306261
DB07289	0.007898895361890146	0.005807446103636482	-0.0020914492582536637
DB02900	0.007886469568043397	0.005205099140834224	-0.002681370427209173
DB03632	0.007869761762225314	0.0022522300527327843	-0.005617531709492529
DB14859	0.007857068541608486	0.0045857769454437924	-0.0032712915961646927
DB07278	0.007852936161282242	0.0005640157924421407	-0.007288920368840102
DB07666	0.0077924754257084495	0.0015715779847661482	-0.006220897440942301
DB12944	0.00767828101128579	0.006437446267912976	-0.0012408347433728144
DB15344	0.00767061477721379	0.005978567399887225	-0.001692047377326565
DB06548	0.007594057497010231	0.0051382933867779364	-0.0024557641102322947
DB12742	0.007580810320941413	0.006114369260591723	-0.0014664410603496898
DB12597	0.007557811618725333	0.0006768189509306355	-0.006880992667794698
DB07661	0.007531906242212005	0.00586576424139873	-0.0016661420008132755
DB05738	0.007530390823848915	0.00576062731698235	-0.001769763506866565
DB04674	0.007494909022049634	0.0012140029241207717	-0.006280906097928862
DB07562	0.007490916722412422	0.00214326001128029	-0.005347656711132132
DB08326	0.007434311389438705	0.0053094146830286	-0.002124896706410105
DB06709	0.007432875562376207	0.0002256063169768785	-0.007207269245399328
DB19010	0.007421726412990687	0.00033840947546526223	-0.007083316937525425
DB16110	0.007405855907654737	0.005262595896374421	-0.002143260011280316
DB06433	0.007378791681804917	0.0009139246190155471	-0.00646486706278937
DB08559	0.007363691620258561	0.0065740695108394975	-0.0007896221094190638
DB14484	0.007296487909699376	0.005004681878665415	-0.0022918060310339605
DB06781	0.007293285155764001	0.003267458479128682	-0.004025826676635319
DB04302	0.007291769737400916	0.0028239120792469563	-0.004467857658153961
DB11345	0.007288060782793854	0.0031661546717482838	-0.00412190611104557
DB13032	0.0072603184390630515	0.002077275639446041	-0.00518304279961701
DB13135	0.007249962019031342	0.002599127144492064	-0.004650834874539278
DB02406	0.007223235260296026	0.00361353418866602	-0.0036097010716300056
DB13353	0.007219402143259979	0.0016920473773265332	-0.005527354765933446
DB03118	0.007212894758524432	0.004115398726309949	-0.0030974960322144827
DB15491	0.007168750239569815	0.005815112337708563	-0.0013536379018612521
DB03309	0.007097417332336511	0.0029328821206994204	-0.00416453521163709
DB13094	0.007080569445829375	0.004842869580930831	-0.0022376998648985444
DB02600	0.00706396988418001	0.00011280315848838374	-0.0069511667256916265
DB06924	0.007019701202796418	0.00033840947546526223	-0.006681291727331156
DB15775	0.007008201851688473	0.004387823829941073	-0.0026203780217473995
DB04769	0.00693012915312182	0.0012991528811350404	-0.00563097627198678
DB17055	0.006923621768386203	0.004060913705583702	-0.0028627080628025013
DB13166	0.00688948028408874	0.005761448699204363	-0.0011280315848843769
DB09229	0.006884825784830712	0.002598305762270081	-0.004286520022560632
DB12388	0.006884752560834206	0.005916416145088976	-0.0009683364157452301
DB02213	0.0068459056388462496	0.0032712915961646827	-0.003574614042681567
DB12214	0.0068253487977321114	0.00507230901494371	-0.0017530397827884014
DB13566	0.0068216111902566785	0.003453912243523401	-0.0033676989467332774
DB17670	0.006775034361156297	0.006662231202667859	-0.00011280315848843768
DB07240	0.006745760680802336	0.0021041074586981637	-0.004641653222104173
DB15963	0.006726216241031424	0.00033840947546526223	-0.006387806765566162
DB18155	0.006706038254507983	0.0058036129866004815	-0.0009024252679075014
DB04580	0.006702205137471985	0.006025386186541359	-0.0006768189509306261
DB15091	0.006659219467853837	0.004403156298085084	-0.0022560631697687537
DB13261	0.006655386350817826	0.0002256063169768785	-0.006429780033840948
DB07000	0.006645119073042795	0.0032751247132007067	-0.003369994359842088
DB17020	0.006586976036141854	0.004519792573609536	-0.002067183462532318
DB07040	0.006538750075293387	0.004169883747036196	-0.0023688663282571912
DB11641	0.006515038235024077	0.0006768189509306355	-0.005838219284093442
DB11787	0.006508858766446912	0.003946193988577318	-0.0025626647778695943
DB03499	0.006480431937531172	0.002419518231947415	-0.0040609137055837565
DB07209	0.006425125534582929	0.005861109742140741	-0.0005640157924421884
DB13348	0.006403432129696407	0.0046503923469080055	-0.0017530397827884014
DB08534	0.006360888987709434	0.004807550145384653	-0.0015533388423247807
DB04754	0.0063599625449707224	0.0056831435940400965	-0.0006768189509306261
DB11318	0.0063428822518657915	0.00033840947546526223	-0.006004472776400529
DB03617	0.006337075270575376	0.002671956368176364	-0.0036651189023990116
DB00174	0.006303729699283692	0.004924186420909107	-0.001379543278374585
DB06693	0.006293389197512116	0.0037340035812264884	-0.0025593856162856275
DB09282	0.006258658737590255	0.0034385797753793135	-0.0028200789622109417
DB06555	0.006245163236663624	0.0023688663282571687	-0.0038762969084064555
DB19179	0.0062356600353741755	0.005897250559908862	-0.00033840947546531303
DB08146	0.006213711938325872	0.002863064631829171	-0.0033506473064967013
DB02098	0.0062012670425668805	0.0038583060908229695	-0.002342960951743911
DB19109	0.00616502116428192	0.005601005371839732	-0.0005640157924421884
DB13089	0.006154432337652498	0.0005601826754061401	-0.0055942496622463575
DB07266	0.006131344493179784	0.003988084481899468	-0.002143260011280316
DB12563	0.006129701728735784	0.004324851192920781	-0.0018048505358150028
DB03528	0.006121930434147044	0.004291174521818708	-0.001830755912328336
DB01961	0.006100552210810739	0.0028200789622109257	-0.0032804732485998134
DB04552	0.00605944171223427	0.005295724979328509	-0.0007637167329057615
DB07261	0.006013886835433332	0.0042090362996183295	-0.0018048505358150028
DB11268	0.005987749052322244	0.0012408347433727762	-0.004746914308949468
DB00974	0.005966514093327158	0.00246633701860155	-0.003500177074725608
DB00740	0.005924082379160985	0.0014119560396234781	-0.0045121263395375075
DB06419	0.005859934974544151	0.0029988664925336347	-0.002861068482010516
DB03985	0.005807446103636546	0.0024233513489834158	-0.00338409475465313
DB05650	0.005755759513038769	0.0022054112660785576	-0.003550348246960211
DB02518	0.005690329096656531	0.0014664410603496547	-0.004223888036306876
DB19353	0.005661730350531524	0.003376154726507097	-0.0022855756240244274
DB12264	0.005632491690349847	0.005406885373372972	-0.00022560631697687535
DB14180	0.00562868085887791	0.0007896221094190192	-0.004839058749458891
DB00604	0.005614252547908594	0.003045685279187804	-0.0025685672687207894
DB03719	0.005557523052505883	0.0007896221094190192	-0.004767900943086864
DB18283	0.005387843950621862	0.002462503901565549	-0.002925340049056313
DB14815	0.005340114639489024	0.0010152284263958977	-0.0043248862130931265
DB07035	0.005294884495194404	0.002718775154830549	-0.002576109340363855
DB07883	0.005265502570671636	0.002532321390435799	-0.002733181180235837
DB07403	0.005257603930001957	0.002489335720817658	-0.002768268209184299
DB02671	0.005257530706005431	0.0011825166056106395	-0.0040750141003947915
DB16026	0.005257479767573028	0.0002256063169768785	-0.00503187345059615
DB06678	0.005224032319416594	0.0002256063169768785	-0.004998426002439715
DB11810	0.005196487362111268	0.000902425267907514	-0.004294062094203754
DB00409	0.0051641987632912705	0.0038974586434051225	-0.0012667401198861476
DB01705	0.005147475039213067	0.0011901828396826183	-0.003957292199530449
DB14790	0.005043729370730847	0.0007313039716568825	-0.004312425399073965
DB01438	0.004989791938152562	0.0024822170748936	-0.002507574863258962
DB01303	0.00498157811593258	0.0032636253620926814	-0.0017179527538398985
DB04540	0.004952766065121985	0.002271395637912812	-0.002681370427209173
DB12399	0.004951018240161214	0.004048592972253712	-0.0009024252679075014
DB04107	0.004937433596977958	0.0024816694867456635	-0.0024557641102322947
DB07955	0.004915361337500623	0.002598305762270081	-0.002317055575230542
DB07869	0.004803841190777543	0.002216910617186603	-0.00258693057359094
DB00737	0.004650834874539256	0.0023688663282571687	-0.002281968546282087
DB02504	0.004558945126191733	0.002641291431888293	-0.0019176536943034405
DB03087	0.004512126339537529	0.0015792442188381495	-0.0029328821206993797
DB12297	0.004395490064013053	0.002816245845174925	-0.0015792442188381276
DB04494	0.004387823829941013	0.0040494143544757	-0.00033840947546531303
DB14194	0.004385222786238013	0.000451212633953757	-0.003934010152284256
DB03723	0.004347512428022449	0.001804850535815028	-0.0025426618922074207
DB02086	0.004324303604772755	0.0038730909708190042	-0.0004512126339537507
DB15720	0.004320448202172589	0.002983534024389556	-0.001336914177783033
DB13637	0.004166050630000119	0.0026996095696504296	-0.0014664410603496898
DB00701	0.0039893483917527095	0.0017073798454706225	-0.002281968546282087
DB13329	0.0039766901913081965	0.001859335556541164	-0.0021173546347670325
DB11545	0.003967027807417578	0.000793455226455078	-0.0031735725809625
DB12382	0.0039465951287322425	0.0016997136113985935	-0.002246881517333649
DB09232	0.00390280717880426	0.0023143813075309798	-0.0015884258712732802
DB04085	0.0038353073886069153	0.0024816694867456635	-0.0013536379018612521
DB15944	0.003835307388606887	0.000451212633953757	-0.00338409475465313
DB01882	0.0036288666568100787	0.001034394011576012	-0.0025944726452340667
DB04631	0.0035799625780806865	0.0018010174187790273	-0.0017789451593016592
DB12827	0.0032751247132007067	0.0019214868113394548	-0.0013536379018612521
DB08953	0.0032465450689878293	0.0026566239000323077	-0.0005899211689555216
DB15084	0.003238878834915749	0.001859335556541164	-0.001379543278374585
DB01170	0.0031750848156735408	0.0010059194278798922	-0.0021691653877936486
DB01872	0.0031001702999140417	0.0024233513489834158	-0.0006768189509306261
DB07812	0.003078098040436757	0.0011863497226466029	-0.001891748317790154
DB02865	0.0030473248599797165	0.00033840947546526223	-0.0027089153845144542
DB16297	0.0029938745261610666	0.0005640157924421407	-0.002429858733718926
DB01906	0.0029703919088375262	0.0022935729579069003	-0.0006768189509306261
DB01262	0.0026554650506958044	0.00011280315848838374	-0.0025426618922074207
DB04145	0.0026268854064829964	0.0014119560396234781	-0.0012149293668595185
DB03233	0.0024816694867456444	0.0011280315848843925	-0.0013536379018612521
DB06247	0.0023606684242972187	0.00033840947546526223	-0.0020222589488319564
DB11711	0.0019759718320656663	0.0015247591981119159	-0.0004512126339537507
DB14930	0.0018048505358150124	0.0006768189509306355	-0.0011280315848843769
DB13781	0.001746532398052828	0.0011825166056106395	-0.0005640157924421884
DB08752	0.0011280315848843229	0.00011280315848838374	-0.0010152284263959391
DB11102	0.0011021262083710237	0.000451212633953757	-0.0006509135744172667
DB03056	0.0	0.0	-0.004425228557562402
DB03980	0.0	0.0	-0.006037920224556986
DB11431	0.0	0.0	-0.05153530345361296
DB02227	0.0	0.0	-0.034908314642112304
DB03161	0.0	0.0	-0.03706239588661969
DB09211	0.0	0.0	-0.0386947625231181
DB11682	0.0	0.0	-0.009734519078162095
DB04277	0.0	0.0	-0.044622502918453794
DB00309	0.0	0.0	-0.021206337963509486
DB13837	0.0	0.0	-0.01540550112147332
DB12512	0.0	0.0	-0.04714188276341505
DB16045	0.0	0.0	-0.007565353690368443
DB01463	0.0	0.0	-0.006550125263972504
DB13322	0.0	0.0	-0.04534719762851036
DB01189	0.0	0.0	-0.09561051430370282
DB03202	0.0	0.0	-0.019444772360602842
DB11867	0.0	0.0	-0.03987755610645466
DB02521	0.0	0.0	-0.05377234748619475
DB05520	0.0	0.0	-0.013621637219795646
DB14681	0.0	0.0	-0.0027072758037225042
DB18913	0.0	0.0	-0.02410380513910204
DB05767	0.0	0.0	-0.0518989624732748
DB08233	0.0	0.0	-0.0011221290940331974
DB15315	0.0	0.0	-0.10516992615328113
DB06738	0.0	0.0	-0.011620364905100988
DB05103	0.0	0.0	-0.04306719657917868
DB00207	0.0	0.0	-0.012323089232544993
DB09249	0.0	0.0	-0.003496897913141568
