Compound	CMap_Score	a_score	b_score
BRD-K33622447	1.059173089474763	0.9737626031164069	-0.08541048635835619
BRD-K26667523	1.0373964123383892	0.9605866177818515	-0.07680979455653764
BRD-K04568635	1.0340269416280434	0.9393904674610449	-0.0946364741669985
BRD-K42898655	1.0261298919177473	0.9358386801099908	-0.0902912118077564
BRD-K21396683	1.0170055183918907	0.9359532538955087	-0.08105226449638198
BRD-K61314889	1.0061908133619544	0.9522227314390468	-0.053968081922907474
BRD-A58193911	1.0058485646761657	0.9270164986251146	-0.07883206605105103
BRD-A68631409	1.0042477715545983	0.9736480293308891	-0.0305997422237093
BRD-K84466663	1.0028027869999694	0.9761686526122824	-0.026634134387687025
BRD-K79612754	1.0026867405436866	0.9589825847846013	-0.04370415575908515
BRD-K23228615	0.989640939304758	0.9057057745187901	-0.08393516478596794
BRD-K01653460	0.9845543344824093	0.9317140238313474	-0.05284031065106187
BRD-K33743361	0.9834430571231317	0.9124656278643446	-0.07097742925878714
BRD-K93754473	0.9797251525097844	0.8919569202566453	-0.08776823225313912
BRD-K40255344	0.9779953534292023	0.9146425297891843	-0.06335282364001799
BRD-K69001009	0.9744939314183115	0.9312557286892759	-0.04323820272903567
BRD-K37687095	0.964055641035912	0.856897341888176	-0.107158299147736
BRD-K91623615	0.9506157531002665	0.9293079743354721	-0.021307778764794394
BRD-K00535541	0.9455963020648023	0.8414298808432631	-0.10416642122153916
BRD-K76064317	0.9427781992888767	0.9202566452795601	-0.022521554009316658
BRD-K82181219	0.9402755425908167	0.8901237396883593	-0.050151802902457354
BRD-K80700417	0.9400540529077589	0.8908111824014665	-0.04924287050629239
BRD-K68633617	0.9345598128176551	0.9065077910174152	-0.028052021800239885
BRD-K03243820	0.9291433297439438	0.9248395967002749	-0.004303733043668812
BRD-A70858459	0.9286284840444958	0.877749770852429	-0.05087871319206688
BRD-K53665955	0.9273033748901388	0.9051329055912007	-0.02217046929893803
BRD-K81528515	0.9234761981060277	0.863198900091659	-0.06027729801436865
BRD-K67578145	0.9230959545145018	0.8318056828597618	-0.09129027165474002
BRD-K96344439	0.9223130827358217	0.8887488542621448	-0.03356422847367689
BRD-K29254801	0.9220624341716169	0.8746562786434464	-0.04740615552817051
BRD-K60997853	0.9220170759120545	0.8000687442713107	-0.12194833164074376
BRD-K94455792	0.9195111793383114	0.8455545371219065	-0.07395664221640486
BRD-K74057757	0.909622195151261	0.83512832263978	-0.07449387251148099
BRD-A59303141	0.9086145938138404	0.8265352887259395	-0.08207930508790079
BRD-K52075715	0.9069669697619458	0.9002062328139322	-0.006760736948013546
BRD-K38305202	0.9028199288876742	0.8872593950504125	-0.015560533837261636
BRD-K19761926	0.9006606990120147	0.7816223648029331	-0.11903833420908155
BRD-A83937277	0.8951649862511458	0.8880614115490376	-0.007103574702108158
BRD-K87700323	0.8951319984260095	0.8605637030247479	-0.03456829540126155
BRD-K49350383	0.894947914580383	0.7306370302474794	-0.16431088433290367
BRD-A00077618	0.8893505875367285	0.8779789184234648	-0.0113716691132637
BRD-K24715592	0.8880655350271796	0.879468377635197	-0.008597157391982524
BRD-K14880289	0.887589862370081	0.8611365719523373	-0.02645329041774369
BRD-K54247840	0.8870461523236388	0.8211503208065994	-0.06589583151703937
BRD-K74514084	0.8861434051446869	0.8680109990834097	-0.018132406061277244
BRD-K97440753	0.8860842037799335	0.7416361136571952	-0.1444480901227383
BRD-K52256627	0.8832216263469047	0.8123281393217232	-0.0708934870251815
BRD-K09877029	0.8830254666010051	0.8141613198900092	-0.068864146710996
BRD-K64538373	0.8812514873974727	0.8800412465627865	-0.0012102408346862273
BRD-K39484304	0.8791959335436701	0.8703024747937672	-0.008893458749902883
BRD-K47337578	0.8779273749466894	0.8319202566452796	-0.0460071183014098
BRD-K34022604	0.8773692327267499	0.8117552703941338	-0.06561396233261618
BRD-K27799744	0.8771907450300307	0.7808203483043079	-0.09637039672572273
BRD-K84868168	0.8743125572868928	0.8692713107241063	-0.005041246562786435
BRD-K81839095	0.8709775470724483	0.77532080659945	-0.09565674047299833
BRD-K04264130	0.8707386798743635	0.8630843263061412	-0.007654353568222305
BRD-K48488978	0.8702468078388498	0.8363886342804766	-0.03385817355837317
BRD-K70914287	0.8697693679768331	0.8156507791017416	-0.05411858887509158
BRD-A14344385	0.8688769294932364	0.7810494958753438	-0.08782743361789258
BRD-K49294207	0.8644815963279838	0.7807057745187901	-0.08377582180919374
BRD-K20755323	0.8575379536709559	0.8218377635197067	-0.035700190151249145
BRD-K82928847	0.8558161070125048	0.8531164069660861	-0.0026997000464185823
BRD-K23984367	0.8509957610644701	0.7695921173235564	-0.08140364374091363
BRD-K92723993	0.8497651973732266	0.7488542621448213	-0.10091093522840533
BRD-K88429204	0.8496317734019165	0.8182859761686526	-0.03134579723326397
BRD-K56277358	0.8452865110426744	0.781736938588451	-0.06354957245422349
BRD-K19412355	0.8450067035973223	0.7102428964252978	-0.13476380717202446
BRD-A55962179	0.8447080459661781	0.7493125572868928	-0.09539548867928527
BRD-K66956375	0.8442297225017025	0.8422318973418882	-0.0019978251598142815
BRD-A17883755	0.8422221777148392	0.7199816681943172	-0.12224050952052201
BRD-K33818169	0.8418922994634765	0.8283684692942255	-0.013523830169251072
BRD-K43389698	0.841544454628781	0.8400549954170486	-0.0014894592117323557
BRD-K13606314	0.8375644146192616	0.7392300641613199	-0.0983343504579417
BRD-K54256913	0.8373243692845648	0.7946837763519706	-0.042640592932594146
BRD-K99946902	0.8351103560564469	0.8219523373052245	-0.013158018751222356
BRD-K26603252	0.8344332220386947	0.8281393217231897	-0.00629390031550503
BRD-K89704198	0.8341616615496267	0.828826764436297	-0.005334897113329674
BRD-K40109029	0.8322993221001934	0.7632905591200734	-0.06900876298012004
BRD-K18787491	0.8318642951562091	0.8179422548120989	-0.01392204034411014
BRD-K26026438	0.8316507578952825	0.7969752520623281	-0.03467550583295437
BRD-A94624445	0.830411358179449	0.7974335472043996	-0.032977810975049426
BRD-K21528677	0.8276389081972388	0.8060265811182401	-0.02161232707899874
BRD-K22503835	0.8261470927122825	0.7456461961503208	-0.08050089656196169
BRD-K41104902	0.825279395097538	0.7422089825847846	-0.08307041251275335
BRD-K71075609	0.819538040853065	0.7719981668194317	-0.04753987403363341
BRD-K21782625	0.8167485078899809	0.759051329055912	-0.057697178834068885
BRD-K13060017	0.8164719403203118	0.7172318973418882	-0.09924004297842359
BRD-K31086665	0.8159974457998251	0.7165444546287809	-0.09945299117104422
BRD-K06426971	0.814926225085356	0.7582493125572869	-0.05667691252806911
BRD-A49035384	0.8087542619091939	0.7949129239230064	-0.013841337986187474
BRD-A08545410	0.8072097248108502	0.7537809349220899	-0.053428789888760334
BRD-K36739687	0.8053114521947506	0.6976397800183318	-0.10767167217641888
BRD-K15766189	0.8049362156838258	0.754468377635197	-0.05046783804862878
BRD-A05906449	0.8040275778218139	0.7462190650779101	-0.05780851274390375
BRD-K64881305	0.802219727190686	0.758134738771769	-0.04408498841891706
BRD-A88138582	0.8000207352043713	0.7643217231897341	-0.035699012014637155
BRD-K26756394	0.7997500583177624	0.7168881759853345	-0.0828618823324278
BRD-K08791496	0.7971039634871901	0.7443858845096242	-0.052718078977565974
BRD-K11636097	0.7970774554134199	0.7149404216315307	-0.08213703378188919
BRD-K41337261	0.7960872315910263	0.7361365719523373	-0.05995065963868906
BRD-K88172511	0.7960186051333769	0.7728001833180569	-0.023218421815319967
BRD-K62398570	0.795506115707153	0.7777268560953254	-0.01777925961182758
BRD-A47953250	0.7952766736019642	0.7673006416131989	-0.027976031988765304
BRD-A53951045	0.7922220599011778	0.7143675527039413	-0.07785450719723658
BRD-A81129465	0.7920733201539117	0.7667277726856095	-0.025345547468302226
BRD-K00494077	0.7916191484899824	0.7857470210815766	-0.0058721274084057706
BRD-K08859203	0.7901008249312558	0.788038496791934	-0.002062328139321723
BRD-K62196610	0.7881530705774519	0.7867781851512374	-0.001374885426214482
BRD-K37379014	0.7874444214053286	0.7715398716773603	-0.01590454972796826
BRD-A13133631	0.7831507025228618	0.7624885426214483	-0.020662159901413513
BRD-K60341624	0.7829068282441758	0.7732584784601283	-0.00964834978404755
BRD-K98203492	0.7818491561007448	0.7198670944087993	-0.06198206169194559
BRD-K67566344	0.7812200311499321	0.7651237396883593	-0.016096291461572765
BRD-K16485616	0.7808951599791706	0.7360219981668195	-0.0448731618123511
BRD-K92991072	0.7805517331567698	0.6743813015582034	-0.10617043159856643
BRD-K49071277	0.7789798043821969	0.7241063244729606	-0.054873479909236356
BRD-K61195623	0.7786360830256432	0.7321264894592117	-0.046509593566431584
BRD-K50168500	0.7781274225434085	0.7686755270394134	-0.009451895503995056
BRD-K61717546	0.777809914726472	0.7709670027497708	-0.0068429119767011715
BRD-A24514565	0.7769056948767552	0.7386571952337305	-0.038248499643024625
BRD-K61036791	0.7757284418672052	0.7471356553620532	-0.028592786505152012
BRD-K66808046	0.7757213730475331	0.7619156736938588	-0.013805699353674261
BRD-K07106112	0.7750948989040973	0.7473648029330889	-0.027730095971008395
BRD-K53720352	0.7745429419013712	0.7370531622364803	-0.03748977966489081
BRD-K11851476	0.7737792148426363	0.7231897341888176	-0.05058948065381874
BRD-K58299615	0.7726219901554904	0.763519706691109	-0.009102283464381397
BRD-K12251893	0.7715475295653383	0.761801099908341	-0.009746429656997305
BRD-K87696786	0.7715204324232621	0.7627176901924839	-0.008802742230778121
BRD-K61323504	0.7715083565229889	0.726397800183318	-0.04511055633967087
BRD-K38852836	0.7689320662866783	0.7123052245646195	-0.05662684172205873
BRD-A65248799	0.7674034340325967	0.7580201649862511	-0.009383269046345538
BRD-K60348325	0.7645826804492941	0.702910174152154	-0.06167250629714016
BRD-K80129304	0.7618072851255541	0.7018790100824932	-0.059928275043060864
BRD-K68997413	0.7617875513373028	0.7536663611365719	-0.008121190200730911
BRD-A64064900	0.760642991618736	0.6133134738771768	-0.14732951774155922
BRD-K35520305	0.7606282649110859	0.7065765352887259	-0.05405172962236009
BRD-K31468676	0.7605814339807586	0.7387717690192483	-0.021809664961510267
BRD-K79145628	0.7595293579862346	0.7230751604032997	-0.036454197582934944
BRD-K74671368	0.7578885082198592	0.750916590284143	-0.006971917935716165
BRD-K12244279	0.7569094766952795	0.6401237396883592	-0.11678573700692035
BRD-K35960502	0.7552038294152438	0.6656736938588451	-0.08953013555639866
BRD-K68567222	0.7545670465764529	0.6733501374885427	-0.08121690908791018
BRD-K19061412	0.7542999040996798	0.6456232813932172	-0.10867662270646256
BRD-K59058747	0.7540937301925782	0.6975252062328139	-0.056568523959764305
BRD-K82928892	0.7536819714466811	0.6617781851512374	-0.09190378629544366
BRD-K58550667	0.7525371171939613	0.7223877176901925	-0.030149399503768826
BRD-K04623885	0.7520258059043494	0.7450733272227315	-0.0069524786816179684
BRD-K97472745	0.749333763745909	0.7469065077910174	-0.0024272559548915718
BRD-K66094457	0.7482460491188716	0.6659028414298809	-0.08234320768899078
BRD-K37249724	0.7462526419713524	0.6452795600366636	-0.10097308193468879
BRD-A86248581	0.7454794898197216	0.7109303391384052	-0.034549150681316365
BRD-K65924316	0.7452524039877568	0.7411778185151238	-0.004074585472633065
BRD-A64092382	0.7439885579372242	0.698327222731439	-0.04566133520578519
BRD-K37865504	0.7439859071298472	0.7079514207149404	-0.03603448641490681
BRD-A11551002	0.7437016816722	0.7184922089825847	-0.025209472689615264
BRD-A10977446	0.7428755133730287	0.6976397800183318	-0.04523573335469688
BRD-K06152156	0.7418231428443516	0.656736938588451	-0.08508620425590069
BRD-K26838195	0.7417271247104729	0.7069202566452796	-0.03480686806519334
BRD-K44009692	0.7383317349946631	0.6733501374885427	-0.06498159750612043
BRD-A11815689	0.7352432498662815	0.6919110907424382	-0.04333215912384336
BRD-K38868394	0.7351283815466105	0.6946608615948671	-0.040467519951743525
BRD-K87737963	0.7298647616983075	0.7057745187901008	-0.024090242908206667
BRD-K37890730	0.7287817596177183	0.7212419798350138	-0.007539779782704481
BRD-K58529924	0.7267768656382319	0.6384051329055912	-0.08837173273264065
BRD-K36740062	0.7261471516191131	0.6927131072410633	-0.033434044378049865
BRD-K63828191	0.7242135349046535	0.6219065077910174	-0.10230702711363598
BRD-K34851558	0.7236503856041131	0.6670485792850596	-0.05660180631905354
BRD-K62008436	0.7234689525658637	0.7208982584784601	-0.0025706940874036244
BRD-K52911425	0.7218416513705264	0.6789642529789184	-0.04287739839160798
BRD-K22127577	0.7208417079210836	0.708295142071494	-0.01254656584958963
BRD-K77987382	0.7175564739784968	0.6582263978001833	-0.05933007617831337
BRD-K60230970	0.7173994872749465	0.6081576535288726	-0.10924183374607382
BRD-K38350380	0.7161745197326101	0.6832034830430798	-0.03297103668953037
BRD-K06519765	0.714713924867872	0.6598304307974335	-0.05488349407043844
BRD-K73391359	0.7137687647708878	0.6224793767186068	-0.09128938805228104
BRD-K08547377	0.7124035989717223	0.6940879926672777	-0.01831560630444462
BRD-A25004090	0.7117332392394893	0.6974106324472961	-0.014322606792193202
BRD-K46690591	0.7107159182750195	0.619500458295142	-0.09121545997987746
BRD-K10670311	0.7099725140728419	0.6613198900091659	-0.04865262406367593
BRD-K56291712	0.7097516134580901	0.6824014665444547	-0.02735014691363552
BRD-A64553394	0.7087961446657509	0.6505499541704858	-0.05824619049526508
BRD-A95696066	0.7072890134048384	0.6497479376718607	-0.057541075732977676
BRD-K40496271	0.7066254279581242	0.6562786434463794	-0.05034678451174479
BRD-K06854232	0.705399871347482	0.6209899175068745	-0.08440995384060757
BRD-K60446698	0.7046935784485826	0.6820577451879011	-0.02263583326068158
BRD-K13646352	0.7046555835428453	0.6496333638863427	-0.05502221965650256
BRD-K42973005	0.7041339635578784	0.7014207149404217	-0.0027132486174566983
BRD-K11244467	0.7034188346343888	0.6134280476626948	-0.08999078697169405
BRD-K96631475	0.7033935046972308	0.6382905591200734	-0.0651029455771574
BRD-A70083328	0.7021688316890473	0.5776810265811183	-0.12448780510792906
BRD-K62391742	0.7019709047382298	0.6117094408799266	-0.09026146385830314
BRD-A00758722	0.7010139632751256	0.6370302474793768	-0.0639837157957488
BRD-A49358627	0.7005686276357862	0.6955774518790101	-0.004991175756776054
BRD-K18779551	0.6999209470333342	0.6885884509624198	-0.011332496070914355
BRD-K69608737	0.6990011168735082	0.666704857928506	-0.03229625894500223
BRD-K47557313	0.6989224762546566	0.6730064161319891	-0.025916060122667617
BRD-K08893438	0.6987534136508333	0.6469981668194318	-0.05175524683140156
BRD-K14003026	0.6982291428584892	0.6270623281393217	-0.07116681471916758
BRD-K77634909	0.6974280099623231	0.5889092575618698	-0.10851875240045333
BRD-K66527818	0.6953238579732752	0.6347387717690193	-0.0605850862042559
BRD-K08248804	0.6952764379746419	0.6287809349220899	-0.06649550305255197
BRD-A53134341	0.6939280606221975	0.6852658111824015	-0.008662249439795988
BRD-K13167095	0.6910669558599337	0.5571723189734189	-0.13389463688651482
BRD-K18898553	0.6909924387192241	0.596814848762603	-0.09417758995662107
BRD-K44993696	0.6881351629009492	0.6516956920256645	-0.03643947087528476
BRD-K85849709	0.6852225146619102	0.6763290559120073	-0.008893458749902883
BRD-K79555887	0.683891809358646	0.6778185151237397	-0.006073294234906303
BRD-K28965160	0.6819481784829842	0.6592575618698442	-0.02269061661313998
BRD-K40797222	0.6815202203586719	0.6571952337305225	-0.024324986628149414
BRD-K71512533	0.6808790195075861	0.6428735105407883	-0.038005508966797774
BRD-K01669786	0.6803444400198869	0.6371448212648946	-0.04319961875499234
BRD-K49954789	0.6802331061100522	0.6597158570119157	-0.02051724909813643
BRD-K72231366	0.6801780282234408	0.6601741521539872	-0.020003876069453502
BRD-K77908580	0.6798016135759037	0.5223418881759854	-0.15745972539991837
BRD-A10523515	0.679428733338203	0.6020852428964253	-0.07734349044177763
BRD-K07955840	0.6789374503709953	0.662236480293309	-0.01670097007768634
BRD-K07972848	0.6789141821729081	0.6708295142071494	-0.008084667965758638
BRD-K58772419	0.676019795051355	0.6167506874427131	-0.0592691076086419
BRD-K23190681	0.6754124656278644	0.6688817598533456	-0.00653070577451879
BRD-K21283037	0.6732876962481062	0.6181255728689277	-0.055162123379178585
BRD-A20644369	0.6730712136456496	0.6292392300641614	-0.043831983581488154
BRD-K86003836	0.6717817431238056	0.666590284142988	-0.0051914589808175204
BRD-K15898725	0.6713611483533186	0.6642988084326307	-0.007062339920687888
BRD-K85554912	0.6710586617781852	0.65948670944088	-0.011571952337305225
BRD-K96424892	0.669853133489947	0.57974335472044	-0.09010977876950699
BRD-K93441486	0.6672650618875162	0.6424152153987168	-0.024849846488799454
BRD-K36529613	0.6667552232686693	0.6474564619615032	-0.019298761307166123
BRD-K45462423	0.6659437816771482	0.6314161319890009	-0.03452764968814723
BRD-K13302470	0.6640914563889171	0.6311869844179652	-0.03290447197095192
BRD-K12867552	0.6617781851512374	0.6600595783684693	-0.0017186067827681026
BRD-K79259477	0.6599096604845911	0.5734417965169569	-0.08646786396763423
BRD-A12994259	0.6574603144682245	0.5430797433547204	-0.11438057111350403
BRD-K92150287	0.6559849928958363	0.6539871677360221	-0.0019978251598142815
BRD-K07736136	0.6546242451089658	0.5308203483043079	-0.12380389680465786
BRD-K84011460	0.6545600366636114	0.6543308890925756	-0.00022914757103574703
BRD-K28360340	0.6543093880994064	0.5861594867094408	-0.06814990138996557
BRD-K25279140	0.654137380154053	0.6524977085242896	-0.0016396716297634173
BRD-K43002771	0.6534938230297432	0.6252291475710358	-0.028264675458707478
BRD-K16277217	0.6520994983494306	0.647571035747021	-0.0045284626024095775
BRD-K74141488	0.6520503111458793	0.6396654445462878	-0.012384866599591482
BRD-K25690923	0.6519375045652793	0.6400091659028414	-0.01192833866243792
BRD-K35240538	0.6507935339150186	0.6459670027497708	-0.0048265311652477974
BRD-K13533483	0.6507767454682976	0.6105637030247479	-0.04021304244354962
BRD-K14329163	0.6496916816486373	0.6056370302474794	-0.04405465140115794
BRD-K19034817	0.6489703675079347	0.6455087076076993	-0.003461659900235392
BRD-K05638300	0.6481229927497472	0.6021998166819431	-0.045923176067804106
BRD-K39624409	0.647291228301669	0.5615261228230981	-0.08576510547857086
BRD-K07762753	0.6460315057292784	0.6424152153987168	-0.003616290330561571
BRD-K43471985	0.6446510241541569	0.5599220898258479	-0.08472893432830897
BRD-A39390670	0.6434269402142795	0.6233959670027498	-0.020030973211529718
BRD-K40530731	0.6418087695776851	0.5192483959670027	-0.1225603736106824
BRD-K51199656	0.6397278857867242	0.5065307057745188	-0.13319718001220548
BRD-K68065987	0.6392283558632325	0.6369156736938588	-0.0023126821693736366
BRD-K04394237	0.6389780018331805	0.6355407882676444	-0.0034372135655362053
BRD-K14991967	0.635884509624198	0.6356553620531622	-0.00022914757103574703
BRD-A26503646	0.635637395469829	0.5671402383134738	-0.06849715715635518
BRD-K88625236	0.6355407882676444	0.6345096241979835	-0.0010311640696608615
BRD-K06858286	0.6348156451829529	0.5384967919340056	-0.09631885324894729
BRD-K72327355	0.6340257045846008	0.6056370302474794	-0.028388674337121445
BRD-K13050303	0.6333282477102915	0.6225939505041247	-0.010734297206166837
BRD-A67097164	0.6319177236515637	0.6232813932172319	-0.008636330434331842
BRD-K50071428	0.6315395417991089	0.5999083409715857	-0.03163120082752313
BRD-K13566078	0.6308288308879145	0.6271769019248397	-0.0036519289630748686
BRD-K44067360	0.6303920367390121	0.5296746104491292	-0.1007174262898829
BRD-K93123848	0.6280923140723704	0.5006874427131072	-0.12740487135926326
BRD-K49371609	0.6273182783182806	0.5501833180568285	-0.07713496026145206
BRD-A39935389	0.6271786691297575	0.5947525206232813	-0.032426148506476224
BRD-K20655524	0.6269966470232021	0.5614115490375802	-0.06558509798562195
BRD-K69726342	0.625523092655732	0.5920027497708524	-0.03352034288487954
BRD-K03601870	0.6238380627664062	0.6058661778185152	-0.017971884947891037
BRD-K23677682	0.6232127667595823	0.6009395050412465	-0.022273261718335796
BRD-K89121095	0.6229718378224265	0.5320806599450045	-0.09089117787742196
BRD-K49313711	0.6228640383224278	0.5364344637946838	-0.08642957452774394
BRD-K20482099	0.6212549982445765	0.5903987167736022	-0.030856281470974245
BRD-K51143828	0.6205978925492284	0.5774518790100824	-0.04314601353914593
BRD-K07572174	0.6202668361612539	0.611365719523373	-0.008901116637880863
BRD-K48988407	0.619350540411264	0.5228001833180569	-0.09655035709320708
BRD-A67862938	0.6171559664372441	0.5612969752520623	-0.05585899118518178
BRD-K23566484	0.6167618797405272	0.5912007332722273	-0.025561146468299878
BRD-K03273112	0.6159657539249621	0.592461044912924	-0.023504709012038216
BRD-K72951360	0.6152547484796147	0.4596700274977085	-0.15558472098190618
BRD-A72716251	0.614781137561587	0.5466315307057745	-0.06814960685581256
BRD-K08703257	0.6130572291640649	0.5931484876260311	-0.019908741538033778
BRD-K80060353	0.612804813394942	0.5456003666361137	-0.0672044467588283
BRD-K58435339	0.6095787808171084	0.4337763519706691	-0.17580242884643926
BRD-K36386086	0.607151524862217	0.523602199816682	-0.08354932504553497
BRD-K38183498	0.6061356765685123	0.5846700274977086	-0.021465649070803727
BRD-K63123526	0.6055145040398305	0.5364344637946838	-0.06908004024514669
BRD-K80343549	0.6041010346395727	0.5032080659945004	-0.10089296864507222
BRD-K38287497	0.6035573245931306	0.4983959670027498	-0.10516135759038081
BRD-K70246307	0.6026389671040695	0.4753666361136572	-0.1272723309904123
BRD-K32501161	0.6019650729620003	0.5763061411549038	-0.025658931807096608
BRD-K09951645	0.601512373968836	0.5983043079743355	-0.0032080659945004585
BRD-K51324732	0.60007946531448	0.47502291475710356	-0.1250565505573764
BRD-A25608658	0.5979440927052136	0.5189046746104491	-0.07903941809476456
BRD-K61228301	0.5978707537011162	0.5022914757103575	-0.09557927799075869
BRD-K78431006	0.5962078138732655	0.583409715857012	-0.012798098016253534
BRD-K18834913	0.5959595215822846	0.5127176901924839	-0.08324183138980062
BRD-K49049886	0.594567847709349	0.4963336388634281	-0.09823420884592093
BRD-K94353609	0.5945481139210979	0.5532768102658112	-0.04127130365528664
BRD-K70821460	0.5941475474730148	0.4885426214482127	-0.10560492602480212
BRD-K22520627	0.5935914669921465	0.5753895508707607	-0.018201916121385775
BRD-K79239947	0.5910917556356164	0.5287580201649862	-0.06233373547063026
BRD-K19333160	0.5906623248405393	0.5179880843263062	-0.0726742405142331
BRD-K45401373	0.5905777935386276	0.5883363886342805	-0.0022414049043470888
BRD-A75726477	0.590247326218959	0.5585472043996333	-0.03170012181932569
BRD-K21680192	0.5900193567845353	0.5859303391384052	-0.004089017646130174
BRD-K76239644	0.5896956637503858	0.5392988084326307	-0.050396855317755174
BRD-K32821942	0.5895321972954697	0.5870760769935839	-0.0024561203018858
BRD-K50000283	0.5878666066602418	0.5719523373052245	-0.01591426935501733
BRD-K48443249	0.5875169946206283	0.5467461044912925	-0.04077089012933588
BRD-K67844266	0.586426923720367	0.5557974335472045	-0.03062949017316252
BRD-K77841042	0.5860961618665455	0.532538955087076	-0.053557206779469346
BRD-K66241279	0.5852696990332211	0.4829285059578369	-0.10234119307538425
BRD-A08840375	0.5850599907162835	0.5146654445462878	-0.07039454616999563
BRD-A31521121	0.5847227491110959	0.5170714940421631	-0.06765125506893277
BRD-K83029223	0.5834265043037331	0.5693171402383135	-0.014109364065419627
BRD-K75478907	0.5820919700564798	0.546173235563703	-0.03591873449277683
BRD-K00634421	0.5818781382614002	0.4499312557286893	-0.13194688253271092
BRD-K10843433	0.5806243063720696	0.5771081576535289	-0.003516148718540807
BRD-K35245662	0.5804976566862787	0.5030934922089826	-0.07740416447729614
BRD-K43449605	0.5803397863802695	0.5689734188817599	-0.01136636749850961
BRD-K54395039	0.5797657393160682	0.5324243813015582	-0.04734135801450995
BRD-K90947825	0.5794532385797327	0.5395279560036663	-0.039925282576066395
BRD-A91831168	0.5793416101357448	0.49461503208065993	-0.08472657805508488
BRD-K49027941	0.578425608919908	0.4561182401466545	-0.12230736877325349
BRD-A90272038	0.578049783340677	0.5100824931255729	-0.06796729021510423
BRD-K40718343	0.5774819214936886	0.5068744271310723	-0.07060749436261632
BRD-K06294530	0.5774056371480611	0.5028643446379468	-0.07454129251011432
BRD-K21718444	0.5774047535456022	0.5083638863428048	-0.06904086720279734
BRD-K20285085	0.5772130118119977	0.5164986251145738	-0.060714386697423905
BRD-K61295575	0.5763494376753951	0.569775435380385	-0.006574002295010119
BRD-K13049116	0.5754331419254051	0.45783684692942256	-0.11759629499598256
BRD-A66419424	0.5750867697614745	0.5323098075160404	-0.04277696224543412
BRD-K81405859	0.5748166819431714	0.5744729605866178	-0.0003437213565536205
BRD-K38197229	0.5748134420674884	0.5082493125572869	-0.06656412951020149
BRD-K66296774	0.5740290976180433	0.5717231897341888	-0.002305907883854581
BRD-K13112821	0.5737855178735105	0.5726397800183318	-0.001145737855178735
BRD-K92049597	0.5725137194008468	0.49450045829514205	-0.07801326110570478
BRD-K75037734	0.5715944783093267	0.42174610449129235	-0.14984837381803445
BRD-K81458380	0.5715900602970319	0.5570577451879011	-0.014532315109130806
BRD-K91601245	0.5713205615470347	0.49003208065994497	-0.08128848088708973
BRD-K91543828	0.5712616547164343	0.5450274977085243	-0.026234157007910014
BRD-A55312468	0.5709900942273662	0.5148945921173236	-0.05609550211004266
BRD-K59632282	0.5706275226850205	0.569775435380385	-0.0008520873046354849
BRD-K16551357	0.5703983751139847	0.5685151237396884	-0.0018832513742963464
BRD-K68202742	0.570045817732841	0.49301099908340973	-0.07703481864943129
BRD-K36021395	0.5698847075511488	0.5319660861594867	-0.03791862139166213
BRD-A10070317	0.5686190942956981	0.45256645279560037	-0.11605264150009775
BRD-K95435023	0.5683687402656462	0.5056141154903758	-0.06275462477527038
BRD-K04430056	0.5682818526905105	0.5465169569202566	-0.021764895770253923
BRD-K99498722	0.5681605046194738	0.5524747937671861	-0.015685710852287593
BRD-K85140930	0.5680368002752127	0.4717002749770852	-0.09633652529812747
BRD-K24593301	0.567163506511561	0.4708982584784601	-0.09626524803310088
BRD-K81694556	0.5670839822902505	0.5375802016498625	-0.029503780640387944
BRD-K40438880	0.5666999097547355	0.5296746104491292	-0.037025299305606274
BRD-K43621685	0.5666663328612933	0.5386113657195234	-0.028054967141769915
BRD-K68392338	0.566631872365392	0.5643904674610449	-0.0022414049043470888
BRD-K79930101	0.5662525123763251	0.5499541704857929	-0.01629834189053226
BRD-K83963101	0.5653397510361711	0.5313932172318974	-0.033946533804273704
BRD-K42205652	0.5652690628394507	0.505499541704858	-0.05976952113459266
BRD-K46386702	0.5644116739200611	0.5590054995417049	-0.005406174378356221
BRD-K14175878	0.5643945909391869	0.5150091659028414	-0.049385425036345465
BRD-K63932022	0.563871203749302	0.5249770852428964	-0.038894118506405534
BRD-K03294269	0.563477706120891	0.4917506874427131	-0.07172701867817788
BRD-K62213621	0.562951962657782	0.5405591200733273	-0.022392842584454724
BRD-K69195780	0.5617579212015109	0.5148945921173236	-0.04686332908418728
BRD-K42191735	0.5615865023244635	0.5175297891842346	-0.04405671314022888
BRD-K17203476	0.5612572131414071	0.5199358386801101	-0.04132137446129702
BRD-K82244583	0.5584818178176668	0.5484647112740605	-0.010017106543606324
BRD-K37590257	0.558359291610018	0.4702108157653529	-0.08814847584466501
BRD-K50866992	0.5575098551127595	0.5418194317140239	-0.01569042339873561
BRD-A13561534	0.5573970485321597	0.5553391384051329	-0.0020579101270267186
BRD-K49759007	0.5567399428368116	0.45256645279560037	-0.10417349004121124
BRD-K66911501	0.5562374675717897	0.5160403299725023	-0.04019713759928745
BRD-K13390322	0.5561494018600421	0.5075618698441797	-0.04858753201586241
BRD-K90027355	0.5552348733149701	0.5292163153070577	-0.026018558007912362
BRD-K22134346	0.5529098207111705	0.4508478460128323	-0.10206197469833811
BRD-K69694239	0.5528939158669083	0.5232584784601283	-0.029635437406779985
BRD-K15519488	0.5522515368792104	0.5292163153070577	-0.023035221572152653
BRD-K41783120	0.5513487897002585	0.49598991750687443	-0.05535887219338409
BRD-K56957086	0.5513290559120074	0.5504124656278644	-0.0009165902841429881
BRD-A01643550	0.5503544423997229	0.49003208065994497	-0.0603223617397779
BRD-K68336408	0.5498039580677617	0.5388405132905592	-0.010963444777202586
BRD-K84564571	0.5486579256784301	0.499083409715857	-0.04957451596257301
BRD-K11196887	0.5481053796073977	0.5026351970669111	-0.045470182540486626
BRD-K00312224	0.5471010181456601	0.48395967002749773	-0.06314134811816238
BRD-K39467894	0.5470123633656065	0.48441796516956925	-0.06259439819603729
BRD-K31309378	0.5460616071197152	0.4131530705774519	-0.1329085365422633
BRD-K25835157	0.5455311511101582	0.4266727772685609	-0.1188583738415972
BRD-A50049929	0.5453712190650779	0.541704857928506	-0.0036663611365719525
BRD-A28301258	0.5445338584680925	0.4432859761686526	-0.10124788229943993
BRD-A58564983	0.5444929182208252	0.5282997250229148	-0.01619319319791046
BRD-K11590034	0.543409032537777	0.5399862511457378	-0.0034227813920391092
BRD-K35952844	0.5425310262276772	0.4627635197066911	-0.07976750652098613
BRD-A17846016	0.5424158633738534	0.5156966086159487	-0.02671925475790471
BRD-K28352084	0.5415346171880706	0.5027497708524289	-0.03878484633564172
BRD-A23072235	0.540927876832886	0.4255270394133822	-0.11540083741950385
BRD-K82122102	0.5406262738602117	0.45164986251145733	-0.08897641134875436
BRD-K76674262	0.5397214649421889	0.5291017415215399	-0.010619723420648965
BRD-K68095457	0.5396893607195116	0.41578826764436294	-0.12390109307514863
BRD-K42436189	0.5387548038520356	0.5339138405132906	-0.004840963338744909
BRD-A91366704	0.5382214025009484	0.4484417965169569	-0.08977960598399148
BRD-K08586861	0.5365843816785618	0.4605866177818515	-0.07599776389671031
BRD-K03549949	0.5359081312632687	0.4644821264894592	-0.07142600477380956
BRD-K62304154	0.5356315636935995	0.5232584784601283	-0.012373085233471248
BRD-K87827419	0.5354966670515247	0.5302474793767187	-0.005249187674806021
BRD-A92439610	0.5341450498233973	0.4959899175068744	-0.038155132316522844
BRD-A94756469	0.5340184001376064	0.45050412465627865	-0.0835142754813277
BRD-K26657438	0.5338617079682091	0.4933547204399633	-0.040506987528245775
BRD-K64120610	0.533832549087062	0.4645967002749771	-0.06923584881208486
BRD-K45528773	0.5333397934490891	0.48991750687442714	-0.04342228657466196
BRD-A83650191	0.5328988758220448	0.5151237396883592	-0.017775136133685518
BRD-K11973162	0.5326956472564733	0.5035517873510541	-0.029143859905419234
BRD-A50157456	0.5318559303862639	0.45016040329972506	-0.08169552708653885
BRD-K87510569	0.5318485670324388	0.49152153987167735	-0.04032702716076142
BRD-K37618799	0.5316509346157743	0.4744500458295142	-0.05720088878626006
BRD-K77554836	0.5306177088070424	0.4550870760769936	-0.07553063273004881
BRD-K85920262	0.5299694391362846	0.46390925756186985	-0.06606018157441468
BRD-K11927976	0.5280614468931359	0.5084784601283227	-0.019582986764813293
BRD-K55703048	0.5277359866540684	0.4597846012832264	-0.067951385370842
BRD-K70401845	0.5273866691486079	0.47697066911090746	-0.05041600003770039
BRD-K47114202	0.5271371987210149	0.5131759853345554	-0.013961213386459448
BRD-K25433859	0.5270317554942401	0.5203941338221815	-0.006637621672058613
BRD-K77008974	0.5259078131663837	0.49518790100824933	-0.0307199121581343
BRD-K33813875	0.5249585295912573	0.49152153987167735	-0.033436989719579924
BRD-K76908866	0.5245405856281472	0.4431714023831348	-0.08136918324501241
BRD-K06753942	0.52360985770466	0.5205087076076993	-0.003101150096960645
BRD-K93918653	0.5234025056609465	0.4783455545371219	-0.04505695112382457
BRD-K05104363	0.5232740887702374	0.4953024747937672	-0.027971613976470244
BRD-K16505263	0.5232251961008392	0.47353345554537124	-0.04969174055546788
BRD-M97302542	0.5228770567319904	0.4084555453712191	-0.11442151136077128
BRD-K01507359	0.5216959747784513	0.49060494958753437	-0.031091025190917
BRD-K99749624	0.5215531257142453	0.4562328139321723	-0.06532031178207298
BRD-K54094468	0.5202654223973195	0.47857470210815767	-0.041690720289161876
BRD-K92428232	0.5188351645503406	0.4977085242896425	-0.021126640260698076
BRD-K19388745	0.518102658111824	0.5173006416131989	-0.0008020164986251146
BRD-K68870568	0.5180016328973442	0.49828139321723186	-0.019720239680112384
BRD-K12502280	0.5174520321678422	0.44809807516040334	-0.0693539570074388
BRD-A69815203	0.5172617631050026	0.43950504124656276	-0.07775672185843985
BRD-A64242993	0.5170873988864253	0.4996562786434464	-0.01743112024297888
BRD-K75352575	0.5163716808946298	0.47147112740604946	-0.04490055348858035
BRD-K46862739	0.5161551982921733	0.47261686526122826	-0.04353833303094495
BRD-K95292280	0.5159057278645802	0.4227772685609532	-0.09312845930362701
BRD-K34411947	0.5158871722129411	0.4675756186984418	-0.04831155351449934
BRD-K07310275	0.515091340931529	0.4822410632447296	-0.03285027768679938
BRD-K54847683	0.5148654332361764	0.4895737855178735	-0.025291647718302834
BRD-K77791657	0.5143856371009357	0.46230522456461964	-0.05208041253631607
BRD-K36198571	0.5137214625859157	0.46505499541704853	-0.048666467168867134
BRD-K06749501	0.5135326661938411	0.4985105407882676	-0.015022125405573516
BRD-K56483981	0.5134496075626944	0.45371219065077906	-0.05973741691191542
BRD-K94420399	0.5127112104411179	0.39631072410632445	-0.11640048633479344
BRD-A29485665	0.5126900039821017	0.4256416131989001	-0.08704839078320165
BRD-K17518951	0.5124423007594269	0.45565994500458296	-0.056782355754843916
BRD-K03063480	0.510634155594146	0.5041246562786434	-0.006509499315502628
BRD-K24603946	0.5101640790859545	0.4708982584784601	-0.03926582060749437
BRD-K59866480	0.5096736797212058	0.4657424381301558	-0.04393124159104994
BRD-K71106091	0.509574421711644	0.44019248395967003	-0.06938193775197393
BRD-K97799481	0.5090124505477157	0.45222273143904673	-0.05678971910866898
BRD-K11267252	0.5077910174152154	0.5060724106324472	-0.0017186067827681026
BRD-K56301217	0.5074278568045636	0.48029330889092575	-0.027134547913637883
BRD-K93034159	0.5073642374275151	0.4641384051329056	-0.04322583229460958
BRD-K19085898	0.5070658743305239	0.42140238313473877	-0.08566349119578509
BRD-K15916496	0.5068599949575754	0.5037809349220899	-0.0030790600354855258
BRD-K88789588	0.5059734471570385	0.4381301558203483	-0.06784329133669026
BRD-K98795921	0.5046857438401127	0.4360678276810266	-0.06861791615908613
BRD-K60184833	0.5044854606160711	0.47582493125572867	-0.028660529360342524
BRD-K34157611	0.5043682360231763	0.4991979835013749	-0.005170252521801419
BRD-A70649075	0.5036751971611619	0.48556370302474794	-0.018111494136414052
BRD-K97883416	0.5035467802704531	0.486480293308891	-0.017066486961562113
BRD-K21670884	0.5023477317335809	0.4455774518790101	-0.05677027985457084
BRD-K17979676	0.5023250526037997	0.4203712190650779	-0.08195383353872177
BRD-K09132007	0.5014977061680164	0.4604720439963336	-0.0410256621716828
BRD-K70177501	0.5014552932499841	0.3988313473877177	-0.10262394586226642
BRD-K73425385	0.5010891872978023	0.4277039413382218	-0.07338524595958046
BRD-K68502831	0.5000789351530046	0.4922089825847846	-0.00786995256822
BRD-K30577245	0.49984919851366283	0.4188817598533455	-0.0809674386603173
BRD-K96104201	0.4995346360382565	0.46173235563703025	-0.03780228040122624
BRD-A55913614	0.4992339166680411	0.3943629697525206	-0.10487094691552051
BRD-K61567297	0.4991155139385343	0.47078368469294224	-0.028331829245592077
BRD-K93869735	0.49849551954646454	0.4657424381301558	-0.03275308141630873
BRD-K05674516	0.4983679862582146	0.49736480293308893	-0.0010031833251256464
BRD-K94441233	0.4982707899877238	0.4010082493125573	-0.09726254067516649
BRD-A10903566	0.4982316169453745	0.4597846012832264	-0.03844701566214809
BRD-A74765037	0.4981379550847198	0.49232355637030245	-0.005814398714417357
BRD-K13249881	0.498041642416688	0.4754812098991751	-0.02256043251751294
BRD-A03623303	0.498041642416688	0.44970210815765355	-0.04833953425903448
BRD-K81613478	0.49787316888117084	0.4969065077910174	-0.0009666610901534201
BRD-K38332599	0.49718484256560447	0.4912923923006416	-0.0058924502649628785
BRD-K81473043	0.4971291756106871	0.38542621448212644	-0.11170296112856065
BRD-K81197548	0.4970487677869174	0.4405362053162236	-0.056512562470693806
BRD-K39252998	0.49688618493446024	0.480980751604033	-0.01590543333042726
BRD-A68304895	0.4967719056830953	0.37167736021998166	-0.12509454546311366
BRD-K31476763	0.49675246642899723	0.4584097158570119	-0.03834275057198533
BRD-K38548312	0.4966885525177958	0.4491292392300642	-0.04755931328773161
BRD-K43236057	0.4959834377555084	0.41028872593950505	-0.08569471181600335
BRD-K26253904	0.4947296058661778	0.48900091659028416	-0.0057286892758936754
BRD-K15409150	0.49454346028148033	0.4129239230064161	-0.08161953727506421
BRD-K54606188	0.4944942730779289	0.44695233730522455	-0.04754193577270438
BRD-K52756523	0.4942904554440515	0.4227772685609532	-0.07151318688309827
BRD-K60866521	0.4938919507350394	0.4877406049495875	-0.006151345785451899
BRD-K50388907	0.49269702567630935	0.4829285059578369	-0.009768519718472472
BRD-A81370665	0.4926180905233047	0.4877406049495875	-0.004877485573717186
BRD-K61536336	0.4922516900369699	0.4315994500458295	-0.06065223999114039
BRD-K73237276	0.4921038338921628	0.47811640696608615	-0.013987426926076643
BRD-K90027121	0.4920808602282286	0.4703253895508708	-0.021755470677357863
BRD-A71033472	0.49194802532522464	0.37752062328139324	-0.1144274020438314
BRD-A03216249	0.4918617268183949	0.43939046746104493	-0.052471259357349975
BRD-K09397065	0.4914967990028252	0.46459670027497707	-0.026900098727848154
BRD-K80431395	0.48983327010666844	0.45565994500458296	-0.03417332510208548
BRD-K26305185	0.48921681012443474	0.3505957836846929	-0.13862102643974183
BRD-K16803204	0.489127271741922	0.47204399633363886	-0.01708327540828314
BRD-K75295174	0.48804044071734387	0.4344637946837764	-0.05357664603356749
BRD-K64866502	0.48769053414357716	0.4844179651695692	-0.0032725689740079503
BRD-K37764012	0.4868528790124388	0.4798350137488543	-0.007017865263584505
BRD-K98384930	0.4867250511900358	0.471012832263978	-0.015712218926057786
BRD-K36467523	0.4864178520684544	0.4287351054078826	-0.05768274666057177
BRD-K95773607	0.48625114573785516	0.48338680109990834	-0.0028643446379468377
BRD-K33610132	0.4851622529742059	0.4754812098991751	-0.009681043075030815
BRD-K56981171	0.484659777709184	0.47215857011915674	-0.012501207590027263
BRD-K55966568	0.4845970419345946	0.47433547204399634	-0.010261569890598236
BRD-K03384561	0.48315824259717866	0.4187671860678277	-0.06439105652935095
BRD-K51747290	0.4819547760480115	0.4014665444546288	-0.0804882315933827
BRD-K47000838	0.4819338641231483	0.4745646196150321	-0.007369244508116185
BRD-K99113996	0.48178512437588217	0.4278185151237397	-0.05396660925214247
BRD-K72827473	0.4815388938239723	0.4183088909257562	-0.06323000289821612
BRD-K33588785	0.48128058737178936	0.3674381301558204	-0.11384245721596897
BRD-K18961567	0.48116189010812943	0.4321723189734189	-0.04898957113471053
BRD-K13183738	0.4810805986819008	0.38542621448212644	-0.09565438419977434
BRD-K20722021	0.48088767881168426	0.43194317140238314	-0.04894450740930112
BRD-K61496577	0.48051744938136043	0.46986709440879926	-0.010650354972561199
BRD-K63750851	0.48010186169147434	0.41258020164986253	-0.06752166004161181
BRD-K77625799	0.4797817030671608	0.41223648029330884	-0.06754522277385194
BRD-K42828737	0.4790462512871142	0.4104032997250229	-0.06864295156209133
BRD-K12539581	0.4785543792516005	0.470096241979835	-0.008458137271765483
BRD-K18375018	0.47852109689231126	0.41865261228230977	-0.05986848461000149
BRD-K30867024	0.4770999696040754	0.413955087076077	-0.06314488252799844
BRD-K02113016	0.4766587574428781	0.4507332722273144	-0.025925485215563704
BRD-A55424491	0.47661251558085677	0.47284601283226396	-0.0037665027485928038
BRD-K43644456	0.47657599334588446	0.46917965169569203	-0.007396341650192428
BRD-K63068307	0.47652356626665004	0.43469294225481214	-0.04183062401183793
BRD-K25837718	0.4755144922584643	0.43102658111824016	-0.044487911140224184
BRD-K12343256	0.47544998927895676	0.446494042163153	-0.028955947115803765
BRD-K16664969	0.4753180379784119	0.4478689275893676	-0.027449110389044296
BRD-K59325863	0.47467919340055	0.47261686526122826	-0.002062328139321723
BRD-A92630576	0.4745395842120269	0.4476397800183318	-0.026899804193695087
BRD-M89827113	0.4739820310603936	0.42323556370302473	-0.050746467357368874
BRD-A08187463	0.47394109081312635	0.41934005499541704	-0.05460103581770931
BRD-K36269323	0.4739328438568423	0.37958295142071496	-0.09434989243612735
BRD-A47706533	0.47386186112596873	0.4597846012832264	-0.014077259842742329
BRD-K31698212	0.47353345554537124	0.4730751604032997	-0.00045829514207149406
BRD-A57833392	0.47306013916149664	0.43881759853345553	-0.03424254062804111
BRD-K29458283	0.47271759594155505	0.4210586617781852	-0.05165893416336986
BRD-K47978074	0.4726153925904632	0.4082263978001833	-0.06438899479027987
BRD-K28143534	0.47237770352899044	0.43629697525206235	-0.03608072827692807
BRD-K43860855	0.47233970862325314	0.4062786434463795	-0.06606106517687366
BRD-K00662280	0.47231909123254295	0.3721356553620532	-0.10018343587048978
BRD-K89490285	0.4720210226697047	0.4478689275893676	-0.02415209508033711
BRD-K78318619	0.4719656502489403	0.45714940421631534	-0.014816246032624991
BRD-K36234266	0.471662574605501	0.37053162236480297	-0.10113095224069801
BRD-K79254416	0.4714331325003122	0.4309120073327223	-0.04052112516758993
BRD-A80017228	0.47089855301261313	0.403070577451879	-0.06782797556073411
BRD-A60197193	0.4707197707817409	0.4082263978001833	-0.06249337298155755
BRD-K82823804	0.47022524793885	0.46608615948670945	-0.004139088452140558
BRD-K57169635	0.4701536761396704	0.3951649862511457	-0.0749886898885247
BRD-K81225797	0.466938246791345	0.4645967002749771	-0.002341546516367865
BRD-K76037122	0.46588882160419787	0.4176214482126489	-0.04826737339154896
BRD-K49075727	0.4658578955181327	0.4344637946837764	-0.03139410083435635
BRD-K02898090	0.4657306567640357	0.43125572868927586	-0.034474928074759825
BRD-K79131256	0.4652882664662263	0.4330889092575619	-0.0321993572086644
BRD-K96188950	0.46523407218207397	0.4618469294225481	-0.003387142759525824
BRD-K47869605	0.46433927742525305	0.4246104491292392	-0.039728828296013874
BRD-K96259238	0.464317481897931	0.4602428964252979	-0.004074585472633065
BRD-K09090949	0.46412839097170355	0.4365261228230981	-0.02760226814860542
BRD-K49555808	0.4638904073760777	0.43950504124656276	-0.024385366129514918
BRD-K82746043	0.46321945857553853	0.4196837763519706	-0.043535682223567906
BRD-K77943374	0.46274702579412297	0.4435151237396884	-0.01923190205443459
BRD-K71822263	0.4625729561096986	0.36491750687442714	-0.09765544923527147
BRD-A31095847	0.4617323556370302	0.45291017415215395	-0.00882218148487626
BRD-K44590731	0.4607945588938711	0.4446608615948671	-0.016133697299004005
BRD-K19687926	0.46071827454824354	0.4360678276810266	-0.02465044686721693
BRD-A42699921	0.4602711717039861	0.403070577451879	-0.057200594252107106
BRD-K45252063	0.46024260189114485	0.3690421631530706	-0.09120043873807426
BRD-K10784860	0.45936754092257526	0.3963107241063245	-0.06305681681625075
BRD-K16195444	0.4590733013037259	0.4287351054078826	-0.0303381958958433
BRD-K30519779	0.4577222731439047	0.45565994500458296	-0.002062328139321723
BRD-K28392481	0.45601692039802166	0.4081118240146654	-0.04790509638335627
BRD-K70402238	0.45596950039938833	0.43904674610449135	-0.01692275429489698
BRD-K24844714	0.4559677331944703	0.4151008249312557	-0.040866908263214596
BRD-K44844162	0.45572415344993744	0.4247250229147571	-0.03099913053518033
BRD-K45033733	0.4553889735838209	0.41109074243813015	-0.04429823114569076
BRD-K61734568	0.4548797240332801	0.4099450045829514	-0.044934719450328675
BRD-K08109215	0.45481463198546657	0.45405591200733275	-0.000758719978133815
BRD-K83699324	0.45371837586799213	0.4123510540788268	-0.04136732178916536
BRD-A74914197	0.45351897624640963	0.42208982584784605	-0.03142915039856359
BRD-K16136380	0.45318261824368106	0.4454628780934922	-0.007719740150188857
BRD-K68488863	0.45298881477100567	0.4204857928505958	-0.03250302192040988
BRD-K69650333	0.4527110690647244	0.3567827681026581	-0.09592830096206634
BRD-A45498368	0.452124651566097	0.42415215398716777	-0.027972497578929223
BRD-K95785345	0.451604798786048	0.44065077910174155	-0.010954019684306426
BRD-A36057565	0.45143220177238885	0.41819431714023836	-0.033237884632150494
BRD-K67868012	0.4512416381753963	0.44970210815765355	-0.0015395300177427629
BRD-K55187425	0.4505783472628352	0.41498625114573784	-0.03559209611709735
BRD-A57798112	0.44991888529426316	0.2957149404216315	-0.15420394487263167
BRD-A60786380	0.4494900435674919	0.42071494042163154	-0.028775103145860376
BRD-A60594020	0.4494373219541045	0.4468377635197067	-0.00259955843439782
BRD-K07487750	0.4492058181098448	0.4074243813015582	-0.041781436808286554
BRD-K36055864	0.4490288030838905	0.43790100824931255	-0.011127794834577931
BRD-A25234499	0.4487266110429101	0.3780934922089826	-0.07063311883392753
BRD-K97714174	0.4487030483106699	0.4194546287809349	-0.029248419529735004
BRD-K07881437	0.44703569047052416	0.4203712190650779	-0.026664471405446283
BRD-K96253961	0.4469081571822743	0.4306828597616865	-0.01622529742058776
BRD-K83607951	0.44610025000058906	0.43664069660861593	-0.00945955339197312
BRD-K03449891	0.4454375481563341	0.40433088909257564	-0.041106659063758405
BRD-K64888243	0.4450855798434964	0.36102199816681946	-0.08406358167667694
BRD-K73303757	0.4447403858161776	0.37992667277726855	-0.06481371303890904
BRD-K71480163	0.4436526711891404	0.4114344637946838	-0.03221820739445663
BRD-K65781196	0.4436485477109984	0.3620531622364803	-0.08159538547451808
BRD-K91825936	0.4428768682301325	0.425756186984418	-0.01712068124571453
BRD-K12184916	0.4428276810265811	0.4389321723189734	-0.003895508707607699
BRD-K68693535	0.44234111060582143	0.39550870760769935	-0.04683240299812208
BRD-K26823213	0.44178326292003517	0.3457836846929423	-0.09599957822709287
BRD-K36627727	0.44156471857850743	0.4176214482126489	-0.023943270365858527
BRD-K67298865	0.44151612044326216	0.4013519706691109	-0.04016414977415128
BRD-K97752965	0.44125840305938513	0.4330889092575618	-0.008169493801823302
BRD-K71847383	0.4395898670826274	0.4210586617781852	-0.01853120530444219
BRD-K84783599	0.4391878279637794	0.39447754353803854	-0.04471028442574085
BRD-K04552268	0.4387530955539481	0.43618240146654447	-0.0025706940874036244
BRD-K59369769	0.4378862815416624	0.3848533455545371	-0.05303293598712533
BRD-K72167406	0.4370041517534207	0.3528872593950504	-0.08411689235837033
BRD-K57080016	0.43625043885588793	0.421173235563703	-0.015077203292184926
BRD-K55675242	0.43560953253895507	0.43434922089825845	-0.0012603116406966087
BRD-K32572029	0.4345495041223	0.4281622364802933	-0.0063872676420067
BRD-K01029106	0.4344022370457989	0.35071035747021084	-0.08369187957558805
BRD-K15567136	0.4343492208982585	0.4330889092575619	-0.0012603116406966087
BRD-K17068645	0.4334865303641149	0.3943629697525206	-0.03912356061159428
BRD-A92537424	0.43344205570701155	0.4160174152153987	-0.01742464049161284
BRD-K76634210	0.43331304974799656	0.38508249312557286	-0.04823055662242372
BRD-K45293975	0.4331890508695826	0.42999541704857924	-0.00319363382100335
BRD-A68969091	0.4331460488832443	0.2774977085242897	-0.15564834035895464
BRD-A99888680	0.43307212081084073	0.39413382218148485	-0.03893829862935588
BRD-K06814349	0.4328191159734118	0.4002062328139322	-0.03261288315947965
BRD-K52313696	0.4326306141154904	0.42518331805682863	-0.0074472960586617785
BRD-K81330143	0.4322412399652214	0.4099450045829514	-0.02229623538226999
BRD-K04923131	0.43215994853899276	0.32115032080659944	-0.11100962773239331
BRD-K74227499	0.4317160855704184	0.40203941338221816	-0.029676672188200248
BRD-K10845183	0.430482576537645	0.4191109074243813	-0.0113716691132637
BRD-K68395654	0.42912241781908067	0.3654903758020165	-0.06363204201706418
BRD-K87774949	0.4276606448177305	0.42014207149404215	-0.007518573323688327
BRD-K00077635	0.42741559240243254	0.39413382218148485	-0.03328177022094772
BRD-K12829205	0.4271478608573537	0.4066223648029331	-0.020525496054420556
BRD-K85146014	0.4271298942740204	0.3988313473877177	-0.028298546886302733
BRD-K59647213	0.4271184074420533	0.409372135655362	-0.017746271786691303
BRD-K26531771	0.42668072969069204	0.4061640696608616	-0.020516660029830436
BRD-K16338837	0.4263261105704773	0.3316911090742438	-0.0946350014962335
BRD-K18157228	0.4259558811401535	0.35391842346471125	-0.07203745767544223
BRD-K51313569	0.42539803345436733	0.42140238313473877	-0.003995650319628563
BRD-A25569250	0.42520364091338575	0.4161319890009166	-0.00907165191246917
BRD-A24587114	0.4241521539871677	0.42243354720439963	-0.0017186067827681026
BRD-K84798689	0.4240900072808843	0.3703024747937672	-0.053787532487117096
BRD-K83257731	0.4240375802016499	0.423923006416132	-0.00011457378551787351
BRD-K56343971	0.4235784014571194	0.41762144821264896	-0.005956953244470431
BRD-K62779383	0.4233790018355369	0.4179651695692026	-0.005413832266334276
BRD-A14240607	0.422475665588279	0.41063244729605863	-0.011843218292220348
BRD-A22707317	0.4223990867084983	0.35391842346471125	-0.06848066324378704
BRD-K73753850	0.4221802478328177	0.37683318056828596	-0.04534706726453175
BRD-K90497590	0.4213090158082371	0.4131530705774519	-0.008155945230785222
BRD-K15179879	0.4195571266661797	0.38141613198900093	-0.0381409946771788
BRD-K85402309	0.4188667386115424	0.2985792850595783	-0.12028745355196407
BRD-K03765900	0.4186157955131845	0.35895967002749773	-0.05965612548568677
BRD-A18696154	0.41858486942711925	0.3178276810265811	-0.10075718840053816
BRD-K55305701	0.41839077142029085	0.32000458295142076	-0.0983861884688701
BRD-K24696047	0.4183409951484335	0.41154903758020167	-0.00679195756823181
BRD-K06593056	0.4177793185186582	0.4092575618698442	-0.00852175664881397
BRD-K74501079	0.4176358803861461	0.412121906507791	-0.005513973878355039
BRD-K35189033	0.41679734165254856	0.4100595783684693	-0.006737763284079268
BRD-K39558284	0.4166972000405279	0.412121906507791	-0.0045752935327368904
BRD-K63712959	0.41635612949135126	0.40444546287809346	-0.011910666613257806
BRD-K78126613	0.41629663359244484	0.4145279560036663	-0.0017686775887785222
BRD-K00152668	0.4158295024257833	0.38187442713107245	-0.03395507529471087
BRD-K88677950	0.41568812603234223	0.4145279560036664	-0.0011601700286758459
BRD-K78177893	0.41532673262660846	0.4084555453712191	-0.006871187255389377
BRD-K76719364	0.41528608691349417	0.34417965169569203	-0.07110643521780213
BRD-K40787673	0.4146758121484735	0.34876260311640694	-0.06591320903206652
BRD-K49865102	0.414596582461316	0.3936755270394134	-0.02092105542190259
BRD-K24556407	0.4136699780159708	0.39104032997250227	-0.022629648043468523
BRD-K82135108	0.41356806919903205	0.4099450045829514	-0.00362306461608064
BRD-K28570407	0.4135265398834588	0.41154903758020167	-0.001977502303257078
BRD-K61097567	0.41339665032198475	0.4070806599450046	-0.006315990376980153
BRD-K53417444	0.41277400512253803	0.38187442713107245	-0.030899577991465588
BRD-K99545815	0.41271480375778447	0.33696150320806595	-0.07575330054971852
BRD-K44084986	0.4120149906102512	0.403070577451879	-0.008944413158372196
BRD-K30933884	0.4114209152236457	0.4053620531622365	-0.006058862061409188
BRD-K03390685	0.4109646818206452	0.3376489459211732	-0.07331573589947199
BRD-K48195008	0.4097464885638279	0.38072868927589365	-0.02901779928793423
BRD-K84091759	0.4090496207578246	0.403070577451879	-0.005979043305945564
BRD-K91614056	0.4087848345542756	0.4065077910174152	-0.0022770435368604236
BRD-K71281111	0.40821196562668616	0.40604949587534367	-0.0021624697513424884
BRD-A53151380	0.40812331084663256	0.355980751604033	-0.052142559242599584
BRD-K19796430	0.4078979922195858	0.3904674610449129	-0.017430531174672886
BRD-K64785675	0.40785410663078847	0.30109990834097156	-0.10675419828981692
BRD-K34332569	0.4076891675051072	0.404903758020165	-0.002785409484942214
BRD-K76011241	0.4068594647960999	0.3445233730522457	-0.06233609174385424
BRD-K82967180	0.4068515123739688	0.4060494958753437	-0.0008020164986251146
BRD-K81074237	0.40658996604610276	0.40203941338221816	-0.0045505526638845994
BRD-A09349126	0.4065805409532068	0.36044912923923006	-0.04613141171397672
BRD-K51967704	0.4040457800324695	0.38313473877176907	-0.020911041260700425
BRD-K51350053	0.4039188358125255	0.37362511457378556	-0.030293721238739968
BRD-K54838207	0.403462013341219	0.36491750687442714	-0.03854450646679189
BRD-K96358241	0.40289150068685364	0.40032080659945	-0.0025706940874036244
BRD-A38350138	0.4028558620543403	0.39367552703941333	-0.009180335014926991
BRD-K05804044	0.4026935737360361	0.33180568285976164	-0.07088789087627445
BRD-K64052750	0.40265351709122776	0.30545371219065076	-0.097199804900577
BRD-K41876534	0.40258106168958935	0.36457378551787356	-0.03800727617171579
BRD-K97010173	0.40176667475653804	0.32939963336388633	-0.07236704139265171
BRD-K92428153	0.401635607058452	0.36892758936755266	-0.03270801769089937
BRD-K09549677	0.4012818715406964	0.31060953253895507	-0.09067233900174132
BRD-A10039652	0.4008727636021763	0.3076306141154904	-0.09324214948668585
BRD-K38860038	0.4002421659805985	0.3548350137488543	-0.045407152231744186
BRD-K29656036	0.4000557258617481	0.3362740604949588	-0.06378166536678931
BRD-K45724504	0.39968932537541324	0.3920714940421631	-0.0076178313332501135
BRD-K51662849	0.3985683283890867	0.3890925756186984	-0.009475752770388243
BRD-K25412176	0.3978723441855424	0.3808432630614116	-0.01702908112413083
BRD-K86118762	0.39757398108855113	0.25687442713107245	-0.14069955395747868
BRD-K39381259	0.39714160495194384	0.39447754353803854	-0.0026640614139053116
BRD-K56851771	0.3966750628535882	0.3056828597616865	-0.0909922030919017
BRD-K87349682	0.3961749438617905	0.3882905591200734	-0.00788438474171711
BRD-K72726508	0.394413629626837	0.3827910174152154	-0.011622612211621641
BRD-K76703230	0.3930466966227536	0.38428047662694775	-0.008766219995805832
BRD-K82861010	0.3926367050817745	0.3785517873510541	-0.014084917730720403
BRD-K52762805	0.3925942921637422	0.3859990834097159	-0.006595208754026282
BRD-K40175214	0.39138405132905585	0.3908111824014665	-0.0005728689275893675
BRD-K86687746	0.391262703258019	0.3839367552703941	-0.007325947987624853
BRD-K15600710	0.39102560326485225	0.34967919340055	-0.04134640986430227
BRD-K13949769	0.39038145707223626	0.326076993583868	-0.06430446348836827
BRD-K13662825	0.38994112851349794	0.34200274977085243	-0.047938378742645504
BRD-A72703248	0.3884195650790883	0.38210357470210815	-0.006315990376980153
BRD-A11132253	0.38836154185094685	0.33455545371219064	-0.0538060881387562
BRD-K77245796	0.3872976844903028	0.32974335472044	-0.0575543297698628
BRD-K20290250	0.3865719523373052	0.3864573785517873	-0.00011457378551787351
BRD-A48300215	0.38623912874441274	0.36560494958753437	-0.020634179156878374
BRD-K24556098	0.385485121312727	0.319775435380385	-0.065709685932342
BRD-K90647725	0.3853013320012535	0.3693858845096242	-0.01591544749162932
BRD-K87024524	0.3832463672157569	0.345096241979835	-0.03815012523592187
BRD-K35687421	0.3830628724384365	0.3166819431714024	-0.0663809292670341
BRD-K29582115	0.38281575828406766	0.36021998166819436	-0.02259577661587328
BRD-K02389548	0.38267349828816744	0.346929422548121	-0.035744075740046455
BRD-A03506276	0.38246555717614794	0.3185151237396884	-0.06395043343645956
BRD-K13514097	0.37974082172672413	0.3706461961503208	-0.009094625576403337
BRD-K65877271	0.3796916345231728	0.36881301558203483	-0.010878618941137938
BRD-K85751432	0.3782925972964122	0.32504582951420713	-0.05324676778220505
BRD-A43082461	0.37765610899177426	0.3297433547204399	-0.047912754271334346
BRD-K63736853	0.37701078466254634	0.31370302474793765	-0.06330775991460869
BRD-K38003476	0.37626914766528663	0.3283684692942255	-0.047900678371061156
BRD-K69280563	0.3758355933920673	0.31530705774518786	-0.06052853564687943
BRD-K54314721	0.3757439932704837	0.34039871677360223	-0.03534527649688146
BRD-K01109406	0.37537317477185395	0.3604491292392301	-0.01492404553262383
BRD-K43187018	0.37518702918715646	0.319775435380385	-0.055411593806771464
BRD-K67977190	0.3748276975204937	0.36617781851512377	-0.008649879005369954
BRD-K30480208	0.3745961936762339	0.3504812098991751	-0.02411498377705884
BRD-A81541225	0.3744574680901698	0.3289413382218148	-0.04551612986835496
BRD-K69932463	0.3738059585437289	0.32848304307974335	-0.045322915463985536
BRD-K51544265	0.3735832907240592	0.31198441796516957	-0.061598872758889645
BRD-K56908511	0.37351643147132774	0.35620989917506873	-0.017306532296259003
BRD-K32730239	0.3734124609153179	0.346929422548121	-0.0264830383671969
BRD-K50010139	0.37332115532788723	0.3497937671860678	-0.023527388141819428
BRD-K38904395	0.37317123744400904	0.3452108157653529	-0.027960421678656172
BRD-K81728688	0.3724025033046732	0.32435838680109996	-0.048044116503573264
BRD-K12068470	0.3723114922513955	0.3407424381301558	-0.0315690541212397
BRD-K21361524	0.37185025176779396	0.33100366636113654	-0.04084658540665742
BRD-K68408467	0.37170121748637486	0.319775435380385	-0.05192578210598987
BRD-A23067620	0.3714920982377432	0.30304766269477545	-0.06844443554296775
BRD-A22081593	0.37128297898911167	0.2711961503208066	-0.1000868286683051
BRD-K77638923	0.3705640211216331	0.33512832263978	-0.035435698481853156
BRD-K60237333	0.37038258808338376	0.28689275893675525	-0.0834898291466285
BRD-K72703948	0.369757881144866	0.25183318056828596	-0.11792470057658005
BRD-A41304429	0.36877737694952156	0.3606782768102658	-0.008099100139255747
BRD-A57886255	0.36851170714351356	0.3615948670944088	-0.0069168400491047555
BRD-A90547603	0.3685114126093605	0.321494042163153	-0.04701737044620746
BRD-K82818427	0.3684905006844974	0.36331347387717694	-0.005177026807320462
BRD-K46392623	0.3682083369659212	0.2171173235563703	-0.1510910134095509
BRD-K68346641	0.3680369180888739	0.31278643446379467	-0.05525048362507923
BRD-K42673188	0.3679538594577273	0.29800641613198897	-0.06994744332573832
BRD-K57927309	0.36681813576375066	0.23705316223648032	-0.12976497352727034
BRD-K11071038	0.36586355057387043	0.31954628780934924	-0.046317262764521194
BRD-K36222532	0.36556695468179706	0.3296287809349221	-0.03593817374687497
BRD-K60585088	0.36514635991130984	0.30625572868927586	-0.05889063122203397
BRD-K23952234	0.3650108742009288	0.3549495875343721	-0.010061286666556707
BRD-K81418486	0.36291673637308286	0.32275435380384965	-0.04016238256923321
BRD-A28970875	0.36220337465451147	0.35976168652612284	-0.0024416881283886305
BRD-K67043667	0.3611483533184574	0.3398258478460129	-0.02132250547244452
BRD-K11215326	0.3605637030247479	0.35987626031164066	-0.000687442713107241
BRD-K70358946	0.36004974092775904	0.29823556370302473	-0.06181417722473431
BRD-K13314656	0.35976168652612284	0.35071035747021084	-0.009051329055912008
BRD-K71035033	0.35976168652612284	0.3594179651695692	-0.0003437213565536205
BRD-K04548931	0.3596211937351408	0.2270852428964253	-0.1325359508387155
BRD-K52662033	0.3595693557242124	0.24071952337305225	-0.11884983235116015
BRD-K39841531	0.3587431874250411	0.3486480293308891	-0.010095158094151957
BRD-K87782578	0.35855409649881353	0.3379926672777268	-0.020561429221086752
BRD-K89299012	0.35779478745237386	0.3300870760769936	-0.02770771137538025
BRD-K17472821	0.3576993583868011	0.3564390467461045	-0.0012603116406966087
BRD-K35629949	0.35731882026112227	0.3055682859761687	-0.051750534284953575
BRD-K85090592	0.35463473052481276	0.35357470210815767	-0.001060028416655083
BRD-K53561341	0.3537249145261888	0.3512832263978002	-0.0024416881283886305
BRD-K43905307	0.3536586443417633	0.3182859761686526	-0.03537266817311069
BRD-K70505054	0.3533938581382142	0.33260769935838685	-0.02078615877982737
BRD-K49456274	0.3529947643608963	0.3370760769935839	-0.01591868736731239
BRD-K62200014	0.3521017368089934	0.28654903758020167	-0.06555269922879176
BRD-K28542495	0.3520295759415079	0.25916590284142993	-0.09286367310007798
BRD-K70159787	0.35190557706309394	0.3228689275893676	-0.02903664947372636
BRD-A23127772	0.3512832263978002	0.34486709440879926	-0.006416131989000917
BRD-K89053832	0.35090445547703925	0.30602658111824016	-0.044877874358799086
BRD-K24048528	0.3506102158581901	0.3473877176901925	-0.003222498167997569
BRD-K08303368	0.35048120989917503	0.3446379468377635	-0.005843263061411549
BRD-A92872453	0.35045587996201694	0.2901008249312558	-0.06035505503076116
BRD-K34533029	0.35043113909316476	0.34910632447296064	-0.0013248146202041004
BRD-A50064262	0.3502974205877017	0.3063703024747938	-0.04392711811290789
BRD-K71823332	0.35010980233223926	0.34326306141154905	-0.0068467409206902086
BRD-K52751261	0.3499796182366123	0.3433776351970669	-0.0066019830395454004
BRD-K29905972	0.34934224632951527	0.342346471127406	-0.006995775202109256
BRD-K20468903	0.34901649155629494	0.31175527039413387	-0.03726122116216107
BRD-K35329391	0.3489911616191367	0.17575618698441797	-0.1732349746347187
BRD-K21547160	0.3488397710644935	0.3363886342804766	-0.01245113678401688
BRD-K73982490	0.34824363393881697	0.3193171402383135	-0.028926493700503486
BRD-K42756753	0.34601283226397805	0.3457836846929423	-0.00022914757103574703
BRD-K28307902	0.34600988692244794	0.279903758020165	-0.06610612890228296
BRD-K68552125	0.34574892966288806	0.3303162236480294	-0.01543270601485866
BRD-K14560436	0.3453109573773737	0.3446379468377635	-0.0006730105396102193
BRD-K33425534	0.3452891618500515	0.3056828597616865	-0.039606302088364964
BRD-K96153583	0.3451507307981404	0.31118240146654447	-0.033968329331595964
BRD-K95926480	0.3450558908008737	0.2858615948670944	-0.059194295933779284
BRD-K59436580	0.3445917049757422	0.3157653528872594	-0.02882635208848283
BRD-A56085258	0.3435528830181032	0.2946837763519706	-0.04886910666613259
BRD-K97365803	0.3433776351970669	0.34211732355637026	-0.0012603116406966087
BRD-K76180386	0.34214235895937556	0.2550412465627865	-0.08710111239658908
BRD-K13571841	0.34203308678861155	0.31679651695692024	-0.025236569831691313
BRD-K33277808	0.3412508040782378	0.338794683776352	-0.0024561203018858
BRD-K39171998	0.34122783041430355	0.32458753437213567	-0.01664029604216788
BRD-K32285926	0.34122753588015053	0.2879239230064161	-0.05330361287373442
BRD-K59929863	0.3412163435823364	0.28334097158570115	-0.05787537199663523
BRD-K48578705	0.3411347576219549	0.28884051329055915	-0.052294244331395734
BRD-K37069697	0.33929303556323176	0.2611136571952337	-0.07817937836799804
BRD-K08996725	0.3388447545823624	0.33730522456461964	-0.0015395300177427629
BRD-K87036601	0.33852606862881385	0.27784142988084326	-0.06068463874797059
BRD-A97701745	0.3383623076397446	0.26248854262144816	-0.07587376501829646
BRD-K72414522	0.3383363886342805	0.3370760769935839	-0.0012603116406966087
BRD-K64800655	0.33777029399221015	0.3344408799266728	-0.0033294140655373283
BRD-K49669041	0.3377355389621559	0.2847158570119157	-0.05301968195024022
BRD-K19295594	0.3373055190987727	0.18366177818515128	-0.15364374091362143
BRD-K12040459	0.3371986032012328	0.27658111824014664	-0.060617484961086154
BRD-K64381438	0.33698889488429523	0.298923006416132	-0.03806588846816322
BRD-K81548480	0.3368269011001439	0.2938817598533455	-0.04294514124679838
BRD-K53523901	0.3362596283214617	0.33226397800183316	-0.003995650319628563
BRD-K92872987	0.3361954198761071	0.3067140238313474	-0.029481396044759745
BRD-K47635719	0.3360584614949611	0.33180568285976164	-0.004252778635199461
BRD-K14109347	0.33514952909879614	0.3268790100824931	-0.008270519016303046
BRD-K13756951	0.3348991750687443	0.3300870760769936	-0.0048120989917506875
BRD-K49328571	0.3348202399157396	0.3319202566452796	-0.002899983270460038
BRD-K26011976	0.3342482545906093	0.31805682859761686	-0.016191425992992448
BRD-K50853363	0.3338971698802307	0.20325389550870765	-0.13064327437152307
BRD-K71221037	0.33360675920537036	0.2874656278643446	-0.046141131341025765
BRD-K48826825	0.3330515623269613	0.3300870760769936	-0.0029644862499677016
BRD-K00673382	0.3330085603406228	0.3291704857928506	-0.003838074547772241
BRD-A20239487	0.33291931649226314	0.2453024747937672	-0.08761684169849596
BRD-K49840922	0.3328836778597499	0.31920256645279566	-0.0136811114069543
BRD-A64743628	0.3325214008515571	0.24896883593033914	-0.08355256492121799
BRD-K13810148	0.33180862820129176	0.28093492208982584	-0.05087370611146591
BRD-K46585355	0.3317520776439153	0.29777726856095327	-0.03397480908296202
BRD-A27376179	0.3315264644827156	0.32699358386801103	-0.004532880614704559
BRD-K72280606	0.3313886224991105	0.3056828597616865	-0.025705762737423976
BRD-K45446451	0.3311182401466544	0.3304307974335472	-0.000687442713107241
BRD-K56751279	0.33092178586660187	0.30992208982584785	-0.020999696040754023
BRD-K94485812	0.3301380304854629	0.3080889092575618	-0.022049121227901106
BRD-K25630527	0.3296661867723534	0.31587992667277726	-0.013786260099576106
BRD-K81645907	0.3296346716179822	0.32309807516040334	-0.006536596457578869
BRD-K04622161	0.32936399473137307	0.3149633363886343	-0.014400658342738792
BRD-K60369935	0.3291875687737247	0.3200045829514207	-0.009182985822304007
BRD-K62374002	0.3290482541193547	0.32241063244729606	-0.006637621672058613
BRD-K82846253	0.32904560331197763	0.31519248395967003	-0.013853119352307597
BRD-K64925568	0.32886652654695236	0.3228689275893676	-0.005997598957584782
BRD-K02594908	0.3276392027313919	0.25813473877176907	-0.06950446395962284
BRD-K95142244	0.32761446186253973	0.19592117323556368	-0.13169328862697605
BRD-K65678996	0.3275973788816655	0.189275893675527	-0.13832148520613852
BRD-K10705233	0.3272957759089913	0.3225252062328139	-0.00477056967617738
BRD-K78809024	0.3272663224936911	0.28379926672777267	-0.043467055765918416
BRD-K20958582	0.3271991687068065	0.2697066911090742	-0.057492477597732294
BRD-K18613660	0.3269496982792137	0.22387717690192488	-0.10307252137728884
BRD-K79633074	0.32687901008249315	0.32080659945004586	-0.006072410632447296
BRD-K33379087	0.3267343938133691	0.2811640696608616	-0.0455703241525075
BRD-K26634012	0.3263853708420613	0.31244271310724103	-0.013942657734820285
BRD-K59522102	0.32607699358386805	0.32561869844179653	-0.00045829514207149406
BRD-K19540840	0.3254016267710339	0.30384967919340056	-0.021551947577633318
BRD-K32405725	0.3235563703024748	0.3234417965169569	-0.00011457378551787351
BRD-K25224017	0.32308217031614117	0.19695233730522455	-0.12612983301091663
BRD-K83834509	0.3227746766604068	0.30625572868927586	-0.01651894797113096
BRD-K07220430	0.32268955629018914	0.287121906507791	-0.035567649782398125
BRD-K13094524	0.3223437731945646	0.3032768102658112	-0.019066962928753373
BRD-K58262659	0.32196618041041564	0.30384967919340056	-0.01811650121701508
BRD-A91733352	0.3219555771809076	0.2910174152153987	-0.030938161965508915
BRD-K56707426	0.321879587369433	0.29903758020164983	-0.022842007167783174
BRD-A73871920	0.32059188405250716	0.3056828597616865	-0.014909024290820666
BRD-A11990600	0.3203412354883023	0.22445004582951422	-0.09589118965878807
BRD-K95523387	0.32023373052245646	0.317025664527956	-0.0032080659945004585
BRD-K74305673	0.3202084005852983	0.3059120073327223	-0.014296393252576006
BRD-K87990216	0.32005082481344205	0.23636571952337304	-0.083685105290069
BRD-K27351809	0.31992741500333416	0.31565077910174155	-0.004276635901592607
BRD-K13409143	0.31987646059486474	0.31290100824931255	-0.006975452345552177
BRD-K58122457	0.3189056760265694	0.2432401466544455	-0.0756655293721239
BRD-K11510141	0.3184208728107276	0.3091200733272227	-0.009300799483504929
BRD-K04833372	0.3183787544268483	0.25641613198900093	-0.06196262243784739
BRD-K73319509	0.3178276810265811	0.3140467461044913	-0.003780934922089826
BRD-K54634444	0.3177858571768547	0.26478001833180564	-0.05300583884504906
BRD-K17075857	0.3173428778107394	0.2746333638863428	-0.04270951392439659
BRD-K19318328	0.31733492538860836	0.2432401466544455	-0.07409477873416287
BRD-K47976015	0.316623330874955	0.3023602199816682	-0.014263110893286801
BRD-K42938903	0.31574679723562027	0.2795600366636114	-0.0361867605720089
BRD-K99879819	0.31531088668917706	0.2558432630614116	-0.059467623627765476
BRD-A14886633	0.3148042879460131	0.23808432630614118	-0.07671996163987194
BRD-K99170882	0.31429945640776724	0.25802016498625113	-0.05627929142151611
BRD-K63784565	0.31404674610449124	0.3122135655362053	-0.0018331805682859762
BRD-A51964809	0.3132980402875597	0.29708982584784605	-0.016208214439713653
BRD-A26032986	0.31187985834085374	0.26959211732355637	-0.042287741017297376
BRD-A78391468	0.31089523066736724	0.2713107241063245	-0.03958450656104273
BRD-K67511046	0.31089228532583724	0.2739459211732356	-0.03694636415260169
BRD-K86930074	0.3104148454638206	0.2425527039413382	-0.06786214152248238
BRD-K13087974	0.3101223730498893	0.30579743354720434	-0.004324939502684977
BRD-K45551181	0.3096602489638289	0.2752062328139322	-0.03445401614989668
BRD-A93093700	0.30956393629579715	0.3072868927589367	-0.0022770435368604236
BRD-K61250484	0.30911624438323365	0.25962419798350134	-0.049492046399732315
BRD-K17702546	0.3091118263709387	0.24117781851512377	-0.06793400785581494
BRD-K66097663	0.3089934236414318	0.2546975252062328	-0.054295898435199
BRD-K36788280	0.30883643693788165	0.25813473877176907	-0.050701698166112585
BRD-K66030860	0.3088337861305046	0.2661549037580202	-0.042678882372484406
BRD-K76973696	0.3087262811646588	0.3055682859761687	-0.0031579951884900767
BRD-K51791723	0.30836046974662995	0.307057745187901	-0.0013027245587289293
BRD-K15025317	0.30772751585182806	0.24186526122823093	-0.06586225462359713
BRD-K89391146	0.3077083711318829	0.25572868927589365	-0.051979681855989224
BRD-A34751532	0.3074977792124864	0.2758936755270394	-0.03160410368544697
BRD-A44500574	0.30745389362368913	0.27463336388634285	-0.03282052973734628
BRD-K70301465	0.3066825086769761	0.2804766269477543	-0.02620588172922178
BRD-K86204871	0.3066153548900916	0.2763519706691109	-0.030263384220980738
BRD-A91452556	0.30614851825758305	0.28460128322639777	-0.021547235031185275
BRD-A50998626	0.30474005593792636	0.2713107241063245	-0.03342933183160186
BRD-K49962337	0.3045371219065078	0.3031622364802933	-0.001374885426214482
BRD-K21937671	0.30420783272345125	0.3015582034830431	-0.002649629240408201
BRD-K21673112	0.3036220042931297	0.28104949587534367	-0.02257250841778602
BRD-K76210423	0.3034623667822026	0.2164298808432631	-0.08703248593893953
BRD-K54997624	0.3021811432166428	0.30029789184234645	-0.0018832513742963464
BRD-K28822270	0.3021340177521624	0.2152841429880843	-0.08684987476407813
BRD-K62696033	0.3017652609926036	0.29560036663611367	-0.006164894356489925
BRD-K84892605	0.30124216833687156	0.28253895508707605	-0.018703213249795514
BRD-K26818574	0.30023279979453293	0.2433547204399633	-0.05687807935456962
BRD-K80608265	0.30008995073032685	0.29949587534372135	-0.0005940753866054971
BRD-K32007074	0.2996346009297854	0.2267415215398717	-0.07289307938991368
BRD-K37723606	0.2992520010650356	0.25847846012832265	-0.040773540936712926
BRD-A36456202	0.2986794266715992	0.296173235563703	-0.002506191107896183
BRD-K18574842	0.29853274866340407	0.2870073327222732	-0.011525415941130851
BRD-K49522529	0.29831597152679434	0.2800183318056828	-0.018297639721111536
BRD-K89839824	0.29758906123718487	0.24736480293308893	-0.05022425830409591
BRD-K08619838	0.29710013454320106	0.2724564619615032	-0.02464367258169789
BRD-K42805893	0.2946811255445937	0.2788725939505041	-0.01580853159408957
BRD-A95886749	0.2945320912631746	0.22387717690192488	-0.07065491436124971
BRD-K59831625	0.29323437378504663	0.25687442713107245	-0.036359946653974184
BRD-A69651145	0.2929486756566344	0.2648945921173236	-0.028054083539310826
BRD-K15424032	0.2929239347877823	0.231897341888176	-0.06102659289960627
BRD-M80207679	0.2928650279571818	0.2895279560036663	-0.0033370719535154416
BRD-A75919782	0.29280229218259235	0.2819660861594867	-0.010836206023105616
BRD-K39160765	0.29249038051456294	0.16762144821264896	-0.12486893230191398
BRD-K36711084	0.29094761062113716	0.26684234647112737	-0.024105264150009797
BRD-K05444225	0.2907437929872596	0.23292850595783687	-0.057815287029422735
BRD-K59317601	0.2904589784613065	0.27463336388634285	-0.015825614574963655
BRD-K80725821	0.2895815612195128	0.2685609532538955	-0.021020607965617277
BRD-K81016934	0.2893188367550347	0.24656278643446378	-0.04275605032057095
BRD-K17849083	0.2892463813533963	0.252749770852429	-0.03649661050096728
BRD-K32372024	0.28886171974957525	0.28700733272227313	-0.001854387027302118
BRD-K43389675	0.28820755939575726	0.25928047662694775	-0.028927082768809537
BRD-K77677632	0.287908018162154	0.23155362053162237	-0.05635439763053163
BRD-K83508485	0.2874906632673499	0.21390925756186985	-0.07358140570548005
BRD-K53734668	0.2872956816580623	0.23098075160403297	-0.05631493005402932
BRD-K11630072	0.2871872930897575	0.2804766269477543	-0.006710666142003163
BRD-K55044200	0.2859225634367659	0.26592575618698444	-0.01999680724978148
BRD-A09722536	0.2859210907660008	0.24495875343721352	-0.040962337328787304
BRD-K65814004	0.28588957561162953	0.26993583868010995	-0.01595373693151958
BRD-K19615002	0.28480333365535737	0.2215857011915674	-0.06321763246378996
BRD-K01295354	0.28479979924552135	0.2721127406049496	-0.012687058640571736
BRD-K09426783	0.28354744002695575	0.2215857011915674	-0.06196173883538836
BRD-K47832606	0.28302287470045884	0.21230522456461964	-0.07071765013583917
BRD-K15071410	0.282927151100733	0.24770852428964252	-0.0352186268110905
BRD-K60160658	0.2828373181840673	0.20130614115490375	-0.08153117702916357
BRD-K56032964	0.28220200801604145	0.27348762603116406	-0.008714381984877395
BRD-K07265709	0.28152251772506537	0.2622593950504125	-0.019263122674652855
BRD-K01683783	0.2813808467974712	0.20417048579285058	-0.07721036100462064
BRD-A12230535	0.2813027952469257	0.2653528872593951	-0.015949907987530598
BRD-K11433652	0.2801290766472117	0.23373052245646198	-0.04639855419074973
BRD-K86797399	0.27933088909257564	0.27417506874427133	-0.005155820348304308
BRD-K11663430	0.2790289915857483	0.21539871677360217	-0.06363027481214611
BRD-K88807631	0.27896478314039397	0.2125343721356554	-0.06643041100473857
BRD-K62810658	0.2788063237660786	0.2630614115490376	-0.015744912217040996
BRD-K88510285	0.2783226986868489	0.25137488542621444	-0.026947813260634446
BRD-K26712974	0.27802580826062273	0.23453253895508708	-0.043493269305535626
BRD-K43457670	0.277678552494233	0.2194087992667278	-0.058269753227505244
BRD-K92968657	0.2772856439341281	0.24656278643446383	-0.030722857499664247
BRD-K26619122	0.2762044090584568	0.25412465627864345	-0.022079752779813333
BRD-K55696337	0.2754112285844217	0.22731439046746105	-0.04809683811696064
BRD-A06426627	0.27538530957895757	0.27027956003666365	-0.0051057495422939265
BRD-K78055238	0.27518502635491604	0.26672777268560954	-0.008457253669306478
BRD-K26824830	0.2751561620079218	0.26798808432630616	-0.0071680776816156495
BRD-K33882852	0.27488224524562976	0.23292850595783687	-0.04195373928779289
BRD-A54927599	0.27336303808444407	0.2239917506874427	-0.04937128739700139
BRD-K86887724	0.27214749563500396	0.26798808432630616	-0.004159411308697791
BRD-K81332461	0.271911573778449	0.2593950504124656	-0.012516523365983412
BRD-K50018155	0.27184471452571757	0.2141384051329056	-0.05770630939281196
BRD-K67772619	0.271254173548948	0.22800183318056827	-0.043252340368379716
BRD-K99475619	0.27124651566096997	0.18973418881759851	-0.08151232684337145
BRD-K21728777	0.27026012078256545	0.2520623281393217	-0.01819779264324374
BRD-K32744045	0.27009577072519014	0.21940879926672774	-0.050686971458462404
BRD-K63504947	0.2694407267689132	0.23808432630614118	-0.031356400462771994
BRD-K16730910	0.2690790388290264	0.2136801099908341	-0.05539892883819231
BRD-K68174511	0.2682151701582709	0.18010999083409718	-0.08810517932417372
BRD-K78789465	0.2670611853468081	0.2506874427131073	-0.01637374263370084
BRD-K73073971	0.26691627454353095	0.2152841429880843	-0.051632131555446645
BRD-K31812033	0.2666461867252279	0.24977085242896424	-0.016875334296263644
BRD-A97739905	0.26661319890009166	0.26317598533455544	-0.0034372135655362053
BRD-K38458514	0.2655564103591197	0.23728230980751608	-0.02827410055160362
BRD-A98299281	0.2645979962252503	0.20187901008249315	-0.06271898614275717
BRD-K79821389	0.2642333629438335	0.2121906507791017	-0.052042712164731775
BRD-K62607865	0.26405782058864413	0.22250229147571032	-0.04155552911293382
BRD-K84810405	0.26301104620887417	0.21551329055912005	-0.047497755649754114
BRD-K22822991	0.26206912598757304	0.23544912923923011	-0.026619996748342922
BRD-K93779381	0.26204968673347484	0.24747937671860676	-0.014570310014868082
BRD-K20545304	0.26193010586735593	0.2603116406966086	-0.0016184651707473394
BRD-K28192623	0.2616202559383975	0.2478230980751604	-0.013797157863237097
BRD-K68507560	0.26078436801217725	0.2501145737855179	-0.010669794226659347
BRD-K83837640	0.2602574464124562	0.20921173235563706	-0.05104571405681915
BRD-K55462201	0.25986129797666824	0.15948670944087995	-0.10037458853578829
BRD-K54095730	0.2593935777417006	0.22227314390467456	-0.03712043383702601
BRD-K22064724	0.2591947671884241	0.2516040329972502	-0.007590734191173872
BRD-K68747584	0.2586999498113803	0.25194775435380384	-0.006752195457576438
BRD-K89014967	0.25798894436603287	0.18354720439963335	-0.07444173996639952
BRD-K74193284	0.2573277151925429	0.22559578368469296	-0.031731931507849906
BRD-A93695607	0.25679814278544477	0.23636571952337304	-0.02043242326207176
BRD-K42497885	0.2566390943428236	0.2117323556370303	-0.044906738705793314
BRD-A85667082	0.25660257210785126	0.2040559120073327	-0.05254666010051856
BRD-K12787259	0.25620907447944036	0.23453253895508708	-0.021676535524353262
BRD-K79584249	0.25605503311742017	0.23533455545371218	-0.020720477663707992
BRD-K76406695	0.25555815400130544	0.2445004582951421	-0.0110576957061633
BRD-K08799216	0.25533902059147173	0.23831347387717694	-0.017025546714294792
BRD-K66175015	0.25482653116524784	0.2462190650779102	-0.008607466087337624
BRD-K70163715	0.252233157948063	0.17174610449129235	-0.08048705345677065
BRD-A28329383	0.2515548457936989	0.2298350137488543	-0.021719832044844595
BRD-K47049295	0.25137488542621456	0.25091659028414304	-0.00045829514207149406
BRD-K59983611	0.25082292842348836	0.15960128322639783	-0.09122164519709053
BRD-K11853856	0.24957557628552374	0.23911549037580204	-0.010460085909721695
BRD-K25244359	0.24927662412022655	0.20038955087076082	-0.04888707324946573
BRD-K85406984	0.24916646834700362	0.2129926672777268	-0.03617380106927681
BRD-K14796088	0.24879240997269084	0.2207836846929423	-0.028008725279748542
BRD-K65377893	0.24831408650821507	0.17678735105407883	-0.07152673545413624
BRD-K21164796	0.24827137905602978	0.18641154903758017	-0.06185983001844961
BRD-K33127281	0.24651477736752447	0.19729605866177824	-0.049218718705746234
BRD-K72723676	0.2462190650779102	0.23075160403299727	-0.015467461044912924
BRD-A36331462	0.2448615571667228	0.19534830430797434	-0.04951325285874847
BRD-K44227013	0.2447838001503302	0.22135655362053164	-0.02342724652979855
BRD-K62762455	0.24465420512300926	0.22651237396883594	-0.01814183115417331
BRD-K14618467	0.24424745345771315	0.21665902841429885	-0.0275884250434143
BRD-K06234293	0.24408133619541986	0.21115948670944085	-0.03292184948597901
BRD-K37561857	0.24373643670225414	0.24163611365719523	-0.002100323045058916
BRD-K97101532	0.24299980678559563	0.194775435380385	-0.04822437140521063
BRD-K17894950	0.2411778185151237	0.238198900091659	-0.0029789184234647113
BRD-A16700644	0.24093777318042695	0.1628093492208983	-0.07812842395952865
BRD-K95785537	0.2406314576613046	0.18182859761686526	-0.058802860044439326
BRD-K08078237	0.24062497790993853	0.21929422548120991	-0.021330752428728617
BRD-K73197500	0.24014665444546288	0.2373968835930339	-0.002749770852428964
BRD-K89015388	0.24013222227196585	0.23945921173235563	-0.0006730105396102193
BRD-K27184429	0.23933727459301274	0.22192942254812098	-0.01740785204489176
BRD-A07986123	0.23933108937579964	0.22387717690192482	-0.015453912473874822
BRD-K89561498	0.2391679174550364	0.20875343721356554	-0.030414480241470865
BRD-K18849474	0.23849431784712033	0.22697066911090746	-0.011523648736212852
BRD-K68164687	0.23842804766269476	0.23350137488542622	-0.004926672777268561
BRD-K08619574	0.2382027290356482	0.20863886342804772	-0.029563865607600492
BRD-K64890080	0.23813115723646855	0.13554078826764437	-0.10259036896882417
BRD-K37270826	0.23796975252062327	0.23017873510540787	-0.007791017415215398
BRD-K59146805	0.2379470733908421	0.22857470210815767	-0.009372371282684422
BRD-K78659596	0.23768670519958818	0.20840971585701196	-0.02927698934257622
BRD-K48141473	0.2371359263334739	0.2322410632447296	-0.004894863088744317
BRD-K17743125	0.23713209738948493	0.231897341888176	-0.00523475550130891
BRD-K92213669	0.23564087097283448	0.21872135655362057	-0.01691951441921391
BRD-K59574735	0.23485181397694152	0.18583868010999083	-0.04901313386695069
BRD-A73427433	0.23476168652612284	0.23166819431714025	-0.003093492208982585
BRD-A71725768	0.23460469982257268	0.21379468377635202	-0.020810016046220656
BRD-A93236127	0.23398971251110395	0.18583868010999083	-0.048151032401113125
BRD-K10961822	0.23360770171466	0.20417048579285058	-0.029437215921809423
BRD-K61688984	0.23346750345783093	0.1928276810265811	-0.040639822431249834
BRD-K52233191	0.23292467701384784	0.09406507791017416	-0.13885959910367368
BRD-K99964838	0.23212855119828268	0.1577681026581118	-0.07436044854017088
BRD-K05524748	0.23131887681167956	0.14814390467461047	-0.08317497213706909
BRD-K00317371	0.2308087436586797	0.20863886342804766	-0.022169880230632044
BRD-K78815826	0.2303863816832744	0.16979835013748856	-0.06058803154578585
BRD-K02130563	0.23030774106442292	0.2251374885426215	-0.005170252521801419
BRD-K53123955	0.22941206270514292	0.14802933088909254	-0.08138273181605038
BRD-K98157055	0.2285240422338412	0.15318515123739684	-0.07533889099644436
BRD-K20605374	0.22811670150023916	0.15570577451879009	-0.07241092698144908
BRD-A55484088	0.22751732449887957	0.1608615948670944	-0.06665572963178519
BRD-A68083442	0.2274622466122682	0.18033913840513294	-0.04712310820713525
BRD-K61397605	0.22738772947155866	0.10735563703024747	-0.12003209244131119
BRD-K41312087	0.2269512298568093	0.19672318973418884	-0.030228040122620453
BRD-K72533376	0.22656656825298838	0.21356553620531626	-0.013001032047672112
BRD-K62310379	0.22647673533632265	0.22284601283226396	-0.0036307225040586814
BRD-K26997899	0.22637305931446594	0.2188359303391384	-0.007537128975327545
BRD-K92657060	0.2257065285262218	0.18709899175068745	-0.03860753677553436
BRD-K87512222	0.225595783684693	0.22307516040329978	-0.0025206232813932174
BRD-K52172416	0.22542348120518663	0.22055453712190654	-0.004868944083280091
BRD-K47878171	0.22449304781585244	0.1747250229147571	-0.04976802490109533
BRD-A42746051	0.22346659629263968	0.15318515123739684	-0.07028144505524284
BRD-K90382497	0.223258949714773	0.1841200733272227	-0.039138876387550314
BRD-K90948141	0.22223986154538533	0.19844179651695693	-0.023798065028428406
BRD-A51571244	0.22212263695249057	0.19191109074243817	-0.030211546210052398
BRD-K40992116	0.22179717671342294	0.19374427131072408	-0.028052905402698863
BRD-K44408410	0.2213621497694387	0.09165902841429885	-0.12970312135513984
BRD-A27887842	0.22106967735550742	0.21516956920256647	-0.005900108152940953
BRD-A54275602	0.22089825847846017	0.215627864344638	-0.005270394133822181
BRD-K94176593	0.21990597291699554	0.1865261228230981	-0.033379850093897434
BRD-K40331046	0.21988447192382649	0.12648945921173238	-0.0933950127120941
BRD-K70463136	0.2192391475945985	0.18343263061411552	-0.035806516980483
BRD-K67536197	0.21906507791017416	0.21482584784601283	-0.00423923006416132
BRD-K61192372	0.21733056628314396	0.15226856095325392	-0.06506200532989004
BRD-K31627533	0.21729728392385467	0.19615032080659944	-0.021146963117255224
BRD-A27883417	0.21699803722440436	0.11732355637030245	-0.09967448085410191
BRD-K18424115	0.21646610854408238	0.16532997250229148	-0.0511361360417909
BRD-K09602097	0.21625050954408465	0.20417048579285058	-0.01208002375123407
BRD-K75958547	0.2161103112872556	0.12316681943171404	-0.09294349185554157
BRD-K34073885	0.2159138570072031	0.21184692942254812	-0.004066927584654989
BRD-K08525451	0.21576511725993697	0.18343263061411552	-0.032332486645821445
BRD-A28467416	0.21482231343617675	0.17896425297891838	-0.03585806045725837
BRD-K89714990	0.21390012700312677	0.18228689275893678	-0.03161323424418999
BRD-K67173685	0.2126704469143424	0.11881301558203483	-0.09385743133230756
BRD-K32107296	0.21229167599358145	0.19546287809349217	-0.0168287979000893
BRD-A16997652	0.21165783849632064	0.19672318973418879	-0.014934648762131852
BRD-K69116396	0.2116101239635343	0.201076993583868	-0.0105331303796663
BRD-K69172251	0.2115880339020591	0.20474335472043997	-0.006844679181619129
BRD-K29542628	0.21153383961790667	0.1550183318056828	-0.056515507812223864
BRD-K01773560	0.2111238480769276	0.2084097158570119	-0.0027141322199156926
BRD-K95581532	0.2102717607722921	0.20520164986251144	-0.0050701109097806545
BRD-K75649340	0.20986736538022	0.14321723189734192	-0.06665013348287807
BRD-K47079459	0.20959344861792784	0.19489000916590282	-0.014703439452025013
BRD-K03289018	0.20898906453596738	0.0924610449129239	-0.11652801962304349
BRD-K21025364	0.20818380816165927	0.17186067827681029	-0.03632312988484898
BRD-A74208568	0.20794170108789145	0.1723189734188818	-0.035622727669009646
BRD-K18163608	0.20781151699226433	0.19695233730522455	-0.010859179687039783
BRD-K45875383	0.2077113753802436	0.18973418881759851	-0.017977186562645076
BRD-K37312348	0.20767308594035333	0.202910174152154	-0.004762911788199313
BRD-K86816506	0.20633207194173414	0.20268102658111825	-0.00365104536061589
BRD-K00615600	0.2062946661043028	0.1900779101741522	-0.016216755930150595
BRD-K85307935	0.20560604525458354	0.12442713107241066	-0.08117891418217288
BRD-K73293050	0.20549824575458475	0.09486709440879926	-0.1106311513457855
BRD-A02180903	0.20504643036387926	0.1963794683776352	-0.008666961986244073
BRD-K13387373	0.20428505957836843	0.20164986251145733	-0.0026351970669110905
BRD-K00259736	0.2036753738816538	0.16269477543538036	-0.04098059844627344
BRD-K86525559	0.20348304307974333	0.2009624197983501	-0.0025206232813932174
BRD-K16478699	0.20258795378876948	0.1400091659028414	-0.06257878788592808
BRD-K50590187	0.2023508537956028	0.19351512373968838	-0.008835730055914426
BRD-A24397426	0.2022489449786639	0.1867552703941338	-0.015493674584530104
BRD-K72093121	0.20047526030928442	0.19500458295142076	-0.0054706773578636625
BRD-K24869513	0.20018190429289412	0.17048579285059573	-0.02969611144229839
BRD-K02900412	0.2000458295142071	0.1995875343721356	-0.00045829514207149406
BRD-K75911534	0.19996807249781468	0.07126489459211738	-0.1287031779056973
BRD-K13169950	0.1997009300210415	0.13966544454628782	-0.06003548547475368
BRD-K27771035	0.1990829973680429	0.18675527039413387	-0.012327726973909048
BRD-K76840893	0.19842353539947083	0.10838680109990834	-0.0900367342995625
BRD-K10799896	0.19740297455931805	0.1846929422548121	-0.012710032304505958
BRD-K86727142	0.1972106437574075	0.08593033913840509	-0.1112803046190024
BRD-K42495768	0.19718148487626036	0.19420256645279566	-0.0029789184234647113
BRD-K54187111	0.196608615948671	0.1900779101741522	-0.00653070577451879
BRD-K49111258	0.19569556007436403	0.11824014665444549	-0.07745541341991855
BRD-K36363294	0.1953527223202694	0.16681943171402386	-0.028533290606245543
BRD-K53097745	0.19523373052245646	0.192025664527956	-0.0032080659945004585
BRD-K29968218	0.1951491992205448	0.11445921173235563	-0.08068998748818917
BRD-K51471001	0.19446057837082556	0.1868698441796517	-0.007590734191173872
BRD-K92093830	0.19343972299651982	0.16773602199816684	-0.02570370099835298
BRD-K21152241	0.1932146989036261	0.18263061411549042	-0.010584084788135693
BRD-K44665581	0.19317051878067565	0.1846929422548121	-0.008477576525863562
BRD-K37720887	0.19294225481209898	0.19099450045829514	-0.0019477543538038496
BRD-K78496197	0.19239088687767875	0.1323327222731439	-0.060058164604534836
BRD-K97764662	0.19174114453615576	0.13554078826764437	-0.05620035626851139
BRD-K04111260	0.19162009099927194	0.17518331805682863	-0.016436772942443306
BRD-K73838513	0.1909202778517386	0.15960128322639777	-0.031318994625340824
BRD-M29182745	0.1908799266727773	0.1880155820348305	-0.0028643446379468377
BRD-K29950728	0.189404016032083	0.17609990834097156	-0.013304107691111455
BRD-K23403298	0.18935689056760263	0.16636113657195228	-0.022995753995650348
BRD-K07442505	0.18864323431487828	0.11308432630614118	-0.0755589080087371
BRD-K99604664	0.18850922127526215	0.15627864344637943	-0.03223057782888272
BRD-K68938568	0.1884738771769019	0.1845783684692942	-0.003895508707607699
BRD-K96006502	0.18842380637089157	0.18641154903758023	-0.0020122573333113416
BRD-K48195801	0.18831689047335176	0.17724564619615035	-0.011071244277201405
BRD-K09443272	0.18770249223018903	0.16888175985334553	-0.018820732376843494
BRD-A85651701	0.18753372416051878	0.1531851512373969	-0.03434857292312188
BRD-A30582499	0.1873676068982255	0.11537580201649866	-0.07199180488172685
BRD-K83022601	0.18727247236680578	0.13657195233730524	-0.05070052002950054
BRD-K53972329	0.18691196256353104	0.13863428047662696	-0.04827768208690408
BRD-A75850590	0.18641154903758023	0.18629697525206235	-0.00011457378551787351
BRD-K68904758	0.18541955801026866	0.15627864344637948	-0.029140914563889175
BRD-K17026858	0.18503666361136575	0.18343263061411552	-0.0016040329972502293
BRD-K14385366	0.18502694398431674	0.04628780934922094	-0.1387391346350958
BRD-A35588707	0.18337725819335104	0.14768560953253895	-0.03569164866081209
BRD-K51040301	0.1833448594365209	0.12591659028414304	-0.057428269152377864
BRD-A44090213	0.18326798602258726	0.18114115490375804	-0.002126831118829215
BRD-K80480517	0.18324000527805204	0.17587076076993585	-0.007369244508116185
BRD-K77685957	0.18074736274119396	0.17461044912923918	-0.006136913611954788
BRD-K71467466	0.17976685854584956	0.16097616865261227	-0.01879068989323729
BRD-K83003151	0.17841789212509926	0.10128322639780019	-0.07713466572729907
BRD-K92000912	0.17827681026581116	0.17736021998166818	-0.0009165902841429881
BRD-K28578425	0.1782055330007846	0.16223648029330884	-0.01596905270747575
BRD-K27217864	0.17740204383139457	0.09910632447296064	-0.07829571935843394
BRD-A67748489	0.17727362694068555	0.1740375802016499	-0.0032360467390356584
BRD-K57136142	0.17591229008550913	0.15032080659945002	-0.025591483486059108
BRD-K69726595	0.1753453118409799	0.15352887259395054	-0.021816439247029362
BRD-K17610631	0.175234566999451	0.06106782768102659	-0.11416673931842442
BRD-K17555800	0.17495151967841582	0.15089367552703936	-0.024057844151376462
BRD-K08542803	0.17461044912923923	0.1734647112740605	-0.001145737855178735
BRD-K75009076	0.17426643323853264	0.08707607699358388	-0.08719035624494875
BRD-A75975749	0.17388677871531272	0.0863886342804766	-0.08749814443483611
BRD-K87124298	0.17318549289701435	0.17220439963336387	-0.00098109326365048
BRD-K53581288	0.17316193016477413	0.14619615032080657	-0.026965779843967558
BRD-K59197931	0.17308535128499358	0.16785059578368466	-0.00523475550130891
BRD-K28453807	0.17198968423582528	0.16979835013748856	-0.0021913340983367073
BRD-K22588750	0.17183976635194714	0.14401924839596703	-0.027820517955980117
BRD-K24576554	0.17165273716479068	0.1624656278643446	-0.009187109300446084
BRD-K98572433	0.1713811766757226	0.16315307057745188	-0.008228106098270729
BRD-K58049875	0.1712442182945767	0.0733272227314391	-0.0979169955631376
BRD-K60443845	0.16963370554596033	0.16922548120989922	-0.00040822433606111253
BRD-K23301018	0.16963046567027726	0.13004124656278643	-0.03958921910749083
BRD-K09416995	0.16944432008557986	0.14928964252978916	-0.0201546775557907
BRD-K40308497	0.16849650918121867	0.15788267644362974	-0.010613832737588924
BRD-K28537285	0.16681118475773976	0.07676443629697527	-0.09004674846076449
BRD-K81916719	0.1656736938588451	0.16498625114573784	-0.000687442713107241
BRD-K65928735	0.16560919087933768	0.1636113657195234	-0.0019978251598142815
BRD-K92441787	0.1649700517673227	0.13611365719523372	-0.028856394572088995
BRD-K18518344	0.16455976569219055	0.11170944087992662	-0.05285032481226393
BRD-M92675308	0.16452795600366638	0.15937213565536207	-0.005155820348304308
BRD-K23204545	0.16451352383016937	0.1605178735105408	-0.003995650319628563
BRD-A67516570	0.16411236831378018	0.06152612282309805	-0.10258624549068213
BRD-K02764365	0.16388852235749862	0.13932172318973424	-0.024566799167764386
BRD-K41141507	0.16285942002690867	0.16177818515123743	-0.0010812348756712442
BRD-K75466013	0.16249891022363386	0.0729835013748854	-0.08951540884874845
BRD-K12885236	0.1616338634162663	0.15203941338221816	-0.00959445003404813
BRD-K17705806	0.16146568441490206	0.0973877176901925	-0.06407796672470956
BRD-K94720315	0.16028931500781107	0.13989459211732358	-0.020394722890487493
BRD-K50140147	0.158310929102095	0.09509624197983502	-0.06321468712225997
BRD-K82091397	0.15804319755701593	0.14069660861594868	-0.017346588941067248
BRD-A49765801	0.15679054380429736	0.12866636113657193	-0.028124182667725428
BRD-K84937637	0.15652605213490145	0.11148029330889098	-0.045045758826010474
BRD-K36889451	0.15597438966632826	0.015352887259395098	-0.14062150240693316
BRD-K45662124	0.15448463592044276	0.13978001833180564	-0.014704617588637114
BRD-K61642990	0.1528423134833023	0.1285517873510541	-0.0242905261322482
BRD-K51911221	0.15139114371146015	0.1416131989000916	-0.009777944811368539
BRD-K23363278	0.15063154013086746	0.07000458295142076	-0.0806269571794467
BRD-K61443650	0.1504948762838743	0.1459670027497708	-0.004527873534103513
BRD-A73556557	0.1492295575625767	0.13256186984417961	-0.01666768771839708
BRD-K83988098	0.14883134738771764	0.14780018331805678	-0.0010311640696608615
BRD-K01614093	0.14847584466504393	0.1178964252978918	-0.03057941936715214
BRD-A80213327	0.14774539996559843	0.09784601283226402	-0.049899387133334416
BRD-K26530649	0.1471619278085009	0.13531164069660861	-0.011850287111892288
BRD-K62814476	0.14697254234812057	0.10300183318056827	-0.0439707091675523
BRD-A98990573	0.14678138968282206	0.07103574702108162	-0.07574564266174044
BRD-K98521173	0.14590102709949837	0.0675985334555454	-0.07830249364395298
BRD-K24601397	0.1457540545571503	0.11457378551787356	-0.031180269039276717
BRD-K96123349	0.14537498910223634	0.11468835930339139	-0.030686629798844955
BRD-K19284129	0.14526807320469654	0.09509624197983502	-0.05017183122486152
BRD-K07202345	0.14313800221018425	0.10380384967919343	-0.03933415253099082
BRD-K59753975	0.14268854309270287	0.12236480293308893	-0.020323740159613947
BRD-K43578482	0.1421692793809599	0.07939963336388633	-0.06276964601707358
BRD-K56614220	0.14149862511457373	0.1364573785517873	-0.005041246562786435
BRD-K98548675	0.1414909672265957	0.1348533455545371	-0.006637621672058613
BRD-K22025381	0.1413710918263238	0.10357470210815767	-0.037796389718166123
BRD-K99023089	0.1377388966515002	0.13267644362969755	-0.0050624530218026376
BRD-A06627858	0.1375132834903004	0.09062786434463793	-0.046885419145662466
BRD-K34251960	0.1373922299534165	0.12477085242896424	-0.012621377524452249
BRD-A74391928	0.13737779777991943	0.08077451879010078	-0.05660327898981865
BRD-K69776681	0.13647181072528441	0.13233272227314385	-0.004139088452140558
BRD-K19669037	0.13525155572939618	0.07951420714940427	-0.05573734857999191
BRD-K79315489	0.1334660896938965	0.02738313473877174	-0.10608295495512476
BRD-K16180792	0.13165558825539175	0.08192025664527958	-0.04973533161011218
BRD-K90374350	0.1311419206925557	0.12431255728689272	-0.00682936340566298
BRD-A13964793	0.13049895263655187	0.10472043996333635	-0.025778512673215515
BRD-K25596805	0.12984390868027496	0.10277268560953257	-0.02707122307074239
BRD-K95573441	0.12940063478000657	0.11125114573785522	-0.018149489042151357
BRD-K82850175	0.129203885965801	0.1088450962419798	-0.020358789723821213
BRD-K88506063	0.12882099156689814	0.11285517873510542	-0.015965812831792714
BRD-A72711497	0.12755655644805952	0.11766727772685615	-0.009889278721203376
BRD-K85014146	0.12666441249861565	0.11526122823098073	-0.011403184267634925
BRD-A84174393	0.12591217227184792	0.08432630614115488	-0.04158586613069304
BRD-K28907958	0.12462741429645208	0.11835472043996331	-0.006272693856488765
BRD-K13044802	0.12356061159427811	0.12213565536205317	-0.0014249562322249387
BRD-K11640013	0.12243784740303347	0.0981897341888176	-0.02424811321421587
BRD-K99616396	0.12226554492352712	0.11010540788267642	-0.012160137040850706
BRD-K50677762	0.12200694393719114	0.09830430797433543	-0.02370263596285571
BRD-K28383148	0.11994432126371646	0.11778185151237397	-0.0021624697513424884
BRD-K28824103	0.1199301836243723	0.06015123739688355	-0.05977894622748875
BRD-A57382968	0.11769614207385036	0.11228230980751608	-0.005413832266334276
BRD-A14395271	0.11734535189762474	0.06771310724106328	-0.049632244656561464
BRD-K78567475	0.11717952916948438	0.07355637030247475	-0.043623158867009626
BRD-K97746869	0.11599903628425134	0.01466544454628782	-0.10133359173796352
BRD-A43885598	0.11593512237304987	0.1072410632447296	-0.008694059128320282
BRD-K29673530	0.11559670263125033	0.06610907424381307	-0.049487628387437255
BRD-A81513827	0.11551246586349169	0.1099908340971586	-0.005521631766333097
BRD-K66788707	0.11516933357524406	0.08890925756186985	-0.02626007601337421
BRD-K24187789	0.1146824686203314	0.09601283226397805	-0.01866963635635334
BRD-A79981887	0.11430899931432446	0.11113657195233728	-0.003172427361987187
BRD-K53414658	0.11413787497143019	0.0855866177818515	-0.028551257189578683
BRD-K54955827	0.11400769087580309	0.10907424381301556	-0.004933447062787533
BRD-K18250272	0.11352377126242041	0.09589825847846012	-0.017625512783960295
BRD-A30886737	0.1134937287788143	0.058776351970669105	-0.0547173768081452
BRD-K04196797	0.11332289897007299	0.08581576535288726	-0.027507133617185722
BRD-K27316855	0.11291968171461288	0.0997937671860678	-0.013125914528545073
BRD-K39974922	0.11282896519548817	0.06221356553620527	-0.0506153996592829
BRD-K02407574	0.11258332371188429	0.09429422548120991	-0.018289098230674372
BRD-K12932420	0.1121733321709052	0.04067369385884512	-0.07149963831206008
BRD-A50311610	0.11205316223648026	0.11010540788267642	-0.0019477543538038496
BRD-K68103045	0.11120166400015075	0.06736938588450958	-0.043832278115641166
BRD-K09372874	0.1110570477310267	0.08375343721356554	-0.027303610517461163
BRD-K96233303	0.1110149293471474	0.05820348304307976	-0.052811446304067644
BRD-K61936403	0.11079285059578374	0.10735563703024753	-0.0034372135655362053
BRD-A07704283	0.1101145384414195	0.04422548120989922	-0.06588905723152028
BRD-K81801188	0.10999289583622957	0.06209899175068745	-0.047893904085542116
BRD-K85872723	0.10966419572147915	0.07745187901008255	-0.0322123167113966
BRD-K47150025	0.10935081138268465	0.08719065077910171	-0.022160160603582946
BRD-K26833429	0.10878766208214441	0.0810036663611366	-0.027783995721007815
BRD-K92073408	0.10819505936630384	0.0954399633363886	-0.012755096029915244
BRD-K74763371	0.10748434845510946	0.03975710357470208	-0.06772724488040738
BRD-K37237504	0.10737006920374456	0.09440879926672774	-0.01296126993701682
BRD-K99792991	0.10709762511221754	0.10197066911090746	-0.005126956001310079
BRD-K60025295	0.10684727108216563	0.10277268560953257	-0.004074585472633065
BRD-K41278234	0.10643904674610451	0.10151237396883594	-0.004926672777268561
BRD-K84683831	0.10535781187043329	0.10300183318056833	-0.0023559786898649624
BRD-A48237631	0.10535162665322029	0.07286892758936758	-0.032482699063852705
BRD-K62627508	0.10474930431033062	0.09326306141154905	-0.011486242898781572
BRD-K03406345	0.10412283016689483	0.07791017415215395	-0.026212656014740876
BRD-K51318897	0.1025405926969668	0.07745187901008255	-0.025088713686884256
BRD-K97464279	0.10157540427757838	0.061984417965169514	-0.03959098631240887
BRD-K87112191	0.10131945409861942	0.056026581118240104	-0.04529287298037932
BRD-K07359318	0.1005854749893379	0.06358845096241983	-0.03699702402691807
BRD-K73309154	0.09990834097158567	0.0954399633363886	-0.004468377635197067
BRD-K56405753	0.0987770352899041	0.0965857011915674	-0.0021913340983367073
BRD-K06543683	0.09848338473936082	0.08948212648945919	-0.009001258249901627
BRD-A93477898	0.0983231581601276	0.07733730522456461	-0.020985852935562987
BRD-K29173907	0.0971011359593213	0.06908799266727772	-0.028013143292043574
BRD-K54262262	0.0966393064074138	0.0847846012832264	-0.011854705124187404
BRD-K78086729	0.09578368469294227	0.09532538955087078	-0.00045829514207149406
BRD-K93568044	0.09372135655362057	0.08134738771769023	-0.01237396883593034
BRD-K48684885	0.09346422823804962	0.0823785517873511	-0.011085676450698516
BRD-K37798499	0.09310784191291686	0.06931714023831348	-0.023790701674603384
BRD-K67537649	0.09151323400856265	0.03460128322639777	-0.05691195078216488
BRD-K39987650	0.090890883343269	0.07390009165902844	-0.016990791684240558
BRD-K96159438	0.09007148932961667	0.06267186067827679	-0.02739962865133988
BRD-K63126190	0.08788192243619797	0.030018331805682807	-0.05786359063051516
BRD-K68532323	0.08703926022445857	0.06152612282309805	-0.02551313740136052
BRD-K91701654	0.08557130200589536	0.07813932172318971	-0.007431980282705641
BRD-K58466253	0.08476987457557633	0.04468377635197068	-0.04008609822360565
BRD-K29415052	0.08372545646903035	0.07699358386801103	-0.0067318726010193244
BRD-K44827188	0.08323387896766954	0.023029330889092536	-0.060204548078577
BRD-K62965247	0.08235322185019284	0.07894133822181482	-0.0034118836283780207
BRD-K02241333	0.08235174917942784	0.0694317140238313	-0.012920035155596532
BRD-K78096648	0.08212819775729914	0.07011915673693858	-0.012009041020360557
BRD-K89085489	0.08194146310429584	0.0733272227314391	-0.00861424037285674
BRD-K67261995	0.08163396944856138	0.02463336388634285	-0.05700060556221853
BRD-K25340465	0.08018545048409631	0.050068744271310694	-0.030116706212785616
BRD-K87909389	0.07828069811663085	0.026008249312557297	-0.05227244880407356
BRD-K66715657	0.07709578721910276	0.0036663611365719273	-0.07342942608253084
BRD-A06352418	0.07671200921774088	0.017300641613198886	-0.05941136760454199
BRD-K30990140	0.07648875232976518	0.0421631530705775	-0.034325599259187684
BRD-K04993719	0.07630172314260875	0.023029330889092536	-0.05327239225351621
BRD-K41859756	0.07497455224918065	0.0689734188817599	-0.006001133367420752
BRD-K17294426	0.07485644405382674	0.04147571035747022	-0.033380733696356524
BRD-K92241597	0.07209754264265467	0.03483043079743353	-0.037267111845221135
BRD-K31866293	0.07201684028473204	0.0678276810265811	-0.004189159258150938
BRD-K28061410	0.07194850836123551	0.049610449129239176	-0.022338059231996332
BRD-A36267905	0.0717656026522212	0.06748395967002752	-0.00428164298219369
BRD-U25960968	0.07142040862490248	0.00595783684692941	-0.06546257177797307
BRD-K71164191	0.07137770117271725	0.037121906507791014	-0.03425579466492623
BRD-K11073688	0.07101306789130035	0.048808432630614074	-0.02220463526068628
BRD-K70511574	0.06942199439678232	0.0134051329055912	-0.05601686149119112
BRD-K72420232	0.06899874881891799	0.030705774518790085	-0.0382929743001279
BRD-K38527262	0.06894543813722465	0.060036663611365726	-0.00890877452585892
BRD-K46937689	0.06869773491454978	0.0295600366636114	-0.03913769825093838
BRD-K84163249	0.06858640100471491	0.06186984417965169	-0.006716556825063225
BRD-K41599323	0.06850245877110928	0.04983959670027499	-0.018662862070834285
BRD-K85333151	0.06775817096647255	0.042392300641613145	-0.025365870324859402
BRD-K78960041	0.06769455158942417	0.054537121906507835	-0.013157429682916333
BRD-K23925186	0.06759853345554537	0.06496333638863427	-0.0026351970669110905
BRD-K15108141	0.06715849943095997	0.001374885426214445	-0.06578361400474553
BRD-K68408772	0.06679651695692031	0.06507791017415221	-0.0017186067827681026
BRD-K21565985	0.06631554268506756	0.038382218148487635	-0.02793332453657993
BRD-K30431096	0.06558627612223411	0.06301558203483049	-0.0025706940874036244
BRD-K22385716	0.0653070577451879	0.06393217231897341	-0.001374885426214482
BRD-A43671941	0.06522311551158225	0.04823556370302473	-0.016987551808557516
BRD-K57284066	0.06278024924658154	0.0410174152153987	-0.021762834031182843
BRD-A03932035	0.059698243869566125	0.05591200733272228	-0.0037862365368438455
BRD-K42981054	0.0590420217766771	0.05499541704857924	-0.004046604728097855
BRD-A06352508	0.05898340948022962	0.05075618698441797	-0.008227222495811648
BRD-K51474575	0.05857606874662761	0.054193400549954196	-0.004382668196673415
BRD-A46813902	0.05787419386002322	0.051329055912007315	-0.0065451379480159005
BRD-K56334280	0.057785833614122484	0.023945921173235574	-0.03383991244088691
BRD-K88568253	0.05751604032997253	0.05121448212648949	-0.006301558203483043
BRD-K73589491	0.05733549089418216	0.045600366636113665	-0.011735124258068497
BRD-A25687296	0.05637206967971181	0.02829972502291478	-0.028072344656797033
BRD-K58148589	0.05632730048845547	0.03448670944087995	-0.02184059104757552
BRD-A95121829	0.0555682859761686	0.05476626947754348	-0.0008020164986251146
BRD-A63546914	0.05542573144611554	0.04491292392300639	-0.010512807523109152
BRD-K50850824	0.05407293608137628	0.0295600366636114	-0.024512899417764883
BRD-K79684402	0.05178735105407882	0.05052703941338221	-0.0012603116406966087
BRD-K99107520	0.0515855951592723	0.02165444546287809	-0.02993114969639421
BRD-K86972824	0.04938130155820345	0.043881759853345526	-0.005499541704857928
BRD-K03109492	0.04731897341888173	0.04594408799266725	-0.001374885426214482
BRD-K94559059	0.04638588922217057	0.0010311640696608615	-0.04535472515250971
BRD-K72815923	0.045843946380646525	0.03735105407882677	-0.008492892301819752
BRD-K47598052	0.045057245657977564	0.019477543538038544	-0.02557970211993902
BRD-K99383816	0.044075268791868016	0.0410174152153987	-0.0030578535764693125
BRD-K63923597	0.04242970647904454	0.005041246562786483	-0.037388459916258054
BRD-K51575138	0.04218789393942962	0.007791017415215373	-0.03439687652421425
BRD-K95763993	0.04090284142988085	0.04044454628780936	-0.00045829514207149406
BRD-K18619710	0.04051317274545885	0.012717690192483921	-0.027795482552974926
BRD-K84663978	0.03961248730557809	0.004353803849679205	-0.03525868345589889
BRD-K31928526	0.039458445943557796	0.028185151237396844	-0.011273294706160952
BRD-K27182532	0.039413382218148475	0.038038496791933996	-0.001374885426214482
BRD-K07612980	0.03876835242307353	0.03127864344637943	-0.007489708976694098
BRD-K06222852	0.03830976274684905	0.03425756186984419	-0.004052200877004863
BRD-K23779958	0.036778185151237416	0.032424381301558225	-0.004353803849679193
BRD-K20463415	0.03660764987664915	0.02257103574702113	-0.01403661412962802
BRD-K97810537	0.036592334100692965	0.028643446379468362	-0.007948887721224603
BRD-K17061841	0.03566219524551185	0.02509165902841426	-0.010570536217097588
BRD-K89162000	0.03451557378787411	0.027153987167735982	-0.0073615866201381264
BRD-K13050541	0.03414298808432635	0.03185151237396888	-0.00229147571035747
BRD-K16189898	0.03147804306796187	0.023258478460128296	-0.008219564607833574
BRD-K18910433	0.030677793774254877	0.017300641613198886	-0.013377152161055991
BRD-K85606544	0.030456304091197213	0.003322639780018344	-0.02713366431117887
BRD-A19585813	0.029330889092575578	0.027153987167735982	-0.0021769019248395966
BRD-K04701033	0.026551959358999344	0.012488542621448162	-0.014063416737551182
BRD-K91370081	0.02446871929481454	0.022571035747021073	-0.001897683547793468
BRD-K09900591	0.021425297891842394	0.020508707607699406	-0.0009165902841429881
BRD-K05445342	0.020523139781196503	0.017186067827681062	-0.0033370719535154416
BRD-K90574421	0.016663269706102102	0.014092575618698477	-0.0025706940874036244
BRD-K33720171	0.015582034830430783	0.015238313473877163	-0.0003437213565536205
BRD-A12417644	0.015582034830430759	0.013748854262144783	-0.0018331805682859762
BRD-K41213548	0.014207149404216338	0.013863428047662718	-0.0003437213565536205
BRD-K58770988	0.013161553161058492	0.00916590284142993	-0.003995650319628563
BRD-K37793595	0.012682051559970724	0.012030247479376754	-0.0006518040805939696
BRD-A43809092	0.012209324244402108	0.00045829514207151867	-0.01175102910233059
BRD-K52020312	0.0077910174152153976	0.0072181484876260305	-0.0005728689275893675
BRD-K31491153	0.007654353568222305	0.0024060494958753065	-0.005248304072346999
