Compound	CMap_Score	a_score	b_score
BRD-K13810148	0.3629972495230846	0.18264102101017404	-0.18035622851291055
BRD-K87036601	0.36226998173900826	0.1674854012401421	-0.19478458049886616
BRD-K75466013	0.3608606293407076	0.16868741596933756	-0.19217321337137006
BRD-A01643550	0.33069652639816993	0.07582124295145787	-0.25487528344671206
BRD-K30431096	0.3302392895496766	0.1982591856801718	-0.13198010386950476
BRD-M29182745	0.3278738405629642	0.1252222422892461	-0.20265159827371812
BRD-K96233303	0.299669832725173	0.13333232998214034	-0.16633750274303266
BRD-A06352418	0.29903263998529284	0.13914675014548594	-0.1598858898398069
BRD-K99946902	0.29478687849675983	0.11019906487668812	-0.1845878136200717
BRD-K16277217	0.2916692721431517	0.07258142194931072	-0.21908785019384097
BRD-A14395271	0.2858273407374177	0.14155479300864882	-0.1442725477287689
BRD-K70358946	0.28568706576740494	0.11559709429494502	-0.1700899714724599
BRD-K67043667	0.2835463998140888	0.07810788032026969	-0.20543851949381908
BRD-K96123349	0.28145211457882235	0.1649097987277507	-0.11654231585107167
BRD-K40787673	0.2779191855636536	0.13573134268456644	-0.14218784287908715
BRD-K58262659	0.27406052343860754	0.1455732145365521	-0.12848730890205545
BRD-K16803204	0.2709253746222059	0.1486153753536813	-0.1223099992685246
BRD-K87990216	0.2680446238824772	0.16804828125940646	-0.09999634262307072
BRD-K58148589	0.2656855833969328	0.07580920273714203	-0.1898763806597908
BRD-K18250272	0.26365418562514925	0.1349547488611964	-0.12869943676395285
BRD-K49522529	0.2633217527185963	0.1271978407882327	-0.1361239119303636
BRD-A23072235	0.2590707155447582	0.07665904119760003	-0.18241167434715816
BRD-K68095457	0.2586054195205535	0.13689523006842857	-0.12171018945212492
BRD-K73838513	0.2582242755318895	0.17950655188329023	-0.07871772364859925
BRD-A80213327	0.25746755453537395	0.18506612084361762	-0.07240143369175633
BRD-K97714174	0.2573956692773218	0.032843697951156936	-0.2245519713261649
BRD-K83257731	0.2568493607358254	0.13453936146730083	-0.1223099992685246
BRD-K92000912	0.25486152782551785	0.06993357815102441	-0.18492794967449344
BRD-K58466253	0.25426456623185956	0.15137158108080984	-0.10289298515104972
BRD-K96344439	0.25270671785699717	0.20877430618265003	-0.043932411674347166
BRD-K51474575	0.2525420711628451	0.1724820901812052	-0.08005998098163991
BRD-K04264130	0.2513788958346684	0.1214396082916942	-0.12993928754297418
BRD-K82861010	0.24847704235371948	0.1342132723295808	-0.11426377002413868
BRD-K21680192	0.2451800626997397	0.1402755202375935	-0.1049045424621462
BRD-K38003476	0.2448991890980391	0.06392852126101178	-0.1809706678370273
BRD-K18163608	0.24483490988935308	0.1547829751369575	-0.09005193475239559
BRD-K13112821	0.24413819576741164	0.19948528083799894	-0.0446529149294127
BRD-K07220430	0.243555281090455	0.1726606866935565	-0.07089459439689849
BRD-K11973162	0.24279661812388864	0.21190275520237595	-0.030893862921512694
BRD-K83963101	0.24111422473642619	0.12856942186904263	-0.11254480286738355
BRD-K27799744	0.24093397754953158	0.026011879678124933	-0.21492209787140665
BRD-K63932022	0.23731780275151265	0.14522505167258642	-0.09209275107892623
BRD-K88172511	0.23629493475951624	0.12269680733650395	-0.11359812742301229
BRD-K79254416	0.23596276078230322	0.18516545261172312	-0.05079730817058009
BRD-K42436189	0.23556054641858648	0.08864005779302875	-0.14692048862555773
BRD-K63123526	0.23541392767974068	0.12906106395360506	-0.10635286372613562
BRD-K61717546	0.23267377557169971	0.16702385969136913	-0.06564991588033059
BRD-K03549949	0.23253039344960555	0.012418477715570003	-0.22011191573403555
BRD-K28307902	0.2299319727891157	0.11984126984126986	-0.11009070294784584
BRD-K28383148	0.22971162392066924	0.1300042140750105	-0.09970740984565873
BRD-K91543828	0.22918897504762675	0.10574518893102958	-0.12344378611659718
BRD-K63126190	0.22840626401859632	0.06010474986454761	-0.1683015141540487
BRD-K39987650	0.22594789176494656	0.1337527341320009	-0.09219515763294567
BRD-K68997413	0.2253874715744133	0.2166024521903156	-0.008785019384097703
BRD-K19615002	0.22499085655767687	0.007369614512471645	-0.21762124204520522
BRD-K33818169	0.22449465084349474	0.08937651756867937	-0.13511813327481537
BRD-A67097164	0.2221866518041225	0.08571528906547865	-0.13647136273864385
BRD-K82967180	0.22179045754756369	0.04486484859430495	-0.17692560895325873
BRD-K37723606	0.22131079094498207	0.08779824614211462	-0.13351254480286745
BRD-K99792991	0.21919498220831768	0.13822065699436115	-0.08097432521395653
BRD-K63504947	0.21783582973583382	0.11357132823630933	-0.10426450149952449
BRD-K34411947	0.2176914442625466	0.1775590472177072	-0.040132397044839396
BRD-K32405725	0.21761496300870714	0.09824915216824193	-0.11936581084046521
BRD-K88807631	0.21730411833588698	0.03799389962474664	-0.17931021871114033
BRD-K32744045	0.21701311412375396	0.12460217125198159	-0.09241094287177237
BRD-K67772619	0.21670307860512178	0.07882728312563964	-0.13787579547948214
BRD-K34022604	0.215739699629019	0.09365280035317963	-0.12208689927583938
BRD-K59647213	0.21534991387362817	0.08960929504545179	-0.1257406188281764
BRD-K07572174	0.2127056950861037	0.13463166977705537	-0.07807402530904833
BRD-K19687926	0.21265889360787607	0.004656552886641382	-0.2080023407212347
BRD-K26833429	0.2123936528650855	0.13046475227259047	-0.08192890059249502
BRD-K12539581	0.21101339765138138	0.09042602291654123	-0.12058737473484016
BRD-A14240607	0.2108323089441315	0.08897216703790664	-0.12186014190622485
BRD-A95886749	0.21058593767700245	0.09775951678606543	-0.11282642089093703
BRD-A25004090	0.2105539275373295	0.08839022334597557	-0.12216370419135392
BRD-K37618799	0.2099826323145111	0.005326791483555082	-0.204655840830956
BRD-K23363278	0.2097297878138789	0.03613970662011112	-0.1735900811937678
BRD-K68938568	0.20943279586075564	0.11146629743342767	-0.09796649842732796
BRD-K49759007	0.20864438838624233	0.15147592960488032	-0.05716845878136201
BRD-K00312224	0.20795621893252492	0.07688680191840747	-0.13106941701411745
BRD-K40992116	0.20774276405775938	0.14576485461441213	-0.061977909443347245
BRD-K32372024	0.20761951369185982	0.1296259506752554	-0.07799356301660443
BRD-K21673112	0.20706275087825604	0.08968655308731166	-0.11737619779094438
BRD-A14886633	0.20704064478584275	0.09651837136034352	-0.11052227342549922
BRD-K38458514	0.20665487243522396	0.11674191800614048	-0.08991295442908348
BRD-K86003836	0.20651446800054107	0.06003652198342457	-0.1464779460171165
BRD-K78659596	0.2058549749712426	0.06856801717737243	-0.13728695779387018
BRD-K97472745	0.20545344029704377	0.055888668151626464	-0.1495647721454173
BRD-K79145628	0.20540835422569442	0.09871169706820782	-0.10669665715748661
BRD-A65248799	0.20399864579955113	0.13267613830192843	-0.0713225074976227
BRD-K11433652	0.20096363790544292	0.12512792727710553	-0.07583571062833738
BRD-K99498722	0.20066823189452776	0.1682419280396525	-0.03242630385487527
BRD-K73753850	0.20038337725422267	0.13050187626673088	-0.0698815009874918
BRD-K41278234	0.20028145619271592	0.04957558244536753	-0.1507058737473484
BRD-K38287497	0.1999964397215733	0.05914353942166836	-0.14085290029990494
BRD-K85140930	0.19998070976416066	0.14807155900708363	-0.05190915075707703
BRD-K65814004	0.19997316844712948	0.1175907531154054	-0.08238241533172408
BRD-A92872453	0.19992277432430766	0.06495093612666303	-0.13497183819764463
BRD-K92428232	0.19941329848144407	0.11374290129030962	-0.08567039719113445
BRD-K94720315	0.19883533582811752	0.07682158409086348	-0.12201375173725404
BRD-K78431006	0.1984136370315563	0.05962715469668689	-0.1387864823348694
BRD-K47079459	0.19786221463559256	0.10070033913270326	-0.0971618755028893
BRD-K60025295	0.19708397013767914	0.15604820099131095	-0.041035769146368195
BRD-A58193911	0.19693612148446776	0.07970621877069406	-0.1172299027137737
BRD-K45033733	0.19601837880456208	0.1395009331166095	-0.05651744568795258
BRD-K22025381	0.195819456339011	0.09730800874922241	-0.09851144758978858
BRD-A24397426	0.19575378538512184	0.10226757369614514	-0.0934862116889767
BRD-K99107520	0.1946608446404539	0.11943591595930403	-0.07522492868114988
BRD-K80129304	0.19383414798976978	0.046284590532378156	-0.14754955745739162
BRD-K91701654	0.19357573650832482	0.09485581843356805	-0.09871991807475677
BRD-K67977190	0.1935564786386531	0.12144763510123813	-0.07210884353741498
BRD-K60160658	0.19326952019745958	0.08079786486866136	-0.11247165532879821
BRD-K08619838	0.19300126940108997	0.03562799751168905	-0.15737327188940092
BRD-K26603252	0.1921460581568245	0.02309112435534688	-0.16905493380147762
BRD-K82928892	0.19197710676239288	0.1192282222623563	-0.07274888450003658
BRD-K49865102	0.19189369914870502	0.1103927116569341	-0.08150098749177093
BRD-K29905972	0.19128450314372591	0.058112094395280256	-0.13317240874844566
BRD-K63750851	0.19015029553547547	0.033947384263439795	-0.15620291127203567
BRD-K46862739	0.18879641874829672	0.10435855758232493	-0.0844378611659718
BRD-K33127281	0.1873707538015682	0.08599923745309335	-0.10137151634847485
BRD-A94756469	0.18662060313705842	0.03060421808841529	-0.15601638504864312
BRD-K76037122	0.18645284929082495	0.07303393333734676	-0.1134189159534782
BRD-K83988098	0.18557660003767423	0.011785363112796765	-0.17379123692487747
BRD-K36889451	0.18549532859104245	0.0427698513033532	-0.14272547728768925
BRD-A70649075	0.1849942355855655	0.024000160536190918	-0.16099407504937457
BRD-K34332569	0.18466018437063658	0.0695954487989886	-0.11506473557164798
BRD-K75037734	0.1840573321344905	0.13324905183312263	-0.05080828030136786
BRD-K54094468	0.18307369193752288	0.08759055244516684	-0.09548313949235604
BRD-K21164796	0.18297293605804682	0.0940511307767945	-0.08892180528125232
BRD-K08109215	0.18235280028844736	0.009406417434230319	-0.17294638285421704
BRD-A90547603	0.18166204154132867	0.014081030642345432	-0.16758101089898325
BRD-K61314889	0.1813761188174956	0.06476431280476797	-0.11661180601272764
BRD-K62391742	0.18095736534217832	0.05719904480966431	-0.12375832053251401
BRD-K80725821	0.18039691278547768	0.12434029659061263	-0.056056616194865044
BRD-K26997899	0.18035820284912907	0.0739760801075593	-0.10638212274156977
BRD-K60443845	0.1798489859356055	0.10977364397086264	-0.07007534196474285
BRD-K19669037	0.1797637334503694	0.0011337868480725266	-0.17862994660229686
BRD-K37798499	0.17966155345952256	0.019029558726145313	-0.16063199473337725
BRD-K72093121	0.1796010610924358	0.14732105231473114	-0.03228000877770465
BRD-K16664969	0.179411945575642	0.009237854433808923	-0.17017409114183307
BRD-K11640013	0.1788245320014008	0.10437862460618463	-0.07444590739521617
BRD-K68408467	0.17866260406532014	0.13533000220737268	-0.04333260185794746
BRD-K84683831	0.1781545846999947	0.032272791122348626	-0.14588179357764608
BRD-K31309378	0.17741449991358238	0.07343527381454062	-0.10397922609904175
BRD-K36198571	0.17733154542623977	0.018758653904039496	-0.15857289152220028
BRD-K40255344	0.1760275449032025	0.07142656472618547	-0.10460098017701702
BRD-K81418486	0.1760134656203332	0.09005779302871592	-0.0859556725916173
BRD-K77245796	0.17574838670838022	0.08125639636385529	-0.09449199034452493
BRD-U25960968	0.17549159353531107	0.08021692452792317	-0.0952746690073879
BRD-K85606544	0.17477257912395144	0.1526929946019706	-0.022079584521980833
BRD-K79612754	0.17450704708565312	0.09494812674332265	-0.07955892034233047
BRD-K45551181	0.1741542558597328	0.07980856059237854	-0.09434569526735426
BRD-K21728777	0.17353777746706261	0.08303232797543797	-0.09050544949162465
BRD-K13249881	0.17244273292150625	0.09354945518030222	-0.07889327774120403
BRD-K41213548	0.17219979246813383	0.0827403527782794	-0.08945943968985443
BRD-K10845183	0.17183826237698424	0.09626954026448331	-0.07556872211250093
BRD-K86887724	0.1716581122885923	0.13120020869704818	-0.04045790359154411
BRD-K18898553	0.17158159866858536	0.08244035077157708	-0.08914124789700828
BRD-K08586861	0.17148673343159704	0.007819115846928737	-0.1636676175846683
BRD-K75352575	0.17140177224186837	0.11323119218188749	-0.05817058005998088
BRD-K60184833	0.1709489371921573	0.16589809965284052	-0.005050837539316802
BRD-K47337578	0.17029640288887468	0.05243011658940863	-0.11786628629946605
BRD-K13183738	0.16999381158877103	0.04363875343647783	-0.1263550581522932
BRD-K49954789	0.16988745636231461	0.12017638913972672	-0.04971106722258789
BRD-K21937671	0.16984690155441753	0.053681295527060385	-0.11616560602735715
BRD-A13561534	0.1693050271778709	0.06004454879296853	-0.10926047838490238
BRD-K60866521	0.1691383090489978	0.007752894668191734	-0.16138541438080606
BRD-K02113016	0.1687300745781232	0.09852306704392672	-0.07020700753419648
BRD-K40718343	0.16821198933470038	0.1409718459655248	-0.027240143369175573
BRD-A17883755	0.16761768176677855	0.10177392490919679	-0.06584375685758176
BRD-K13060017	0.1675161167331145	0.00849336784861443	-0.15902274888450008
BRD-K52172416	0.1675086077822508	0.0827232958079987	-0.0847853119742521
BRD-K88510285	0.1671845900792518	0.145902313727851	-0.021282276351400772
BRD-A43082461	0.16693329915466049	0.08548351493989925	-0.08144978421476123
BRD-K06152156	0.1667592015395939	0.10234182168442602	-0.06441737985516788
BRD-K45662124	0.16661960625909888	0.14095579234643707	-0.025663813912661815
BRD-K04552268	0.1665166494802318	0.06812955270603818	-0.0983870967741936
BRD-K36055864	0.16643107333332038	0.15909437521321212	-0.007336698120108259
BRD-K52762805	0.16617182033152011	0.0732817610820139	-0.09289005924950622
BRD-K79239947	0.1661494229435993	0.023544639094575825	-0.14260478384902348
BRD-K62627508	0.16594331518885974	0.04067084060762949	-0.12527247458123025
BRD-K71221037	0.16582077687864566	0.07329279794513677	-0.09252797893350889
BRD-K71822263	0.16531133340194964	0.11058234503240821	-0.05472898836954143
BRD-K74305673	0.16528935677420648	0.07537274496819374	-0.08991661180601274
BRD-K66030860	0.16491057551577104	0.12819416852286636	-0.036716406992904696
BRD-K11927976	0.16474774132699987	0.045498966548271236	-0.11924877477872864
BRD-K68552125	0.1645805377056142	0.005766259306082322	-0.15881427839953188
BRD-K79584249	0.16452273173043136	0.09126181446029746	-0.0732609172701339
BRD-A79981887	0.16424923761492416	0.14077619248289286	-0.023473045132031307
BRD-K54606188	0.1638908470420235	0.11544157486003248	-0.04844927218199102
BRD-K11196887	0.16266151526744488	0.10107860253245843	-0.06158291273498645
BRD-K81332461	0.1625065784235476	0.08821062348243136	-0.07429595494111624
BRD-K72815923	0.16245702582108107	0.0003401360544217358	-0.16211688976665933
BRD-K52075715	0.1617819322990401	0.14022535267794434	-0.021556579621095744
BRD-K84091759	0.16053826231225202	0.005447193626713226	-0.1550910686855388
BRD-A94624445	0.159647933776232	0.042081552384965804	-0.11756638139126618
BRD-K83003151	0.1594546430238286	0.06966969678726942	-0.0897849462365592
BRD-K52751261	0.15920257531121687	0.014220496458170286	-0.1449820788530466
BRD-K17555800	0.15822699428996068	0.10026488471494788	-0.0579621095750128
BRD-K33813875	0.158120121204824	0.007099713041558764	-0.15102040816326523
BRD-K61195623	0.15654592791536637	0.10916460979672105	-0.04738131811864532
BRD-K23925186	0.15654314442495998	0.005968936247065182	-0.1505742081778948
BRD-K94420399	0.15646300579419126	0.06248670559669289	-0.09397630019749836
BRD-K43621685	0.15628479767585024	0.07881423956013084	-0.0774705581157194
BRD-K97752965	0.15615044571449288	0.07331085826661049	-0.08283958744788239
BRD-K26026438	0.15611943892601288	0.11473621897136432	-0.041383219954648554
BRD-A12230535	0.15603794091620848	0.032246703991331005	-0.12379123692487748
BRD-K81801188	0.15570686738869122	0.047850821744627126	-0.10785604564406409
BRD-K90027121	0.1554351534123974	0.07300884955752213	-0.08242630385487526
BRD-K53123955	0.1554052794397805	0.0847520719202135	-0.070653207519567
BRD-K97883416	0.15512482659825744	0.13653803704372602	-0.018586789554531413
BRD-A73871920	0.1541802847316489	0.019654646519374763	-0.13452563821227415
BRD-K66094457	0.15406447858427796	0.0801818072361688	-0.07388267134810916
BRD-K42191735	0.15405441270618064	0.04938394236750748	-0.10467047033867316
BRD-K60446698	0.15394012776868293	0.06453554873276746	-0.08940457903591548
BRD-A00077618	0.15387122019804217	0.10885256757570289	-0.045018652622339284
BRD-K71467466	0.1538647793307064	0.12311721148636445	-0.03074756784434196
BRD-K98521173	0.15362711456263922	0.08605341841751446	-0.06757369614512476
BRD-K65928735	0.15348052818996083	0.07642325366724856	-0.07705727452271227
BRD-K97810537	0.15305766421136913	0.024676419240262426	-0.1283812449711067
BRD-K64888243	0.15302096097740647	0.14687656773623903	-0.0061443932411674364
BRD-K30519779	0.15256547190195904	0.11723155338831703	-0.03533391851364201
BRD-K99113996	0.1519498350296441	0.0971294122368711	-0.054820422792772994
BRD-K56614220	0.15185383697679278	0.068403467581723	-0.08345036939506978
BRD-K55305701	0.1517355062683557	0.11693556478638656	-0.03479994148196913
BRD-K74227499	0.15157458168346788	0.09618726546665857	-0.05538731621680931
BRD-K17743125	0.15141210352253948	0.07177272088776515	-0.07963938263477432
BRD-K27316855	0.15132694813580583	0.06207232155399034	-0.08925462658181549
BRD-K87112191	0.15130950277151506	0.04124074408524475	-0.11006875868627031
BRD-K48488978	0.15128694355275663	0.08983203901029446	-0.06145490454246216
BRD-K60230970	0.15070315498927705	0.0997632091184556	-0.05093994587082146
BRD-A55484088	0.15049364878694846	0.014212469648626408	-0.13628117913832205
BRD-A34751532	0.15048306505017078	0.01813356611081013	-0.13234949893936065
BRD-K91614056	0.1504265537216885	0.1012421487769149	-0.04918440494477361
BRD-K43187018	0.15006968435866117	0.034613609455581645	-0.11545607490307952
BRD-K72703948	0.15002488958281956	0.041715329199526474	-0.10830956038329309
BRD-K13050541	0.14989228539450794	0.09569361667971021	-0.054198668714797726
BRD-A16700644	0.149835288573513	0.09385547729416252	-0.05597981127935048
BRD-A42699921	0.14964296880613503	0.058684004575281445	-0.09095896423085359
BRD-K06222852	0.14943663448822284	0.06868540926695163	-0.0807512252212712
BRD-K70505054	0.14942304069786644	0.05956494692272196	-0.08985809377514446
BRD-K26824830	0.14925279465673413	0.11387133024301166	-0.035381464413722474
BRD-K68336408	0.1485180502879618	0.1482912929183473	-0.00022675736961451248
BRD-A22707317	0.1484127631450335	0.10987498244135407	-0.038537780703679414
BRD-K21361524	0.1483610096431759	0.10632311921818871	-0.04203789042498718
BRD-K47978074	0.1483448265594181	0.08678385808600725	-0.06156096847341086
BRD-K18375018	0.148000709466392	0.034347721389440755	-0.11365298807695123
BRD-K03063480	0.14787105059932432	0.019383741697268864	-0.12848730890205545
BRD-K08078237	0.14775566521213107	0.07096903658218445	-0.07678662862994662
BRD-K55966568	0.1477069541300201	0.07711957939517988	-0.07058737473484022
BRD-A28467416	0.14750984416984986	0.12026970080067423	-0.02724014336917563
BRD-K42756753	0.1474460504536765	0.05502779282804568	-0.09241825762563083
BRD-A36331462	0.1473107275072937	0.1404019424879096	-0.006908785019384096
BRD-K51791723	0.14724308221718602	0.03283667449280597	-0.11440640772438004
BRD-K46386702	0.14688067823951356	0.01339373507515107	-0.1334869431643625
BRD-K23204545	0.14687469049852314	0.10823450324082434	-0.0386401872576988
BRD-K70511574	0.14685646834621197	0.11844962173660029	-0.02840684660961168
BRD-K68507560	0.14670030158794892	0.01863724840968836	-0.12806305317826056
BRD-K45875383	0.1464141199347756	0.1392310316456966	-0.007183088289078987
BRD-K72533376	0.14627183826237694	0.006128469086749744	-0.1401433691756272
BRD-K81645907	0.14622956804760154	0.047674231934661776	-0.09855533611293976
BRD-K27771035	0.14598174030293437	0.07656472618545945	-0.06941701411747492
BRD-K33277808	0.14580838710972066	0.03997852828447013	-0.10582985882525053
BRD-K14109347	0.14577903099578404	0.13389621335259771	-0.011882817643186327
BRD-K26712974	0.14575096952854805	0.13733168783737693	-0.008419281691171121
BRD-K91370081	0.1456625127927277	0.13954006381313588	-0.006122448979591836
BRD-K55675242	0.14544041615123549	0.09985852748178925	-0.045581888669446236
BRD-K08893438	0.14516663074022074	0.07931190175185121	-0.06585472898836953
BRD-K71512533	0.14486569011466038	0.09376116228202197	-0.05110452783263841
BRD-K02389548	0.14481309509244744	0.12974835952079944	-0.01506473557164801
BRD-A07704283	0.14469398759598995	0.12315935223646979	-0.02153463535952015
BRD-K11510141	0.14457475063486241	0.056797704332470444	-0.08777704630239197
BRD-A95696066	0.1445154558159738	0.05745891276864734	-0.08705654304732646
BRD-K26253904	0.1445117660728769	0.08585475488130351	-0.058657011191573405
BRD-K24844714	0.1442618021611538	0.10542411654927464	-0.03883768561187917
BRD-A90272038	0.14405938414951097	0.09245379567756307	-0.051605588471947905
BRD-K11215326	0.14372044564328734	0.11482351052515405	-0.028896935118133293
BRD-K26657438	0.14366480820132788	0.12546204322436938	-0.018202764976958496
BRD-K13050303	0.14326479473700227	0.08758854574278085	-0.05567624899422141
BRD-K36711084	0.14322139170636378	0.14010896393955813	-0.0031124277668056477
BRD-K40438880	0.1431290186642742	0.05735255754219093	-0.08577646112208326
BRD-A53951045	0.14308762233602162	0.01747135432344027	-0.12561626801258136
BRD-K35687421	0.14297634745210297	0.0032608913771998566	-0.1397154560749031
BRD-K14796088	0.1428773393456726	0.13813737884534338	-0.00473996050032921
BRD-K66175015	0.14235931883458497	0.024814881704894362	-0.1175444371296906
BRD-K18613660	0.14220244002063664	0.13055003712399416	-0.011652402896642489
BRD-K59058747	0.14215068651877916	0.08992334396885604	-0.05222734254992312
BRD-K23403298	0.14212657372398008	0.08496177231954732	-0.05716480140443275
BRD-K03406345	0.14209511380915485	0.11225091806634158	-0.029844195742813273
BRD-K15409150	0.14178536958603016	0.055924788794573854	-0.08586058079145631
BRD-A99888680	0.14176993092412532	0.034528324604177985	-0.10724160631994734
BRD-K13167095	0.14174899001374264	0.053350189633375456	-0.08839880038036718
BRD-K32107296	0.14155715573887745	0.10425922581421948	-0.03729792992465797
BRD-A50064262	0.14144335629389254	0.012974334276483424	-0.12846902201740912
BRD-K89121095	0.14143050692538883	0.015942247105331764	-0.12548825982005707
BRD-K18961567	0.14139338293124837	0.06499809363273329	-0.07639528929851508
BRD-K13409143	0.14135684152812328	0.13342764834547388	-0.0079291931826494
BRD-K17026858	0.14133622427941586	0.04504846186262115	-0.09628776241679471
BRD-K25244359	0.14085134672386412	0.01538137378845339	-0.12546997293541073
BRD-K50018155	0.14036158187701764	0.13335039030361406	-0.007011191573403575
BRD-K80480517	0.1403517425620929	0.13462063291393256	-0.0057311096481603395
BRD-A60594020	0.14027791533398976	0.11608070956996369	-0.024197205764026064
BRD-K70177501	0.14023703686441744	0.07923564706118433	-0.06100138980323311
BRD-K31866293	0.14022396093274114	0.03641663154937491	-0.10380732938336623
BRD-K66788707	0.14000079620772082	0.07722192121686428	-0.06277887499085655
BRD-K62398570	0.13966447936106605	0.13921096462183702	-0.00045351473922902497
BRD-K73309154	0.13960563766852255	0.006049204342503965	-0.13355643332601858
BRD-K45724504	0.1393966816910417	0.10205486324323243	-0.03734181844780926
BRD-K19295594	0.13925456184948048	0.09636084522304494	-0.04289371662643554
BRD-K68904758	0.1389338778617356	0.05132141352116071	-0.0876124643405749
BRD-A30886737	0.13887387098716153	0.07510384684847382	-0.06377002413868771
BRD-A45498368	0.13833474773485377	0.001153853871932252	-0.1371808938629215
BRD-K92213669	0.13820081653367405	0.04759296048803002	-0.09060785604564403
BRD-K69932463	0.13802497114556167	0.09896052816406797	-0.0390644429814937
BRD-K67536197	0.13751623972455085	0.10984086850079255	-0.027675371223758294
BRD-K26667523	0.1374952340818333	0.13193967852627775	-0.005555555555555556
BRD-K28537285	0.1373961288769005	0.09009893042762829	-0.047297198449272215
BRD-K59522102	0.13739098265626548	0.091545762847912	-0.04584521980835349
BRD-K78096648	0.13727689191577297	0.0896102983966448	-0.047666593519128164
BRD-K65678996	0.1371769128243171	0.08656613087712961	-0.05061078194718749
BRD-K14560436	0.1366837495298814	0.080429634980836	-0.056254114549045414
BRD-A55424491	0.13661445356523047	0.04588224670399135	-0.09073220686123912
BRD-K99023089	0.13643119632475686	0.03119017518511824	-0.10524102113963862
BRD-K68532323	0.13629872160111553	0.06625629602873598	-0.07004242557237955
BRD-K12068470	0.13531113273171108	0.030922280416591508	-0.10438885231511957
BRD-K57136142	0.13519506765499997	0.011019806152549515	-0.12417526150245045
BRD-K61734568	0.13518545490324774	0.05739670499468219	-0.07778874990856555
BRD-K31468676	0.13518432208738485	0.13163666646599648	-0.003547655621388368
BRD-K68174511	0.13451146183090235	0.09100696325727933	-0.04350449857362301
BRD-K95763993	0.13441481645470058	0.030764754279292844	-0.10365006217540773
BRD-K36234266	0.13421705917118015	0.08945076555696024	-0.04476629361421991
BRD-K77677632	0.13417142287498313	0.07702125097826745	-0.057150171896715674
BRD-K22134346	0.13374716715118823	0.13098950494652145	-0.0027576622046667776
BRD-K94455792	0.1336767707368417	0.08196877571087435	-0.051707995025967346
BRD-K77008974	0.13366926178597804	0.013908454237152035	-0.11976080754882601
BRD-K45252063	0.13361611653891736	0.01652519414845577	-0.1170909223904616
BRD-K09090949	0.13359184191328072	0.08574237954768932	-0.0478494623655914
BRD-K86204871	0.13351985955672593	0.004081632653061273	-0.12943822690366466
BRD-K39841531	0.13348131145121478	0.01695362510786025	-0.11652768634335453
BRD-K28453807	0.1334722165581429	0.0230560070635924	-0.1104162094945505
BRD-K85751432	0.1332150026248961	0.03469989765817827	-0.09851510496671784
BRD-K21670884	0.13305423987084614	0.08353701362550925	-0.04951722624533689
BRD-K16195444	0.132986821143911	0.06892420685088194	-0.06406261429302906
BRD-K70401845	0.13295762686081183	0.10895791945096617	-0.023999707409845666
BRD-K89839824	0.13263445067816831	0.014797423394136408	-0.11783702728403189
BRD-K51544265	0.13243747018266822	0.021915196757168964	-0.11052227342549925
BRD-K04833372	0.13228301883128357	0.03288282864768327	-0.0994001901836003
BRD-K32007074	0.13225356561884438	0.07570686091545764	-0.05654670470338674
BRD-K42497885	0.13218261897965017	0.1017056970280738	-0.030476921951576363
BRD-K07612980	0.13198298445841367	0.08376778439989563	-0.04821520005851804
BRD-A44500574	0.13193514726282557	0.018695442778881466	-0.1132397044839441
BRD-K12885236	0.1318670812125402	0.07143258483334336	-0.060434496379196845
BRD-K48988407	0.13146612912935668	0.07608612766640581	-0.055380001462950856
BRD-K33622447	0.13129721010109247	0.09745550137459119	-0.033841708726501274
BRD-K08303368	0.13124836955431152	0.09383340356791692	-0.0374149659863946
BRD-K55044200	0.1311111370040451	0.036308269620532574	-0.09480286738351251
BRD-K33882852	0.13073685464289442	0.04460197058174303	-0.08613488406115138
BRD-A44090213	0.13069642929966724	0.10715389400597991	-0.023542535293687328
BRD-K85402309	0.13065619815344542	0.05205185318965344	-0.07860434496379198
BRD-A28329383	0.13063952957717495	0.08191961150241811	-0.04871991807475684
BRD-K96259238	0.13012180036159487	0.015528866413822229	-0.11459293394777265
BRD-A73556557	0.1300951306395619	0.06234222302490311	-0.0677529076146588
BRD-K92872987	0.130058912898112	0.0019153974274075392	-0.12814351547070446
BRD-K26756394	0.1299661838281797	0.0438715309132503	-0.0860946529149294
BRD-K59574735	0.12991714908439345	0.10461541548772901	-0.025301733596664433
BRD-K36739687	0.12953390129484094	0.05077960387694902	-0.07875429741789192
BRD-K54247840	0.12950758760065073	0.01653121425561377	-0.11297637334503696
BRD-K87124298	0.12939754263109748	0.07010414785383179	-0.059293394777265696
BRD-K79259477	0.12929558920342332	0.0006802721088435826	-0.12861531709457974
BRD-K98203492	0.12925590828204914	0.022486103585977246	-0.10676980469607189
BRD-A85667082	0.1290851120160692	0.12800252844500637	-0.0010825835710628335
BRD-K11630072	0.12849698638614265	0.00714887725001505	-0.12134810913612759
BRD-K62200014	0.1284349728091826	0.027187807276302767	-0.10124716553287982
BRD-K17518951	0.12832606065549262	0.050171573054000385	-0.07815448760149224
BRD-K51747290	0.1282257579023616	0.0111311781349708	-0.1170945797673908
BRD-K96006502	0.12820329578210582	0.01739208957919458	-0.11081120620291124
BRD-K87700323	0.1281451014129127	0.11824092468845948	-0.009904176724453206
BRD-A70083328	0.12799265676391403	0.11526498505006721	-0.012727671713846825
BRD-K09426783	0.12795676268413925	0.006480645355487327	-0.12147611732865193
BRD-K54997624	0.12790161073469253	0.06113619489093569	-0.06676541584375684
BRD-K07202345	0.12788219103418325	0.0022695803985310938	-0.12561261063565216
BRD-K11853856	0.12773654328036288	0.0280035317961993	-0.09973301148416358
BRD-A22081593	0.12759238437024828	0.023832600886962485	-0.1037597834832858
BRD-K29458283	0.12742644302939565	0.0641903959223808	-0.06323604710701486
BRD-K00494077	0.12711174678264112	0.03553468585074146	-0.09157706093189966
BRD-K67537649	0.12707675895555676	0.04833343366845266	-0.0787433252871041
BRD-K70463136	0.12678963868352555	0.015535889872173053	-0.1112537488113525
BRD-K04430056	0.12676332498933535	0.09795416691750447	-0.028809158071830876
BRD-K22127577	0.12654718372266596	0.022213192061485365	-0.1043339916611806
BRD-K77791657	0.1264233183995836	0.1067063993739088	-0.01971691902567478
BRD-K13390322	0.12621494501311792	0.06630345353480616	-0.05991149147831176
BRD-K54256913	0.12614098832034476	0.04150562880019265	-0.08463535952015211
BRD-K06294530	0.12594873328530198	0.08752433126642989	-0.038424402018872095
BRD-K96253961	0.12593280913088434	0.07664599763209123	-0.049286811498793104
BRD-K88677950	0.12575693137660443	0.027497842794935112	-0.09825908858166932
BRD-K51318897	0.1257354402413739	0.05728031625629598	-0.06845512398507791
BRD-K56032964	0.12562225575357178	0.04178054702707046	-0.08384170872650132
BRD-K95785345	0.12549586586942318	0.04874581100876929	-0.0767500548606539
BRD-K71075609	0.1254610398731764	0.06321614191399272	-0.06224489795918367
BRD-K27182532	0.12536895812659443	0.03396745128729961	-0.09140150683929482
BRD-K55462201	0.12530652378945675	0.09911604759898057	-0.02619047619047618
BRD-K77685957	0.12514754117462007	0.10545622378745012	-0.01969131738716995
BRD-K38197229	0.12501305974859256	0.045735757429815616	-0.07927730231877694
BRD-K09372874	0.12499386661125575	0.03798486946400978	-0.08700899714724597
BRD-K84163249	0.12493573697439772	0.07115766660646561	-0.05377807036793211
BRD-K94176593	0.12486870664147282	0.07327774767724199	-0.051590958964230826
BRD-K84810405	0.12460922707650005	0.043492264162302084	-0.08111696291419795
BRD-K19318328	0.12451730716075568	0.06750245821042283	-0.05701484895033285
BRD-A23067620	0.12447584610016815	0.04722473060020471	-0.07725111549996344
BRD-K76973696	0.12437606120571737	0.035256757570284736	-0.08911930363543263
BRD-K26531771	0.12392969938950932	0.024174743643770202	-0.09975495574573912
BRD-K26530649	0.12355988355947581	0.1125950675255353	-0.010964816033940505
BRD-K95573441	0.12355981882714072	0.11088335039030361	-0.012676468436837104
BRD-K09416995	0.12325243733424479	0.04753376276764393	-0.07571867456660086
BRD-A47706533	0.12309604401280924	0.10760339534043706	-0.015492648672372183
BRD-K11636097	0.12269942899607272	0.03136375494150467	-0.09133567405456805
BRD-K68103045	0.12261006600756204	0.03840627696506331	-0.08420378904249873
BRD-K16730910	0.12251901997834064	0.11636365460638537	-0.006155365371955268
BRD-A71033472	0.12243244048023627	0.019118856982320964	-0.1033135834979153
BRD-K94559059	0.12214917178213958	0.11708004735817634	-0.005069124423963234
BRD-K97464279	0.12213881460853449	0.08356811751249171	-0.03857069709604277
BRD-A85651701	0.12211272747751684	0.0030431641683221766	-0.11906956330919466
BRD-K18157228	0.12208269167406238	0.07297874902173263	-0.04910394265232976
BRD-K93034159	0.12198785880324148	0.045471876066060624	-0.07651598273718085
BRD-K37249724	0.12167105875559853	0.08238717315834887	-0.03928388559724966
BRD-A75726477	0.12157480177340707	0.045567194429394164	-0.0760076073440129
BRD-K12184916	0.1215126910979446	0.034353741496598644	-0.08715894960134596
BRD-K50010139	0.12142598213517017	0.011803423434270464	-0.10962255870089971
BRD-K28578425	0.12133678097749712	0.0016966668673369378	-0.11964011411016018
BRD-K25224017	0.12132250749762269	0.0031746031746031633	-0.11814790432301953
BRD-K04111260	0.12125816355660163	0.011705095017357947	-0.10955306853924368
BRD-K78789465	0.12118977384464116	0.11903557883330329	-0.0021541950113378684
BRD-K13949769	0.1209770957578959	0.10459936186864127	-0.016377733889254634
BRD-K60348325	0.12013460441746399	0.08521762687375833	-0.03491697754370565
BRD-K01669786	0.11992632812950094	0.047609014107117764	-0.07231731402238317
BRD-K81197548	0.11945387918227526	0.11155760239198925	-0.007896276790286007
BRD-A73427433	0.11927648021812204	0.05789838059117447	-0.06137809962694757
BRD-A93477898	0.11921987179113727	0.09546886601248172	-0.02375100577865555
BRD-K45401373	0.11917523884613321	0.025897497642124706	-0.0932777412040085
BRD-K27184429	0.11916310153331483	0.10132241687235366	-0.01784068466096117
BRD-K03273112	0.11911730340628018	0.09957959585013942	-0.01953770755614076
BRD-K47878171	0.11907027536487999	0.06962253928119921	-0.04944773608368078
BRD-K87349682	0.1189926612951775	0.07895169867356977	-0.04004096262160772
BRD-A60197193	0.11867200967360013	0.017534565448598313	-0.10113744422500182
BRD-K51199656	0.11866909671852377	0.1156773623903839	-0.0029917343281398723
BRD-A06352508	0.11841816182177511	0.08587482190516327	-0.032543339916611846
BRD-K31476763	0.11821118018051258	0.03544839764814478	-0.0827627825323678
BRD-K56343971	0.11811615311268653	0.009722473060020387	-0.10839368005266614
BRD-K84783599	0.11802740508135884	0.04334376818574037	-0.07468363689561847
BRD-K41876534	0.11795409571193594	0.11344089258122125	-0.0045132031307146825
BRD-K13533483	0.11780644125572966	0.11524993478217249	-0.0025565064735571645
BRD-A05906449	0.11780411089166853	0.0006802721088435826	-0.11712383878282495
BRD-K96153583	0.11761583689523009	0.11183352397006002	-0.005782312925170068
BRD-A24587114	0.11757670619870365	0.11700981277466738	-0.0005668934240362812
BRD-K44084986	0.11751074394930683	0.05485621977404531	-0.06265452417526152
BRD-K10784860	0.11744678840229605	0.097466538237714	-0.019980250164582047
BRD-K19061412	0.11731852128043144	0.08903236810948567	-0.028286153170945766
BRD-K19034817	0.1173048951239074	0.019872373728252346	-0.09743252139565506
BRD-K78815826	0.11628895349175916	0.07607609415447592	-0.04021285933728325
BRD-K50866992	0.11611110140126091	0.0829972106836836	-0.03311389071757731
BRD-A25608658	0.11586362968443642	0.038875845323380176	-0.07698778436105624
BRD-K14003026	0.11561719368497236	0.068853972267373	-0.046763221417599365
BRD-K92657060	0.11518070354985654	0.017334898561194412	-0.09784580498866213
BRD-A49358627	0.11515966554097129	0.11238737382858749	-0.002772291712383801
BRD-K35960502	0.11512199132198314	0.00868500792647442	-0.10643698339550872
BRD-K48578705	0.11480609752703058	0.08067545602311721	-0.03413064150391337
BRD-K11244467	0.11475088084524898	0.029877791824694522	-0.08487308902055446
BRD-K28143534	0.11465740735346375	0.005777296169205082	-0.10888011118425867
BRD-K51471001	0.1144533386672777	0.11128970762346235	-0.0031636310438153403
BRD-K35952844	0.11431112172721403	0.04384444043103963	-0.0704666812961744
BRD-K72827473	0.11419777540857431	0.01544859831838341	-0.0987491770901909
BRD-K87512222	0.11406863440018694	0.07324865049264545	-0.04081998390754149
BRD-K88625236	0.11401503602678104	0.0754479963076676	-0.03856703971911343
BRD-A84174393	0.11399173238616989	0.1124044307988683	-0.0015873015873015873
BRD-K73425385	0.11392243642151884	0.11005658900728432	-0.003865847414234511
BRD-K28192623	0.11386705790889967	0.09749663877350351	-0.016370419135396164
BRD-K48684885	0.11375096046602107	0.030819938594907004	-0.08293102187111406
BRD-A91733352	0.11371581080809906	0.11031445026388137	-0.003401360544217687
BRD-K53414658	0.11350963832102445	0.013597415367326837	-0.09991222295369762
BRD-K32501161	0.11331039219379829	0.007630485822647692	-0.1056799063711506
BRD-K17610631	0.11277508814925719	0.048844139425681776	-0.06393094872357541
BRD-K61397605	0.11247097563928038	0.058217446270543594	-0.054253529368736786
BRD-K28360340	0.11228745946946675	0.07658780326289807	-0.035699656206568675
BRD-K17075857	0.11228380209253752	0.04881002548512037	-0.06347377660741715
BRD-K54187111	0.11204960050439428	0.029853711396062854	-0.08219588910833142
BRD-K97440753	0.11191013468856953	0.052843497280918306	-0.059066637407651224
BRD-K06854232	0.11185948163640758	0.09800533782834675	-0.013854143808060826
BRD-K92723993	0.11172668325109089	0.0993428049685951	-0.012383878282495799
BRD-K28907958	0.11172564753373032	0.02785102241486559	-0.08387462511886473
BRD-K96188950	0.1114293029039572	0.045464852607709716	-0.06596445029624748
BRD-K41783120	0.11127378346904462	0.09168121525896489	-0.019592568210079736
BRD-K74193284	0.11093066972721144	0.019518190757128795	-0.09141247897008264
BRD-A95121829	0.1105399129867953	0.06825697830754723	-0.04228293467924807
BRD-K00317371	0.11050482806120832	0.015562980354383641	-0.09494184770682468
BRD-K32285926	0.11033597376527926	0.01664860634519294	-0.09368736742008632
BRD-K36627727	0.11001088797875225	0.085824654345514	-0.02418623363323824
BRD-K50850824	0.10978869423875745	0.1026458370959003	-0.007142857142857143
BRD-K13387373	0.10974632692547948	0.06146529408223467	-0.04828103284324481
BRD-K58049875	0.10969318167841877	0.015442578211225494	-0.09425060346719327
BRD-A07986123	0.10950231838857916	0.0312563963638553	-0.07824592202472386
BRD-K91825936	0.10916820244131531	0.05835992213994745	-0.05080828030136786
BRD-K48826825	0.10907026241841301	0.013543234402905724	-0.09552702801550729
BRD-A11815689	0.10860215053763447	0.00045351473922905505	-0.10814863579840542
BRD-K62607865	0.10837710857489824	0.010893383902233489	-0.09748372467266475
BRD-K89299012	0.10824359813389622	0.024014207452892677	-0.08422939068100355
BRD-K78318619	0.10807021257451488	0.05595990608632828	-0.0521103064881866
BRD-A27883417	0.10792647442457805	0.10735958100054177	-0.0005668934240362812
BRD-K20605374	0.10773062674494105	0.06019204141833728	-0.047538585326603766
BRD-A63546914	0.10760504601498039	0.10340637730018265	-0.0041986687147977445
BRD-K64890080	0.10753565295182688	0.04270864688058118	-0.0648270060712457
BRD-A51964809	0.10681278696653268	0.10472076736299235	-0.0020920196035403293
BRD-A93695607	0.10662826744552617	0.04565247928079791	-0.06097578816472826
BRD-K36529613	0.10661454419049943	0.09569361667971021	-0.010920927510789213
BRD-K15025317	0.10656340564582478	0.03504705717095097	-0.07151634847487381
BRD-K14175878	0.10641523333093814	0.0220285754419762	-0.08438665788896194
BRD-A57833392	0.10638199327689968	0.09419561334858428	-0.012186379928315394
BRD-K78809024	0.10637898322332073	0.09929464411133182	-0.007084339111988913
BRD-K84011460	0.10588183889028063	0.06203720426223586	-0.043844634628044776
BRD-K86972824	0.10557529891774009	0.06323018883069453	-0.04234511008704556
BRD-A55962179	0.10555086246126588	0.08474404511066969	-0.020806817350596196
BRD-K20482099	0.10553461464517289	0.09036381514257619	-0.015170799502596699
BRD-K71106091	0.10539094122757103	0.06671783757750888	-0.03867310365006216
BRD-K98795921	0.10527329020865167	0.010093713001424753	-0.09517957720722692
BRD-K25596805	0.10523674880552658	0.06004254209058252	-0.04519420671494406
BRD-K72327355	0.10511255982076911	0.04765516826199506	-0.05745739155877405
BRD-K64866502	0.10481608572632585	0.10345554150863878	-0.0013605442176870747
BRD-K85146014	0.10468315787633925	0.03390925691810648	-0.07077390095823277
BRD-K10961822	0.10461842554130801	0.10291774526919917	-0.0017006802721088435
BRD-K69776681	0.10456725463046573	0.02633596211345895	-0.07823129251700678
BRD-K68202742	0.1043255764576265	0.06885999237453089	-0.03546558408309561
BRD-K02594908	0.10426421020401686	0.0827734633676479	-0.02149074683636895
BRD-K85406984	0.10424835078193428	0.06895832079144348	-0.0352900299904908
BRD-K61036791	0.10412442072651681	0.042442758814440235	-0.06168166191207658
BRD-K16180792	0.10399262569239315	0.051944494612004066	-0.05204813108038908
BRD-K69694239	0.10396838343292403	0.05671141612987379	-0.047256967303050235
BRD-K69172251	0.10395734656980118	0.04649629763409788	-0.05746104893570331
BRD-K47557313	0.10380635839834079	0.0021020207493026577	-0.10170433764903813
BRD-K75649340	0.1034031083172634	0.03839323339955447	-0.06500987491770893
BRD-K25837718	0.10332546188139355	0.025551341480545026	-0.07777412040084852
BRD-K22822991	0.10330520066052884	0.07391086228001531	-0.02939433838051353
BRD-K66956375	0.10279070806170021	0.08505608733168779	-0.017734620730012418
BRD-K41599323	0.10274850257925994	0.07173760359601072	-0.031010898983249213
BRD-K82135108	0.10273060408862378	0.05785824654345517	-0.044872357545168606
BRD-K90947825	0.10256401542442084	0.03914875684787189	-0.06341525857654895
BRD-K73303757	0.10229683271157924	0.0003401360544217358	-0.10195669665715751
BRD-K54847683	0.10225106695071223	0.08244637087873508	-0.019804696071977157
BRD-K76703230	0.10222896085829891	0.055377962394397295	-0.046850998463901616
BRD-K59831625	0.10197398019061077	0.0837858447213693	-0.018188135469241473
BRD-K90382497	0.10190228912956373	0.09565548933437684	-0.006246799795186892
BRD-K43578482	0.10185425773697054	0.0672847310015452	-0.03456952673542535
BRD-K38305202	0.10185228340075203	0.000451508036843018	-0.10140077536390901
BRD-K37764012	0.10156865867481252	0.008612766640579528	-0.09295589203423299
BRD-K66911501	0.10139462579208103	0.02956374290129027	-0.07183088289079076
BRD-K17061841	0.10132785438849629	0.009278991832721295	-0.09204886255577499
BRD-K52662033	0.10123959184968123	0.04938895912347241	-0.05185063272620882
BRD-K89704198	0.10117178472873589	0.006025123913872332	-0.09514666081486356
BRD-K76840893	0.10114479134502788	0.0411052916741918	-0.06003949967083608
BRD-K69650333	0.10098800962958213	0.09328557381654723	-0.007702435813034893
BRD-K88429204	0.1008610047882508	0.056098368550960176	-0.044762636237290626
BRD-A92630576	0.10082507834230839	0.048839122669716795	-0.051985955672591594
BRD-K06858286	0.10038033483447623	0.004813075672747025	-0.0955672591617292
BRD-K60341624	0.1002357875303514	0.046834426986133715	-0.05340136054421768
BRD-K86930074	0.10022821384715269	0.03919390765155617	-0.06103430619559652
BRD-A57798112	0.10005424569675614	0.03577950354182968	-0.06427474215492646
BRD-K83699324	0.09996818405733199	0.05370236590211297	-0.04626581815521902
BRD-K59632282	0.09993662704400438	0.08794774546986936	-0.011988881574135031
BRD-K15179879	0.09972660298299549	0.005369935584853436	-0.09435666739814205
BRD-A60786380	0.09964610832438414	0.06879979130295188	-0.030846317021432257
BRD-K51575138	0.09964523443786111	0.0019274376417233174	-0.09771779679613779
BRD-A03216249	0.09958894967255144	0.06574358356912086	-0.033845366103430585
BRD-K79930101	0.09937423251725275	0.0010163947584933553	-0.09835783775875939
BRD-A36267905	0.0993675003544095	0.02254429795517021	-0.07682320239923929
BRD-K34073885	0.09936426373765794	0.0671171713523167	-0.032247092385341236
BRD-A03506276	0.0990053876722447	0.061824493809323144	-0.03718089386292156
BRD-K08547377	0.09884009365474233	0.04140830373447313	-0.057431789920269205
BRD-K38527262	0.09846386932354063	0.09188790560471977	-0.006575963718820862
BRD-K11073688	0.09819192878407436	0.07817510485019974	-0.020016823933874623
BRD-K14385366	0.09815428693125358	0.056734493207312386	-0.041419793723941195
BRD-K89053832	0.09798714804220288	0.08333935344049126	-0.014647794601711617
BRD-K38548312	0.09776178241779154	0.07206870948969557	-0.025693072928095972
BRD-A91831168	0.0972271580627683	0.09077920253647176	-0.006447955526296532
BRD-K89391146	0.09713216336110991	0.019877390484217272	-0.07725477287689264
BRD-K86525559	0.09694123533893528	0.017879718258984933	-0.07906151707995035
BRD-K67844266	0.09677370805587437	0.04487187205265586	-0.051901836003218516
BRD-K99749624	0.09674415774493256	0.0961260610438866	-0.0006180967010459559
BRD-K81458380	0.09663084379246023	0.003506712419480973	-0.09312413137297926
BRD-K43389675	0.09654228995813752	0.025256356229807486	-0.07128593372833003
BRD-K36269323	0.0964065786177446	0.01680011237533363	-0.07960646624241097
BRD-K23677682	0.0963938263477434	0.0022675736961451642	-0.09412625265159824
BRD-K65781196	0.09638906852111864	0.028270423213533236	-0.06811864530758541
BRD-A50998626	0.0960756345548972	0.008956916099773227	-0.08711871845512398
BRD-K13514097	0.09599989772291062	0.06395761844560832	-0.0320422792773023
BRD-K29582115	0.09590881932752163	0.011467300784620632	-0.084441518542901
BRD-K08248804	0.09587250448756908	0.012645235085184517	-0.08322726940238456
BRD-K20290250	0.09585654796698395	0.0045391607970621875	-0.09131738716992177
BRD-M80207679	0.09573750520286144	0.0026097164529528625	-0.09312778874990857
BRD-K68164687	0.09566235096189009	0.011111111111111072	-0.08455123985077902
BRD-K13606314	0.09562186088632807	0.0667358978989826	-0.02888596298734547
BRD-A50311610	0.09538840372003786	0.002384965785724319	-0.09300343793431354
BRD-K01029106	0.09533946607475413	0.07419982742359482	-0.02113963865115931
BRD-K44590731	0.09533438458645419	0.08892300282945031	-0.006411381757003877
BRD-K19284129	0.0951397020888477	0.04796319707824137	-0.04717650501060633
BRD-K24715592	0.0948945283699168	0.012566973692131778	-0.08232755467778502
BRD-A98990573	0.09486533408681773	0.06836032348042463	-0.026505010606393098
BRD-K10705233	0.09475347661188366	0.00824554010394718	-0.08650793650793648
BRD-K37720887	0.09462831664210074	0.05510304416751953	-0.03952527247458121
BRD-K73982490	0.09462508002534914	0.09139927357373628	-0.003225806451612856
BRD-K09602097	0.09461993380471419	0.026519575381775143	-0.06810035842293904
BRD-K53097745	0.09461540254126202	0.007039511969979732	-0.08757589057128229
BRD-K48195008	0.09445418666086661	0.07688780526960043	-0.01756638139126618
BRD-A86248581	0.09436433817984324	0.08549154174944318	-0.008872796430400065
BRD-K07310275	0.09430653220466029	0.07744968193767182	-0.016856850266988466
BRD-K68408772	0.09427183567308367	0.023574739630365493	-0.07069709604271818
BRD-A67516570	0.0940463082178346	0.01584793209319124	-0.07819837612464337
BRD-K36021395	0.09383379196192707	0.017709148556177633	-0.07612464340574943
BRD-K87696786	0.0935242419358076	0.03159753576947011	-0.0619267061663375
BRD-K04701033	0.09350886800623764	0.0703028113900428	-0.023206056616194848
BRD-K07265709	0.09346031875496413	0.0500070234583509	-0.04345329529661324
BRD-A31095847	0.09345847388341583	0.03330925290470177	-0.06014922097871406
BRD-K47150025	0.0933260638921092	0.03312563963638551	-0.060200424255723695
BRD-K64052750	0.09324955027210236	0.006361246563522164	-0.0868883037085802
BRD-A54927599	0.09318203444666473	0.045076555696024645	-0.048105478750640085
BRD-K82091397	0.09314410129833642	0.09098990628699855	-0.0021541950113378684
BRD-K29415052	0.09304910659667806	0.01033752734132001	-0.08271157925535805
BRD-A50157456	0.09295718668093367	0.06972187104930472	-0.02323531563162895
BRD-K75478907	0.09285316181853831	0.09019424879096172	-0.0026589130275765926
BRD-K19085898	0.0928530647200359	0.00882848714707124	-0.08402457757296466
BRD-K04622161	0.09283862940932386	0.042761824493809275	-0.05007680491551458
BRD-K49669041	0.0928130601369865	0.04917323861698064	-0.04363982152000585
BRD-K82823804	0.09266773604484141	0.07246804326450346	-0.020199692780337952
BRD-K85333151	0.0924470311485523	0.01822788112295065	-0.07421915002560164
BRD-A64553394	0.09239265598712598	0.0006802721088435826	-0.0917123838782824
BRD-K33610132	0.09205818401201954	0.041385226657034535	-0.050672957354985004
BRD-K17068645	0.09197985788663171	0.06725964722172056	-0.024720210664911146
BRD-K12867552	0.09194208656914092	0.08377882126301847	-0.00816326530612245
BRD-K96159438	0.09177430035674	0.05653181626632964	-0.035242484090410364
BRD-K56908511	0.09174238731556944	0.014469327554030409	-0.07727305976153903
BRD-K61323504	0.09173714399643196	0.06187466136897235	-0.029862482627459608
BRD-K21528677	0.09144196454868947	0.057011418136576175	-0.034430546412113294
BRD-K13662825	0.09133884593898467	0.015053277948347543	-0.07628556799063713
BRD-K34251960	0.09129194736225443	0.08942668512832863	-0.0018652622339258018
BRD-K83607951	0.09109111529281991	0.003767583729657055	-0.08732353156316286
BRD-K21283037	0.09103402137332228	0.038137378845343406	-0.05289664252797888
BRD-K63712959	0.09099430808578063	0.08652499347821724	-0.0044693146075633905
BRD-K31812033	0.09065731154960796	0.008658920795456826	-0.08199839075415113
BRD-K61443650	0.09064951130323662	0.06430176790480202	-0.026347743398434598
BRD-K29542628	0.09022528794560931	0.07819617522525235	-0.01202911272035696
BRD-K20958582	0.09014689708788637	0.07288042060482003	-0.017266476483066347
BRD-K71035033	0.0900742350418139	0.002725101840146088	-0.08734913320166782
BRD-K39252998	0.08992289084251082	0.031229305881644742	-0.058693584960866074
BRD-K12502280	0.08964997931801899	0.005106054221098469	-0.08454392509692052
BRD-K18518344	0.0895231686736927	0.013076676098167872	-0.07644649257552483
BRD-K61688984	0.08942050319033314	0.080039331366765	-0.009381171823568138
BRD-K38350380	0.0894154217020331	0.061089037384865374	-0.02832638431716772
BRD-K73237276	0.08935324629423569	0.0029257720787430053	-0.08642747421549268
BRD-K32572029	0.0893316580605027	0.01392751790981872	-0.07540414015068397
BRD-K52233191	0.08925944914077527	0.021967371019204096	-0.06729207812157117
BRD-A06426627	0.08903016721009463	0.04466618505809403	-0.0443639821520006
BRD-K51324732	0.08875314518232835	0.03445206991351113	-0.05430107526881722
BRD-K83022601	0.08848764551019761	0.08493267513495073	-0.0035549703752468798
BRD-K12932420	0.08845871015643864	0.08238014969999802	-0.006078560456440618
BRD-K35245662	0.08831383919063873	0.044187586539040424	-0.04412625265159831
BRD-K62304154	0.08819932768996838	0.02114863644572873	-0.06705069124423965
BRD-A81513827	0.08811935089003708	0.08557381654726781	-0.0025455343427692734
BRD-K65377893	0.08807309963665735	0.0788784540364818	-0.009194645600175556
BRD-A81541225	0.08799810722652371	0.017169345614351933	-0.07082876161217178
BRD-K68346641	0.08791340496613514	0.02920153312062279	-0.05871187184551235
BRD-K22064724	0.08788993949468643	0.0626723255673951	-0.025217613927291327
BRD-K47598052	0.08753190494962852	0.014099090963819158	-0.07343281398580936
BRD-K73589491	0.08749455439231552	0.08539522003491667	-0.002099334357398841
BRD-K53581288	0.08742441690730914	0.0017247607007404714	-0.08569965620656866
BRD-K18787491	0.08727656825409769	0.060756928139987565	-0.02651964011411012
BRD-K61567297	0.0871823179742922	0.0037575502177272097	-0.08342476775656499
BRD-A18696154	0.08717859586502794	0.07075331607569285	-0.01642527978933509
BRD-A81370665	0.08716539046868149	0.022356671282082075	-0.06480871918659942
BRD-K07762753	0.08714279888375553	0.04821002147171549	-0.03893277741204004
BRD-K04196797	0.08692423015452266	0.06825697830754729	-0.018667251846975375
BRD-K79633074	0.08692300024015703	0.06680011237533368	-0.02012288786482335
BRD-K06543683	0.0868700168239338	0.0052154195011338	-0.0816545973228
BRD-K99604664	0.08635940816520726	0.005571609174643308	-0.08078779899056396
BRD-K69116396	0.08629839793944039	0.010305420103144503	-0.07599297783629588
BRD-K13169950	0.08627159875273738	0.06287901591314993	-0.02339258283958745
BRD-K34851558	0.08613032043153157	0.01764593743101961	-0.06848438300051196
BRD-A81129465	0.08606918074109465	0.05512411454257221	-0.030945066198522442
BRD-K05445342	0.08595405428324152	0.0752342825035619	-0.010719771779679615
BRD-K52256627	0.0854706655713956	0.0797212690385889	-0.005749396532806705
BRD-K81528515	0.08533333592262676	0.05398230088495576	-0.031351035037671005
BRD-K96104201	0.08530262042965442	0.021137599582605915	-0.0641650208470485
BRD-K02764365	0.08523979769850656	0.06365761643890594	-0.021582181259600625
BRD-K01295354	0.08521659115639785	0.023022896474223897	-0.06219369468217395
BRD-A48300215	0.08510020241801157	0.0006842855136154754	-0.0844159169043961
BRD-A13964793	0.08502948234198995	0.013853269921537903	-0.07117621242045205
BRD-K07972848	0.08496232254439506	0.06436397567876706	-0.020598346865628003
BRD-K31928526	0.08495866516746586	0.06311681014588733	-0.021841855021578538
BRD-K56301217	0.084804893505599	0.002715068328216219	-0.08208982517738278
BRD-K59436580	0.08478628295927759	0.02000682278811239	-0.0647794601711652
BRD-K82244583	0.08472112986406855	0.015304115746593627	-0.06941701411747492
BRD-K90497590	0.08452537928293402	0.07433226978106877	-0.01019310950186525
BRD-K88789588	0.08416760366721623	0.02614331868440592	-0.058024284982810315
BRD-K03449891	0.08389307383434866	0.017657977645335415	-0.06623509618901324
BRD-K06593056	0.08360621249165767	0.005199365882046059	-0.07840684660961161
BRD-K62814476	0.08360061314467743	0.07164830533983507	-0.011952307804842355
BRD-K77625799	0.0834450613435973	0.043426042983565116	-0.04001901836003219
BRD-K78567475	0.08343467180382487	0.08275439969498133	-0.0006802721088435374
BRD-K59317601	0.08294222056507444	0.024811871651315376	-0.05813034891375907
BRD-A16997652	0.08266192955438906	0.06715830875122908	-0.015503620803159972
BRD-K93869735	0.08263558349403133	0.06300644151465895	-0.019629141979372378
BRD-K29656036	0.08249932192879045	0.03614572672726901	-0.046353595201521436
BRD-K87737963	0.08239452027837502	0.04265346256496705	-0.03974105771340797
BRD-A67748489	0.08235768757974216	0.061770312844901976	-0.02058737473484018
BRD-K93918653	0.08231402561976353	0.01651415728533301	-0.06579986833443052
BRD-A25234499	0.08194699328013627	0.04044307988682194	-0.04150391339331433
BRD-K10843433	0.08188527099868398	0.07680151706700378	-0.005083753931680202
BRD-K40331046	0.08188397635198334	0.03066241245760841	-0.05122156389437493
BRD-K68065987	0.08182662350314573	0.02099713041558804	-0.060829493087557696
BRD-K25433859	0.08177927180007033	0.0668352296670881	-0.014944042132982227
BRD-K61936403	0.08127681941555753	0.02368410491040074	-0.057592714505156795
BRD-K42205652	0.08124351462918411	0.03223466377701523	-0.049008850852168884
BRD-K55703048	0.0810719739413513	0.01829309895049469	-0.0627788749908566
BRD-A93093700	0.0810592864036851	0.05513214135211608	-0.02592714505156902
BRD-K51350053	0.08092376926029712	0.036504926454357545	-0.044418842805939586
BRD-K71823332	0.08086622221445441	0.01671583087512296	-0.06415039133933145
BRD-A38350138	0.08083864623973108	0.008045873216543264	-0.07279277302318782
BRD-K28822270	0.08066471045550194	0.050045150803684324	-0.03061955965181762
BRD-A13133631	0.08036367273143914	0.004783978488150421	-0.07557969424328873
BRD-K60237333	0.08030415134937782	0.021222884434009548	-0.059081266915368275
BRD-K90374350	0.08012374233164576	0.06597335099231433	-0.014150391339331436
BRD-K05104363	0.07999236805769988	0.008483334336684578	-0.0715090337210153
BRD-K51040301	0.07991116134340304	0.020544619027552002	-0.059366542315851034
BRD-K62310379	0.07984921249877824	0.07211386029337996	-0.0077353522053982895
BRD-K86727142	0.07952966132689626	0.003514739229024899	-0.07601492209787136
BRD-K03601870	0.0795047717440768	0.061799410029498514	-0.017705361714578288
BRD-K62196610	0.07947868461305929	0.06664860634519298	-0.012830078267866307
BRD-K27217864	0.07934986726634702	0.035955090000601986	-0.04339477726574503
BRD-K65924316	0.07900112181136604	0.07462324162703432	-0.004377880184331717
BRD-K37069697	0.0790003126571782	0.002886641382216601	-0.0761136712749616
BRD-K92991072	0.07890512375851466	0.06664559629161393	-0.012259527466900733
BRD-A03932035	0.07873186766380355	0.025484116950615032	-0.05324775071318852
BRD-A30582499	0.07867076033953407	0.07787710954588328	-0.0007936507936507937
BRD-K56291712	0.07865609846564953	0.06420945959504748	-0.014446638870602047
BRD-K10670311	0.07862049568138219	0.030814921838941967	-0.04780557384244022
BRD-A41304429	0.07826446783871022	0.05480605221439605	-0.023458415624314166
BRD-A43671941	0.07824559836304867	0.012076334958762258	-0.06616926340428642
BRD-A80017228	0.07799971258843252	0.07179680131639676	-0.00620291127203576
BRD-K58550667	0.07799081189236573	0.020335921979411253	-0.05765488991295448
BRD-K07359318	0.07782726564790916	0.03230389500933116	-0.045523370638578003
BRD-K02130563	0.07782697435240149	0.07460116790078863	-0.003225806451612856
BRD-K09877029	0.0778196919647105	0.04030963417815503	-0.03751005778655547
BRD-A92439610	0.07777007462990906	0.048459855918768696	-0.029310218711140368
BRD-K85849709	0.07762051056981939	0.0018140589569161092	-0.07580645161290328
BRD-K41859756	0.07760824379233087	0.0037475167057973635	-0.07386072708653352
BRD-K68502831	0.07741708920698362	0.027391487568478756	-0.05002560163850486
BRD-K33425534	0.07717796796137813	0.0006802721088435826	-0.07649769585253455
BRD-K07487750	0.07709485164319801	0.06848172897477572	-0.00861312266842229
BRD-K39160765	0.07707701788489679	0.032617943932735316	-0.044459073952161476
BRD-K79315489	0.0770187264172012	0.05754319426885801	-0.01947553214834319
BRD-K68747584	0.07681540215286803	0.010404751871250006	-0.06641065028161802
BRD-K82818427	0.07676785625278748	0.008930828968755633	-0.06783702728403185
BRD-K51911221	0.07664787486980715	0.03989123673068051	-0.036756638139126635
BRD-K38868394	0.07633427907274803	0.00858868621194786	-0.06774559286080017
BRD-K15424032	0.07626038711230998	0.062940220335922	-0.013320166776387976
BRD-K87774949	0.07618241701476478	0.06704994682238674	-0.009132470192378027
BRD-K54395039	0.07576634993135134	0.06589508959926149	-0.009871260332089848
BRD-K72231366	0.07528487082338886	0.02960789035378164	-0.04567698046960722
BRD-K25690923	0.07495693681412047	0.029023939959464617	-0.04593299685465585
BRD-A25569250	0.07491770901909145	0.042970521541950024	-0.031947187477141425
BRD-K06519765	0.07483546658743434	0.007803062227840996	-0.06703240435959334
BRD-K00615600	0.07478112379217555	0.04734713944574881	-0.027433984346426743
BRD-K09951645	0.07454368558728094	0.030333313266309475	-0.04421037232097147
BRD-K37793595	0.07451979935565434	0.03952601689643409	-0.034993782459220246
BRD-K08703257	0.07446221994364403	0.055502377942327374	-0.01895984200131666
BRD-K69726595	0.07430883667578742	0.06795597294965183	-0.0063528637261355825
BRD-K30577245	0.07430692707190398	0.0011337868480725266	-0.07317314022383145
BRD-K53417444	0.07428145489806923	0.009319125880440673	-0.06496232901762855
BRD-K39467894	0.07420468234872217	0.06028836313286379	-0.013916319215858387
BRD-K70914287	0.07406084710028266	0.019778058716111824	-0.05428278838417083
BRD-K07881437	0.07392960229100681	0.016731884494210703	-0.05719771779679611
BRD-K97010173	0.07384140448452671	0.0649027752693998	-0.00893862921512691
BRD-K75295174	0.07377133173185532	0.07115264985050063	-0.0026186818813546927
BRD-K19761926	0.07373271889400923	0.003401360544217691	-0.07033135834979154
BRD-K35189033	0.07346501832248753	0.04659061264623843	-0.026874405676249102
BRD-K15108141	0.07340271345001992	0.019697790620673117	-0.0537049228293468
BRD-K69280563	0.0733004363606703	0.009742540083880091	-0.0635578962767902
BRD-A36456202	0.07322780668076531	0.048833102562558905	-0.024394704118206406
BRD-K09443272	0.07317035673342515	0.0646047799650834	-0.008565576768341746
BRD-K73293050	0.07314242473085908	0.054003371260008426	-0.019139053470850653
BRD-K20722021	0.07308144687125961	0.02331186161780341	-0.049769585253456206
BRD-K92968657	0.07302551813379266	0.05368530893183229	-0.019340209201960355
BRD-A49765801	0.0729766775870116	0.01117432223626913	-0.061802355350742466
BRD-K30480208	0.0727837104962834	0.022831256396363853	-0.04995245409991955
BRD-K74671368	0.07273279851478139	0.02339112636204932	-0.049341672152732066
BRD-K94485812	0.07267473361025822	0.07176770413180017	-0.0009070294784580499
BRD-K68693535	0.07265770900614504	0.031903557883330325	-0.04075415112281472
BRD-K57927309	0.07263757724995032	0.03822166034555416	-0.03441591690439616
BRD-K17849083	0.07262657275299497	0.06298938454437819	-0.00963718820861678
BRD-K58770988	0.07248370848958102	0.036136696566532234	-0.03634701192304879
BRD-K76406695	0.07246661915313274	0.03186242048441795	-0.04060419866871479
BRD-K62696033	0.07224694997420414	0.03607549214376016	-0.03617145783044398
BRD-K04923131	0.07220069872082432	0.030060401741817677	-0.04214029697900665
BRD-K49840922	0.07203485447847424	0.013121826901852263	-0.05891302757662198
BRD-K05444225	0.072015693707305	0.05282543695944454	-0.019190256747860457
BRD-K80060353	0.0719978923151714	0.024506852888648067	-0.04749103942652333
BRD-K43002771	0.07183246883299904	0.02277607208074972	-0.04905639675224932
BRD-K61642990	0.07183091525695828	0.0702436136696567	-0.0015873015873015873
BRD-K56707426	0.07181075113459603	0.04974213874340297	-0.022068612391193065
BRD-K23779958	0.07162717023244733	0.06821483755744184	-0.0034123326750054852
BRD-K37890730	0.07145517641826934	0.021202817410149954	-0.05025235900811939
BRD-A64743628	0.0711795461357062	0.06967270684084848	-0.001506839294857728
BRD-A83937277	0.07094450302720769	0.004994682238677182	-0.06594982078853051
BRD-K81916719	0.07081141334638338	0.048742800955190346	-0.022068612391193038
BRD-K51967704	0.0707722502836895	0.04988862801757876	-0.020883622266110735
BRD-A69651145	0.07066845198446686	0.06864226516565325	-0.0020261868188136134
BRD-K23228615	0.07060598528116158	0.02613228182128302	-0.044473703459878555
BRD-K66715657	0.07053817816021646	0.05657797042120688	-0.013960207739009578
BRD-K18849474	0.07049856197117732	0.04336082515602113	-0.027137736815156188
BRD-K73197500	0.07046431856594577	0.005209399393975911	-0.06525491917196986
BRD-K76634210	0.07044418680975101	0.05789938394236749	-0.012544802867383513
BRD-K23984367	0.07038822570611655	0.001929444344109325	-0.06845878136200723
BRD-K66296774	0.07015680760837972	0.023130255051873272	-0.04702655255650645
BRD-K49555808	0.07001093329138679	0.00704553207713764	-0.06296540121424915
BRD-A66419424	0.06998215976846536	0.008092027371420542	-0.06189013239704483
BRD-K42973005	0.06989943184429548	0.008045873216543264	-0.061853558627752214
BRD-K13646352	0.06968720688389551	0.05978668753637151	-0.009900519347524006
BRD-K24696047	0.06962894778236728	0.03012561956936166	-0.03950332821300562
BRD-K33588785	0.06952320751309375	0.06521481749041802	-0.004308390022675737
BRD-K80431395	0.06948213484651636	0.051125760038528645	-0.018356374807987713
BRD-K91623615	0.06925890538916107	0.04532137338711295	-0.023937532002048123
BRD-K62213621	0.06908895064353654	0.050187626673088126	-0.018901323970448414
BRD-K44844162	0.06900033207687865	0.06773122228242323	-0.0012691097944554173
BRD-K50853363	0.06867951862446381	0.005209399393975911	-0.0634701192304879
BRD-K47635719	0.06859520475808545	0.04950735456424449	-0.01908785019384096
BRD-K47832606	0.06851474246564165	0.06039170830574114	-0.008123034159900518
BRD-K45446451	0.0685072011486105	0.021067364999096977	-0.047439836149513526
BRD-A29485665	0.06841133256042933	0.033293199285613945	-0.03511813327481539
BRD-K97799481	0.06835394734542402	0.05939337386872151	-0.00896057347670251
BRD-A47953250	0.06831591709859314	0.04741035057090681	-0.020905566527686326
BRD-K31698212	0.06823587556632699	0.005135151405694982	-0.063100724160632
BRD-K44009692	0.06816845683939202	0.0478919591435395	-0.02027649769585252
BRD-K18910433	0.0681657380813207	0.005138161459274038	-0.06302757662204667
BRD-K47114202	0.06807258825121054	0.061364958962936145	-0.006707629288274397
BRD-K83508485	0.06806433487849411	0.020672044629061026	-0.04739229024943309
BRD-K47976015	0.06785696484322151	0.002265566993759127	-0.06559139784946239
BRD-A74208568	0.06761357126350409	0.006571950314049002	-0.06104162094945509
BRD-K28352084	0.06758887587768955	0.02679449360865291	-0.040794382269036644
BRD-K40109029	0.06745300270645893	0.0049886621315192725	-0.06246434057493966
BRD-K92428153	0.06735706938594255	0.056319105813416814	-0.011037963572525733
BRD-A53134341	0.06727599213631594	0.03676981116930547	-0.030506180967010466
BRD-K43471985	0.0672749240527879	0.055125117893765174	-0.012149806159022725
BRD-K64120610	0.06715225627790375	0.015502779282804635	-0.051649476995099114
BRD-K18834913	0.06698958391997001	0.02756306062247904	-0.03942652329749097
BRD-K78126613	0.06689740507488551	0.005043846447133404	-0.0618535586277521
BRD-K87827419	0.06633756747536768	0.06372985772480078	-0.0026077097505668935
BRD-K00259736	0.06622781380132226	0.037023659021130584	-0.02920415478019167
BRD-K29950728	0.06618250116680033	0.04335681175124917	-0.02282568941555116
BRD-K43236057	0.06595228061726169	0.05971645295286257	-0.006235827664399118
BRD-K20468903	0.06591363541324796	0.04031565428531292	-0.025597981127935043
BRD-K16485616	0.06570901650221425	0.04545080569100801	-0.02025821081120624
BRD-K72280606	0.06569662026005574	0.03160255252543498	-0.03409406773462076
BRD-K91601245	0.06559745032278783	0.04269861336865129	-0.022898836954136526
BRD-K24187789	0.0655663788019728	0.004521100475588513	-0.06104527832638429
BRD-K26838195	0.06539745977370859	0.0636455762245901	-0.0017518835491184825
BRD-K15519488	0.06533007341294116	0.002496337768145606	-0.06283373564479555
BRD-K28392481	0.06525637564950804	0.0254750867898782	-0.03978128885962984
BRD-K93568044	0.06518665892467945	0.013815142576204531	-0.05137151634847492
BRD-A50049929	0.06506499450098817	0.05571308169285416	-0.009351912808134008
BRD-A55312468	0.06486370930520846	0.033468785744386276	-0.031394923560822185
BRD-K31086665	0.06481318571771646	0.03999056849878593	-0.02482261721893053
BRD-K48141473	0.0647464143141318	0.04000060201071581	-0.024745812303415993
BRD-K47869605	0.06450729306852626	0.049117050950173546	-0.015390242118352715
BRD-K35629949	0.06444139555146455	0.028811229506551905	-0.03563016604491265
BRD-K85920262	0.0642740300992411	0.011783356410410728	-0.05249067368883037
BRD-K62374002	0.06423816838563384	0.0010204081632653184	-0.06321776022236852
BRD-K00662280	0.06418301643618707	0.030846025725924542	-0.033336990710262526
BRD-K14991967	0.06402290100548737	0.006777637308610765	-0.0572452636968766
BRD-A24514565	0.06398043659370689	0.03899323741295935	-0.024987199180747544
BRD-K57284066	0.06389000552166813	0.016545261172315473	-0.04734474434935265
BRD-K16338837	0.06381614592739747	0.060188028013565265	-0.0036281179138321997
BRD-M89827113	0.0636336331087769	0.04443240423012873	-0.01920122887864817
BRD-K67173685	0.06356268646958257	0.012381353721429567	-0.05118133274815301
BRD-K63784565	0.06322549573640468	0.03130756727469741	-0.03191792846170727
BRD-K34157611	0.06318992531830508	0.05545823048983606	-0.007731694828469022
BRD-K19540840	0.06317393643155231	0.019398791965163587	-0.04377514446638872
BRD-K73073971	0.0631616049217289	0.004541167499448157	-0.058620437422280736
BRD-K80608265	0.06310438153756126	0.0020408163265306367	-0.061063565211030624
BRD-A68631409	0.06299996828115575	0.006007063592398554	-0.0569929046887572
BRD-K68392338	0.06296142017564477	0.055840507294363184	-0.0071209128812815825
BRD-K19388745	0.0629592840085887	0.059784680833985526	-0.0031746031746031746
BRD-K04993719	0.06289186528165361	0.03065940240402945	-0.03223246287762416
BRD-K26818574	0.06276052337387517	0.04091866835229663	-0.021841855021578538
BRD-K61536336	0.06265575408962704	0.05179700198663534	-0.010858752102991698
BRD-K98572433	0.06236193402092016	0.00011337868480720825	-0.062248555336112954
BRD-K56851771	0.06234558910632476	0.01971886099572573	-0.04262672811059903
BRD-K68870568	0.06228454651439032	0.008517448277246	-0.05376709823714432
BRD-A11551002	0.06220372819410383	0.06157465936227002	-0.0006290688318338089
BRD-K87024524	0.06218243125587852	0.03685509602070913	-0.02532733523516939
BRD-K56981171	0.06204739960500327	0.05362811791383215	-0.008419281691171121
BRD-A03623303	0.061922789860068106	0.034989866152950855	-0.02693292370711725
BRD-K12251893	0.06158572859156031	0.037158108080990515	-0.024427620510569792
BRD-K42938903	0.06143849489553177	0.046918708486344385	-0.014519786409187385
BRD-K25835157	0.061425774991698046	0.017142255132141352	-0.0442835198595567
BRD-K38852836	0.06135709398422995	0.04726887805269597	-0.014088215931533976
BRD-K29173907	0.06127944754835998	0.05664920835590881	-0.004630239192451174
BRD-K62008436	0.06119791717238804	0.029086147733429657	-0.03211176943895838
BRD-K21025364	0.06115927196837436	0.05809804747857844	-0.003061224489795918
BRD-A97701745	0.06112408994428485	0.0017026869744948127	-0.05942140296979004
BRD-K05638300	0.06110169255636404	0.04459595047458509	-0.01650574208177895
BRD-K00152668	0.06102983966447938	0.009782674131599542	-0.051247165532879835
BRD-K14618467	0.06095436176183294	0.012900086288202606	-0.04805427547363034
BRD-A12417644	0.06085875210299174	0.0023809523809523725	-0.05847779972203937
BRD-K53523901	0.06077809561354275	0.05427527943330723	-0.0065028161802355156
BRD-A27887842	0.06071449609437449	0.03974675415889062	-0.02096774193548387
BRD-K07736136	0.06067704843855892	0.00858868621194786	-0.05208836222661106
BRD-K77554836	0.06051023321118337	0.009398390624686392	-0.05111184258649698
BRD-K77841042	0.06046670071587487	0.004980635321975346	-0.055486065393899525
BRD-K15898725	0.0603672394830993	0.055879637990889575	-0.004487601492209725
BRD-K20755323	0.06023081608702094	0.023152328778118902	-0.037078487308902036
BRD-K93754473	0.06007050645931611	0.013903437481187164	-0.046167068978128945
BRD-A56085258	0.05999525511984227	0.012127505869604538	-0.047867749250237734
BRD-K13044802	0.05991414550404803	0.02720988100254851	-0.03270426450149952
BRD-K56751279	0.05988022576049162	0.0016986735697228639	-0.05818155219076876
BRD-A00758722	0.05985297344744356	0.0012471655328798459	-0.05860580791456371
BRD-K92150287	0.059640845585546	0.002947845804988636	-0.05669299978055736
BRD-K95523387	0.05957391235112372	0.021354323440290562	-0.03821958891083316
BRD-K92049597	0.05957093466371227	0.04034776152348846	-0.019223173140223815
BRD-K95926480	0.058965525500332294	0.012692392591254764	-0.04627313290907753
BRD-K77638923	0.05882829295006611	0.025235285854754874	-0.03359300709531124
BRD-K78177893	0.0585472898836954	0.007709750566893381	-0.050837539316802016
BRD-K70163715	0.0585367708792528	0.013115806794694262	-0.045420964084558535
BRD-K81330143	0.05838015099464455	0.05426925932614923	-0.00411089166849532
BRD-K76239644	0.05798250026054752	0.04928160054582298	-0.008700899714724541
BRD-K59197931	0.05797758060308532	0.04141332049043811	-0.016564260112647212
BRD-K99879819	0.05780921179966897	0.020869704814079015	-0.036939506985589954
BRD-A68083442	0.057782347880630996	0.03647081251379608	-0.021311535366834916
BRD-K02898090	0.05754804919398537	0.014946922721891132	-0.04260112647209424
BRD-K97101532	0.05754316190269049	0.004533140689904291	-0.053010021212786196
BRD-K36222532	0.05754047551078664	0.015016153954207051	-0.04252432155657959
BRD-K73319509	0.057298506042439745	0.015597094294945102	-0.04170141174749464
BRD-K42495768	0.0572342591999212	0.03043665843918686	-0.02679760076073434
BRD-K04394237	0.057123793470190434	0.052361888708285675	-0.004761904761904762
BRD-K41104902	0.0570967677203149	0.031484157084662776	-0.025612610635652122
BRD-K97764662	0.05705197294447323	0.03541127365400437	-0.021640699290468857
BRD-A39935389	0.0569046097837746	0.03846045792948449	-0.01844415185429011
BRD-K67261995	0.05688253605752888	0.027213894407320444	-0.029668641650208438
BRD-K50677762	0.05650773583769786	0.04324242971524894	-0.013265306122448917
BRD-K06814349	0.056465562721425	0.051981618606144475	-0.004483944115280521
BRD-K13302470	0.05609299576715256	0.03783537013625504	-0.01825762563089752
BRD-K07955840	0.05605884946042361	0.007807075632612959	-0.04825177382781065
BRD-K38183498	0.0557383920358514	0.019665683382497634	-0.03607270865335377
BRD-K08996725	0.055714797099732594	0.02046134087853435	-0.03525345622119824
BRD-K35520305	0.05570605823450333	0.05185118295105662	-0.003854875283446712
BRD-K21152241	0.0556049786933519	0.015059298055505432	-0.04054568063784647
BRD-K44227013	0.05539061756589592	0.030948367547609046	-0.02444225001828687
BRD-K13094524	0.055073137828735026	0.0045391607970621875	-0.05053397703167284
BRD-K62762455	0.05504646810670222	0.03740693917685067	-0.017639528929851545
BRD-A19585813	0.05499452040783959	0.04221198804005377	-0.012782532367785815
BRD-K59325863	0.05495173233438394	0.005664920835590892	-0.04928681149879305
BRD-K83834509	0.05485683473122813	0.026446330744687274	-0.028410503986540853
BRD-K28542495	0.054816474120336085	0.040256456564926824	-0.014560017555409262
BRD-K14329163	0.05452721768124888	0.04825115887062789	-0.006276058810620988
BRD-K54262262	0.05444795293700322	0.0029337988882869315	-0.05151415404871629
BRD-K03384561	0.054338490558465256	0.014882708245540104	-0.03945578231292515
BRD-K46937689	0.05407059578993837	0.0537304597355166	-0.0003401360544217687
BRD-K59929863	0.053977219396655805	0.05124515883049385	-0.0027320605661619495
BRD-K99616396	0.05387024921301657	0.03805209399393976	-0.015818155219076813
BRD-K52020312	0.053864908795376594	0.0022776072080749696	-0.051587301587301626
BRD-K26634012	0.05383066539014501	0.04428491160475989	-0.00954575378538512
BRD-K09549677	0.05362047949829851	0.02477474765717491	-0.0288457318411236
BRD-K24593301	0.053540340867529804	0.0015873015873015817	-0.05195303928022822
BRD-K19796430	0.05352975713075214	0.02897778580458732	-0.024551971326164823
BRD-K13566078	0.05329451982524859	0.028892500953183645	-0.024402018872064946
BRD-A93236127	0.053278919332506086	0.04754780968434574	-0.0057311096481603395
BRD-K49328571	0.053197906815214524	0.013610458932835745	-0.03958744788237878
BRD-A55913614	0.05305219432905903	0.05259867958983	-0.00045351473922902497
BRD-K87909389	0.05270645892765702	0.0005668934240362633	-0.052139565503620755
BRD-K12829205	0.05270085958067689	0.049102000682278824	-0.0035988588983980677
BRD-K42673188	0.05267328360595358	0.014468324202837501	-0.03820495940311608
BRD-K32730239	0.05238632516475998	0.04275279433307247	-0.009633530831687512
BRD-K68633617	0.051985955672591566	0.0003401360544217358	-0.05164581961816983
BRD-A43809092	0.0516622939974353	0.03767282724299159	-0.013989466754443711
BRD-K67578145	0.051567752422122165	0.017415166656633146	-0.03415258576548902
BRD-K58299615	0.05139867156302044	0.050945156823791415	-0.00045351473922902497
BRD-K81694556	0.05139015926096383	0.004085646057833163	-0.04730451320313067
BRD-K31491153	0.05134342251507133	0.04056147532759419	-0.010781947187477142
BRD-K66808046	0.05113689400015407	0.019917524531936667	-0.031219369468217406
BRD-K41141507	0.05096590353716898	0.004199024742640419	-0.046766878794528566
BRD-K94441233	0.05094596597797928	0.005448196977906206	-0.045497769000073074
BRD-K20463415	0.0508902638036849	0.01573555675957694	-0.03515470704410796
BRD-K61097567	0.050877284970511194	0.010858266610479006	-0.04001901836003219
BRD-K72167406	0.050871200131018146	0.027394497622057645	-0.0234767025089605
BRD-K23190681	0.05086644230439347	0.001356530812915202	-0.049509911491478265
BRD-K40797222	0.050804687656773595	0.02450083278149018	-0.026303854875283417
BRD-K75009076	0.050773551403623565	0.042434732004896336	-0.008338819398727233
BRD-A88138582	0.05056323604710705	0.0032879818594104826	-0.04727525418769657
BRD-K26011976	0.05044017987821259	0.009177653362229865	-0.04126252651598272
BRD-K01653460	0.05038531922427364	0.04886019304476957	-0.001525126179504066
BRD-A08187463	0.05017348265788377	0.031619609495715684	-0.018553873162168083
BRD-K55187425	0.049823054162192106	0.014445247125398832	-0.035377807036793274
BRD-K50590187	0.04961170308831499	0.04065478698854175	-0.008956916099773242
BRD-K50000283	0.04960493855930426	0.01676900848835111	-0.032835930070953145
BRD-K81728688	0.04956872081785424	0.042396604659562964	-0.007172116158291275
BRD-A75975749	0.04953428321561748	0.014302771255994995	-0.035231511959622486
BRD-K82928847	0.049528101277622194	0.027477775771075463	-0.02205032550654673
BRD-A36057565	0.04931454930435398	0.010228162061284692	-0.03908638724306929
BRD-K54955827	0.04924586829688574	0.009175646659843828	-0.040070221637041915
BRD-K29254801	0.04889618422304691	0.03198081592519014	-0.016915368297856767
BRD-K74501079	0.04880144845072867	0.009422471053318083	-0.039378977397410586
BRD-K37590257	0.04853128805047574	0.0433487849417053	-0.005182503108770442
BRD-A28301258	0.04849934264313774	0.045668532899885594	-0.002830809743252144
BRD-K04623885	0.04848218857435438	0.002154195011337845	-0.046327993563016534
BRD-K47049295	0.04835864691294728	0.04429895852146165	-0.0040596883914856274
BRD-K16189898	0.048318318668222844	0.007944534746051814	-0.04037378392217103
BRD-A67862938	0.04830627845390706	0.02845403648184941	-0.01985224197205765
BRD-A74391928	0.048303300766495555	0.023297814701101677	-0.025005486065393878
BRD-A58564983	0.048204227927730214	0.0031746031746031633	-0.04502962475312705
BRD-K39484304	0.04809939391114704	0.045674553007043484	-0.0024248409041035535
BRD-A09722536	0.04807987711213513	0.0013605442176870541	-0.04671933289444807
BRD-K58435339	0.04802517828903377	0.030016254289326347	-0.018008923999707424
BRD-K61250484	0.0479827786095882	0.005553548853169499	-0.042429229756418704
BRD-K03294269	0.047920667934125805	0.007378644673208534	-0.04054202326091727
BRD-K01614093	0.04779631711853075	0.03288884875484119	-0.014907468363689565
BRD-K74763371	0.047770327086015654	0.0221650312042221	-0.025605295881793555
BRD-A71725768	0.047752752257054776	0.014916822186101575	-0.0328359300709532
BRD-K26823213	0.047647724043466455	0.007043525374751671	-0.040604198668714786
BRD-A02180903	0.047396821512885295	0.01879979130295184	-0.028597030209933455
BRD-A20239487	0.04739199895392546	0.011344891939076507	-0.03604710701484895
BRD-K41312087	0.047366203118415495	0.035234683844039105	-0.01213151927437639
BRD-K56957086	0.047347527839759006	0.02553127445668535	-0.021816253383073657
BRD-K89490285	0.04715070917509638	0.019468023197479575	-0.027682685977616805
BRD-K38332599	0.04707286854222133	0.024506852888648067	-0.02256601565357326
BRD-K70246307	0.04674707070000899	0.03528485140368831	-0.011462219296320679
BRD-A53151380	0.046655733375279854	0.03615174683442696	-0.0105039865408529
BRD-K43449605	0.04633530831687516	0.0036281179138322184	-0.04270719040304294
BRD-K64785675	0.04628659723476413	0.04197820721208839	-0.004308390022675737
BRD-K69608737	0.04625630250196955	0.024001163887383936	-0.022255138614585612
BRD-K26619122	0.046192282222623504	0.022042622358677932	-0.024149659863945572
BRD-K64381438	0.04594383952077363	0.03489856119438928	-0.011045278326384356
BRD-A49035384	0.04586457477652781	0.002506371280075451	-0.04335820349645236
BRD-K90948141	0.045693519581207626	0.03870427226937967	-0.006989247311827956
BRD-K50388907	0.045632541721608244	0.043500290971845934	-0.00213225074976231
BRD-K81839095	0.045631182342572574	0.03079686151746841	-0.014834320825104164
BRD-A54275602	0.04557004265213546	0.03256075291473523	-0.013009289737400231
BRD-K35240538	0.04541565603308599	0.002496337768145606	-0.04291931826494039
BRD-K86797399	0.04539361467300785	0.04301266229205547	-0.002380952380952381
BRD-K51143828	0.04514730813821394	0.013602432123291819	-0.03154487601492212
BRD-K63923597	0.0449820788530466	0.00022675736961452753	-0.04475532148343207
BRD-K21565985	0.044975217225533264	0.04486183854072601	-0.00011337868480725624
BRD-K13571841	0.04492178068296504	0.01528605542511996	-0.02963572525784508
BRD-K11851476	0.044865042791310025	0.003514739229024899	-0.041350303562285126
BRD-K56483981	0.04484889207371978	0.043674874079425274	-0.0011740179942945073
BRD-K17203476	0.04480257608800486	0.040029699195312296	-0.00477287689269256
BRD-K90647725	0.04447159965899005	0.01455059900066221	-0.02992100065832784
BRD-K40530731	0.04425105659353856	0.020258663937551435	-0.023992392655987127
BRD-K72414522	0.04408786637692473	0.043455140168161654	-0.0006327262087630764
BRD-K17702546	0.04366383721630247	0.036294222703830814	-0.007369614512471655
BRD-A35588707	0.043578681829568866	0.040652780286155765	-0.002925901543413101
BRD-A26503646	0.04356424651885682	0.02821423554672603	-0.015350010972130786
BRD-K11267252	0.04355463376710467	0.013480023277747666	-0.030074610489357
BRD-A51571244	0.043376037254753474	0.0335962113458953	-0.009779825908858175
BRD-K47000838	0.0433747102418854	0.014719162001083697	-0.0286555482408017
BRD-K73391359	0.04320537045344362	0.03097144462504775	-0.012233925828395872
BRD-K03289018	0.04314931225130647	0.04046114020829572	-0.0026881720430107503
BRD-K40496271	0.04311681661912081	0.0010204081632653184	-0.042096408455855494
BRD-K01773560	0.043056550815206686	0.023965043244436414	-0.019091507570770272
BRD-A78391468	0.04304350724969788	0.023951999678927638	-0.01909150757077024
BRD-K60369935	0.04286429578016385	0.0318885076154356	-0.010975788164728245
BRD-K52313696	0.04279616499754335	0.024637288543736036	-0.018158876453807316
BRD-A92537424	0.04219904157304755	0.006671282082154395	-0.03552775949089315
BRD-K37270826	0.04210773661448594	0.004652539481869444	-0.0374551971326165
BRD-K93779381	0.0418844100586281	0.013627515903116408	-0.02825689415551169
BRD-K99475619	0.04186414883776331	0.024798828085806593	-0.017065320751956714
BRD-K67566344	0.041861980304539914	0.0015832881825297296	-0.040278692122010185
BRD-K70301465	0.041828643151998655	0.03830293179218591	-0.003525711359812742
BRD-K39381259	0.04163648521545826	0.01965564987056767	-0.021980835344890592
BRD-K08542803	0.04146526818930063	0.019941604960568293	-0.021523663228732337
BRD-K61192372	0.041450444484578484	0.03929624947324062	-0.0021541950113378684
BRD-K61496577	0.041304473069083	0.02540585555756225	-0.015898617511520746
BRD-A75919782	0.041258901505221046	0.012647241787570485	-0.02861165971765056
BRD-K97746869	0.041141412317139255	0.03207111753255876	-0.009070294784580499
BRD-K82850175	0.04104910400738463	0.04070896795296286	-0.0003401360544217687
BRD-K39624409	0.040918927281636805	0.01579274777757711	-0.025126179504059695
BRD-K11663430	0.04075305067311924	0.013531194188589946	-0.027221856484529294
BRD-K42805893	0.04037517566737425	0.034420966026528665	-0.005954209640845587
BRD-K88568253	0.04037083860092708	0.03991732386169805	-0.00045351473922902497
BRD-K81613478	0.040140941713063594	0.03116208135171472	-0.008978860361348873
BRD-K15567136	0.03996619677464669	0.021719543274536957	-0.018246653500109733
BRD-K44408410	0.03986718866821626	0.038115305119097775	-0.0017518835491184825
BRD-K49962337	0.03975439257442439	0.004994682238677182	-0.03475971033574721
BRD-K45293975	0.03955550247504083	0.018986414624846987	-0.020569087850193846
BRD-K75958547	0.03954643994813656	0.021409507755904778	-0.01813693219223178
BRD-K82122102	0.03942788267652675	0.029256717436237034	-0.010171165240289715
BRD-K27351809	0.03930100729986545	0.006830814921838943	-0.03247019237802651
BRD-K81225797	0.03929123271727569	0.036796901651516056	-0.002494331065759637
BRD-K60997853	0.03921837647419801	0.018876045993618695	-0.020342330480579318
BRD-K70159787	0.039135551451525474	0.034516284389862095	-0.004619267061663376
BRD-K18574842	0.039114934202817975	0.011669977725603409	-0.027444956477214566
BRD-K71281111	0.03899861019676687	0.0005668934240362633	-0.038431716772730606
BRD-K01507359	0.03899825416892422	0.002263560291373201	-0.03673469387755102
BRD-K98157055	0.0389953412138478	0.005961912788714302	-0.0330334284251335
BRD-K51313569	0.038867624316831106	0.030558063933537993	-0.008309560383293113
BRD-K02407574	0.03858535896992729	0.03169486083518952	-0.006890498134737771
BRD-K92241597	0.03843906389275665	0.017522525234282507	-0.02091653865847414
BRD-K74514084	0.03834397209259578	0.020810507093692934	-0.017533464998902848
BRD-K11071038	0.038130743781002674	0.017675034615616148	-0.020455709165386526
BRD-K24556407	0.038096144347928546	0.026571749643810344	-0.011524394704118205
BRD-K72951360	0.03803137964672976	0.021254991672185114	-0.016776387974544643
BRD-K09900591	0.03794894301806748	0.0010204081632653184	-0.03692853485480216
BRD-K37865504	0.03772509860352935	0.03258282664098089	-0.005142271962548461
BRD-K13314656	0.0377081710979186	0.025785122308510378	-0.011923048789408225
BRD-K03243820	0.037675189973220335	0.029855718098448836	-0.0078194718747715
BRD-K24576554	0.03734641444359646	0.0252734132000883	-0.012073001243508158
BRD-K24601397	0.03726142088770033	0.030169767021852922	-0.0070916538658474144
BRD-K12787259	0.03725815190478131	0.01152850520739268	-0.02572964669738863
BRD-K49313711	0.037087064343293674	0.030544017016836178	-0.006543047326457496
BRD-A31521121	0.037044599931513225	0.01185258764272673	-0.025192012288786494
BRD-K86816506	0.03685923889015119	0.02282222623562702	-0.014037012654524172
BRD-K89085489	0.036640119936070345	0.023557682660084678	-0.013082437275985664
BRD-K00535541	0.03661694576012914	0.03060421808841529	-0.006012727671713847
BRD-K71847383	0.0365209153411103	0.030274115545923408	-0.006246799795186892
BRD-A06627858	0.03640918733084628	0.00011337868480720825	-0.03629580864603907
BRD-K71480163	0.036056201907920846	0.010791042080549033	-0.02526515982737181
BRD-A09349126	0.03598515817022398	0.027532960086689484	-0.00845219808353449
BRD-K83029223	0.03594605983986507	0.03390524351333446	-0.0020408163265306124
BRD-K76011241	0.03591997270884759	0.033085505588666186	-0.002834467120181406
BRD-K53561341	0.03584252046998263	0.027419581401882276	-0.008422939068100356
BRD-A48237631	0.03552847154657842	0.003976280777797844	-0.031552190768780575
BRD-K81405859	0.035507304073023216	0.025650673248650502	-0.009856630824372714
BRD-K76180386	0.035444448975707865	0.018221861015792706	-0.01722258795991516
BRD-K14880289	0.035303073555999626	0.024389460799068896	-0.01091361275693073
BRD-K95773607	0.035281841350109304	0.03516846266530205	-0.00011337868480725624
BRD-K18779551	0.03511978394935855	0.019725884454076636	-0.015393899495281915
BRD-K24603946	0.03497549557457391	0.003401360544217691	-0.03157413503035622
BRD-A57886255	0.03494325887172838	0.017519515180703576	-0.017423743691024805
BRD-K00673382	0.0349425791822105	0.0027210884353741083	-0.03222149074683639
BRD-K93441486	0.03493895417144875	0.022851323420223543	-0.012087630751225209
BRD-K13087974	0.03491464717964454	0.031802219412838895	-0.0031124277668056477
BRD-K70821460	0.03485862134367501	0.031150041137398943	-0.0037085802062760687
BRD-K46392623	0.03462073001243504	0.005782312925170063	-0.028838417087264978
BRD-K81548480	0.03451265937910042	0.0150773583769791	-0.01943530100212132
BRD-K03109492	0.034405592096958704	0.0007906407400718463	-0.03361495135688686
BRD-K93123848	0.03425039632372126	0.03300323079084144	-0.0012471655328798186
BRD-K53720352	0.03418550215785232	0.00011337868480720825	-0.03407212347304511
BRD-K46690591	0.03385504358751779	0.032092187907611425	-0.001762855679906371
BRD-K85554912	0.03367450510511549	0.013441895932414183	-0.02023260917270131
BRD-K83837640	0.03353944108807283	0.017681054722774037	-0.015858386365298793
BRD-K64800655	0.03353769331502703	0.011827503862902093	-0.02171018945212494
BRD-K61228301	0.0334320501442561	0.02068609154576284	-0.012745958598493257
BRD-K49075727	0.03326283982048428	0.018139586217967962	-0.015123253602516318
BRD-K81016934	0.03325096143700604	0.020366022515200755	-0.01288493892180528
BRD-K59983611	0.03299996180792242	0.0074458692031385	-0.025554092604783918
BRD-K49111258	0.03287771479321579	0.026115224851002348	-0.006762489942213443
BRD-K42898655	0.03280136300404643	0.002723095137760119	-0.030078267866286312
BRD-K13049116	0.03271523663228733	0.00022675736961452753	-0.0324884792626728
BRD-K62779383	0.032587260805930496	0.010039532037003585	-0.02254772876892691
BRD-K98548675	0.0322698458011047	0.03001324423574736	-0.0022566015653573412
BRD-K20545304	0.03218045044642655	0.01794593943772199	-0.014234511008704558
BRD-K60585088	0.03214021930020459	0.02746974896153148	-0.004670470338673105
BRD-K82746043	0.032120378839517474	0.0020347962193726365	-0.030085582620144838
BRD-K65877271	0.03207513093733067	0.03139485882848714	-0.0006802721088435374
BRD-K30990140	0.031929483183510396	0.02209479662071323	-0.009834686562797162
BRD-A70858459	0.0318597664586817	0.003178616579375113	-0.02868114987930659
BRD-K86118762	0.03165754264404397	0.007361587702927719	-0.02429595494111625
BRD-K68567222	0.03139929299343678	0.003749523408183332	-0.027649769585253448
BRD-K74141488	0.031356893313991274	0.02928681797202659	-0.0020700753419646833
BRD-K33379087	0.031309153216905805	0.02097706339172839	-0.010332089825177415
BRD-K70402238	0.031255328280327316	0.025348664539562193	-0.005906663740765123
BRD-K13756951	0.03105113012947114	0.0012471655328798459	-0.029803964596591292
BRD-K22385716	0.03096176714096055	0.0011468304135814344	-0.029814936727379115
BRD-K37379014	0.03074391046741276	0.0020408163265306367	-0.028703094140882124
BRD-K89015388	0.03063088781044816	0.0036321313186041377	-0.026998756491844023
BRD-A64242993	0.030626421279331004	0.006045190937732023	-0.02458123034159898
BRD-K59753975	0.030545473494374455	0.002731121947303995	-0.02781435154707046
BRD-K99383816	0.030478831555459718	0.030200870908835498	-0.00027796064662422015
BRD-A68304895	0.03024909649843377	0.01563421828908551	-0.014614878209348259
BRD-A46813902	0.029931616761272983	0.005664920835590892	-0.02426669592568209
BRD-K43860855	0.02991410666464711	0.024844982240683877	-0.005069124423963234
BRD-A83650191	0.029773410934456603	0.0022735938033030317	-0.02749981713115357
BRD-K43389698	0.029688320280057967	0.009364276684124984	-0.020324043595932983
BRD-K77634909	0.029637052270713213	0.010827162723496472	-0.01880988954721674
BRD-K66241279	0.029466385469403313	0.023848654506050226	-0.005617730963353084
BRD-K26305185	0.029310963132993292	0.02796139104609395	-0.0013495720868993422
BRD-A10977446	0.02923412585131111	0.003749523408183332	-0.02548460244312778
BRD-K84466663	0.029051839595863105	0.0033953404370598017	-0.025656499158803303
BRD-K39171998	0.02896454804207342	0.007956574960367627	-0.021007973081705794
BRD-A72703248	0.02875924944152186	0.005209399393975911	-0.02354985004754595
BRD-K37237504	0.028582497800718865	0.026263720827564008	-0.002318776973154857
BRD-K89714990	0.028494817852919185	0.02282222623562702	-0.005672591617292166
BRD-K82181219	0.028421217187988512	0.012994401300343128	-0.015426815887645384
BRD-K58772419	0.028409209339840244	0.004654546184255413	-0.023754663155584832
BRD-K58122457	0.028371081994506775	0.020716192081552398	-0.007654889912954377
BRD-K24869513	0.028283272582036903	0.014531535327995504	-0.013751737254041399
BRD-K49371609	0.028189184133068923	0.026777436638372176	-0.0014117474946967468
BRD-A43885598	0.027628278450023136	0.009827824935283891	-0.017800453514739245
BRD-A72716251	0.027427025620410956	0.005219432905905725	-0.02220759271450523
BRD-K40308497	0.0274196137680498	0.024307186001244152	-0.0031124277668056477
BRD-K15071410	0.027383946251447466	0.02695603315072337	-0.0004279131007240977
BRD-K56405753	0.027347243017484854	0.018884072803162566	-0.008463170214322288
BRD-K68395654	0.02730121832727761	0.0253225774085446	-0.00197864091873301
BRD-K03765900	0.027280018487554875	0.0020368029217586736	-0.0252432155657962
BRD-K96424892	0.027273771817224374	0.007604398691630044	-0.01966937312559433
BRD-K49027941	0.027230951377601186	0.020654987658780325	-0.006575963718820862
BRD-K63068307	0.027226743775824125	0.01914394076214554	-0.008082803013678586
BRD-K87510569	0.027147737960918517	0.01593422029578795	-0.011213517665130568
BRD-K54095730	0.027126699952033262	0.022324564043906647	-0.004802135908126615
BRD-K53665955	0.02687926060137634	0.016474023237613628	-0.010405237363762712
BRD-A10070317	0.026800481349643305	0.023450324082435345	-0.0033501572672079588
BRD-K82846253	0.02679028600687572	0.0009070294784579991	-0.02588325652841772
BRD-K79555887	0.02658508450482666	0.0014077017237572598	-0.025177382781069402
BRD-K84663978	0.0265453712172851	0.006598037445066523	-0.01994733377221858
BRD-K57169635	0.025815222844300018	0.0245680573114202	-0.0012471655328798186
BRD-K04548931	0.02579609443929822	0.019662673328918585	-0.006133421110379635
BRD-K52756523	0.025785057576175413	0.017837577508879682	-0.007947480067295731
BRD-K09397065	0.025543314671001145	0.024976421246964864	-0.0005668934240362812
BRD-K31627533	0.025295713489506544	0.008157245198964547	-0.017138468290541997
BRD-K44665581	0.025073325552506652	0.002836473822567375	-0.022236851729939278
BRD-K99964838	0.024853980035253267	0.019122870387092927	-0.0057311096481603395
BRD-K85090592	0.024844108354161065	0.0196506331146028	-0.005193475239558265
BRD-K59146805	0.0246948679557464	0.017391086228001527	-0.0073037817277448736
BRD-K32821942	0.024518698905958883	0.007365601107699793	-0.01715309779825909
BRD-A64092382	0.024504716721592018	0.013938554772941592	-0.010566161948650428
BRD-K92441787	0.024489925383037514	0.01748239118656314	-0.007007534196474374
BRD-K49350383	0.024481445447148295	0.009687355768266001	-0.014794089678882294
BRD-K97365803	0.02433939033792215	0.0174964381032649	-0.006842952234657251
BRD-A08545410	0.02418879056047192	0.018519856320109107	-0.005668934240362812
BRD-K89014967	0.024053629444926707	0.0052254530130636315	-0.018828176431863075
BRD-K87782578	0.023966143694131914	0.016669676720245608	-0.007296466973886306
BRD-K74057757	0.023935946059839872	0.023595810005418105	-0.0003401360544217687
BRD-K54314721	0.023929796488011856	0.01631148034435015	-0.0076183161436617075
BRD-K95292280	0.02385263554465465	0.020615856962253945	-0.003236778582400702
BRD-K55696337	0.02371420544619025	0.023033933337346713	-0.0006802721088435374
BRD-K07106112	0.023683522319385485	0.002156201713723838	-0.02152732060566165
BRD-K24556098	0.023623709641816572	0.008964942909317118	-0.014658766732499454
BRD-A10039652	0.023572959491152012	0.015731543354804978	-0.007841416136347035
BRD-K02900412	0.02356046615049101	0.008612766640579528	-0.014947699509911483
BRD-K28570407	0.023441779414211106	0.00804787991892919	-0.015393899495281915
BRD-K21718444	0.023430257058575602	0.022636606264924808	-0.0007936507936507937
BRD-K84798689	0.023389637518343595	0.0070375052675938354	-0.01635213225074976
BRD-K48195801	0.023337366157805906	0.008952902695001375	-0.014384463462804531
BRD-K95785537	0.023155824324210622	0.00821543956815765	-0.014940384756052971
BRD-K37312348	0.023131193670731177	0.013256275961712083	-0.009874917709019094
BRD-K16551357	0.022968197651122457	0.017551622418879087	-0.00541657523224337
BRD-K25412176	0.022957354985004674	0.00170068027210879	-0.021256674712895884
BRD-K37687095	0.022886440711978033	0.022773062027170776	-0.00011337868480725624
BRD-K16136380	0.022608900825531464	0.015418497782593854	-0.00719040304293761
BRD-K06426971	0.02228368557433441	0.014957959585013947	-0.007325725989320464
BRD-A25687296	0.02199310212237915	0.017000782613930565	-0.004992319508448584
BRD-K22520627	0.02165235111077446	0.020127224931270393	-0.001525126179504066
BRD-K85307935	0.021650020746713374	0.002723095137760119	-0.018926925608953257
BRD-K84564571	0.021619208155238472	0.015496759175646635	-0.006122448979591836
BRD-K44827188	0.02160745923643033	0.01695161840547428	-0.004655840830956048
BRD-K54634444	0.02153285522030683	0.013245239098589323	-0.008287616121717505
BRD-A91366704	0.021441194233902526	0.0027190817329881822	-0.018722112500914344
BRD-K36386086	0.021150610781947212	0.0020408163265306367	-0.019109794455416575
BRD-K30867024	0.021125947762300264	0.009967290751108693	-0.011158657011191571
BRD-K17705806	0.02097929665728704	0.014158288684205322	-0.006821007973081716
BRD-K49294207	0.020974927224672313	0.0038328015572010043	-0.01714212566747131
BRD-K43457670	0.020916538658474093	0.0036281179138322184	-0.017288420744641875
BRD-A12994259	0.02071408828066384	0.007035498565207794	-0.013678589715456047
BRD-M97302542	0.020634920634920617	0.0020408163265306367	-0.01859410430838998
BRD-K12244279	0.02063456460707802	0.0024903176609877287	-0.018144246946090292
BRD-K44067360	0.0204478118205128	0.007156904059558926	-0.013290907760953874
BRD-K62810658	0.020364630769997595	0.0030652378945678566	-0.01729939287542974
BRD-K43905307	0.01998921559298379	0.007707743864507455	-0.012281471728476337
BRD-K72726508	0.01992538951064282	0.0019274376417233174	-0.017997951868919504
BRD-K45528773	0.019872373728252415	0.018398450825758084	-0.0014739229024943311
BRD-K39974922	0.019761163576668732	0.0030652378945678566	-0.016695925682100876
BRD-K05524748	0.01974439790189564	0.01596632753396343	-0.003778070367932207
BRD-K08525451	0.019408631280088406	0.009511769309493712	-0.009896861970594695
BRD-K15916496	0.019238320506621137	0.003489655449200324	-0.015748665057420813
BRD-K66097663	0.019103191757243395	0.0056769610499066885	-0.013426230707336707
BRD-K49071277	0.019077849048078646	0.008442196937772165	-0.010635652110306482
BRD-K59369769	0.018988162397892833	0.006245861176328938	-0.012742301221563893
BRD-K25279140	0.018948869870528864	0.0018140589569161092	-0.017134810913612755
BRD-K16505263	0.018915176690145113	0.015173680091505659	-0.0037414965986394557
BRD-K85014146	0.018908638724306814	0.0003401360544217358	-0.01856850266988508
BRD-K99170882	0.0188428059395801	0.006462585034013646	-0.012380220905566452
BRD-A10523515	0.018767651698608744	0.0029458391026025987	-0.015821812596006145
BRD-K23952234	0.018704764235126015	0.010874320229566803	-0.007830444005559212
BRD-K79821389	0.01840673656464198	0.010060602412056308	-0.008346134152585671
BRD-K06749501	0.01796302877417011	0.006007063592398554	-0.011955965181771555
BRD-K72723676	0.01791312014386115	0.008381995866193037	-0.009531124277668113
BRD-K17979676	0.01785256304443946	0.016821182750386354	-0.001031380294053105
BRD-M92675308	0.017767537122375887	0.0005668934240362633	-0.017200643698339624
BRD-K18619710	0.017714197678310062	0.014601769911504414	-0.0031124277668056477
BRD-K30933884	0.017696040258333746	0.006007063592398554	-0.011688976665935193
BRD-K08791496	0.01764894748459855	0.014247586940380863	-0.003401360544217687
BRD-A69815203	0.017549745181163146	0.00974856019103798	-0.007801184990125165
BRD-K04568635	0.017443810714884534	0.005802379949029757	-0.011641430765854777
BRD-K71164191	0.01737726587447233	0.01100977264061967	-0.006367493233852661
BRD-K58529924	0.01732573893578747	0.008233499889631374	-0.009092239046156097
BRD-K49456274	0.01724760700740473	0.012599080930307226	-0.0046485260770975055
BRD-A39390670	0.01711730081698684	0.00897597977243994	-0.0081413210445469
BRD-K57080016	0.016997578363346446	0.0142435735356089	-0.002754004827737546
BRD-K62965247	0.016947507902199767	0.010071639275179067	-0.0068758686270206995
BRD-K90574421	0.016782990672717796	0.007361587702927719	-0.009421402969790077
BRD-K06753942	0.016712400061366192	0.008421126562719428	-0.008291273498646765
BRD-K51662849	0.016663656613087705	0.01643689924347319	-0.00022675736961451248
BRD-A42746051	0.01663556277968415	0.015275018561997075	-0.0013605442176870747
BRD-K85872723	0.01609278215044696	0.01332049043806316	-0.002772291712383801
BRD-K92093830	0.0160676983706224	0.013748921397467542	-0.002318776973154857
BRD-K12040459	0.01576659591422447	0.005211406096361837	-0.010555189817862631
BRD-K56277358	0.015719406041986628	0.0045351473922902175	-0.01118425864969641
BRD-K15600710	0.015288062127505872	0.010072642626372086	-0.005215419501133787
BRD-A11990600	0.015192743764172345	0.00045351473922905505	-0.01473922902494329
BRD-K25340465	0.014978026608873637	0.006247867878714907	-0.00873015873015873
BRD-A27376179	0.01484574608223721	0.006766600445487936	-0.008079145636749274
BRD-A17846016	0.014842930225663409	0.004075612545903273	-0.010767317679760136
BRD-K00077635	0.014778392087637315	0.006110408765276021	-0.008667983322361295
BRD-K59866480	0.014725182108241619	0.01438504605381985	-0.0003401360544217687
BRD-K21547160	0.014655109355570184	0.0049886621315192725	-0.009666447224050911
BRD-K07442505	0.01455059900066223	0.014323841631047718	-0.00022675736961451248
BRD-K15766189	0.014374106289199329	0.010932514598759768	-0.0034415916904395605
BRD-K46585355	0.014312966598762356	0.00634719964682029	-0.007965766951942066
BRD-K79131256	0.014180718438293568	0.008628820259667288	-0.00555189817862628
BRD-K67298865	0.014091873308463135	0.0011337868480725266	-0.012958086460390608
BRD-K45462423	0.014034876487468049	0.011653924106515667	-0.002380952380952381
BRD-K35329391	0.013842330156917604	0.010400738466478043	-0.0034415916904395605
BRD-K00634421	0.013824172736941353	0.012803764573676046	-0.0010204081632653062
BRD-K89561498	0.013819123614808944	0.009108422129913911	-0.004710701484895033
BRD-K84937637	0.013775461654830394	0.008296711014789397	-0.005478750640040997
BRD-K16478699	0.013678589715456053	0.0013605442176870541	-0.012318045497769
BRD-A64064900	0.013571036940801636	0.010743884574478765	-0.002827152366322871
BRD-K92073408	0.013532294638285425	0.0054421768707483276	-0.008090117767537097
BRD-K96358241	0.013494199659119594	0.006713422832259747	-0.006780776826859847
BRD-K63736853	0.013455975215283501	0.010456926133285173	-0.0029990490819983284
BRD-A74765037	0.013412313255304979	0.006810747897979251	-0.006601565357325728
BRD-K02241333	0.01339697169190257	0.00022675736961452753	-0.013170214322288043
BRD-A14344385	0.01334683649842091	0.001939477856039172	-0.011407358642381737
BRD-K67868012	0.013309550673442826	0.0018180723616880376	-0.011491478311754788
BRD-K81074237	0.013229217845668956	0.010683683502899683	-0.0025455343427692734
BRD-K84892605	0.01320410169967692	0.012523829590833382	-0.0006802721088435374
BRD-A26032986	0.013127037854822237	0.007377641322015531	-0.005749396532806705
BRD-K21782625	0.013034891375905189	0.0003401360544217358	-0.012694755321483453
BRD-K01683783	0.012943456952673515	0.0009070294784579991	-0.012036427474215516
BRD-K64881305	0.01268378319069563	0.002154195011337845	-0.010529588179357785
BRD-K95581532	0.01264720942140296	0.0003401360544217358	-0.012307073366981225
BRD-K53972329	0.012440551441815622	0.010172977745670497	-0.0022675736961451248
BRD-K98384930	0.012376563528637363	0.0006802721088435826	-0.01169629141979378
BRD-K79684402	0.012142135377321672	0.002150181606565993	-0.00999195377075568
BRD-K61295575	0.01189676746138546	0.008670961009772604	-0.003225806451612856
BRD-K95435023	0.011843298552649721	8.026809543875899e-06	-0.011835271743105846
BRD-K78960041	0.011765263722769547	0.010002408042863176	-0.001762855679906371
BRD-K36788280	0.01173629600284299	0.004893343768185739	-0.006842952234657251
BRD-K69726342	0.011534525314550596	0.008586679509561934	-0.0029478458049886623
BRD-A75850590	0.011524394704118257	0.0026077097505669	-0.008916684953551357
BRD-K75911534	0.011400173353193217	0.002856540846427065	-0.008543632506766152
BRD-K96631475	0.01136181944468719	0.002836473822567375	-0.008525345622119816
BRD-K10799896	0.011190634784696977	0.004545180904220096	-0.0066454538804768815
BRD-K08619574	0.01114037012654523	0.002154195011337845	-0.008986175115207384
BRD-K21396683	0.011059940200268892	0.007771958340858462	-0.003287981859410431
BRD-K77908580	0.010972616280311723	0.0073957016434892525	-0.0035769146368224707
BRD-K01109406	0.010844122595274674	0.00022675736961452753	-0.010617365225660147
BRD-K89162000	0.010475925073616842	0.006723456344189589	-0.003752468729427254
BRD-K17294426	0.010457379259630306	0.004525113880360365	-0.005932265379269941
BRD-K50140147	0.010390704954548139	0.0071027230951377085	-0.003287981859410431
BRD-K95142244	0.010315324150404202	0.004284309594044022	-0.00603101455636018
BRD-K22503835	0.010301536163042628	0.006241847771557001	-0.0040596883914856274
BRD-K36363294	0.010070538825483564	0.002514398089619327	-0.007556140735864237
BRD-K05674516	0.009971304155880604	0.006683322296470173	-0.003287981859410431
BRD-K64538373	0.009856922119880419	0.005095017357975656	-0.004761904761904762
BRD-K69195780	0.009787723253731895	0.007242188910962621	-0.0025455343427692734
BRD-K69001009	0.00956404067003147	0.0075963718820861725	-0.001967668787945298
BRD-K19412355	0.009509180016092446	0.0015873015873015817	-0.007921878428790864
BRD-K33720171	0.009422341588648084	0.006906066261312849	-0.0025162753273352354
BRD-K12343256	0.009371494339480924	0.0020347962193726365	-0.007336698120108287
BRD-K80700417	0.009360295645520543	0.007268276041980213	-0.0020920196035403293
BRD-K28824103	0.009355214157220623	0.004871270041940101	-0.004483944115280521
BRD-K29673530	0.009305078963738887	0.0059037184195212	-0.003401360544217687
BRD-K09132007	0.009291388074879725	0.00634719964682029	-0.0029441884280594355
BRD-K18424115	0.009249862281957223	0.004312403427447676	-0.004937458854509547
BRD-K23566484	0.00924584887718527	0.003968253968253954	-0.005277594908931316
BRD-K06234293	0.009193706981317601	0.008740192242088576	-0.00045351473922902497
BRD-K68488863	0.009173639957457977	0.006112415467662058	-0.003061224489795918
BRD-A68969091	0.008940862480685444	0.007466939578191112	-0.0014739229024943311
BRD-K64925568	0.008834442521894137	0.0024742640418999873	-0.006360178479994149
BRD-K63828191	0.008809326375901963	0.006808741195593281	-0.002000585180308682
BRD-K78496197	0.008689927583936814	0.0052154195011338	-0.003474508082803014
BRD-K67511046	0.008565576768341776	0.004648526077097537	-0.003917050691244239
BRD-K34533029	0.008509421467702125	0.007035498565207794	-0.0014739229024943311
BRD-K78086729	0.008400994806524741	0.0013605442176870541	-0.007040450588837686
BRD-K08859203	0.008400056187666807	0.007946541448437781	-0.00045351473922902497
BRD-A11132253	0.008392967996980864	0.0046404992675536105	-0.003752468729427254
BRD-A28970875	0.008171292115666326	0.007831156061244557	-0.0003401360544217687
BRD-K76064317	0.00815724519896449	0.006456564926855646	-0.0017006802721088435
BRD-K33743361	0.008154170413050547	0.0033812935203579864	-0.00477287689269256
BRD-K37561857	0.007804842367054393	0.0014739229024943734	-0.00633091946456002
BRD-K24048528	0.007707743864507391	0.0075943651797001355	-0.00011337868480725624
BRD-A74914197	0.007504937458854532	0.0028344671201814275	-0.004670470338673105
BRD-K99545815	0.0074930267092087575	0.00681275460036522	-0.0006802721088435374
BRD-K36740062	0.007488657276594148	0.002723095137760119	-0.004765562138834029
BRD-K76210423	0.007442923881894617	0.004506050207693693	-0.002936873674200924
BRD-K88506063	0.007353690358054029	0.003180623281761082	-0.004173067076292947
BRD-A57382968	0.007296466973886306	0.0013605442176870541	-0.005935922756199252
BRD-K50168500	0.006989247311827913	0.003514739229024899	-0.003474508082803014
BRD-K81473043	0.006964001701165765	0.00385888868821865	-0.0031051130129471152
BRD-K05804044	0.0066783702728403505	0.0012471655328798459	-0.005431204739960505
BRD-K94353609	0.006605222734255012	0.0014739229024943734	-0.005131299831760638
BRD-K08799216	0.006448667581981966	0.0028424939297252826	-0.0036061736522566834
BRD-K76908866	0.006339172837276543	0.004865249934782212	-0.0014739229024943311
BRD-K20285085	0.006333282194788731	0.00034615616157967523	-0.005987126033209056
BRD-K38860038	0.006298003072196634	0.0009070294784579991	-0.005390973593738635
BRD-K38904395	0.006243886840110402	0.00528565408464271	-0.0009582327554676917
BRD-K56334280	0.006172616539241065	0.005605723115204783	-0.0005668934240362812
BRD-K11590034	0.0060975593967723795	0.004089659462605101	-0.0020078999341672787
BRD-K36467523	0.005998098163996768	0.0010204081632653184	-0.0049776900007314495
BRD-K28965160	0.005946894886986964	0.002947845804988636	-0.0029990490819983284
BRD-A97739905	0.005897698312363293	0.002723095137760119	-0.0031746031746031746
BRD-K52911425	0.005880641342082569	0.005767262657275313	-0.00011337868480725624
BRD-K48443249	0.005301545872892881	0.0022695803985310938	-0.003031965474361787
BRD-K86687746	0.005116670324043726	0.0024943310657596918	-0.0026223392582840344
BRD-K19333160	0.004988662131519257	0.0005668934240362633	-0.004421768707482994
BRD-K54838207	0.004682640017658983	0.0038889892240081894	-0.0007936507936507937
BRD-K03390685	0.004597322800087742	0.0011337868480725266	-0.0034635359520152147
BRD-A91452556	0.0045331406899042845	0.0019254309393373914	-0.0026077097505668935
BRD-K17472821	0.004493006642184948	0.003812734533341411	-0.0006802721088435374
BRD-K72420232	0.004456691802232359	0.00238295908333835	-0.0020737327188940086
BRD-K80343549	0.004432740838270823	0.00045351473922905505	-0.003979226099041768
BRD-K39558284	0.004370565430473256	0.0023809523809523725	-0.001989613049520884
BRD-A08840375	0.004308390022675791	0.0024943310657596918	-0.0018140589569160999
BRD-K53734668	0.004223105171272049	0.003996347801657536	-0.00022675736961451248
BRD-K50071428	0.004070660522273339	0.00011337868480720825	-0.003957281837466131
BRD-K49049886	0.004053700650495207	5.618766680709486e-05	-0.003997512983688112
BRD-K25630527	0.003968253968254005	0.003061224489795955	-0.0009070294784580499
BRD-K90027355	0.003741496598639498	0.0014739229024943734	-0.0022675736961451248
BRD-K76719364	0.0037134027652358345	0.0017859651235124785	-0.001927437641723356
BRD-K40175214	0.003514739229024995	0.0032879818594104826	-0.00022675736961451248
BRD-K29968218	0.0033993538418317045	0.0024923243633736547	-0.0009070294784580499
BRD-A59303141	0.00335015726720791	0.00011337868480720825	-0.003236778582400702
BRD-A72711497	0.003287981859410383	0.00011337868480720825	-0.0031746031746031746
BRD-K66527818	0.003174603174603181	0.0026077097505669	-0.0005668934240362812
BRD-K23301018	0.0030652378945678566	0.0021582084161098068	-0.0009070294784580499
BRD-K41337261	0.003063231192181887	0.002836473822567375	-0.00022675736961451248
BRD-A10903566	0.002727108542532057	0.001820079064074007	-0.0009070294784580499
BRD-K43644456	0.0025076659267761463	0.0011398069552304695	-0.0013678589715456768
BRD-K20655524	0.0024943310657596193	0.0005668934240362633	-0.001927437641723356
BRD-K42981054	0.0020428230289165814	0.0010224148656512752	-0.0010204081632653062
BRD-K84868168	0.0019274376417233834	0.0012471655328798459	-0.0006802721088435374
BRD-K17894950	0.0019274376417233053	0.0009070294784579991	-0.0010204081632653062
BRD-A98299281	0.001814058956916145	0.0006802721088435826	-0.0011337868480725624
BRD-K77987382	0.0012471655328797828	0.0011337868480725266	-0.00011337868480725624
BRD-K77943374	0.0005047180162386367	0.00011337868480720825	-0.0003913393314314284
BRD-K42828737	0.0	0.0	-0.0024797015580426685
BRD-A23127772	0.0	0.0	-0.02074464194279868
BRD-A20644369	0.0	0.0	-0.0003401360544217687
BRD-K78055238	0.0	0.0	-0.07358276643990924
BRD-K76674262	0.0	0.0	-0.017771194499305087
BRD-K44993696	0.0	0.0	-0.008207153829273648
BRD-K28061410	0.0	0.0	-0.0007826786628629678
BRD-K22588750	0.0	0.0	-0.02544437129690591
