Compound	CMap_Score	a_score	b_score
BRD-K77685957	1.4585106382978723	0.7659574468085106	-0.6925531914893617
BRD-K30577245	1.4500000000000002	0.7191489361702128	-0.7308510638297873
BRD-K07612980	1.4382978723404256	0.7957446808510639	-0.6425531914893617
BRD-K25412176	1.4106382978723404	0.7936170212765957	-0.6170212765957447
BRD-A20239487	1.40531914893617	0.6404255319148936	-0.7648936170212766
BRD-A83650191	1.3946808510638298	0.8117021276595745	-0.5829787234042553
BRD-K04622161	1.372340425531915	0.6287234042553191	-0.7436170212765958
BRD-K23952234	1.3627659574468085	0.5670212765957447	-0.7957446808510639
BRD-A67516570	1.3432624113475176	0.6049645390070921	-0.7382978723404255
BRD-K71221037	1.3393617021276594	0.7638297872340425	-0.575531914893617
BRD-K60341624	1.3372340425531914	0.7531914893617021	-0.5840425531914893
BRD-K50677762	1.326595744680851	0.7425531914893617	-0.5840425531914893
BRD-K76064317	1.3244680851063828	0.7691489361702127	-0.5553191489361702
BRD-K17294426	1.323404255319149	0.7361702127659575	-0.5872340425531914
BRD-K82181219	1.3134751773049644	0.8691489361702127	-0.4443262411347518
BRD-K56405753	1.3127659574468087	0.6074468085106384	-0.7053191489361702
BRD-A25687296	1.3070921985815602	0.6028368794326241	-0.7042553191489361
BRD-K30519779	1.2946808510638297	0.5712765957446808	-0.723404255319149
BRD-K61443650	1.2893617021276595	0.624468085106383	-0.6648936170212766
BRD-K15071410	1.2829787234042553	0.6712765957446809	-0.6117021276595744
BRD-K32007074	1.2797872340425531	0.5808510638297872	-0.698936170212766
BRD-A08840375	1.2680851063829786	0.7159574468085106	-0.5521276595744681
BRD-K44009692	1.253191489361702	0.6138297872340426	-0.6393617021276595
BRD-A55962179	1.253191489361702	0.4138297872340425	-0.8393617021276596
BRD-K71847383	1.246808510638298	0.5819148936170213	-0.6648936170212766
BRD-K61397605	1.2425531914893617	0.648936170212766	-0.5936170212765958
BRD-K66094457	1.2400709219858155	0.5634751773049645	-0.676595744680851
BRD-K62213621	1.228723404255319	0.65	-0.5787234042553191
BRD-K90027121	1.2244680851063832	0.6138297872340426	-0.6106382978723405
BRD-K96153583	1.2191489361702128	0.4968085106382979	-0.7223404255319149
BRD-K68095457	1.2170212765957449	0.5914893617021277	-0.625531914893617
BRD-K86118762	1.2166666666666668	0.5634751773049645	-0.6531914893617021
BRD-A98990573	1.2102836879432624	0.6400709219858156	-0.5702127659574469
BRD-K97764662	1.2063829787234042	0.5595744680851064	-0.6468085106382979
BRD-K01614093	1.198581560283688	0.5677304964539007	-0.6308510638297873
BRD-K45252063	1.196808510638298	0.6638297872340426	-0.5329787234042553
BRD-K94559059	1.1911347517730495	0.5049645390070922	-0.6861702127659575
BRD-K79131256	1.1904255319148938	0.49148936170212765	-0.698936170212766
BRD-A14240607	1.1900709219858157	0.4890070921985815	-0.701063829787234
BRD-A49765801	1.1893617021276595	0.5797872340425532	-0.6095744680851064
BRD-K80700417	1.1872340425531915	0.4691489361702128	-0.7180851063829787
BRD-K93123848	1.1840425531914893	0.5234042553191489	-0.6606382978723404
BRD-K27182532	1.1804964539007092	0.5624113475177305	-0.6180851063829788
BRD-K47000838	1.1797872340425533	0.7223404255319149	-0.4574468085106383
BRD-K84892605	1.1709219858156028	0.5656028368794326	-0.6053191489361702
BRD-K58122457	1.1702127659574466	0.6425531914893616	-0.5276595744680851
BRD-K19333160	1.1691489361702128	0.5319148936170213	-0.6372340425531915
BRD-A94756469	1.1691489361702128	0.5659574468085107	-0.6031914893617021
BRD-K28537285	1.1691489361702128	0.5191489361702128	-0.65
BRD-K58529924	1.1691489361702128	0.8297872340425532	-0.3393617021276596
BRD-K40308497	1.1638297872340426	0.5914893617021277	-0.5723404255319149
BRD-K82244583	1.1592198581560282	0.5539007092198581	-0.6053191489361702
BRD-K41213548	1.1574468085106382	0.5372340425531915	-0.6202127659574468
BRD-K91614056	1.1560283687943262	0.7776595744680851	-0.3783687943262411
BRD-K68174511	1.1560283687943262	0.6092198581560283	-0.5468085106382978
BRD-A91831168	1.147517730496454	0.4890070921985815	-0.6585106382978724
BRD-K36467523	1.1457446808510638	0.5808510638297872	-0.5648936170212766
BRD-A06426627	1.1446808510638298	0.6936170212765957	-0.451063829787234
BRD-K68408772	1.144326241134752	0.7351063829787234	-0.4092198581560284
BRD-K37723606	1.1443262411347517	0.626241134751773	-0.5180851063829788
BRD-K32821942	1.1361702127659574	0.5074468085106383	-0.6287234042553191
BRD-K65678996	1.1351063829787233	0.5159574468085106	-0.6191489361702127
BRD-K35629949	1.1319148936170214	0.6648936170212766	-0.46702127659574466
BRD-A60197193	1.1273049645390072	0.7914893617021277	-0.33581560283687945
BRD-K40438880	1.125177304964539	0.625531914893617	-0.49964539007092196
BRD-K12502280	1.119858156028369	0.5723404255319149	-0.547517730496454
BRD-K48578705	1.1166666666666667	0.6092198581560283	-0.5074468085106383
BRD-K74514084	1.1166666666666667	0.4890070921985815	-0.6276595744680851
BRD-K96123349	1.1117021276595747	0.5574468085106383	-0.5542553191489362
BRD-K43449605	1.1113475177304966	0.5868794326241135	-0.524468085106383
BRD-K97752965	1.1106382978723404	0.5117021276595745	-0.5989361702127659
BRD-K97746869	1.1095744680851065	0.4787234042553191	-0.6308510638297873
BRD-K13050303	1.1085106382978722	0.7734042553191489	-0.3351063829787234
BRD-K60997853	1.1081560283687943	0.7021276595744681	-0.4060283687943263
BRD-K28061410	1.1063829787234043	0.5648936170212766	-0.5414893617021277
BRD-K13112821	1.1056737588652483	0.5836879432624114	-0.521985815602837
BRD-K69932463	1.1021276595744682	0.42340425531914894	-0.6787234042553192
BRD-K61536336	1.102127659574468	0.5223404255319148	-0.5797872340425532
BRD-K78177893	1.098581560283688	0.3124113475177305	-0.7861702127659574
BRD-A07986123	1.09645390070922	0.5304964539007092	-0.5659574468085107
BRD-K06858286	1.0946808510638297	0.4659574468085106	-0.6287234042553191
BRD-K96631475	1.0943262411347516	0.43900709219858153	-0.6553191489361702
BRD-K97010173	1.0900709219858156	0.49432624113475176	-0.5957446808510638
BRD-K18898553	1.0858156028368795	0.6946808510638298	-0.3911347517730496
BRD-K43187018	1.0851063829787233	0.7085106382978723	-0.37659574468085105
BRD-K27771035	1.0836879432624114	0.34964539007092194	-0.7340425531914894
BRD-K13756951	1.0776595744680852	0.4521276595744681	-0.625531914893617
BRD-A29485665	1.075177304964539	0.47730496453900706	-0.597872340425532
BRD-K23228615	1.071985815602837	0.672340425531915	-0.399645390070922
BRD-K39484304	1.070921985815603	0.7287234042553192	-0.34219858156028365
BRD-K37793595	1.0670212765957447	0.7510638297872341	-0.3159574468085106
BRD-K17555800	1.0656028368794326	0.38794326241134747	-0.6776595744680851
BRD-K80725821	1.0645390070921987	0.5829787234042554	-0.4815602836879433
BRD-K73293050	1.0617021276595744	0.5680851063829787	-0.49361702127659574
BRD-K51324732	1.0606382978723405	0.5904255319148937	-0.4702127659574468
BRD-K56291712	1.0581560283687943	0.4900709219858156	-0.5680851063829787
BRD-K63736853	1.0578014184397162	0.7946808510638298	-0.2631205673758865
BRD-K83834509	1.0563829787234043	0.2776595744680851	-0.7787234042553192
BRD-K84937637	1.0563829787234043	0.6223404255319149	-0.4340425531914894
BRD-K35240538	1.054255319148936	0.5585106382978724	-0.4957446808510638
BRD-K08547377	1.05177304964539	0.6776595744680851	-0.37411347517730503
BRD-K47557313	1.05177304964539	0.5638297872340425	-0.4879432624113475
BRD-K92241597	1.049645390070922	0.27517730496453896	-0.774468085106383
BRD-K51471001	1.0475177304964538	0.3358156028368794	-0.7117021276595744
BRD-K20290250	1.047163120567376	0.28652482269503543	-0.7606382978723404
BRD-K04264130	1.0446808510638297	0.5478723404255319	-0.4968085106382979
BRD-A81129465	1.0432624113475177	0.9042553191489362	-0.1390070921985816
BRD-K45528773	1.0432624113475177	0.45496453900709216	-0.5882978723404255
BRD-K18961567	1.0421985815602837	0.7734042553191489	-0.2687943262411348
BRD-K96424892	1.0390070921985815	0.34645390070921983	-0.6925531914893617
BRD-K89014967	1.0361702127659576	0.4148936170212766	-0.6212765957446809
BRD-K67566344	1.0361702127659573	0.7723404255319148	-0.26382978723404255
BRD-K28307902	1.0340425531914894	0.45319148936170217	-0.5808510638297872
BRD-K75478907	1.0340425531914894	0.28297872340425534	-0.7510638297872341
BRD-K32572029	1.0329787234042553	0.6106382978723404	-0.4223404255319149
BRD-K56707426	1.0304964539007093	0.6627659574468086	-0.3677304964539007
BRD-K76840893	1.0304964539007093	0.3358156028368794	-0.6946808510638298
BRD-K10843433	1.0297872340425531	0.6691489361702128	-0.3606382978723404
BRD-K98203492	1.0294326241134752	0.6531914893617021	-0.37624113475177307
BRD-K68336408	1.029432624113475	0.41241134751773045	-0.6170212765957447
BRD-K48988407	1.029432624113475	0.3996453900709219	-0.6297872340425532
BRD-K94485812	1.0287234042553193	0.32765957446808514	-0.701063829787234
BRD-K96358241	1.028014184397163	0.3131205673758865	-0.7148936170212766
BRD-K13390322	1.0265957446808511	0.676595744680851	-0.35
BRD-K99964838	1.026241134751773	0.4691489361702128	-0.5570921985815602
BRD-K83003151	1.0251773049645392	0.4957446808510638	-0.5294326241134752
BRD-A80213327	1.024822695035461	0.7478723404255319	-0.2769503546099291
BRD-K83837640	1.024468085106383	0.8063829787234043	-0.21808510638297873
BRD-K64890080	1.0241134751773049	0.5241134751773049	-0.5
BRD-K35245662	1.0237588652482268	0.5400709219858155	-0.4836879432624113
BRD-A72703248	1.0237588652482268	0.6326241134751772	-0.3911347517730496
BRD-K86930074	1.022695035460993	0.3152482269503546	-0.7074468085106383
BRD-K71281111	1.0202127659574467	0.3223404255319149	-0.6978723404255319
BRD-K39974922	1.0180851063829786	0.7159574468085106	-0.3021276595744681
BRD-K61250484	1.0177304964539007	0.6223404255319149	-0.3953900709219858
BRD-K18787491	1.0170212765957447	0.5521276595744681	-0.4648936170212766
BRD-K04111260	1.0134751773049646	0.5148936170212766	-0.498581560283688
BRD-K48195801	1.0127659574468084	0.39255319148936174	-0.6202127659574468
BRD-A01643550	1.0124113475177305	0.8648936170212767	-0.1475177304964539
BRD-K16338837	1.0124113475177305	0.5106382978723405	-0.50177304964539
BRD-K35687421	1.0124113475177303	0.626241134751773	-0.3861702127659574
BRD-K46862739	1.0081560283687943	0.5187943262411348	-0.48936170212765956
BRD-K04568635	1.0053191489361701	0.4276595744680851	-0.5776595744680851
BRD-K88625236	1.002482269503546	0.2333333333333333	-0.7691489361702127
BRD-K14560436	1.001063829787234	0.4212765957446809	-0.5797872340425532
BRD-A22081593	0.997517730496454	0.31453900709219856	-0.6829787234042554
BRD-K51575138	0.9971631205673759	0.3141843971631205	-0.6829787234042554
BRD-K67043667	0.9918439716312057	0.5709219858156028	-0.42092198581560286
BRD-K39381259	0.9897163120567375	0.45709219858156025	-0.5326241134751772
BRD-K92213669	0.9890070921985815	0.473404255319149	-0.5156028368794325
BRD-K42938903	0.9879432624113476	0.647872340425532	-0.3400709219858156
BRD-K96188950	0.9872340425531915	0.35744680851063826	-0.6297872340425532
BRD-K61314889	0.9851063829787234	0.6212765957446809	-0.3638297872340426
BRD-K48443249	0.9847517730496453	0.5453900709219858	-0.43936170212765957
BRD-A85651701	0.9794326241134752	0.624468085106383	-0.3549645390070922
BRD-K64866502	0.9790780141843972	0.3280141843971631	-0.6510638297872341
BRD-K82967180	0.9776595744680852	0.26276595744680853	-0.7148936170212766
BRD-A74208568	0.9765957446808511	0.3521276595744681	-0.624468085106383
BRD-K47869605	0.976241134751773	0.6138297872340426	-0.36241134751773046
BRD-K63712959	0.974113475177305	0.4443262411347517	-0.5297872340425532
BRD-K80608265	0.973404255319149	0.3553191489361702	-0.6180851063829788
BRD-K94441233	0.9687943262411347	0.5553191489361702	-0.4134751773049646
BRD-A70649075	0.9670212765957448	0.32446808510638303	-0.6425531914893617
BRD-K62607865	0.9645390070921985	0.2804964539007092	-0.6840425531914893
BRD-K03273112	0.9645390070921985	0.30283687943262405	-0.6617021276595745
BRD-K18619710	0.9624113475177305	0.29645390070921984	-0.6659574468085107
BRD-K07736136	0.9617021276595745	0.6329787234042553	-0.32872340425531915
BRD-K49865102	0.9617021276595744	0.5457446808510638	-0.41595744680851066
BRD-K29968218	0.9617021276595744	0.3861702127659574	-0.575531914893617
BRD-K77008974	0.9595744680851064	0.5787234042553191	-0.38085106382978723
BRD-K70511574	0.9588652482269503	0.3226950354609929	-0.6361702127659574
BRD-K62814476	0.9585106382978724	0.6393617021276596	-0.3191489361702128
BRD-A49358627	0.9585106382978724	0.5351063829787235	-0.42340425531914894
BRD-K37865504	0.9574468085106382	0.7234042553191489	-0.23404255319148937
BRD-M97302542	0.9570921985815602	0.45425531914893613	-0.5028368794326241
BRD-A60594020	0.9567375886524823	0.4666666666666666	-0.49007092198581564
BRD-K41278234	0.9567375886524823	0.25567375886524824	-0.701063829787234
BRD-K43457670	0.9567375886524823	0.30248226950354606	-0.6542553191489362
BRD-K97810537	0.9560283687943263	0.4826241134751773	-0.4734042553191489
BRD-K77638923	0.9560283687943263	0.5382978723404255	-0.41773049645390076
BRD-K38527262	0.9560283687943262	0.4964539007092198	-0.4595744680851064
BRD-K55703048	0.9556737588652482	0.3301418439716312	-0.625531914893617
BRD-K41312087	0.9556737588652482	0.5187943262411348	-0.4368794326241135
BRD-K64052750	0.9553191489361702	0.4957446808510638	-0.4595744680851064
BRD-K70246307	0.9549645390070921	0.41985815602836873	-0.5351063829787234
BRD-K34022604	0.9542553191489361	0.85	-0.10425531914893617
BRD-K04923131	0.9531914893617022	0.4276595744680851	-0.5255319148936171
BRD-K15424032	0.9528368794326241	0.2911347517730496	-0.6617021276595745
BRD-K61228301	0.9528368794326241	0.27198581560283686	-0.6808510638297872
BRD-K65928735	0.952127659574468	0.3734042553191489	-0.5787234042553191
BRD-K06543683	0.951063829787234	0.6542553191489362	-0.2968085106382979
BRD-K06294530	0.9503546099290782	0.7521276595744681	-0.19822695035461002
BRD-K89053832	0.947872340425532	0.6553191489361703	-0.2925531914893617
BRD-A06627858	0.9478723404255319	0.46382978723404256	-0.48404255319148937
BRD-A23072235	0.9475177304964539	0.475531914893617	-0.47198581560283687
BRD-A25004090	0.9475177304964539	0.41134751773049644	-0.5361702127659574
BRD-K88807631	0.9475177304964539	0.36560283687943257	-0.5819148936170213
BRD-K60184833	0.9464539007092199	0.6914893617021276	-0.2549645390070922
BRD-A51964809	0.9453900709219858	0.5606382978723404	-0.3847517730496454
BRD-K53972329	0.9425531914893617	0.3627659574468085	-0.5797872340425532
BRD-K72280606	0.9421985815602838	0.5765957446808511	-0.3656028368794327
BRD-K95292280	0.9421985815602836	0.3826241134751773	-0.5595744680851064
BRD-K09951645	0.9411347517730496	0.6304964539007092	-0.31063829787234043
BRD-K19796430	0.9404255319148936	0.3595744680851064	-0.5808510638297872
BRD-K89391146	0.9390070921985815	0.5283687943262411	-0.4106382978723404
BRD-A90272038	0.9375886524822696	0.6957446808510639	-0.24184397163120575
BRD-K19412355	0.9336879432624114	0.4042553191489362	-0.5294326241134752
BRD-A47706533	0.9333333333333333	0.47943262411347515	-0.4539007092198582
BRD-K14991967	0.9329787234042554	0.5893617021276596	-0.34361702127659577
BRD-K50388907	0.9329787234042553	0.6191489361702127	-0.31382978723404253
BRD-K67536197	0.9329787234042553	0.25212765957446803	-0.6808510638297872
BRD-K79254416	0.9326241134751774	0.3911347517730496	-0.5414893617021277
BRD-K43389675	0.9319148936170213	0.3563829787234043	-0.575531914893617
BRD-K49669041	0.9315602836879433	0.34964539007092194	-0.5819148936170213
BRD-K36529613	0.9315602836879433	0.4634751773049645	-0.46808510638297873
BRD-K79930101	0.9304964539007092	0.6553191489361703	-0.275177304964539
BRD-K85333151	0.9283687943262411	0.7308510638297872	-0.19751773049645388
BRD-K41337261	0.928014184397163	0.4964539007092198	-0.43156028368794325
BRD-K61323504	0.926241134751773	0.5432624113475177	-0.3829787234042553
BRD-K20545304	0.925531914893617	0.33723404255319145	-0.5882978723404255
BRD-K49027941	0.924468085106383	0.5531914893617021	-0.37127659574468086
BRD-K49313711	0.9237588652482269	0.47411347517730495	-0.449645390070922
BRD-K45446451	0.9226950354609929	0.602127659574468	-0.32056737588652484
BRD-K14796088	0.922340425531915	0.6797872340425533	-0.2425531914893617
BRD-K49049886	0.9223404255319149	0.3414893617021276	-0.5808510638297872
BRD-K30480208	0.9212765957446808	0.4138297872340425	-0.5074468085106383
BRD-K99498722	0.9198581560283687	0.3815602836879432	-0.5382978723404256
BRD-K31086665	0.9198581560283687	0.5797872340425532	-0.3400709219858156
BRD-K25279140	0.9180851063829787	0.26489361702127656	-0.6531914893617021
BRD-K08303368	0.9180851063829787	0.43297872340425536	-0.4851063829787234
BRD-K07955840	0.9170212765957446	0.43617021276595747	-0.4808510638297872
BRD-K68395654	0.9166666666666667	0.7042553191489362	-0.21241134751773055
BRD-K57927309	0.9156028368794326	0.5166666666666666	-0.39893617021276595
BRD-K77554836	0.9145390070921986	0.35709219858156027	-0.5574468085106383
BRD-K13949769	0.9131205673758865	0.6031914893617021	-0.30992907801418446
BRD-K89714990	0.9124113475177305	0.34219858156028365	-0.5702127659574469
BRD-K53417444	0.9117021276595745	0.42340425531914894	-0.48829787234042554
BRD-K33588785	0.9106382978723404	0.4563829787234043	-0.4542553191489362
BRD-K12885236	0.9099290780141844	0.5326241134751772	-0.37730496453900714
BRD-K26997899	0.9081560283687943	0.29219858156028367	-0.6159574468085106
BRD-K13314656	0.9070921985815603	0.5680851063829787	-0.33900709219858155
BRD-K21718444	0.9070921985815602	0.5315602836879432	-0.37553191489361704
BRD-K56957086	0.9049645390070922	0.3294326241134751	-0.575531914893617
BRD-K60025295	0.9046099290780143	0.47411347517730495	-0.4304964539007093
BRD-K33277808	0.902836879432624	0.49432624113475176	-0.4085106382978723
BRD-K81332461	0.9021276595744682	0.8404255319148937	-0.06170212765957447
BRD-A51571244	0.9021276595744682	0.13829787234042556	-0.7638297872340426
BRD-K68507560	0.902127659574468	0.45425531914893613	-0.4478723404255319
BRD-A48300215	0.901063829787234	0.85	-0.05106382978723404
BRD-K88510285	0.901063829787234	0.3382978723404255	-0.5627659574468085
BRD-K49456274	0.898581560283688	0.36879432624113473	-0.5297872340425532
BRD-K58148589	0.8968085106382979	0.4085106382978724	-0.48829787234042554
BRD-K05804044	0.8968085106382979	0.5882978723404255	-0.30851063829787234
BRD-K40331046	0.8960992907801419	0.5390070921985816	-0.3570921985815603
BRD-K20605374	0.895390070921986	0.5585106382978724	-0.3368794326241135
BRD-K19388745	0.8950354609929079	0.42624113475177305	-0.46879432624113476
BRD-K08525451	0.8946808510638298	0.37234042553191493	-0.5223404255319148
BRD-A24397426	0.8943262411347517	0.42978723404255315	-0.4645390070921986
BRD-K59369769	0.8932624113475176	0.4180851063829787	-0.47517730496453897
BRD-K86816506	0.8925531914893616	0.5680851063829787	-0.324468085106383
BRD-A99888680	0.8900709219858156	0.43936170212765957	-0.4507092198581561
BRD-K86727142	0.8900709219858155	0.12836879432624104	-0.7617021276595745
BRD-K82850175	0.8893617021276596	0.5265957446808511	-0.3627659574468085
BRD-K49962337	0.8893617021276596	0.4031914893617021	-0.48617021276595745
BRD-K89561498	0.8890070921985815	0.5347517730496454	-0.35425531914893615
BRD-K46937689	0.8890070921985815	0.3953900709219858	-0.49361702127659574
BRD-K43905307	0.8882978723404256	0.7734042553191489	-0.1148936170212766
BRD-K28578425	0.8879432624113475	0.3985815602836879	-0.48936170212765956
BRD-K07106112	0.8872340425531915	0.3021276595744681	-0.5851063829787234
BRD-K36055864	0.8868794326241136	0.5351063829787235	-0.3517730496453901
BRD-K51791723	0.8868794326241134	0.5975177304964538	-0.28936170212765955
BRD-K93034159	0.8858156028368793	0.3794326241134751	-0.5063829787234042
BRD-A23127772	0.8858156028368793	0.4819148936170212	-0.40390070921985816
BRD-K84011460	0.8851063829787233	0.37765957446808507	-0.5074468085106383
BRD-K34073885	0.8836879432624114	0.49787234042553197	-0.3858156028368795
BRD-K21673112	0.8836879432624114	0.5531914893617021	-0.3304964539007092
BRD-K71075609	0.8815602836879433	0.6191489361702127	-0.2624113475177305
BRD-K19284129	0.8815602836879433	0.6531914893617021	-0.2283687943262412
BRD-K40992116	0.8804964539007092	0.41241134751773045	-0.46808510638297873
BRD-A10523515	0.8797872340425532	0.23510638297872344	-0.6446808510638298
BRD-K12343256	0.8776595744680852	0.36808510638297876	-0.5095744680851064
BRD-K07881437	0.8773049645390071	0.4177304964539007	-0.4595744680851064
BRD-K99023089	0.8765957446808511	0.5829787234042554	-0.2936170212765957
BRD-K37270826	0.875886524822695	0.29716312056737587	-0.5787234042553191
BRD-K90374350	0.875531914893617	0.3595744680851064	-0.5159574468085106
BRD-K85402309	0.875177304964539	0.5329787234042553	-0.34219858156028365
BRD-A86248581	0.874822695035461	0.32907801418439714	-0.5457446808510639
BRD-K75037734	0.874113475177305	0.5829787234042554	-0.29113475177304965
BRD-K26011976	0.873758865248227	0.20673758865248226	-0.6670212765957447
BRD-K19295594	0.8737588652482269	0.2237588652482269	-0.65
BRD-K67261995	0.8734042553191489	0.21382978723404256	-0.6595744680851063
BRD-K64925568	0.8702127659574468	0.1851063829787234	-0.6851063829787234
BRD-K81473043	0.8687943262411348	0.5531914893617021	-0.31560283687943264
BRD-K19540840	0.8687943262411348	0.24219858156028368	-0.6265957446808511
BRD-A05906449	0.8684397163120567	0.5485815602836879	-0.3198581560283688
BRD-K78815826	0.8670212765957448	0.38829787234042556	-0.4787234042553192
BRD-K60369935	0.8663120567375886	0.50177304964539	-0.3645390070921986
BRD-A26503646	0.8659574468085106	0.5826241134751773	-0.2833333333333333
BRD-A11990600	0.8656028368794326	0.09858156028368792	-0.7670212765957447
BRD-K19085898	0.8648936170212767	0.3872340425531915	-0.4776595744680851
BRD-A93093700	0.8645390070921986	0.5893617021276596	-0.275177304964539
BRD-K36627727	0.8641843971631205	0.5741134751773049	-0.2900709219858156
BRD-K71822263	0.8634751773049645	0.5209219858156028	-0.3425531914893617
BRD-K99545815	0.8627659574468085	0.4819148936170212	-0.38085106382978723
BRD-K78567475	0.8624113475177304	0.5308510638297872	-0.33156028368794327
BRD-K31928526	0.8617021276595744	0.4340425531914893	-0.4276595744680851
BRD-K70177501	0.8613475177304964	0.3315602836879432	-0.5297872340425532
BRD-K96159438	0.8602836879432623	0.427304964539007	-0.4329787234042553
BRD-K50071428	0.8595744680851064	0.4117021276595745	-0.4478723404255319
BRD-K26667523	0.8578014184397164	0.30354609929078014	-0.5542553191489362
BRD-K73309154	0.8570921985815603	0.5049645390070922	-0.35212765957446807
BRD-K74305673	0.8553191489361702	0.31382978723404253	-0.5414893617021277
BRD-K97464279	0.8549645390070924	0.45319148936170217	-0.4017730496453901
BRD-K68488863	0.8542553191489363	0.2595744680851064	-0.5946808510638298
BRD-K59436580	0.8542553191489362	0.11382978723404258	-0.7404255319148936
BRD-K04701033	0.8539007092198583	0.44042553191489364	-0.4134751773049646
BRD-K45033733	0.8531914893617022	0.7031914893617022	-0.15
BRD-K13094524	0.8531914893617021	0.20425531914893613	-0.648936170212766
BRD-K95435023	0.8524822695035461	0.1078014184397163	-0.7446808510638298
BRD-K53581288	0.85177304964539	0.40921985815602835	-0.4425531914893617
BRD-K78318619	0.8507092198581561	0.41666666666666663	-0.4340425531914894
BRD-K92723993	0.849645390070922	0.5209219858156028	-0.32872340425531915
BRD-K83022601	0.8489361702127659	0.5872340425531914	-0.26170212765957446
BRD-K43860855	0.8475177304964538	0.4411347517730496	-0.40638297872340423
BRD-K34411947	0.8460992907801419	0.09503546099290777	-0.7510638297872341
BRD-K84564571	0.8453900709219857	0.41241134751773045	-0.4329787234042553
BRD-K99107520	0.8450354609929077	0.22163120567375885	-0.6234042553191489
BRD-K06593056	0.84468085106383	0.20886524822695035	-0.6358156028368795
BRD-K30933884	0.8436170212765957	0.11914893617021272	-0.7244680851063829
BRD-K28360340	0.8432624113475177	0.29645390070921984	-0.5468085106382978
BRD-K07442505	0.8429078014184397	0.35177304964539	-0.4911347517730497
BRD-K45875383	0.8414893617021277	0.4691489361702128	-0.3723404255319149
BRD-K60446698	0.8411347517730496	0.6468085106382979	-0.19432624113475178
BRD-K11851476	0.8407801418439715	0.30460992907801415	-0.5361702127659574
BRD-K74763371	0.8404255319148937	0.5563829787234043	-0.28404255319148936
BRD-K27217864	0.8404255319148936	0.31702127659574464	-0.5234042553191489
BRD-K37890730	0.8400709219858156	0.37127659574468086	-0.46879432624113476
BRD-K71035033	0.8368794326241134	0.36773049645390066	-0.46914893617021275
BRD-K58770988	0.8365248226950355	0.26205673758865244	-0.574468085106383
BRD-K88789588	0.8361702127659574	0.5595744680851064	-0.2765957446808511
BRD-K17068645	0.8358156028368795	0.4421985815602837	-0.39361702127659576
BRD-K35952844	0.8351063829787234	0.5574468085106383	-0.2776595744680851
BRD-K24603946	0.8326241134751773	0.40177304964539	-0.4308510638297872
BRD-A11551002	0.8326241134751773	0.3315602836879432	-0.5010638297872341
BRD-K68997413	0.8319148936170213	0.32446808510638303	-0.5074468085106383
BRD-K24048528	0.8319148936170213	0.1819148936170213	-0.65
BRD-K28822270	0.8319148936170212	0.40531914893617016	-0.42659574468085104
BRD-K13087974	0.8315602836879432	0.5159574468085106	-0.31560283687943264
BRD-K87737963	0.8304964539007091	0.37446808510638296	-0.45602836879432623
BRD-A60786380	0.8301418439716312	0.45496453900709216	-0.375177304964539
BRD-K29673530	0.8297872340425532	0.6113475177304964	-0.21843971631205672
BRD-K29542628	0.8294326241134751	0.5443262411347517	-0.2851063829787234
BRD-K05638300	0.8290780141843972	0.2695035460992908	-0.5595744680851064
BRD-K33813875	0.8262411347517731	0.4421985815602837	-0.3840425531914894
BRD-A50064262	0.825886524822695	0.6124113475177304	-0.21347517730496451
BRD-A43082461	0.8255319148936171	0.4414893617021277	-0.3840425531914894
BRD-K12867552	0.825177304964539	0.4925531914893617	-0.33262411347517734
BRD-K20655524	0.8241134751773049	0.41241134751773045	-0.4117021276595745
BRD-K96259238	0.8230496453900709	0.41595744680851066	-0.40709219858156026
BRD-K35960502	0.8230496453900709	0.4134751773049645	-0.4095744680851064
BRD-A03623303	0.8223404255319149	0.42553191489361697	-0.39680851063829786
BRD-K14618467	0.8202127659574469	0.5425531914893618	-0.2776595744680851
BRD-K11073688	0.8187943262411348	0.2858156028368794	-0.5329787234042553
BRD-K69726342	0.8184397163120567	0.5946808510638297	-0.22375886524822697
BRD-K51474575	0.8177304964539007	0.5145390070921986	-0.30319148936170215
BRD-K69195780	0.8170212765957446	0.25851063829787235	-0.5585106382978723
BRD-K54606188	0.8166666666666667	0.48510638297872344	-0.33156028368794327
BRD-K05444225	0.8163120567375887	0.3336879432624113	-0.48262411347517736
BRD-K32744045	0.8156028368794326	0.4156028368794326	-0.4
BRD-K33425534	0.8148936170212766	0.5159574468085106	-0.298936170212766
BRD-K91623615	0.8148936170212765	0.11914893617021272	-0.6957446808510638
BRD-K42673188	0.8145390070921985	0.24751773049645387	-0.5670212765957446
BRD-K38332599	0.8138297872340425	0.47021276595744677	-0.34361702127659577
BRD-K31866293	0.8138297872340425	0.2574468085106383	-0.5563829787234043
BRD-K32405725	0.8134751773049644	0.27411347517730494	-0.5393617021276595
BRD-A44090213	0.8124113475177306	0.4414893617021277	-0.3709219858156028
BRD-K15916496	0.8124113475177304	0.5081560283687943	-0.30425531914893617
BRD-K73237276	0.8117021276595744	0.49893617021276593	-0.3127659574468085
BRD-K84466663	0.8113475177304964	0.4666666666666666	-0.3446808510638298
BRD-K07972848	0.8102836879432624	0.3315602836879432	-0.4787234042553192
BRD-K99604664	0.8102836879432624	0.3946808510638298	-0.4156028368794326
BRD-A48237631	0.8099290780141843	0.26205673758865244	-0.5478723404255319
BRD-K52075715	0.8092198581560284	0.48475177304964534	-0.324468085106383
BRD-K81694556	0.8085106382978723	0.15638297872340423	-0.652127659574468
BRD-K54262262	0.8070921985815602	0.5148936170212766	-0.2921985815602837
BRD-K38458514	0.8070921985815602	0.600709219858156	-0.20638297872340425
BRD-K12068470	0.8070921985815602	0.48687943262411343	-0.3202127659574468
BRD-K72167406	0.8067375886524824	0.623404255319149	-0.18333333333333335
BRD-K36234266	0.8046099290780142	0.43475177304964535	-0.36985815602836886
BRD-K58262659	0.8031914893617023	0.3808510638297873	-0.4223404255319149
BRD-K85307935	0.8024822695035461	0.2631205673758865	-0.5393617021276595
BRD-K96253961	0.8010638297872339	0.5457446808510638	-0.2553191489361702
BRD-M80207679	0.800354609929078	0.5851063829787234	-0.21524822695035462
BRD-A65248799	0.798936170212766	0.5868794326241135	-0.2120567375886525
BRD-K15108141	0.7985815602836879	0.5542553191489361	-0.24432624113475182
BRD-K76037122	0.7985815602836879	0.4911347517730496	-0.3074468085106383
BRD-K98572433	0.7975177304964539	0.21134751773049643	-0.5861702127659575
BRD-K76180386	0.7975177304964538	0.5134751773049645	-0.28404255319148936
BRD-K22588750	0.7971631205673759	0.21950354609929076	-0.5776595744680851
BRD-K52256627	0.7957446808510639	0.5531914893617021	-0.2425531914893617
BRD-K65877271	0.7953900709219858	0.47517730496453897	-0.3202127659574468
BRD-A64092382	0.7946808510638299	0.7287234042553192	-0.06595744680851064
BRD-K32372024	0.7918439716312056	0.28014184397163117	-0.5117021276595745
BRD-K23779958	0.7914893617021277	0.2297872340425532	-0.5617021276595745
BRD-A41304429	0.7893617021276595	0.276595744680851	-0.5127659574468085
BRD-K25596805	0.7893617021276595	0.3702127659574468	-0.41914893617021276
BRD-A03506276	0.7882978723404255	0.31950354609929077	-0.46879432624113476
BRD-K92000912	0.7882978723404255	0.20106382978723403	-0.5872340425531914
BRD-K66808046	0.7875886524822695	0.3709219858156028	-0.4166666666666667
BRD-K33720171	0.7868794326241134	0.27198581560283686	-0.5148936170212766
BRD-K36386086	0.7861702127659574	0.325531914893617	-0.46063829787234045
BRD-A57382968	0.7858156028368795	0.42943262411347516	-0.35638297872340424
BRD-K28907958	0.7854609929078015	0.5074468085106383	-0.2780141843971632
BRD-K18849474	0.7851063829787234	0.48723404255319147	-0.2978723404255319
BRD-K87696786	0.7847517730496454	0.3808510638297873	-0.40390070921985816
BRD-K60443845	0.7822695035460994	0.5539007092198581	-0.2283687943262412
BRD-K73838513	0.7822695035460993	0.4709219858156028	-0.31134751773049646
BRD-A66419424	0.7822695035460993	0.29716312056737587	-0.4851063829787234
BRD-K30867024	0.7815602836879433	0.6617021276595745	-0.1198581560283688
BRD-K31812033	0.7812056737588653	0.45390070921985815	-0.3273049645390071
BRD-K62008436	0.7808510638297873	0.4010638297872341	-0.3797872340425532
BRD-K93754473	0.7808510638297872	0.40212765957446805	-0.37872340425531914
BRD-K28192623	0.7797872340425532	0.2542553191489362	-0.5255319148936171
BRD-K22822991	0.7797872340425531	0.6989361702127659	-0.08085106382978724
BRD-K36711084	0.7790780141843971	0.5539007092198581	-0.22517730496453897
BRD-K37618799	0.7787234042553192	0.3872340425531915	-0.39148936170212767
BRD-K86687746	0.778723404255319	0.13510638297872335	-0.6436170212765957
BRD-K48826825	0.7783687943262412	0.4340425531914893	-0.3443262411347518
BRD-K83988098	0.7783687943262412	0.6028368794326241	-0.17553191489361702
BRD-K84663978	0.7776595744680851	0.5148936170212766	-0.26276595744680853
BRD-K25224017	0.7773049645390071	0.28936170212765955	-0.4879432624113475
BRD-K53414658	0.7773049645390071	0.4624113475177305	-0.3148936170212766
BRD-K93568044	0.7765957446808511	0.5914893617021277	-0.1851063829787234
BRD-K03109492	0.776595744680851	0.07553191489361699	-0.701063829787234
BRD-K23301018	0.776241134751773	0.38475177304964536	-0.39148936170212767
BRD-K33622447	0.7755319148936171	0.3595744680851064	-0.41595744680851066
BRD-K07202345	0.774468085106383	0.3163120567375886	-0.4581560283687944
BRD-A53134341	0.774468085106383	0.6542553191489362	-0.1202127659574468
BRD-K34851558	0.7741134751773049	0.41453900709219854	-0.3595744680851064
BRD-A39935389	0.773049645390071	0.24148936170212765	-0.5315602836879434
BRD-A34751532	0.773049645390071	0.225531914893617	-0.547517730496454
BRD-K18518344	0.7730496453900708	0.4081560283687943	-0.3648936170212766
BRD-K11510141	0.7726950354609929	0.2907801418439716	-0.4819148936170213
BRD-K49759007	0.7723404255319148	0.25	-0.5223404255319148
BRD-K88172511	0.7712765957446808	0.49468085106382975	-0.2765957446808511
BRD-K17075857	0.7709219858156028	0.3081560283687943	-0.4627659574468085
BRD-K11630072	0.7705673758865248	0.16099290780141842	-0.6095744680851064
BRD-K54847683	0.7698581560283688	0.5680851063829787	-0.20177304964539006
BRD-K36739687	0.7691489361702128	0.4968085106382979	-0.2723404255319149
BRD-K28352084	0.7687943262411348	0.4319148936170213	-0.3368794326241135
BRD-A45498368	0.7687943262411348	0.3074468085106383	-0.4613475177304965
BRD-K95773607	0.7684397163120568	0.21099290780141844	-0.5574468085106383
BRD-K69172251	0.7680851063829787	0.30886524822695033	-0.45921985815602834
BRD-K22503835	0.7670212765957447	0.3301418439716312	-0.4368794326241135
BRD-K15025317	0.7666666666666666	0.42234042553191486	-0.3443262411347518
BRD-K16180792	0.7659574468085106	0.23723404255319147	-0.5287234042553192
BRD-A75919782	0.7656028368794325	0.38475177304964536	-0.38085106382978723
BRD-K78126613	0.7656028368794325	0.3702127659574468	-0.3953900709219858
BRD-K09426783	0.7656028368794325	0.5319148936170213	-0.23368794326241132
BRD-A50157456	0.7648936170212766	0.32659574468085106	-0.43829787234042555
BRD-K08078237	0.7645390070921986	0.33687943262411346	-0.4276595744680851
BRD-A18696154	0.7645390070921985	0.34751773049645385	-0.41702127659574467
BRD-K74671368	0.7638297872340426	0.11382978723404258	-0.65
BRD-K66296774	0.7638297872340426	0.42021276595744683	-0.34361702127659577
BRD-A25608658	0.7638297872340425	0.3393617021276596	-0.42446808510638295
BRD-K68552125	0.7617021276595746	0.4085106382978724	-0.35319148936170214
BRD-K39987650	0.7617021276595745	0.4478723404255319	-0.31382978723404253
BRD-K47976015	0.7617021276595745	0.44361702127659575	-0.3180851063829787
BRD-K13646352	0.7606382978723405	0.4031914893617021	-0.3574468085106383
BRD-K72327355	0.7595744680851064	0.2939716312056737	-0.46560283687943266
BRD-A58193911	0.7592198581560283	0.07198581560283679	-0.6872340425531915
BRD-K36222532	0.7585106382978724	0.5872340425531914	-0.17127659574468085
BRD-K38350380	0.7585106382978724	0.32375886524822695	-0.43475177304964546
BRD-K33127281	0.7585106382978724	0.017021276595744705	-0.7414893617021276
BRD-K15409150	0.7578014184397164	0.5904255319148937	-0.16737588652482271
BRD-K16505263	0.7574468085106383	0.6840425531914893	-0.07340425531914893
BRD-K67173685	0.7574468085106383	0.24042553191489358	-0.5170212765957447
BRD-K87774949	0.7570921985815603	0.5304964539007092	-0.22659574468085106
BRD-K21396683	0.7567375886524822	0.3141843971631205	-0.4425531914893617
BRD-K98548675	0.7563829787234042	0.2939716312056737	-0.46241134751773055
BRD-K81548480	0.7560283687943263	0.47446808510638294	-0.28156028368794334
BRD-K79821389	0.7542553191489362	0.2223404255319149	-0.5319148936170213
BRD-K58435339	0.7539007092198581	0.5209219858156028	-0.23297872340425532
BRD-K70301465	0.7531914893617021	0.6212765957446809	-0.13191489361702127
BRD-K99616396	0.7528368794326241	0.4925531914893617	-0.26028368794326245
BRD-A68631409	0.7528368794326241	0.3613475177304964	-0.39148936170212767
BRD-K80129304	0.7524822695035461	0.2226950354609929	-0.5297872340425532
BRD-K02900412	0.752482269503546	0.2982269503546099	-0.4542553191489362
BRD-K49371609	0.752127659574468	0.42553191489361697	-0.32659574468085106
BRD-K04993719	0.751418439716312	0.30673758865248224	-0.44468085106382976
BRD-K62696033	0.7510638297872341	0.2436170212765958	-0.5074468085106383
BRD-K69001009	0.7503546099290781	0.5953900709219858	-0.15496453900709223
BRD-K59058747	0.750354609929078	0.7212765957446808	-0.02907801418439715
BRD-K28453807	0.75	0.4180851063829787	-0.33191489361702126
BRD-K26603252	0.748936170212766	0.5829787234042554	-0.16595744680851063
BRD-K61496577	0.7489361702127659	0.28439716312056734	-0.4645390070921986
BRD-K81839095	0.7489361702127659	0.12340425531914889	-0.625531914893617
BRD-K86887724	0.74822695035461	0.3485815602836879	-0.399645390070922
BRD-K38183498	0.7478723404255319	0.023404255319148914	-0.7244680851063829
BRD-K13533483	0.7457446808510639	0.3152482269503546	-0.4304964539007093
BRD-A03216249	0.7457446808510638	0.32588652482269503	-0.4198581560283688
BRD-K78086729	0.7457446808510638	0.6127659574468085	-0.13297872340425532
BRD-K93441486	0.7457446808510638	0.6978723404255319	-0.047872340425531915
BRD-A16700644	0.7453900709219858	0.49751773049645387	-0.2478723404255319
BRD-K52756523	0.7446808510638299	0.07340425531914896	-0.6712765957446809
BRD-K55675242	0.7443262411347518	0.3085106382978723	-0.4358156028368794
BRD-K36788280	0.7439716312056737	0.3039007092198581	-0.4400709219858156
BRD-K96233303	0.7432624113475177	0.4890070921985815	-0.2542553191489362
BRD-K70505054	0.7425531914893617	0.28617021276595744	-0.4563829787234043
BRD-K59831625	0.7421985815602836	0.5975177304964538	-0.14468085106382977
BRD-M89827113	0.7421985815602836	0.5219858156028369	-0.22021276595744682
BRD-K24576554	0.7418439716312056	0.13439716312056735	-0.6074468085106383
BRD-K75649340	0.7407801418439717	0.36453900709219855	-0.37624113475177307
BRD-A08187463	0.7404255319148936	0.2429078014184397	-0.4975177304964539
BRD-A02180903	0.7400709219858156	0.3560283687943262	-0.3840425531914894
BRD-K71823332	0.7400709219858156	0.226241134751773	-0.5138297872340426
BRD-K78431006	0.7386524822695035	0.18865248226950354	-0.55
BRD-K56483981	0.7379432624113476	0.47765957446808516	-0.26028368794326245
BRD-K13387373	0.7379432624113474	0.5336879432624113	-0.20425531914893616
BRD-K63932022	0.7372340425531916	0.25531914893617025	-0.4819148936170213
BRD-K32730239	0.7368794326241135	0.49751773049645387	-0.2393617021276596
BRD-K00615600	0.7365248226950354	0.5326241134751772	-0.2039007092198582
BRD-A10070317	0.7361702127659575	0.3765957446808511	-0.3595744680851064
BRD-K11853856	0.7340425531914894	0.06276595744680846	-0.6712765957446809
BRD-K38548312	0.7340425531914894	0.34468085106382984	-0.3893617021276596
BRD-K92441787	0.7319148936170212	0.4	-0.33191489361702126
BRD-K24593301	0.7319148936170212	0.19255319148936167	-0.5393617021276595
BRD-A81541225	0.7315602836879433	0.5819148936170213	-0.14964539007092198
BRD-K57169635	0.7297872340425532	0.4283687943262411	-0.3014184397163121
BRD-K69650333	0.7294326241134752	0.4276595744680851	-0.30177304964539003
BRD-K69694239	0.7290780141843971	0.16773049645390065	-0.5613475177304965
BRD-K38868394	0.7283687943262411	0.4028368794326241	-0.32553191489361705
BRD-A92439610	0.728368794326241	0.5230496453900708	-0.2053191489361702
BRD-K03289018	0.727659574468085	0.17978723404255315	-0.5478723404255319
BRD-K97472745	0.7269503546099291	0.40177304964539	-0.32517730496453906
BRD-A54927599	0.7265957446808511	0.24397163120567372	-0.48262411347517736
BRD-K79612754	0.7265957446808511	0.07659574468085106	-0.65
BRD-K79684402	0.7262411347517732	0.36808510638297876	-0.3581560283687944
BRD-K83257731	0.725531914893617	0.08404255319148934	-0.6414893617021277
BRD-K57080016	0.725531914893617	0.3361702127659575	-0.3893617021276596
BRD-K03765900	0.725531914893617	0.34042553191489366	-0.3851063829787234
BRD-K25433859	0.724822695035461	0.6946808510638298	-0.03014184397163122
BRD-A57833392	0.724822695035461	0.5425531914893618	-0.18226950354609928
BRD-K89121095	0.724113475177305	0.5638297872340425	-0.16028368794326242
BRD-K17894950	0.724113475177305	0.32198581560283684	-0.4021276595744681
BRD-K29582115	0.723758865248227	0.48475177304964534	-0.23900709219858157
BRD-K88677950	0.7234042553191489	0.5368794326241134	-0.18652482269503545
BRD-K06152156	0.7226950354609929	0.14822695035460992	-0.574468085106383
BRD-A69651145	0.7226950354609929	0.25460992907801416	-0.46808510638297873
BRD-A69815203	0.7216312056737588	0.28120567375886524	-0.44042553191489364
BRD-K16189898	0.7212765957446808	0.11595744680851061	-0.6053191489361702
BRD-K68938568	0.7209219858156029	0.45390070921985815	-0.2670212765957447
BRD-A13561534	0.7205673758865248	0.4719858156028368	-0.248581560283688
BRD-A95121829	0.7195035460992908	0.27411347517730494	-0.44539007092198585
BRD-K09416995	0.7195035460992907	0.4719858156028368	-0.24751773049645392
BRD-K81728688	0.7195035460992907	0.2780141843971631	-0.44148936170212766
BRD-K61567297	0.7191489361702128	0.3414893617021276	-0.3776595744680851
BRD-K81225797	0.7191489361702128	0.6446808510638298	-0.07446808510638298
BRD-K42756753	0.7191489361702127	0.051063829787234005	-0.6680851063829787
BRD-K53123955	0.7187943262411347	0.3765957446808511	-0.34219858156028365
BRD-K16195444	0.7180851063829787	0.325531914893617	-0.3925531914893617
BRD-K91601245	0.7180851063829787	0.09999999999999998	-0.6180851063829788
BRD-K15567136	0.7159574468085107	0.09361702127659577	-0.6223404255319149
BRD-K68693535	0.7159574468085106	0.49468085106382975	-0.22127659574468084
BRD-A28970875	0.7159574468085106	0.41595744680851066	-0.3
BRD-K25244359	0.7159574468085106	0.051063829787234005	-0.6648936170212766
BRD-K94455792	0.7156028368794326	0.20283687943262407	-0.5127659574468085
BRD-K04196797	0.7152482269503546	0.40638297872340423	-0.3088652482269504
BRD-K45551181	0.7148936170212766	0.1510638297872341	-0.5638297872340425
BRD-K72420232	0.7148936170212766	0.5968085106382979	-0.11808510638297873
BRD-A43885598	0.7148936170212765	0.3936170212765957	-0.32127659574468087
BRD-K56334280	0.7148936170212765	0.7085106382978723	-0.006382978723404255
BRD-K37379014	0.7145390070921986	0.448936170212766	-0.2656028368794326
BRD-K74141488	0.7145390070921985	0.36560283687943257	-0.34893617021276596
BRD-K10845183	0.7138297872340426	0.19361702127659575	-0.5202127659574468
BRD-K40797222	0.7134751773049646	0.2606382978723404	-0.45283687943262413
BRD-K02764365	0.7134751773049645	0.30496453900709214	-0.4085106382978723
BRD-K59197931	0.7131205673758865	0.27163120567375887	-0.44148936170212766
BRD-A14344385	0.7127659574468086	0.5592198581560284	-0.15354609929078022
BRD-K44084986	0.7127659574468085	0.4241134751773049	-0.2886524822695036
BRD-K77677632	0.7124113475177305	0.3180851063829787	-0.39432624113475184
BRD-A14886633	0.7124113475177305	0.24255319148936172	-0.46985815602836883
BRD-K02389548	0.7124113475177305	0.3209219858156028	-0.39148936170212767
BRD-K37237504	0.7120567375886524	0.3039007092198581	-0.40815602836879433
BRD-K62627508	0.7117021276595745	0.2904255319148936	-0.42127659574468085
BRD-A95886749	0.7117021276595744	0.2085106382978723	-0.5031914893617021
BRD-K58299615	0.7113475177304964	0.4039007092198581	-0.3074468085106383
BRD-K14880289	0.7109929078014183	0.4411347517730496	-0.26985815602836877
BRD-K04833372	0.7106382978723405	0.3361702127659575	-0.37446808510638296
BRD-K11663430	0.7106382978723405	0.08085106382978724	-0.6297872340425532
BRD-K65377893	0.7099290780141844	0.2354609929078014	-0.474468085106383
BRD-A09722536	0.7092198581560284	0.08687943262411346	-0.6223404255319149
BRD-K74227499	0.7092198581560283	0.4382978723404255	-0.27092198581560284
BRD-K77841042	0.7092198581560283	0.29645390070921984	-0.4127659574468085
BRD-K66241279	0.7088652482269503	0.19964539007092197	-0.5092198581560283
BRD-K75911534	0.7085106382978723	0.602127659574468	-0.10638297872340426
BRD-K09602097	0.7085106382978723	0.06702127659574464	-0.6414893617021277
BRD-K33379087	0.7078014184397164	0.5351063829787235	-0.17269503546099296
BRD-K81074237	0.7070921985815602	0.2379432624113475	-0.46914893617021275
BRD-A11132253	0.7067375886524823	0.47943262411347515	-0.22730496453900711
BRD-K79584249	0.7063829787234043	0.24255319148936172	-0.46382978723404256
BRD-K98795921	0.7063829787234042	0.43475177304964535	-0.27163120567375887
BRD-K95573441	0.7060283687943263	0.5914893617021277	-0.11453900709219861
BRD-A74914197	0.7053191489361702	0.3730496453900709	-0.3322695035460993
BRD-K68870568	0.7049645390070921	0.1092198581560283	-0.5957446808510638
BRD-K01683783	0.7046099290780141	0.225886524822695	-0.4787234042553192
BRD-A84174393	0.7042553191489362	0.15851063829787237	-0.5457446808510639
BRD-K16277217	0.7017730496453902	0.2680851063829788	-0.4336879432624114
BRD-K13169950	0.70177304964539	0.2531914893617021	-0.44858156028368795
BRD-K17026858	0.70177304964539	0.375177304964539	-0.32659574468085106
BRD-K38860038	0.7014184397163121	0.07907801418439714	-0.6223404255319149
BRD-K11973162	0.701418439716312	0.34645390070921983	-0.3549645390070922
BRD-A43809092	0.701063829787234	0.4861702127659574	-0.2148936170212766
BRD-A03932035	0.7007092198581562	0.3074468085106383	-0.39326241134751777
BRD-K33743361	0.700709219858156	0.16666666666666663	-0.5340425531914894
BRD-K20482099	0.700709219858156	0.4581560283687943	-0.2425531914893617
BRD-K82861010	0.7000000000000001	0.3056737588652482	-0.39432624113475184
BRD-A55484088	0.7	0.5287234042553192	-0.17127659574468085
BRD-K84810405	0.699645390070922	0.4177304964539007	-0.28191489361702127
BRD-K82818427	0.6996453900709219	0.11666666666666659	-0.5829787234042553
BRD-K21670884	0.698936170212766	0.10212765957446812	-0.5968085106382979
BRD-K97714174	0.6985815602836879	0.5464539007092198	-0.15212765957446808
BRD-K82122102	0.6982269503546099	0.3592198581560283	-0.33900709219858155
BRD-K37312348	0.6978723404255319	0.1680851063829787	-0.5297872340425532
BRD-A00077618	0.6964539007092199	0.5432624113475177	-0.15319148936170213
BRD-K76674262	0.6964539007092199	0.3563829787234043	-0.3400709219858156
BRD-K52662033	0.6960992907801419	0.36241134751773046	-0.3336879432624114
BRD-K24601397	0.6960992907801418	0.27695035460992906	-0.41914893617021276
BRD-K86972824	0.6957446808510639	0.2297872340425532	-0.46595744680851064
BRD-K63750851	0.6957446808510639	0.41453900709219854	-0.2812056737588653
BRD-A14395271	0.6943262411347517	0.40531914893617016	-0.2890070921985816
BRD-K50853363	0.6932624113475176	0.3613475177304964	-0.33191489361702126
BRD-A20644369	0.6925531914893617	0.39255319148936174	-0.3
BRD-A31521121	0.6921985815602837	0.5581560283687943	-0.13404255319148936
BRD-K52020312	0.6914893617021276	0.06702127659574464	-0.624468085106383
BRD-K05445342	0.6911347517730497	0.43723404255319154	-0.25390070921985813
BRD-U25960968	0.6911347517730497	0.38829787234042556	-0.3028368794326241
BRD-A83937277	0.6911347517730496	0.27517730496453896	-0.41595744680851066
BRD-K76908866	0.6904255319148936	0.3191489361702128	-0.37127659574468086
BRD-K99749624	0.6900709219858155	0.44964539007092197	-0.2404255319148936
BRD-A46813902	0.6893617021276596	0.5	-0.18936170212765957
BRD-K78496197	0.6886524822695035	0.08971631205673758	-0.5989361702127659
BRD-K79145628	0.6872340425531915	0.044680851063829796	-0.6425531914893617
BRD-K95523387	0.6851063829787234	0.07340425531914896	-0.6117021276595744
BRD-K39624409	0.6847517730496455	0.46808510638297873	-0.21666666666666673
BRD-K42973005	0.6847517730496453	0.11241134751773041	-0.5723404255319149
BRD-K71512533	0.6847517730496453	0.4730496453900709	-0.21170212765957447
BRD-K80480517	0.6843971631205674	0.12695035460992907	-0.5574468085106383
BRD-K21283037	0.6843971631205674	0.3797872340425532	-0.3046099290780142
BRD-A68969091	0.6840425531914894	0.3765957446808511	-0.3074468085106383
BRD-A30582499	0.6833333333333333	0.2024822695035461	-0.4808510638297872
BRD-A81513827	0.6833333333333333	0.06205673758865249	-0.6212765957446809
BRD-K21152241	0.6829787234042554	0.03829787234042559	-0.6446808510638298
BRD-K45724504	0.6829787234042553	0.4904255319148936	-0.1925531914893617
BRD-K02113016	0.6822695035460993	0.2868794326241134	-0.3953900709219858
BRD-K11636097	0.6815602836879433	0.19255319148936167	-0.48900709219858157
BRD-K16664969	0.6815602836879432	0.5719858156028368	-0.10957446808510639
BRD-K22520627	0.6808510638297873	0.1510638297872341	-0.5297872340425532
BRD-K19669037	0.6794326241134752	0.3042553191489362	-0.375177304964539
BRD-K06519765	0.6790780141843972	0.5432624113475177	-0.13581560283687943
BRD-K81330143	0.6790780141843971	0.1230496453900709	-0.5560283687943262
BRD-K00152668	0.6787234042553192	0.25886524822695034	-0.4198581560283688
BRD-A67097164	0.6783687943262411	0.25531914893617025	-0.4230496453900709
BRD-K08619574	0.6783687943262411	0.21489361702127663	-0.4634751773049645
BRD-K08619838	0.6776595744680851	0.08404255319148934	-0.5936170212765958
BRD-K56751279	0.6769503546099291	0.49751773049645387	-0.17943262411347521
BRD-K50866992	0.676950354609929	0.28652482269503543	-0.3904255319148936
BRD-A70083328	0.676595744680851	0.18652482269503545	-0.49007092198581564
BRD-K90947825	0.6762411347517732	0.46063829787234045	-0.21560283687943266
BRD-K91543828	0.6758865248226951	0.22907801418439716	-0.44680851063829785
BRD-K82746043	0.675177304964539	0.6102836879432624	-0.06489361702127659
BRD-K87349682	0.6744680851063831	0.16843971631205673	-0.5060283687943263
BRD-K15600710	0.674113475177305	0.33723404255319145	-0.3368794326241135
BRD-K06749501	0.673758865248227	0.5563829787234043	-0.11737588652482278
BRD-K07762753	0.6737588652482269	0.25780141843971627	-0.41595744680851066
BRD-K33818169	0.6737588652482269	0.15460992907801416	-0.5191489361702127
BRD-K34157611	0.672340425531915	0.23014184397163118	-0.44219858156028374
BRD-K85090592	0.6723404255319149	0.023404255319148914	-0.648936170212766
BRD-A10977446	0.6716312056737588	0.35177304964539	-0.3198581560283688
BRD-K03549949	0.6716312056737588	0.14397163120567374	-0.5276595744680851
BRD-A25569250	0.6709219858156028	0.40709219858156026	-0.26382978723404255
BRD-K12787259	0.6709219858156028	0.20283687943262407	-0.46808510638297873
BRD-K20958582	0.6702127659574468	0.0478723404255319	-0.6223404255319149
BRD-K55966568	0.6702127659574468	0.3804964539007092	-0.28971631205673765
BRD-K42205652	0.669858156028369	0.36489361702127665	-0.30496453900709225
BRD-K90574421	0.6698581560283687	0.28617021276595744	-0.38368794326241135
BRD-K09549677	0.6698581560283687	0.2634751773049645	-0.40638297872340423
BRD-K61717546	0.6695035460992909	0.2602836879432624	-0.4092198581560284
BRD-K11433652	0.6695035460992907	0.2450354609929078	-0.42446808510638295
BRD-K69726595	0.6684397163120568	0.2450354609929078	-0.42340425531914894
BRD-K61936403	0.6684397163120567	0.5964539007092198	-0.0719858156028369
BRD-A75850590	0.6680851063829788	0.057446808510638325	-0.6106382978723405
BRD-K45462423	0.6677304964539008	0.4042553191489362	-0.26347517730496456
BRD-A94624445	0.6673758865248227	0.2780141843971631	-0.3893617021276596
BRD-K95785345	0.6673758865248227	0.2950354609929078	-0.3723404255319149
BRD-K09443272	0.6670212765957447	0.30886524822695033	-0.3581560283687944
BRD-K37561857	0.6659574468085105	0.225886524822695	-0.4400709219858156
BRD-A59303141	0.6656028368794327	0.27553191489361706	-0.39007092198581567
BRD-K61734568	0.6656028368794327	0.41914893617021276	-0.24645390070921985
BRD-K11215326	0.6656028368794326	0.20070921985815598	-0.4648936170212766
BRD-K93779381	0.6656028368794326	0.25496453900709215	-0.4106382978723404
BRD-K85554912	0.6648936170212766	0.1297872340425532	-0.5351063829787234
BRD-K51747290	0.6648936170212766	0.6436170212765957	-0.02127659574468085
BRD-K51318897	0.6638297872340426	0.19716312056737587	-0.46666666666666673
BRD-K80060353	0.6638297872340426	0.32695035460992905	-0.3368794326241135
BRD-K56614220	0.6638297872340425	0.10567375886524821	-0.5581560283687943
BRD-K21937671	0.6624113475177305	0.35	-0.31241134751773053
BRD-K54955827	0.6624113475177305	0.3489361702127659	-0.3134751773049646
BRD-A38350138	0.6624113475177305	0.4819148936170212	-0.18049645390070929
BRD-K06753942	0.6617021276595745	0.03829787234042559	-0.6234042553191489
BRD-K71467466	0.6617021276595745	0.12340425531914889	-0.5382978723404256
BRD-K40255344	0.6613475177304964	0.4138297872340425	-0.24751773049645392
BRD-K24696047	0.6613475177304964	0.2329787234042553	-0.42836879432624114
BRD-A54275602	0.6606382978723405	0.4212765957446809	-0.2393617021276596
BRD-K21782625	0.6606382978723404	0.2223404255319149	-0.43829787234042555
BRD-K54187111	0.6606382978723404	0.044680851063829796	-0.6159574468085106
BRD-A24514565	0.6602836879432624	0.13156028368794326	-0.5287234042553192
BRD-K18424115	0.6599290780141844	0.06950354609929077	-0.5904255319148937
BRD-K92428153	0.6599290780141844	0.0982269503546099	-0.5617021276595745
BRD-K19061412	0.6588652482269504	0.274822695035461	-0.3840425531914894
BRD-K18834913	0.6581560283687944	0.21808510638297873	-0.4400709219858156
BRD-K59522102	0.6574468085106382	0.3053191489361702	-0.35212765957446807
BRD-K68346641	0.6570921985815602	0.2890070921985815	-0.3680851063829787
BRD-K51040301	0.6563829787234043	0.5829787234042554	-0.07340425531914893
BRD-A50311610	0.6563829787234042	0.2482269503546099	-0.40815602836879433
BRD-A17883755	0.6563829787234042	0.28191489361702127	-0.37446808510638296
BRD-K08859203	0.6560283687943262	0.36773049645390066	-0.28829787234042553
BRD-K81801188	0.6553191489361703	0.38687943262411345	-0.26843971631205676
BRD-K31491153	0.6549645390070922	0.14680851063829792	-0.5081560283687943
BRD-K97440753	0.6546099290780143	0.4134751773049645	-0.24113475177304972
BRD-K24715592	0.6542553191489362	0.2929078014184397	-0.3613475177304965
BRD-K43621685	0.6542553191489362	0.25212765957446803	-0.4021276595744681
BRD-K77791657	0.6539007092198583	0.3968085106382979	-0.25709219858156035
BRD-K09877029	0.6539007092198581	0.22517730496453897	-0.42872340425531913
BRD-K72723676	0.652836879432624	0.27411347517730494	-0.37872340425531914
BRD-K18157228	0.650709219858156	0.3528368794326241	-0.2978723404255319
BRD-K12184916	0.6503546099290781	0.5819148936170213	-0.06843971631205681
BRD-K16485616	0.6496453900709219	0.4964539007092198	-0.15319148936170213
BRD-K73425385	0.6492907801418439	0.27517730496453896	-0.37411347517730503
BRD-K51967704	0.6492907801418439	0.3099290780141844	-0.3393617021276596
BRD-K51662849	0.648936170212766	0.36773049645390066	-0.2812056737588653
BRD-A64553394	0.6478723404255319	0.5542553191489361	-0.09361702127659574
BRD-A78391468	0.6468085106382979	0.32446808510638303	-0.3223404255319149
BRD-A19585813	0.6468085106382979	0.4187943262411347	-0.22801418439716314
BRD-K56032964	0.6460992907801418	0.18652482269503545	-0.4595744680851064
BRD-K38197229	0.645390070921986	0.3606382978723405	-0.28475177304964544
BRD-A57886255	0.6453900709219857	0.39893617021276595	-0.24645390070921985
BRD-K26824830	0.6453900709219857	0.35744680851063826	-0.28794326241134754
BRD-K87024524	0.6443262411347519	0.25531914893617025	-0.3890070921985816
BRD-K49075727	0.6439716312056737	0.2780141843971631	-0.3659574468085106
BRD-K23984367	0.6436170212765957	0.250354609929078	-0.39326241134751777
BRD-K08799216	0.6432624113475177	0.3953900709219858	-0.2478723404255319
BRD-K66175015	0.6421985815602838	0.2606382978723404	-0.3815602836879433
BRD-K67511046	0.6414893617021276	0.42553191489361697	-0.21595744680851064
BRD-K44067360	0.6404255319148937	0.5358156028368795	-0.10460992907801425
BRD-K61192372	0.6390070921985815	0.12234042553191493	-0.5166666666666666
BRD-K85406984	0.6386524822695036	0.2024822695035461	-0.43617021276595747
BRD-K37764012	0.6386524822695034	0.32482269503546096	-0.31382978723404253
BRD-K63126190	0.6382978723404256	0.14822695035460992	-0.49007092198581564
BRD-K99170882	0.6382978723404256	0.6372340425531915	-0.0010638297872340426
BRD-K99946902	0.6382978723404255	0.27234042553191484	-0.3659574468085106
BRD-K70159787	0.6368794326241134	0.19255319148936167	-0.4443262411347518
BRD-K62762455	0.6365248226950355	0.2652482269503546	-0.37127659574468086
BRD-K08109215	0.6365248226950354	0.24184397163120566	-0.3946808510638298
BRD-K48195008	0.6365248226950354	0.19503546099290778	-0.44148936170212766
BRD-K25630527	0.6351063829787233	0.250354609929078	-0.3847517730496454
BRD-K18163608	0.6347517730496455	0.36170212765957444	-0.273049645390071
BRD-K87124298	0.6347517730496455	0.38191489361702124	-0.2528368794326242
BRD-K95926480	0.6333333333333333	0.14929078014184397	-0.48404255319148937
BRD-K86204871	0.6329787234042554	0.2680851063829788	-0.3648936170212766
BRD-K70402238	0.6329787234042553	0.13865248226950352	-0.4943262411347518
BRD-K44227013	0.6326241134751773	0.5911347517730496	-0.04148936170212766
BRD-K98521173	0.6322695035460992	0.42978723404255315	-0.2024822695035461
BRD-A12994259	0.6322695035460992	0.13900709219858154	-0.49326241134751775
BRD-A42699921	0.6319148936170214	0.55	-0.08191489361702127
BRD-K36198571	0.6319148936170214	0.4521276595744681	-0.1797872340425532
BRD-K60237333	0.6319148936170212	0.3659574468085106	-0.26595744680851063
BRD-K44408410	0.6315602836879433	0.4443262411347517	-0.18723404255319148
BRD-K40175214	0.6312056737588652	0.08865248226950354	-0.5425531914893617
BRD-K21361524	0.6308510638297873	0.16595744680851066	-0.4648936170212766
BRD-K97101532	0.6297872340425532	0.27234042553191484	-0.3574468085106383
BRD-K10705233	0.6297872340425532	0.4563829787234043	-0.17340425531914894
BRD-K72533376	0.6297872340425532	0.05638297872340425	-0.573404255319149
BRD-K83699324	0.6294326241134751	0.14326241134751772	-0.48617021276595745
BRD-K92093830	0.6287234042553191	0.3152482269503546	-0.3134751773049646
BRD-K04623885	0.6280141843971632	0.3109929078014184	-0.3170212765957447
BRD-K13049116	0.6276595744680851	0.17234042553191486	-0.4553191489361702
BRD-K80343549	0.625886524822695	0.4904255319148936	-0.13546099290780145
BRD-K53734668	0.6255319148936171	0.2918439716312057	-0.3336879432624114
BRD-K36021395	0.624113475177305	0.25709219858156024	-0.3670212765957447
BRD-K01109406	0.6223404255319149	0.41595744680851066	-0.20638297872340425
BRD-K41859756	0.6212765957446809	0.3304964539007092	-0.2907801418439717
BRD-K60866521	0.6212765957446809	0.5124113475177304	-0.10886524822695043
BRD-K56981171	0.6198581560283687	0.30283687943262405	-0.3170212765957447
BRD-K10961822	0.6198581560283687	0.25496453900709215	-0.3648936170212766
BRD-K54247840	0.6195035460992908	0.35709219858156027	-0.2624113475177305
BRD-K12251893	0.6195035460992908	0.24716312056737588	-0.3723404255319149
BRD-A98299281	0.6191489361702128	0.04574468085106387	-0.573404255319149
BRD-K31476763	0.6191489361702127	0.13617021276595742	-0.4829787234042553
BRD-K84868168	0.6187943262411348	0.31382978723404253	-0.30496453900709225
BRD-A50998626	0.6177304964539008	0.40638297872340423	-0.21134751773049648
BRD-K81016934	0.6177304964539007	0.3294326241134751	-0.28829787234042553
BRD-K47978074	0.6173758865248227	0.2209219858156028	-0.3964539007092199
BRD-K07487750	0.6170212765957447	0.04574468085106387	-0.5712765957446808
BRD-K61295575	0.6163120567375887	0.4968085106382979	-0.11950354609929081
BRD-K59632282	0.6156028368794326	0.4156028368794326	-0.2
BRD-K16478699	0.6148936170212767	0.3322695035460993	-0.2826241134751773
BRD-K26818574	0.6138297872340426	0.24255319148936172	-0.37127659574468086
BRD-A13964793	0.6138297872340426	0.32482269503546096	-0.2890070921985816
BRD-K09397065	0.6138297872340426	0.3521276595744681	-0.26170212765957446
BRD-K58049875	0.6127659574468085	0.29929078014184396	-0.3134751773049646
BRD-K73753850	0.6127659574468085	0.4379432624113475	-0.174822695035461
BRD-K89839824	0.6117021276595744	0.5063829787234042	-0.10531914893617021
BRD-K59866480	0.6106382978723405	0.08617021276595749	-0.524468085106383
BRD-K16730910	0.6099290780141844	0.29609929078014185	-0.31382978723404253
BRD-K62200014	0.6092198581560284	0.2329787234042553	-0.37624113475177307
BRD-K72827473	0.6092198581560283	0.4932624113475177	-0.11595744680851064
BRD-K13662825	0.6085106382978724	0.1712765957446809	-0.4372340425531915
BRD-A55312468	0.6081560283687943	0.425177304964539	-0.1829787234042553
BRD-K55696337	0.6074468085106384	0.4414893617021277	-0.16595744680851063
BRD-K25340465	0.6063829787234043	0.3765957446808511	-0.2297872340425532
BRD-K49555808	0.6060283687943262	0.27517730496453896	-0.33085106382978724
BRD-A64743628	0.6060283687943262	0.3815602836879432	-0.22446808510638297
BRD-K38852836	0.6053191489361702	0.16276595744680855	-0.4425531914893617
BRD-K97365803	0.6053191489361702	0.5670212765957447	-0.03829787234042553
BRD-K39558284	0.6049645390070924	0.24787234042553197	-0.3570921985815603
BRD-K76703230	0.6049645390070921	0.38510638297872335	-0.21985815602836883
BRD-K89490285	0.6049645390070921	0.3783687943262411	-0.22659574468085106
BRD-A71033472	0.6046099290780143	0.34751773049645385	-0.25709219858156035
BRD-A00758722	0.6042553191489362	0.3180851063829787	-0.28617021276595744
BRD-K75352575	0.6042553191489362	0.26489361702127656	-0.3393617021276596
BRD-K47337578	0.6042553191489362	0.46702127659574466	-0.1372340425531915
BRD-K14003026	0.6042553191489362	0.13085106382978728	-0.4734042553191489
BRD-K31468676	0.601063829787234	0.23510638297872344	-0.3659574468085106
BRD-K58772419	0.6007092198581561	0.22943262411347515	-0.37127659574468086
BRD-K08893438	0.599290780141844	0.30638297872340425	-0.29290780141843975
BRD-K65781196	0.599290780141844	0.326241134751773	-0.273049645390071
BRD-K27316855	0.598936170212766	0.09042553191489366	-0.5085106382978724
BRD-K92428232	0.59822695035461	0.32765957446808514	-0.2705673758865249
BRD-K15766189	0.5982269503546099	0.10141843971631204	-0.4968085106382979
BRD-K68532323	0.597872340425532	0.2936170212765957	-0.30425531914893617
BRD-K39160765	0.597872340425532	0.2734042553191489	-0.324468085106383
BRD-K65924316	0.5975177304964538	0.45177304964539	-0.14574468085106382
BRD-K26833429	0.597163120567376	0.3528368794326241	-0.24432624113475182
BRD-K08791496	0.5968085106382979	0.011702127659574457	-0.5851063829787234
BRD-K47635719	0.5964539007092198	0.15638297872340423	-0.4400709219858156
BRD-K29254801	0.5960992907801419	0.3670212765957447	-0.22907801418439722
BRD-K39467894	0.5950354609929078	0.5882978723404255	-0.006737588652482307
BRD-K74193284	0.5946808510638297	0.2542553191489362	-0.3404255319148936
BRD-K54314721	0.5939716312056738	0.4411347517730496	-0.15283687943262414
BRD-K15898725	0.5936170212765959	0.11489361702127665	-0.4787234042553192
BRD-K51350053	0.5932624113475177	0.1783687943262411	-0.4148936170212766
BRD-K66911501	0.5929078014184397	0.28475177304964533	-0.30815602836879435
BRD-K22064724	0.5918439716312056	0.43262411347517726	-0.1592198581560284
BRD-K56277358	0.5914893617021277	0.5180851063829788	-0.07340425531914893
BRD-K18910433	0.5914893617021276	0.32163120567375886	-0.26985815602836877
BRD-K28383148	0.5911347517730496	0.22730496453900706	-0.3638297872340426
BRD-K77245796	0.5890070921985817	0.27553191489361706	-0.3134751773049646
BRD-K03406345	0.5886524822695034	0.30283687943262405	-0.2858156028368794
BRD-K30990140	0.5882978723404255	0.5819148936170213	-0.006382978723404255
BRD-K17518951	0.5879432624113474	0.10425531914893615	-0.4836879432624113
BRD-K71480163	0.5872340425531916	0.4170212765957447	-0.1702127659574468
BRD-K20755323	0.5872340425531914	0.09999999999999998	-0.48723404255319147
BRD-K54634444	0.5861702127659574	0.5797872340425532	-0.006382978723404255
BRD-A42746051	0.5858156028368795	0.24787234042553197	-0.3379432624113476
BRD-A72716251	0.5854609929078014	0.28475177304964533	-0.3007092198581561
BRD-K90027355	0.5854609929078014	0.11418439716312054	-0.47127659574468084
BRD-K94420399	0.5851063829787234	0.3968085106382979	-0.18829787234042553
BRD-A97701745	0.5851063829787233	0.3085106382978723	-0.2765957446808511
BRD-K20722021	0.5847517730496454	0.1127659574468085	-0.47198581560283687
BRD-K21528677	0.5836879432624114	0.1127659574468085	-0.4709219858156029
BRD-K63828191	0.5829787234042554	0.3351063829787234	-0.2478723404255319
BRD-A24587114	0.5829787234042553	0.33723404255319145	-0.24574468085106382
BRD-K44827188	0.5826241134751773	0.2670212765957447	-0.31560283687943264
BRD-K47114202	0.5826241134751773	0.2297872340425532	-0.35283687943262415
BRD-K99475619	0.5826241134751773	0.3996453900709219	-0.1829787234042553
BRD-K99792991	0.5822695035460993	0.19503546099290778	-0.3872340425531915
BRD-K01653460	0.5819148936170213	0.4595744680851064	-0.12234042553191489
BRD-K28824103	0.5812056737588653	0.3808510638297873	-0.20035460992907805
BRD-K81405859	0.5812056737588652	0.32695035460992905	-0.2542553191489362
BRD-K81458380	0.5794326241134752	0.4624113475177305	-0.11702127659574468
BRD-K59983611	0.5787234042553192	0.07765957446808514	-0.5010638297872341
BRD-K94176593	0.5780141843971631	0.28014184397163117	-0.2978723404255319
BRD-A08545410	0.5780141843971631	0.23758865248226949	-0.3404255319148936
BRD-K25835157	0.5780141843971631	0.250709219858156	-0.3273049645390071
BRD-K72951360	0.5776595744680851	0.028723404255319163	-0.548936170212766
BRD-K16136380	0.5773049645390071	0.23404255319148937	-0.3432624113475177
BRD-K76973696	0.5773049645390071	0.4031914893617021	-0.17411347517730497
BRD-K85751432	0.577304964539007	0.04255319148936165	-0.5347517730496454
BRD-K19687926	0.5765957446808512	0.30354609929078014	-0.273049645390071
BRD-K09372874	0.5765957446808511	0.09361702127659577	-0.4829787234042553
BRD-K20285085	0.575886524822695	0.3092198581560283	-0.26666666666666666
BRD-K26530649	0.575531914893617	0.4382978723404255	-0.1372340425531915
BRD-K85606544	0.575177304964539	0.15000000000000002	-0.42517730496453904
BRD-K73391359	0.575177304964539	0.22943262411347515	-0.34574468085106386
BRD-K24187789	0.574468085106383	0.07659574468085106	-0.4978723404255319
BRD-K62374002	0.5726950354609929	0.3301418439716312	-0.2425531914893617
BRD-K27351809	0.5723404255319149	0.274468085106383	-0.2978723404255319
BRD-K46386702	0.5712765957446809	0.3099290780141844	-0.2613475177304965
BRD-K17061841	0.5695035460992908	0.08652482269503545	-0.4829787234042553
BRD-K69116396	0.5691489361702127	0.28936170212765955	-0.2797872340425532
BRD-K32107296	0.5684397163120567	0.3358156028368794	-0.23262411347517736
BRD-K37687095	0.5677304964539007	0.3109929078014184	-0.2567375886524823
BRD-A12417644	0.5673758865248227	0.5553191489361702	-0.012056737588652555
BRD-K21680192	0.5659574468085107	0.42021276595744683	-0.14574468085106382
BRD-K87512222	0.5659574468085107	0.24716312056737588	-0.31879432624113474
BRD-K20463415	0.5659574468085107	0.0925531914893617	-0.4734042553191489
BRD-K95581532	0.5656028368794326	0.18297872340425536	-0.3826241134751773
BRD-K64538373	0.5652482269503547	0.27198581560283686	-0.2932624113475178
BRD-K04430056	0.5652482269503546	0.23652482269503544	-0.32872340425531915
BRD-K28542495	0.5648936170212766	0.1712765957446809	-0.39361702127659576
BRD-K52233191	0.5641843971631206	0.32765957446808514	-0.2365248226950355
BRD-K00662280	0.5638297872340425	0.19680851063829785	-0.3670212765957447
BRD-K00673382	0.5638297872340425	0.13191489361702124	-0.4319148936170213
BRD-K96006502	0.5638297872340425	0.1340425531914894	-0.4297872340425532
BRD-K00494077	0.5631205673758866	0.03368794326241131	-0.5294326241134752
BRD-A36267905	0.5602836879432624	0.18617021276595747	-0.37411347517730503
BRD-A74765037	0.5602836879432623	0.2666666666666666	-0.2936170212765957
BRD-K02407574	0.5595744680851065	0.1574468085106383	-0.4021276595744681
BRD-K68164687	0.5595744680851064	0.23652482269503544	-0.3230496453900709
BRD-K52313696	0.5588652482269504	0.4904255319148936	-0.06843971631205681
BRD-K92150287	0.5588652482269503	0.16418439716312055	-0.3946808510638298
BRD-K26756394	0.5585106382978724	0.5414893617021277	-0.01702127659574468
BRD-K07220430	0.5585106382978723	0.4180851063829787	-0.14042553191489363
BRD-A71725768	0.5581560283687943	0.3159574468085107	-0.24219858156028368
BRD-K48488978	0.5578014184397163	0.16099290780141842	-0.39680851063829786
BRD-K21547160	0.5574468085106383	0.19999999999999996	-0.3574468085106383
BRD-K27184429	0.5563829787234043	0.03936170212765955	-0.5170212765957447
BRD-K74501079	0.5560283687943262	0.25	-0.3060283687943262
BRD-A95696066	0.5553191489361702	0.21276595744680848	-0.3425531914893617
BRD-K06854232	0.5531914893617021	0.07021276595744685	-0.4829787234042553
BRD-K99383816	0.5524822695035462	0.2776595744680851	-0.2748226950354611
BRD-K56343971	0.5517730496453901	0.22198581560283687	-0.32978723404255317
BRD-K90647725	0.5517730496453901	0.17517730496453898	-0.37659574468085105
BRD-K92073408	0.55	0.2882978723404256	-0.26170212765957446
BRD-K01507359	0.548936170212766	0.21205673758865246	-0.3368794326241135
BRD-K21164796	0.5485815602836879	0.3113475177304964	-0.2372340425531915
BRD-K46690591	0.54822695035461	0.27624113475177303	-0.2719858156028369
BRD-K32501161	0.5475177304964538	0.5308510638297872	-0.016666666666666663
BRD-K87700323	0.5457446808510638	0.08404255319148934	-0.46170212765957447
BRD-K59317601	0.5450354609929078	0.3613475177304964	-0.1836879432624114
BRD-A88138582	0.5443262411347519	0.005319148936170248	-0.5390070921985817
BRD-A27883417	0.5439716312056738	0.31382978723404253	-0.2301418439716313
BRD-K50010139	0.5439716312056737	0.32907801418439714	-0.2148936170212766
BRD-A57798112	0.5429078014184398	0.3085106382978723	-0.23439716312056746
BRD-K73589491	0.5425531914893618	0.14680851063829792	-0.39574468085106385
BRD-K96104201	0.5425531914893617	0.06276595744680846	-0.4797872340425532
BRD-A47953250	0.5425531914893617	0.23191489361702122	-0.31063829787234043
BRD-K06814349	0.5421985815602837	0.09326241134751767	-0.44893617021276594
BRD-K50000283	0.5418439716312057	0.36985815602836875	-0.17198581560283693
BRD-K38287497	0.5404255319148936	0.32659574468085106	-0.21382978723404256
BRD-K11640013	0.5400709219858155	0.3911347517730496	-0.14893617021276595
BRD-K03449891	0.5400709219858155	0.21985815602836878	-0.3202127659574468
BRD-A35588707	0.5393617021276595	0.2574468085106383	-0.28191489361702127
BRD-K08996725	0.5390070921985817	0.07446808510638303	-0.4645390070921986
BRD-K40787673	0.5382978723404256	0.2652482269503546	-0.273049645390071
BRD-K68392338	0.5382978723404255	0.13758865248226948	-0.40070921985815605
BRD-K13571841	0.5372340425531915	0.174468085106383	-0.3627659574468085
BRD-A92630576	0.5372340425531914	0.33723404255319145	-0.2
BRD-K13249881	0.5365248226950355	0.3521276595744681	-0.18439716312056742
BRD-K87510569	0.5343971631205674	0.2152482269503546	-0.3191489361702128
BRD-K69280563	0.5329787234042553	0.3184397163120567	-0.21453900709219859
BRD-K95142244	0.5329787234042553	0.19397163120567373	-0.33900709219858155
BRD-A06352418	0.5329787234042553	0.06808510638297871	-0.4648936170212766
BRD-A36456202	0.5329787234042553	0.19468085106382982	-0.3382978723404255
BRD-K66956375	0.5326241134751772	0.4921985815602836	-0.04042553191489362
BRD-K08248804	0.5326241134751772	0.07978723404255317	-0.45283687943262413
BRD-K77908580	0.5308510638297872	0.2687943262411347	-0.26205673758865256
BRD-K13409143	0.5308510638297872	0.22482269503546098	-0.3060283687943262
BRD-K26026438	0.5308510638297872	0.04255319148936165	-0.48829787234042554
BRD-K62304154	0.526950354609929	0.19929078014184395	-0.3276595744680851
BRD-K88506063	0.526595744680851	0.043617021276595724	-0.4829787234042553
BRD-K62391742	0.5258865248226949	0.20709219858156025	-0.31879432624113474
BRD-K66715657	0.525531914893617	0.3734042553191489	-0.15212765957446808
BRD-K61642990	0.524468085106383	0.36170212765957444	-0.16276595744680852
BRD-K59929863	0.524468085106383	0.4382978723404255	-0.08617021276595745
BRD-K12932420	0.524468085106383	0.32446808510638303	-0.2
BRD-K29656036	0.523758865248227	0.4074468085106383	-0.11631205673758871
BRD-K42497885	0.5234042553191489	0.31950354609929077	-0.2039007092198582
BRD-K54395039	0.5234042553191489	0.3191489361702128	-0.20425531914893616
BRD-K84798689	0.5234042553191489	0.2900709219858156	-0.2333333333333334
BRD-K86797399	0.5230496453900708	0.12021276595744679	-0.4028368794326241
BRD-A43671941	0.522340425531915	0.2595744680851064	-0.26276595744680853
BRD-K81418486	0.5223404255319148	0.14468085106382977	-0.3776595744680851
BRD-K43002771	0.5216312056737589	0.3156028368794326	-0.20602836879432623
BRD-K67868012	0.5212765957446809	0.2684397163120567	-0.2528368794326242
BRD-K36740062	0.5209219858156029	0.43723404255319154	-0.08368794326241136
BRD-K53720352	0.5198581560283688	0.16489361702127658	-0.3549645390070922
BRD-K23925186	0.5187943262411348	0.3861702127659574	-0.13262411347517733
BRD-K72414522	0.5145390070921985	0.03510638297872337	-0.47943262411347515
BRD-A91366704	0.5138297872340426	0.13971631205673757	-0.37411347517730503
BRD-K67298865	0.5138297872340425	0.31950354609929077	-0.19432624113475178
BRD-K56908511	0.5134751773049645	0.25283687943262406	-0.26063829787234044
BRD-K18375018	0.5109929078014184	0.23120567375886525	-0.2797872340425532
BRD-K42828737	0.5106382978723405	0.3042553191489362	-0.20638297872340425
BRD-K43236057	0.5102836879432624	0.25780141843971627	-0.25248226950354613
BRD-A44500574	0.5095744680851064	0.051063829787234005	-0.45851063829787236
BRD-K53523901	0.5081560283687945	0.11382978723404258	-0.39432624113475184
BRD-K50850824	0.5074468085106383	0.298936170212766	-0.20851063829787234
BRD-A64242993	0.5074468085106383	0.14148936170212767	-0.3659574468085106
BRD-K85849709	0.5046099290780142	0.15992907801418438	-0.3446808510638298
BRD-K50018155	0.5042553191489362	0.08829787234042552	-0.41595744680851066
BRD-K47079459	0.5035460992907801	0.42943262411347516	-0.07411347517730499
BRD-K42191735	0.5028368794326241	0.04680851063829783	-0.45602836879432623
BRD-A39390670	0.5021276595744681	0.19148936170212771	-0.31063829787234043
BRD-A26032986	0.502127659574468	0.33404255319148934	-0.16808510638297872
BRD-K60585088	0.502127659574468	0.27234042553191484	-0.2297872340425532
BRD-K12539581	0.50177304964539	0.036170212765957444	-0.46560283687943266
BRD-K79259477	0.50177304964539	0.20496453900709216	-0.2968085106382979
BRD-K64888243	0.5007092198581561	0.3280141843971631	-0.17269503546099296
BRD-K52751261	0.49999999999999994	0.1680851063829787	-0.33191489361702126
BRD-A28329383	0.499290780141844	0.2085106382978723	-0.2907801418439717
BRD-K22134346	0.49929078014184397	0.12375886524822693	-0.37553191489361704
BRD-K84783599	0.498936170212766	0.23439716312056735	-0.26453900709219863
BRD-K00535541	0.49822695035460995	0.27907801418439715	-0.21914893617021278
BRD-K28392481	0.4978723404255319	0.03191489361702127	-0.46595744680851064
BRD-K26634012	0.4971631205673759	0.2684397163120567	-0.22872340425531915
BRD-K51143828	0.4971631205673759	0.27695035460992906	-0.22021276595744682
BRD-K41141507	0.49680851063829784	0.41453900709219854	-0.0822695035460993
BRD-K53561341	0.49361702127659574	0.02021276595744681	-0.4734042553191489
BRD-K04548931	0.49326241134751775	0.26418439716312053	-0.22907801418439722
BRD-K34251960	0.4932624113475177	0.46453900709219853	-0.02872340425531915
BRD-K82846253	0.4925531914893617	0.16843971631205673	-0.324113475177305
BRD-K26619122	0.4925531914893617	0.2432624113475177	-0.24929078014184403
BRD-K81197548	0.4921985815602838	0.1510638297872341	-0.3411347517730497
BRD-K47878171	0.49219858156028373	0.30354609929078014	-0.1886524822695036
BRD-K47598052	0.49078014184397156	0.17198581560283682	-0.31879432624113474
BRD-K17979676	0.49078014184397156	0.15460992907801416	-0.33617021276595743
BRD-K45293975	0.49007092198581564	0.0478723404255319	-0.44219858156028374
BRD-K22025381	0.4900709219858156	0.3379432624113475	-0.15212765957446808
BRD-K11590034	0.4893617021276596	0.24929078014184397	-0.24007092198581564
BRD-K92991072	0.48936170212765956	0.10992907801418439	-0.37943262411347517
BRD-K28965160	0.48900709219858157	0.325531914893617	-0.16347517730496458
BRD-K68633617	0.48865248226950353	0.300354609929078	-0.18829787234042553
BRD-K19615002	0.48758865248226957	0.37234042553191493	-0.11524822695035464
BRD-K82135108	0.4875886524822695	0.1709219858156028	-0.3166666666666667
BRD-K54256913	0.4868794326241135	0.3393617021276596	-0.1475177304964539
BRD-K77634909	0.48687943262411343	0.07978723404255317	-0.40709219858156026
BRD-K21728777	0.48687943262411343	0.38475177304964536	-0.10212765957446808
BRD-K73982490	0.4865248226950355	0.37234042553191493	-0.11418439716312057
BRD-K50168500	0.4861702127659575	0.1450354609929078	-0.3411347517730497
BRD-K85146014	0.48546099290780137	0.028014184397163078	-0.4574468085106383
BRD-K01773560	0.48510638297872344	0.2432624113475177	-0.24184397163120575
BRD-A25234499	0.4840425531914894	0.350709219858156	-0.13333333333333341
BRD-A93477898	0.4840425531914893	0.03936170212765955	-0.44468085106382976
BRD-K18613660	0.4836879432624113	0.2187943262411347	-0.2648936170212766
BRD-A73556557	0.4826241134751773	0.375177304964539	-0.1074468085106383
BRD-K91825936	0.47978723404255325	0.20744680851063835	-0.2723404255319149
BRD-K80431395	0.4797872340425532	0.34787234042553195	-0.13191489361702127
BRD-K95785537	0.4790780141843971	0.28652482269503543	-0.1925531914893617
BRD-K19034817	0.4787234042553191	0.18439716312056736	-0.29432624113475175
BRD-K73073971	0.4773049645390071	0.09680851063829787	-0.38049645390070924
BRD-A68304895	0.4769503546099291	0.3468085106382979	-0.1301418439716312
BRD-K29950728	0.475886524822695	0.3184397163120567	-0.1574468085106383
BRD-K39171998	0.475531914893617	0.12269503546099289	-0.35283687943262415
BRD-K66030860	0.474822695035461	0.11737588652482267	-0.3574468085106383
BRD-K51544265	0.474468085106383	0.4723404255319149	-0.002127659574468085
BRD-A92872453	0.4734042553191489	0.08510638297872342	-0.3882978723404255
BRD-K36889451	0.4734042553191489	0.3294326241134751	-0.1439716312056738
BRD-K40109029	0.47304964539007094	0.0648936170212766	-0.40815602836879433
BRD-K43389698	0.47234042553191485	0.42659574468085104	-0.045744680851063826
BRD-K82823804	0.47234042553191485	0.06276595744680846	-0.4095744680851064
BRD-K91701654	0.4719858156028368	0.34964539007092194	-0.12234042553191489
BRD-K95763993	0.4716312056737588	0.3691489361702127	-0.10248226950354611
BRD-K03601870	0.4709219858156028	0.21666666666666662	-0.2542553191489362
BRD-K07572174	0.4691489361702128	0.14574468085106385	-0.32340425531914896
BRD-K59574735	0.4687943262411347	0.38475177304964536	-0.08404255319148936
BRD-K64381438	0.4687943262411347	0.4432624113475177	-0.02553191489361702
BRD-K77987382	0.46808510638297873	0.17907801418439714	-0.2890070921985816
BRD-K67977190	0.4677304964539008	0.1265957446808511	-0.3411347517730497
BRD-K90948141	0.46595744680851064	0.4478723404255319	-0.018085106382978722
BRD-K17849083	0.4648936170212766	0.08723404255319145	-0.3776595744680851
BRD-K24869513	0.4645390070921986	0.42624113475177305	-0.03829787234042553
BRD-K26657438	0.4638297872340426	0.1712765957446809	-0.2925531914893617
BRD-K42436189	0.4627659574468085	0.14893617021276595	-0.31382978723404253
BRD-K76634210	0.46241134751773055	0.03297872340425534	-0.4294326241134752
BRD-K92872987	0.46170212765957447	0.1578014184397163	-0.3039007092198582
BRD-K44665581	0.4617021276595744	0.019148936170212738	-0.4425531914893617
BRD-A91452556	0.4617021276595744	0.40531914893617016	-0.05638297872340425
BRD-K97799481	0.46063829787234045	0.3152482269503546	-0.14539007092198586
BRD-K88568253	0.46063829787234034	0.2361702127659574	-0.22446808510638297
BRD-A11815689	0.45957446808510644	0.03829787234042559	-0.42127659574468085
BRD-K07310275	0.4595744680851063	0.02659574468085102	-0.4329787234042553
BRD-K39252998	0.45851063829787236	0.174468085106383	-0.28404255319148936
BRD-A31095847	0.45851063829787236	0.03404255319148941	-0.42446808510638295
BRD-A63546914	0.45780141843971633	0.17730496453900707	-0.28049645390070926
BRD-K66097663	0.45673758865248226	0.25780141843971627	-0.19893617021276597
BRD-K33610132	0.4563829787234043	0.15319148936170213	-0.30319148936170215
BRD-K78789465	0.4563829787234043	0.23652482269503544	-0.21985815602836883
BRD-A17846016	0.4563829787234043	0.22127659574468084	-0.2351063829787234
BRD-A27887842	0.45602836879432623	0.29255319148936165	-0.16347517730496458
BRD-A81370665	0.45531914893617026	0.32198581560283684	-0.13333333333333341
BRD-K10799896	0.4553191489361702	0.14893617021276595	-0.30638297872340425
BRD-K03294269	0.4539007092198581	0.11241134751773041	-0.3414893617021277
BRD-K03063480	0.45354609929078016	0.3131205673758865	-0.14042553191489363
BRD-K10670311	0.4531914893617021	0.06063829787234043	-0.3925531914893617
BRD-K23566484	0.4528368794326241	0.38794326241134747	-0.06489361702127659
BRD-K81916719	0.4510638297872341	0.050000000000000044	-0.40106382978723404
BRD-K57284066	0.449645390070922	0.21312056737588653	-0.2365248226950355
BRD-K75958547	0.448936170212766	0.025531914893617058	-0.42340425531914894
BRD-K13183738	0.448936170212766	0.27695035460992906	-0.17198581560283693
BRD-K58550667	0.44858156028368795	0.22659574468085109	-0.22198581560283687
BRD-K63784565	0.4468085106382979	0.1297872340425532	-0.3170212765957447
BRD-K42805893	0.4460992907801419	0.2946808510638298	-0.15141843971631208
BRD-K36269323	0.4460992907801418	0.2663120567375886	-0.1797872340425532
BRD-K26253904	0.44539007092198585	0.30886524822695033	-0.13652482269503552
BRD-K47832606	0.44539007092198585	0.15212765957446805	-0.2932624113475178
BRD-K38305202	0.4450354609929078	0.23226950354609927	-0.2127659574468085
BRD-K87990216	0.4446808510638298	0.26276595744680853	-0.1819148936170213
BRD-K49071277	0.4443262411347518	0.2695035460992908	-0.174822695035461
BRD-K54838207	0.4432624113475177	0.3773049645390071	-0.06595744680851064
BRD-K71164191	0.4432624113475177	0.18085106382978722	-0.2624113475177305
BRD-K02898090	0.4429078014184398	0.3840425531914894	-0.058865248226950384
BRD-K43578482	0.44290780141843966	0.2460992907801418	-0.19680851063829788
BRD-K53665955	0.4414893617021277	0.1712765957446809	-0.2702127659574468
BRD-K24556407	0.44078014184397163	0.2978723404255319	-0.14290780141843973
BRD-K81645907	0.44042553191489364	0.2946808510638298	-0.14574468085106382
BRD-K62196610	0.4400709219858156	0.36879432624113473	-0.07127659574468086
BRD-K45662124	0.4400709219858156	0.04893617021276597	-0.3911347517730496
BRD-K44844162	0.43971631205673767	0.18936170212765957	-0.2503546099290781
BRD-K52911425	0.43900709219858153	0.015957446808510634	-0.4230496453900709
BRD-K35189033	0.4386524822695035	0.2737588652482269	-0.16489361702127658
BRD-A55424491	0.43723404255319154	0.300709219858156	-0.13652482269503552
BRD-K75009076	0.43617021276595747	0.32730496453900704	-0.10886524822695043
BRD-K13050541	0.4354609929078014	0.09929078014184395	-0.33617021276595743
BRD-A90547603	0.4351063829787234	0.20354609929078013	-0.2315602836879433
BRD-K78809024	0.4340425531914894	0.2645390070921985	-0.16950354609929086
BRD-K90382497	0.4319148936170213	0.38829787234042556	-0.043617021276595745
BRD-K81613478	0.43191489361702123	0.0989361702127659	-0.33297872340425533
BRD-K29173907	0.4297872340425532	0.007446808510638281	-0.4223404255319149
BRD-K29905972	0.4294326241134752	0.015957446808510634	-0.4134751773049646
BRD-K24556098	0.4294326241134752	0.18085106382978722	-0.248581560283688
BRD-K49328571	0.42943262411347516	0.3773049645390071	-0.052127659574468084
BRD-K63923597	0.4287234042553192	0.2358156028368794	-0.19290780141843977
BRD-K29458283	0.42872340425531913	0.2613475177304964	-0.16737588652482271
BRD-A12230535	0.4280141843971631	0.21666666666666662	-0.21134751773049648
BRD-K40496271	0.42765957446808506	0.22021276595744677	-0.2074468085106383
BRD-K37590257	0.4273049645390072	0.23085106382978726	-0.19645390070921992
BRD-K11071038	0.42517730496453904	0.13191489361702124	-0.2932624113475178
BRD-K08703257	0.4251773049645389	0.13510638297872335	-0.2900709219858156
BRD-K82928892	0.424822695035461	0.02163120567375887	-0.4031914893617021
BRD-K98384930	0.4237588652482269	0.3056737588652482	-0.11808510638297873
BRD-K75466013	0.423404255319149	0.22695035460992907	-0.19645390070921992
BRD-A10903566	0.42304964539007084	0.3634751773049645	-0.059574468085106386
BRD-K11244467	0.4216312056737589	0.2117021276595744	-0.20992907801418448
BRD-K16551357	0.42127659574468085	0.03936170212765955	-0.3819148936170213
BRD-K70821460	0.42127659574468085	0.2783687943262411	-0.14290780141843973
BRD-A13133631	0.4212765957446808	0.3329787234042553	-0.08829787234042553
BRD-K17472821	0.42021276595744683	0.41276595744680855	-0.007446808510638298
BRD-K22127577	0.42021276595744683	0.12907801418439716	-0.29113475177304965
BRD-K37798499	0.42021276595744683	0.07056737588652479	-0.34964539007092205
BRD-K96344439	0.41985815602836873	0.14219858156028364	-0.2776595744680851
BRD-K93918653	0.41985815602836873	0.06985815602836876	-0.35
BRD-K74057757	0.4195035460992908	0.13156028368794326	-0.28794326241134754
BRD-K06222852	0.41914893617021276	0.19964539007092197	-0.2195035460992908
BRD-K35520305	0.4191489361702127	0.23014184397163118	-0.18900709219858153
BRD-K54094468	0.41843971631205673	0.1060283687943262	-0.31241134751773053
BRD-K31627533	0.4180851063829788	0.1712765957446809	-0.24680851063829787
BRD-K17702546	0.41773049645390065	0.12198581560283683	-0.2957446808510638
BRD-A70858459	0.41666666666666663	0.276595744680851	-0.1400709219858156
BRD-K68202742	0.41666666666666663	0.18262411347517726	-0.23404255319148937
BRD-K72093121	0.41631205673758864	0.175886524822695	-0.2404255319148936
BRD-K89015388	0.41595744680851066	0.19503546099290778	-0.2209219858156029
BRD-K60160658	0.4156028368794326	0.04680851063829783	-0.3687943262411348
BRD-K87782578	0.41489361702127664	0.20992907801418437	-0.20496453900709227
BRD-K60348325	0.4138297872340426	0.3361702127659575	-0.07765957446808511
BRD-A67748489	0.41382978723404257	0.025531914893617058	-0.3882978723404255
BRD-K91370081	0.4127659574468085	0.028014184397163078	-0.3847517730496454
BRD-K62965247	0.4127659574468085	0.35	-0.0627659574468085
BRD-K63068307	0.41134751773049644	0.05212765957446808	-0.35921985815602836
BRD-K29415052	0.41028368794326237	0.39751773049645384	-0.01276595744680851
BRD-A93236127	0.40992907801418443	0.3319148936170213	-0.07801418439716312
BRD-K58466253	0.4099290780141844	0.2024822695035461	-0.2074468085106383
BRD-K56851771	0.40957446808510634	0.0031914893617021045	-0.40638297872340423
BRD-K85872723	0.4092198581560284	0.17021276595744683	-0.23900709219858157
BRD-K32285926	0.40886524822695036	0.1574468085106383	-0.25141843971631206
BRD-K79633074	0.4078014184397164	0.22340425531914898	-0.18439716312056742
BRD-K10784860	0.40673758865248233	0.19255319148936167	-0.21418439716312065
BRD-K70463136	0.40638297872340423	0.34751773049645385	-0.058865248226950384
BRD-K01669786	0.40531914893617027	0.29574468085106387	-0.10957446808510639
BRD-K23190681	0.4042553191489362	0.19007092198581554	-0.21418439716312065
BRD-K83963101	0.4042553191489362	0.16914893617021276	-0.2351063829787234
BRD-A74391928	0.40390070921985816	0.3021276595744681	-0.10177304964539008
BRD-K15179879	0.4039007092198581	0.36985815602836875	-0.03404255319148936
BRD-K69608737	0.4028368794326241	0.05390070921985812	-0.34893617021276596
BRD-K31309378	0.40212765957446805	0.058510638297872286	-0.34361702127659577
BRD-K68408467	0.40177304964539007	0.2400709219858156	-0.16170212765957448
BRD-K13606314	0.4014184397163121	0.12234042553191493	-0.27907801418439715
BRD-K02594908	0.3985815602836879	0.2156028368794326	-0.1829787234042553
BRD-A75975749	0.39787234042553193	0.3829787234042553	-0.014893617021276596
BRD-K89085489	0.39609929078014194	0.1819148936170213	-0.21418439716312065
BRD-A85667082	0.39609929078014183	0.3287234042553191	-0.06737588652482274
BRD-K12040459	0.39574468085106385	0.08617021276595749	-0.30957446808510636
BRD-K76210423	0.39574468085106373	0.15531914893617016	-0.2404255319148936
BRD-K65814004	0.39503546099290776	0.20070921985815598	-0.19432624113475178
BRD-K72231366	0.38936170212765964	0.16950354609929077	-0.21985815602836883
BRD-K85014146	0.3882978723404255	0.09680851063829787	-0.29148936170212764
BRD-K63504947	0.38687943262411345	0.10851063829787233	-0.2783687943262411
BRD-K34533029	0.3865248226950355	0.21276595744680848	-0.17375886524822703
BRD-K83508485	0.3865248226950355	0.11489361702127665	-0.27163120567375887
BRD-K33882852	0.3865248226950354	0.23971631205673757	-0.14680851063829786
BRD-A64064900	0.3861702127659575	0.28475177304964533	-0.10141843971631215
BRD-K46585355	0.3851063829787234	0.2053191489361702	-0.1797872340425532
BRD-A27376179	0.3847517730496455	0.3120567375886525	-0.07269503546099298
BRD-K22385716	0.3843971631205673	0.3141843971631205	-0.07021276595744681
BRD-K13810148	0.3829787234042554	0.07801418439716312	-0.30496453900709225
BRD-K83607951	0.38226950354609923	0.2886524822695035	-0.09361702127659574
BRD-K36363294	0.38191489361702124	0.03510638297872337	-0.3468085106382979
BRD-A72711497	0.38120567375886527	0.20141843971631204	-0.1797872340425532
BRD-K26823213	0.3808510638297872	0.35744680851063826	-0.023404255319148935
BRD-K11927976	0.38049645390070924	0.0648936170212766	-0.31560283687943264
BRD-K02241333	0.37872340425531914	0.2358156028368794	-0.14290780141843973
BRD-K28570407	0.37872340425531914	0.0478723404255319	-0.33085106382978724
BRD-A92537424	0.3780141843971631	0.2429078014184397	-0.1351063829787234
BRD-K92049597	0.377304964539007	0.07127659574468082	-0.3060283687943262
BRD-K13514097	0.37659574468085105	0.024468085106382986	-0.35212765957446807
BRD-A73427433	0.375177304964539	0.16595744680851066	-0.20921985815602834
BRD-A97739905	0.37375886524822693	0.3226950354609929	-0.05106382978723404
BRD-K50590187	0.3734042553191489	0.08723404255319145	-0.28617021276595744
BRD-K90497590	0.3730496453900709	0.3457446808510638	-0.027304964539007104
BRD-K79239947	0.3726950354609929	0.22411347517730495	-0.14858156028368796
BRD-K09090949	0.37234042553191493	0.057446808510638325	-0.3148936170212766
BRD-K35329391	0.37234042553191493	0.04574468085106387	-0.32659574468085106
BRD-K39841531	0.3719858156028369	0.28617021276595744	-0.08581560283687945
BRD-K03384561	0.3709219858156028	0.14148936170212767	-0.22943262411347515
BRD-K00077635	0.36985815602836886	0.11489361702127665	-0.2549645390070922
BRD-A79981887	0.3687943262411348	0.25851063829787235	-0.11028368794326243
BRD-A73871920	0.36843971631205674	0.11914893617021272	-0.24929078014184403
BRD-K14109347	0.36843971631205674	0.3283687943262411	-0.04007092198581563
BRD-K59325863	0.3684397163120567	0.11453900709219855	-0.25390070921985813
BRD-K67772619	0.36666666666666664	0.051063829787234005	-0.31560283687943264
BRD-A09349126	0.36666666666666664	0.17234042553191486	-0.19432624113475178
BRD-K47049295	0.3638297872340426	0.16702127659574473	-0.19680851063829788
BRD-K11267252	0.36347517730496454	0.17340425531914894	-0.1900709219858156
BRD-K06234293	0.36276595744680845	0.07127659574468082	-0.29148936170212764
BRD-K17743125	0.3624113475177304	0.11347517730496448	-0.24893617021276596
BRD-K26712974	0.3613475177304964	0.1783687943262411	-0.1829787234042553
BRD-K41599323	0.3606382978723404	0.0648936170212766	-0.2957446808510638
BRD-K16803204	0.3606382978723404	0.08829787234042552	-0.2723404255319149
BRD-K13044802	0.3602836879432624	0.2400709219858156	-0.1202127659574468
BRD-K87909389	0.3599290780141845	0.2914893617021277	-0.06843971631205681
BRD-K05104363	0.35957446808510635	0.07553191489361699	-0.28404255319148936
BRD-K01029106	0.35851063829787233	0.20638297872340428	-0.15212765957446808
BRD-K76406695	0.35851063829787233	0.19716312056737587	-0.1613475177304965
BRD-K26531771	0.35780141843971636	0.28617021276595744	-0.07163120567375891
BRD-K37069697	0.35780141843971636	0.21382978723404256	-0.1439716312056738
BRD-K49350383	0.3570921985815603	0.06914893617021278	-0.28794326241134754
BRD-K41783120	0.3570921985815603	0.1556737588652482	-0.20141843971631213
BRD-A56085258	0.35709219858156027	0.28936170212765955	-0.06773049645390072
BRD-K38904395	0.3567375886524823	0.17553191489361697	-0.18120567375886532
BRD-K89704198	0.35602836879432626	0.044680851063829796	-0.31134751773049646
BRD-A07704283	0.35602836879432626	0.16914893617021276	-0.1868794326241135
BRD-K09132007	0.3549645390070923	0.06595744680851068	-0.2890070921985816
BRD-K04552268	0.3549645390070922	0.1230496453900709	-0.23191489361702128
BRD-K51313569	0.35425531914893615	0.04680851063829783	-0.3074468085106383
BRD-K70401845	0.3539007092198581	0.34326241134751767	-0.010638297872340425
BRD-K15519488	0.35319148936170214	0.1776595744680851	-0.17553191489361702
BRD-K86003836	0.35283687943262415	0.09042553191489366	-0.2624113475177305
BRD-K77625799	0.35283687943262415	0.036170212765957444	-0.3166666666666667
BRD-K42898655	0.35212765957446807	0.007446808510638281	-0.3446808510638298
BRD-K68502831	0.34929078014184395	0.2907801418439716	-0.05851063829787234
BRD-K40718343	0.348581560283688	0.09468085106382984	-0.25390070921985813
BRD-K84163249	0.3478723404255319	0.06808510638297871	-0.2797872340425532
BRD-K56301217	0.3471631205673759	0.1198581560283688	-0.22730496453900711
BRD-K19761926	0.3468085106382979	0.19255319148936167	-0.15425531914893617
BRD-K72726508	0.3457446808510638	0.25	-0.09574468085106383
BRD-K24844714	0.34503546099290777	0.27907801418439715	-0.06595744680851064
BRD-A93695607	0.3446808510638298	0.06063829787234043	-0.28404255319148936
BRD-K76239644	0.3429078014184397	0.1907801418439716	-0.15212765957446808
BRD-K89299012	0.34255319148936175	0.037234042553191515	-0.30531914893617024
BRD-K70914287	0.34219858156028365	0.17517730496453898	-0.16702127659574467
BRD-K75295174	0.3414893617021277	0.04042553191489362	-0.30106382978723406
BRD-K72703948	0.34113475177304964	0.15602836879432624	-0.1851063829787234
BRD-K66788707	0.3411347517730495	0.05177304964538998	-0.28936170212765955
BRD-K06426971	0.3404255319148936	0.0925531914893617	-0.2478723404255319
BRD-K83029223	0.3382978723404255	0.22127659574468084	-0.11702127659574468
BRD-K52172416	0.3382978723404255	0.09397163120567373	-0.24432624113475182
BRD-K51199656	0.3379432624113475	0.05957446808510636	-0.2783687943262411
BRD-K55305701	0.3375886524822695	0.2886524822695035	-0.04893617021276596
BRD-K48141473	0.3347517730496455	0.057446808510638325	-0.27730496453900716
BRD-K17705806	0.33439716312056733	0.14822695035460992	-0.18617021276595744
BRD-K00259736	0.33404255319148934	0.036170212765957444	-0.2978723404255319
BRD-K92657060	0.3336879432624114	0.07446808510638303	-0.2592198581560284
BRD-K42981054	0.33368794326241136	0.17340425531914894	-0.16028368794326242
BRD-K23204545	0.33191489361702126	0.16489361702127658	-0.16702127659574467
BRD-K37249724	0.3301418439716312	0.2429078014184397	-0.08723404255319149
BRD-K66527818	0.3283687943262411	0.18900709219858153	-0.13936170212765958
BRD-K44993696	0.3276595744680851	0.22127659574468084	-0.10638297872340426
BRD-K55187425	0.325531914893617	0.08723404255319145	-0.23829787234042554
BRD-K12829205	0.3244680851063829	0.23191489361702122	-0.0925531914893617
BRD-A28301258	0.32375886524822695	0.30673758865248224	-0.01702127659574468
BRD-K27799744	0.3212765957446808	0.20957446808510638	-0.11170212765957446
BRD-K92968657	0.3209219858156029	0.05425531914893622	-0.26666666666666666
BRD-M92675308	0.3202127659574468	0.3180851063829787	-0.002127659574468085
BRD-K46392623	0.3191489361702128	0.16702127659574473	-0.15212765957446808
BRD-K44590731	0.3180851063829787	0.20354609929078013	-0.11453900709219861
BRD-K70163715	0.3170212765957447	0.23510638297872344	-0.08191489361702127
BRD-K54997624	0.3159574468085106	0.02765957446808509	-0.28829787234042553
BRD-K13060017	0.31382978723404253	0.10035460992907799	-0.21347517730496451
BRD-K43471985	0.3131205673758865	0.11843971631205671	-0.1946808510638298
BRD-A06352508	0.3127659574468085	0.1776595744680851	-0.1351063829787234
BRD-K49954789	0.30992907801418434	0.006382978723404209	-0.30354609929078014
BRD-K23677682	0.3092198581560284	0.1542553191489362	-0.15496453900709223
BRD-K00312224	0.3078014184397163	0.1982269503546099	-0.10957446808510639
BRD-K00317371	0.3078014184397163	0.2854609929078014	-0.022340425531914895
BRD-K51911221	0.3074468085106383	0.15177304964539007	-0.15567375886524826
BRD-K08586861	0.3063829787234043	0.037234042553191515	-0.2691489361702128
BRD-K63123526	0.3063829787234042	0.0989361702127659	-0.2074468085106383
BRD-K25690923	0.3053191489361702	0.051063829787234005	-0.2542553191489362
BRD-K53097745	0.3049645390070922	0.1953900709219858	-0.10957446808510639
BRD-K21025364	0.3042553191489362	0.03829787234042559	-0.26595744680851063
BRD-K48684885	0.30354609929078014	0.2542553191489362	-0.04929078014184396
BRD-K72815923	0.30319148936170215	0.1404255319148936	-0.16276595744680852
BRD-A23067620	0.3028368794326242	0.04148936170212769	-0.2613475177304965
BRD-K79555887	0.3028368794326241	0.04255319148936165	-0.26028368794326245
BRD-K05524748	0.3028368794326241	0.0010638297872340718	-0.30177304964539003
BRD-K26305185	0.3028368794326241	0.011702127659574457	-0.29113475177304965
BRD-K13167095	0.3024822695035462	0.14574468085106385	-0.15673758865248233
BRD-A28467416	0.30106382978723406	0.21808510638297873	-0.08297872340425531
BRD-K26838195	0.29858156028368793	0.06382978723404253	-0.2347517730496454
BRD-A91733352	0.2964539007092199	0.10106382978723405	-0.19539007092198585
BRD-K62310379	0.29645390070921984	0.08368794326241136	-0.2127659574468085
BRD-K17610631	0.2964539007092198	0.058510638297872286	-0.2379432624113475
BRD-K55044200	0.29609929078014185	0.13936170212765953	-0.15673758865248233
BRD-K87112191	0.29574468085106387	0.06595744680851068	-0.2297872340425532
BRD-K67844266	0.29574468085106387	0.16843971631205673	-0.12730496453900714
BRD-K07359318	0.2921985815602837	0.03510638297872337	-0.25709219858156035
BRD-K62810658	0.29113475177304965	0.12021276595744679	-0.17092198581560286
BRD-A10039652	0.2900709219858156	0.04042553191489362	-0.24964539007092196
BRD-K78055238	0.2886524822695035	0.175886524822695	-0.1127659574468085
BRD-K85140930	0.2886524822695035	0.23971631205673757	-0.04893617021276596
BRD-K62398570	0.28794326241134754	0.2542553191489362	-0.03368794326241137
BRD-K61195623	0.2875886524822695	0.25567375886524824	-0.031914893617021274
BRD-K52762805	0.2868794326241134	0.22836879432624108	-0.05851063829787234
BRD-K78659596	0.28475177304964533	0.28262411347517724	-0.002127659574468085
BRD-A30886737	0.2843971631205675	0.029787234042553234	-0.2546099290780143
BRD-K41104902	0.2840425531914893	0.24042553191489358	-0.043617021276595745
BRD-K64881305	0.28226950354609937	0.12553191489361704	-0.15673758865248233
BRD-K17203476	0.2819148936170213	0.22517730496453897	-0.05673758865248235
BRD-K49522529	0.28156028368794334	0.0648936170212766	-0.21666666666666673
BRD-K01295354	0.2797872340425531	0.1436170212765957	-0.13617021276595745
BRD-K59647213	0.27765957446808515	0.22659574468085109	-0.05106382978723404
BRD-A67862938	0.27765957446808504	0.022340425531914843	-0.2553191489361702
BRD-K37720887	0.274468085106383	0.08085106382978724	-0.19361702127659575
BRD-K77943374	0.27411347517730505	0.0617021276595745	-0.21241134751773055
BRD-A80017228	0.273049645390071	0.11489361702127665	-0.15815602836879433
BRD-K67537649	0.2730496453900709	0.19716312056737587	-0.07588652482269509
BRD-K18250272	0.2726950354609929	0.24397163120567372	-0.02872340425531915
BRD-A50049929	0.2687943262411348	0.11489361702127665	-0.15390070921985816
BRD-A53151380	0.26666666666666666	0.03936170212765955	-0.22730496453900711
BRD-K23363278	0.2656028368794327	0.025531914893617058	-0.24007092198581564
BRD-A36331462	0.2641843971631206	0.20567375886524822	-0.05851063829787234
BRD-K13302470	0.26418439716312053	0.18120567375886523	-0.08297872340425531
BRD-K14175878	0.2638297872340426	0.23936170212765961	-0.02446808510638298
BRD-K05674516	0.26276595744680853	0.025531914893617058	-0.2372340425531915
BRD-K09900591	0.2624113475177305	0.014893617021276562	-0.24751773049645392
BRD-K67578145	0.2609929078014185	0.04148936170212769	-0.2195035460992908
BRD-K45401373	0.25992907801418436	0.25780141843971627	-0.002127659574468085
BRD-K87827419	0.2592198581560284	0.1400709219858156	-0.11914893617021277
BRD-K85920262	0.25886524822695045	0.008510638297872353	-0.2503546099290781
BRD-K68065987	0.2578014184397164	0.15000000000000002	-0.10780141843971636
BRD-A36057565	0.2546099290780143	0.10531914893617023	-0.14929078014184405
BRD-K43644456	0.25390070921985813	0.028723404255319163	-0.22517730496453897
BRD-K03243820	0.25248226950354613	0.044680851063829796	-0.20780141843971633
BRD-K87036601	0.25212765957446814	0.037234042553191515	-0.2148936170212766
BRD-K03390685	0.251063829787234	0.2329787234042553	-0.018085106382978722
BRD-K88429204	0.25	0.19361702127659575	-0.05638297872340425
BRD-K69776681	0.24964539007092193	0.21453900709219853	-0.035106382978723406
BRD-K61036791	0.24929078014184403	0.13297872340425532	-0.11631205673758871
BRD-K64120610	0.24716312056737588	0.17907801418439714	-0.06808510638297872
BRD-K14385366	0.24539007092198573	0.1570921985815602	-0.08829787234042553
BRD-K99879819	0.24361702127659568	0.022340425531914843	-0.22127659574468084
BRD-K68103045	0.24148936170212765	0.05957446808510636	-0.1819148936170213
BRD-K55462201	0.24148936170212765	0.05957446808510636	-0.1819148936170213
BRD-K23403298	0.24113475177304972	0.03297872340425534	-0.20815602836879438
BRD-K25837718	0.24078014184397162	0.07375886524822695	-0.16702127659574467
BRD-A55913614	0.24042553191489363	0.11382978723404258	-0.12659574468085105
BRD-K82091397	0.23936170212765953	0.05531914893617018	-0.18404255319148935
BRD-K73319509	0.2365248226950355	0.05319148936170215	-0.18333333333333335
BRD-K84683831	0.23652482269503544	0.06347517730496455	-0.1730496453900709
BRD-K18779551	0.2340425531914894	0.22340425531914898	-0.010638297872340425
BRD-K94720315	0.22482269503546098	0.14716312056737588	-0.07765957446808511
BRD-K86525559	0.22163120567375894	0.08085106382978724	-0.1407801418439717
BRD-K14329163	0.2212765957446809	0.08191489361702131	-0.13936170212765958
BRD-K84091759	0.2202127659574468	0.12872340425531914	-0.09148936170212765
BRD-K71106091	0.2195035460992909	0.0617021276595745	-0.1578014184397164
BRD-A16997652	0.21950354609929076	0.21843971631205672	-0.0010638297872340426
BRD-A58564983	0.21950354609929076	0.20460992907801417	-0.014893617021276596
BRD-K73197500	0.21843971631205672	0.006382978723404209	-0.2120567375886525
BRD-K12244279	0.2156028368794327	0.14680851063829792	-0.0687943262411348
BRD-K38003476	0.21489361702127655	0.006382978723404209	-0.20851063829787234
BRD-K40530731	0.21205673758865246	0.07482269503546096	-0.1372340425531915
BRD-A75726477	0.21170212765957447	0.08936170212765959	-0.12234042553191489
BRD-K76011241	0.20992907801418448	0.11702127659574468	-0.0929078014184398
BRD-K98157055	0.20957446808510644	0.06595744680851068	-0.14361702127659576
BRD-K94353609	0.2074468085106383	0.06808510638297871	-0.13936170212765958
BRD-K99113996	0.20709219858156025	0.04255319148936165	-0.1645390070921986
BRD-K49111258	0.20638297872340425	0.20106382978723403	-0.005319148936170213
BRD-K34332569	0.20638297872340425	0.05638297872340425	-0.15
BRD-K60230970	0.20425531914893622	0.050000000000000044	-0.15425531914893617
BRD-K31698212	0.2039007092198582	0.03297872340425534	-0.17092198581560286
BRD-K04394237	0.20106382978723406	0.08936170212765959	-0.11170212765957446
BRD-K70358946	0.1982269503546099	0.06099290780141842	-0.1372340425531915
BRD-K57136142	0.19787234042553192	0.08510638297872342	-0.1127659574468085
BRD-K64785675	0.19539007092198574	0.12943262411347511	-0.06595744680851064
BRD-K89162000	0.19468085106382982	0.18617021276595747	-0.00851063829787234
BRD-K49294207	0.19432624113475175	0.17943262411347516	-0.014893617021276596
BRD-K42495768	0.19397163120567376	0.1875886524822695	-0.006382978723404255
BRD-K41876534	0.19290780141843977	0.028723404255319163	-0.1641843971631206
BRD-K76719364	0.18758865248226952	0.022340425531914843	-0.16524822695035468
BRD-K78096648	0.18652482269503545	0.08439716312056736	-0.10212765957446808
BRD-M29182745	0.18475177304964532	0.008156028368794255	-0.17659574468085107
BRD-K68747584	0.1829787234042553	0.17659574468085104	-0.006382978723404255
BRD-K73303757	0.1812056737588652	0.15141843971631203	-0.029787234042553193
BRD-K78960041	0.17978723404255323	0.10212765957446812	-0.07765957446808511
BRD-K97883416	0.17340425531914896	0.14255319148936174	-0.030851063829787233
BRD-K20468903	0.17340425531914894	0.10177304964539002	-0.07163120567375891
BRD-K21565985	0.17056737588652493	0.09787234042553195	-0.07269503546099298
BRD-A22707317	0.16879432624113477	0.004255319148936176	-0.1645390070921986
BRD-K61688984	0.16276595744680844	0.08049645390070914	-0.0822695035460993
BRD-K82928847	0.16170212765957448	0.12127659574468086	-0.04042553191489362
BRD-K08542803	0.1581560283687944	0.021276595744680882	-0.1368794326241135
BRD-A68083442	0.15000000000000005	0.09468085106382984	-0.05531914893617021
BRD-K62779383	0.14574468085106385	0.10531914893617023	-0.04042553191489362
BRD-K81528515	0.1379432624113475	0.12730496453900708	-0.010638297872340425
BRD-K61097567	0.13297872340425532	0.024468085106382986	-0.10851063829787234
BRD-K07265709	0.13226950354609934	0.11382978723404258	-0.018439716312056764
BRD-K68567222	0.13085106382978728	0.12234042553191493	-0.00851063829787234
BRD-K59146805	0.12836879432624104	0.11666666666666659	-0.011702127659574468
BRD-K28143534	0.1276595744680851	0.1127659574468085	-0.014893617021276596
BRD-K47150025	0.11808510638297867	0.0021276595744680327	-0.11595744680851064
BRD-K59753975	0.11702127659574474	0.11489361702127665	-0.002127659574468085
BRD-K00634421	0.1159574468085107	0.11489361702127665	-0.0010638297872340426
BRD-K49840922	0.11453900709219855	0.09007092198581557	-0.02446808510638298
BRD-K11196887	0.11170212765957442	0.022340425531914843	-0.08936170212765958
BRD-K13566078	0.10460992907801425	0.012765957446808529	-0.09184397163120572
BRD-K18574842	0.08297872340425534	0.03297872340425534	-0.05
BRD-K50140147	0.07021276595744681	0.0648936170212766	-0.005319148936170213
BRD-K93869735	0.07021276595744678	0.05957446808510636	-0.010638297872340425
BRD-A53951045	0.06276595744680855	0.04148936170212769	-0.02127659574468085
BRD-K64800655	0.05744680851063834	0.029787234042553234	-0.027659574468085105
BRD-A49035384	0.05638297872340423	0.043617021276595724	-0.01276595744680851
BRD-K02130563	0.04787234042553193	0.028723404255319163	-0.019148936170212766
BRD-K30431096	0.04042553191489358	0.014893617021276562	-0.02553191489361702
BRD-K19318328	0.03758865248226947	0.032269503546099254	-0.005319148936170213
BRD-K68904758	0.034042553191489314	0.02659574468085102	-0.007446808510638298
BRD-K79315489	0.030851063829787247	0.028723404255319163	-0.002127659574468085
BRD-K54095730	0.02943262411347511	0.028368794326241065	-0.0010638297872340426
