Compound	CMap_Score	a_score	b_score
BRD-K29905972	0.600677884983288	0.2816089084190553	-0.3190689765642327
BRD-K53665955	0.5812852382811435	0.3495705582742435	-0.2317146800069001
BRD-A51571244	0.5757090457729628	0.31773694197543195	-0.25797210379753077
BRD-A11551002	0.5594285869927536	0.2595875362029362	-0.29984105078981743
BRD-A31521121	0.5273358919119431	0.2561919504643963	-0.2711439414475468
BRD-K37270826	0.5254882937895022	0.21449615499850194	-0.31099213879100035
BRD-A01643550	0.5203255248696175	0.26762708478977326	-0.25269844007984427
BRD-K36467523	0.5196831781022333	0.1840107859782283	-0.335672392124005
BRD-K24187789	0.5128203465365155	0.31686307799860186	-0.19595726853791373
BRD-K16551357	0.511768467226372	0.24440727054828726	-0.2673611966780848
BRD-K90374350	0.5102564717814893	0.2669779286926995	-0.2432785430887897
BRD-A36331462	0.5089442166741678	0.2854788774593029	-0.22346533921486483
BRD-K94455792	0.500271724679994	0.1380954758813543	-0.36217624879863974
BRD-K13044802	0.49430675187191714	0.3339159093178867	-0.1603908425540304
BRD-K44590731	0.4942616805944479	0.2901228403076001	-0.2041388402868478
BRD-K56751279	0.49149482296391317	0.1743233796065115	-0.31717144335740166
BRD-K18898553	0.4882185626218383	0.11038150404474179	-0.37783705857709654
BRD-K86930074	0.48322602694419325	0.24588035553780085	-0.2373456714063924
BRD-K02764365	0.4785593663302642	0.25419454708878464	-0.22436481924147955
BRD-K59058747	0.4785100797534634	0.21576949965045444	-0.26274058010300894
BRD-K36711084	0.47594555649084763	0.23129931089583539	-0.24464624559501225
BRD-K55703048	0.47258045060901344	0.29761310296614396	-0.17496734764286948
BRD-K61314889	0.47205678073050483	0.22503245780485365	-0.24702432292565119
BRD-A42746051	0.47178765008086887	0.2773644262458803	-0.19442322383498853
BRD-K71480163	0.4705759136499174	0.13282732447817835	-0.33774858917173906
BRD-K09397065	0.4683975766568396	0.2848297213622291	-0.1835678552946105
BRD-K31627533	0.46297248641700856	0.2949915110356537	-0.16798097538135487
BRD-K85014146	0.46239142361683055	0.13497453310696095	-0.3274168905098696
BRD-K83029223	0.46068098484956566	0.2731948466992909	-0.1874861381502748
BRD-K18961567	0.45830128624995314	0.1829371816638371	-0.27536410458611604
BRD-K28392481	0.4573275521043423	0.20852891241386196	-0.24879863969048033
BRD-K12502280	0.45506977293155265	0.21352242085289125	-0.2415473520786614
BRD-K31491153	0.4540169208600249	0.31271846599420755	-0.14129845486581732
BRD-K33277808	0.4518846279058004	0.19502147208628784	-0.2568631558195126
BRD-A11815689	0.4516576502494808	0.22498252272046337	-0.22667512752901742
BRD-K99545815	0.4500214656012119	0.16161490062918205	-0.2884065649720299
BRD-K26305185	0.44982237377124024	0.18565864376310792	-0.2641637300081323
BRD-K81330143	0.44920369753087225	0.24523119944072713	-0.20397249809014512
BRD-A36456202	0.4488019470791867	0.304429241985419	-0.1443727050937677
BRD-K26838195	0.44738203971201074	0.243009088185359	-0.20437295152665175
BRD-K72827473	0.44680227392701166	0.1461849595525816	-0.30061731437443007
BRD-A64064900	0.44573872148025745	0.05765005492859282	-0.38808866655166463
BRD-K58299615	0.4453891758895255	0.2712473784080695	-0.17414179748145597
BRD-K68502831	0.4422033823561837	0.2507989613502447	-0.19140442100593902
BRD-K04701033	0.44053606934361955	0.19831718765604714	-0.2422188816875724
BRD-K31309378	0.43882498206876513	0.24161090582243083	-0.1972140762463343
BRD-K53414658	0.43813140320181176	0.1734994507140718	-0.26463195248773996
BRD-K81548480	0.43770176692377827	0.18216318785578745	-0.2555385790679908
BRD-K21718444	0.43654385662275413	0.1850344552082293	-0.2515094014145248
BRD-K96233303	0.435141783214289	0.23030060920802953	-0.20484117400625945
BRD-K41312087	0.4344893845792677	0.11554978527913712	-0.3189395993001306
BRD-K17026858	0.4306910756276582	0.11292819334864679	-0.3177628822790114
BRD-K33379087	0.42918199846692806	0.18173873963846998	-0.24744325882845808
BRD-K76180386	0.42069789792749945	0.1461100569259962	-0.27458784100150324
BRD-K88506063	0.41948291895860057	0.2328223309697393	-0.18666058798886126
BRD-K05524748	0.4184093146442093	0.23127434335364025	-0.187134971290569
BRD-K33813875	0.41738402414523457	0.17035354039748327	-0.2470304837477513
BRD-K69195780	0.4173733237700081	0.14675921302307	-0.2706141107469381
BRD-K51471001	0.4170344785545025	0.21364725856386696	-0.20338721999063555
BRD-K95926480	0.41547416929420333	0.0669379806251873	-0.34853618866901603
BRD-K44827188	0.41428545488267843	0.255293118945371	-0.15899233593730744
BRD-K53561341	0.41416353545585544	0.26061120543293714	-0.1535523300229183
BRD-K17203476	0.4132698919975461	0.12633576350744036	-0.28693412849010574
BRD-K33882852	0.4130639908378848	0.23334664935583743	-0.17971734148204735
BRD-K39160765	0.41278610533579074	0.2143213822031359	-0.1984647231326548
BRD-K11244467	0.41241645600978466	0.21289823229801258	-0.19951822371177208
BRD-A47706533	0.41075303404275737	0.1298811544991511	-0.28087187954360626
BRD-K54847683	0.4091003124509566	0.1079346849096175	-0.30116562754133913
BRD-K52075715	0.40736912144082815	0.07994607010885846	-0.3274230513319697
BRD-A28970875	0.4069518068069951	0.23187356436632378	-0.17507824244067133
BRD-A44090213	0.4052624445363884	0.2331968441026665	-0.17206560043372188
BRD-K49294207	0.40433507868342583	0.24338360131828624	-0.1609514773651396
BRD-K08586861	0.4039534319670144	0.25337061819634477	-0.15058281377066962
BRD-K04623885	0.40209707899211544	0.259387795865375	-0.14270928312674042
BRD-K49962337	0.39950661542592036	0.2055577748926396	-0.19394884053328074
BRD-A83937277	0.3990166679420649	0.1977179666433636	-0.2012987012987013
BRD-K03765900	0.39774948411221256	0.24910116848097474	-0.14864831563123782
BRD-K26657438	0.39760065162042596	0.16838110456406674	-0.22921954705635922
BRD-K72951360	0.3961463733510074	0.28173374613003094	-0.11441262722097645
BRD-K90574421	0.3960711464706272	0.19244981524018778	-0.2036213312304394
BRD-A26503646	0.39586297553440264	0.10905822430839907	-0.2868047512260036
BRD-K26823213	0.39581920127211245	0.24420753021072605	-0.15161167106138643
BRD-K94485812	0.3955643377894452	0.20418456007190655	-0.19137977771753867
BRD-K48195008	0.3945062976572016	0.18723159892140218	-0.2072746987357994
BRD-K87124298	0.3943133666493298	0.26203435533806047	-0.13227901131126937
BRD-K30577245	0.39294793391967064	0.1753969839209028	-0.21755094999876787
BRD-K66030860	0.39272160477094065	0.1299810246679317	-0.26274058010300894
BRD-A83650191	0.3922566248292804	0.20755517826825132	-0.1847014465610291
BRD-K12867552	0.39164443366480717	0.2714221512034355	-0.12022228246137168
BRD-K36386086	0.39076959692659274	0.1243633276740237	-0.26640626925256905
BRD-K09426783	0.39066194466673837	0.11322780385498848	-0.2774341408117499
BRD-K36234266	0.390421024097245	0.15350044941575947	-0.23692057468148553
BRD-K73753850	0.3899502075872794	0.09115649655447916	-0.2987937110328002
BRD-K07881437	0.3884022199711803	0.21484570058923397	-0.17355651938194633
BRD-K61097567	0.38775630641205394	0.20258663737141716	-0.1851696690406368
BRD-A14240607	0.3853860111724887	0.05565265155298116	-0.32973335961950756
BRD-K59197931	0.38519243165702766	0.14606012184160588	-0.23913230981542177
BRD-K12040459	0.38510423462485777	0.07902227104763804	-0.30608196357721973
BRD-K16136380	0.3845277113778062	0.15559772296015179	-0.22892998841765444
BRD-A27376179	0.3837381533876091	0.1697543193847998	-0.2139838340028093
BRD-K67578145	0.3831139648327305	0.14968041545990218	-0.23343354937282834
BRD-K68103045	0.3827910080531673	0.21447118745630678	-0.16831982059686051
BRD-K38197229	0.38243205910238764	0.16548486966942977	-0.21694718943295788
BRD-K17610631	0.38177544516803485	0.3042045341056626	-0.07757091106237224
BRD-K61936403	0.38121643162589924	0.13402576650354536	-0.24719066512235388
BRD-K97010173	0.38114606855244026	0.1698791570957755	-0.21126691145666476
BRD-A09349126	0.38064833897751105	0.21457105762508738	-0.16607728135242367
BRD-A43671941	0.38062337143531594	0.11492559672425845	-0.2656977747110575
BRD-K04548931	0.38015839149365566	0.2176420653150904	-0.16251632617856526
BRD-K36529613	0.3797401040984383	0.2029861180465395	-0.17675398605189876
BRD-K19412355	0.37878128562738567	0.2069559572555677	-0.17182532837181796
BRD-K55044200	0.37859873074094597	0.12458803555378017	-0.2540106951871658
BRD-K71281111	0.3742621604900643	0.27217117746929	-0.1020909830207743
BRD-K29458283	0.3734307737603453	0.2570158793568361	-0.11641489440350916
BRD-K67043667	0.3733296065763857	0.20985219215020467	-0.16347741442618102
BRD-K11433652	0.37269374488489637	0.11013182862279036	-0.262561916262106
BRD-K89121095	0.3712615158735203	0.20288624787775889	-0.1683752679957614
BRD-K10705233	0.37077999898832814	0.09892140217716971	-0.2718585968111584
BRD-K92150287	0.3693925170006265	0.3118196344751823	-0.05757288252544418
BRD-A25569250	0.36924919682335033	0.20638170378507936	-0.16286749303827097
BRD-K82846253	0.3688691713759126	0.25112353939878157	-0.117745631977131
BRD-K40438880	0.36885133741720183	0.10648656746229901	-0.2623647699549028
BRD-A28467416	0.3687936202417378	0.17936682312993113	-0.18942679711180666
BRD-K92093830	0.3681324667542584	0.21005193248776588	-0.15808053426649255
BRD-K28824103	0.36793369917808144	0.1401927494257465	-0.22774094975233494
BRD-K22025381	0.3678876551392281	0.18882952162189154	-0.17905813351733657
BRD-K84011460	0.3677479017536942	0.15767002896234888	-0.2100778727913453
BRD-K72703948	0.366962234809034	0.23616798162388897	-0.13079425318514504
BRD-K99749624	0.36618272868647395	0.05612703485468895	-0.310055693831785
BRD-K79259477	0.36602838388017656	0.20031459103165883	-0.16571379284851773
BRD-A50157456	0.3659307834879592	0.1439378807550185	-0.2219929027329407
BRD-K75649340	0.36550860504720484	0.15507340457405372	-0.21043520047315115
BRD-K25837718	0.365009254203302	0.16263856985918312	-0.2023706843441189
BRD-K18787491	0.3648095138657408	0.23217317487266553	-0.13263633899307523
BRD-K39171998	0.36446710185849307	0.23853989813242787	-0.1259272037260652
BRD-K13566078	0.362612370152568	0.1872815340057925	-0.17533083614677544
BRD-A14344385	0.36204362899659015	0.1173973834015779	-0.24464624559501225
BRD-K17705806	0.3618669106784556	0.2702986118046539	-0.09156829887380169
BRD-K50018155	0.36109161985522725	0.25139818236292827	-0.10969343749229898
BRD-K82861010	0.3600196368098096	0.2850793967841806	-0.07494024002562899
BRD-K42436189	0.3599252789555397	0.09754818735643667	-0.26237709159910305
BRD-K48488978	0.35985588864346474	0.2160191750724058	-0.14383671357105893
BRD-K22385716	0.35932865197321406	0.13082992110256664	-0.22849873087064743
BRD-A93236127	0.3587634776089785	0.10249176071107563	-0.25627171689790285
BRD-K72231366	0.3586285880303657	0.1893538400079896	-0.16927474802237608
BRD-A69815203	0.3582190554876063	0.14406271846599417	-0.21415633702161213
BRD-A00758722	0.3579849442478025	0.16920503345650653	-0.18877991079129597
BRD-K26712974	0.35642041968817173	0.11847098771596931	-0.2379494319722024
BRD-K79821389	0.3559677613907115	0.32887246579446716	-0.027095295596244365
BRD-K51967704	0.35445576594582895	0.15504843703185867	-0.19940732891397028
BRD-K32730239	0.3538130949246499	0.21182462798362128	-0.14198846694102862
BRD-A06352508	0.3529149119132141	0.13317687006891044	-0.21973804184430368
BRD-K26818574	0.3525410472878764	0.18645760511335263	-0.16608344217452375
BRD-K13662825	0.35171873966441025	0.10701088584839702	-0.2447078538160132
BRD-K67868012	0.3516765866710938	0.2337461300309598	-0.11793045664013405
BRD-A24587114	0.3512372227792182	0.13207829821232397	-0.2191589245668942
BRD-K51911221	0.35108903879502096	0.19609507640067908	-0.15499396239434188
BRD-K08542803	0.350553371526107	0.23312194147608112	-0.11743143005002588
BRD-K52172416	0.34991005199733854	0.20208728652751423	-0.1478227654698243
BRD-A97701745	0.3497080418832142	0.11110556276840111	-0.23860247911481308
BRD-A53951045	0.3496548642608764	0.26023669230000995	-0.08941817196086645
BRD-A64553394	0.3483075897437228	0.07015879356836108	-0.2781487961753617
BRD-K77554836	0.34830369869818584	0.25391990412463794	-0.0943837945735479
BRD-K96188950	0.3452077234659877	0.13222810346549485	-0.21297962000049286
BRD-K69116396	0.3449113554975934	0.09897133726155993	-0.24594001823603345
BRD-K79684402	0.34423658335073504	0.19976530510336565	-0.14447127824736938
BRD-K83257731	0.34408645384376946	0.15262658543892949	-0.19145986840483994
BRD-A68083442	0.34336077385113645	0.09058224308399088	-0.25277853076714557
BRD-K51313569	0.3426876229732516	0.12413861979426744	-0.21854900317898418
BRD-K82091397	0.34134002420230336	0.1845101368221313	-0.15682988738017203
BRD-A94756469	0.34066590056303425	0.24123639268950361	-0.09942950787353064
BRD-K71035033	0.34047005127101004	0.21287326475581747	-0.12759678651519257
BRD-K72414522	0.33991914407374313	0.2615350044941576	-0.07838413957958551
BRD-K88677950	0.33907024763910815	0.15347548187356436	-0.1855947657655438
BRD-K65678996	0.33898626590626985	0.16266353740137818	-0.17632272850489167
BRD-K71467466	0.33852420424876234	0.18733146909018278	-0.15119273515857956
BRD-K56614220	0.337988861233643	0.2144212523719165	-0.12356760886172652
BRD-A03623303	0.33595416867163597	0.06249375811445124	-0.27346041055718473
BRD-K47337578	0.33472070723643677	0.20186257864775786	-0.1328581285886789
BRD-K17979676	0.3342596183403135	0.13267751922500748	-0.201582099115306
BRD-A34751532	0.3325063780721426	0.14094177569160093	-0.19156460238054168
BRD-K15179879	0.3323744067776825	0.1265105363028063	-0.2058638704748762
BRD-K81458380	0.3323001526586866	0.13455008488964348	-0.19775006776904314
BRD-K32501161	0.33160203423860674	0.19037750923799063	-0.1412245250006161
BRD-K02113016	0.3315332924341213	0.16942974133626276	-0.1621035510978585
BRD-K25630527	0.33132025769097573	0.13167881753720156	-0.19964144015377414
BRD-K61496577	0.3312447065568009	0.1870568261260362	-0.1441878804307647
BRD-K37561857	0.33108063413666133	0.1440627184659942	-0.1870179156706671
BRD-K36055864	0.3307271975003923	0.17045341056626384	-0.16027378693412847
BRD-K11215326	0.32905437217331757	0.11991910516328771	-0.20913526701002982
BRD-K85090592	0.32891559154916783	0.12346449615499844	-0.2054510953941694
BRD-A46813902	0.3288757083324146	0.07722460800958753	-0.25165110032282706
BRD-K42973005	0.32822136417462494	0.2194397283531409	-0.10878163582148404
BRD-K46585355	0.3279379663580203	0.13642265055427943	-0.19151531580374087
BRD-K22134346	0.327898083141267	0.20356037151702788	-0.12433771162423912
BRD-K63123526	0.32782091073811837	0.0761759712373914	-0.25164493950072697
BRD-K56343971	0.32699536057670486	0.17247578148407072	-0.15451957909263414
BRD-K35629949	0.32667402506611537	0.1927993608309198	-0.13387466423519556
BRD-K96159438	0.3262865417813985	0.20992709477679017	-0.11635944700460832
BRD-K05444225	0.3261831048208757	0.11941975431938479	-0.20676335050149092
BRD-K53720352	0.3259943891123358	0.14900629182063319	-0.17698809729170262
BRD-K21361524	0.32572071890957344	0.21522021372216116	-0.11050050518741228
BRD-A78391468	0.3256221457559718	0.20051433136922003	-0.12510781438675178
BRD-K61567297	0.3250893967712104	0.10351542994107665	-0.22157396683013375
BRD-K51143828	0.32507837214218915	0.14963048037551185	-0.17544789176667733
BRD-K58122457	0.324976880704435	0.09912114251473092	-0.22585573818970406
BRD-K80431395	0.3243277246073611	0.15539798262259064	-0.16892974198477045
BRD-K56291712	0.3242881656444025	0.14713372615599718	-0.1771544394884053
BRD-K59436580	0.3239820700621659	0.14870668131429138	-0.17527538874787452
BRD-K47049295	0.32350476847630544	0.12618595825426943	-0.197318810222036
BRD-K22127577	0.32190976405996885	0.23392090282632583	-0.08798886123364302
BRD-K05804044	0.3217233181279921	0.2290522320982723	-0.0926710860297198
BRD-K49350383	0.3211493889112984	0.20430939778288226	-0.11683999112841614
BRD-K68904758	0.32106864971640764	0.11270348546889042	-0.20836516424751722
BRD-K27316855	0.3209681310400375	0.12725956256866067	-0.19370856847137685
BRD-K68336408	0.32082708063932475	0.1486567462299011	-0.17217033440942364
BRD-K40255344	0.3206578201584693	0.21057625087386395	-0.11008156928460533
BRD-K63068307	0.3200631386989122	0.15814441226405668	-0.1619187264348555
BRD-K20482099	0.3190213112564056	0.14481174473184855	-0.17420956652455705
BRD-K54094468	0.31855957385269273	0.05375511834614999	-0.26480445550654275
BRD-K99498722	0.31775736996450066	0.19739338859482672	-0.12036398136967397
BRD-K59146805	0.317661390841257	0.13497453310696095	-0.18268685773429605
BRD-K58772419	0.3173306519706201	0.12943173873963854	-0.18789891323098157
BRD-K42673188	0.3173244911485199	0.1536252871267353	-0.16369920402178462
BRD-K74227499	0.31680406380795867	0.2160191750724058	-0.10078488873555286
BRD-K32107296	0.3158997199744229	0.0434435234195546	-0.2724561965548683
BRD-K68633617	0.3156633389580559	0.14858184360331572	-0.16708149535474015
BRD-A08840375	0.31549472698479	0.2456556476580446	-0.06983907932674535
BRD-A18696154	0.31462248427693346	0.1746978927394387	-0.13992459153749476
BRD-K46386702	0.3145874648671014	0.05008488964346347	-0.2645025752236379
BRD-K87909389	0.3142894756297334	0.1438380105862379	-0.1704514650434955
BRD-K62696033	0.3133578944774391	0.16698292220113853	-0.14637497227630059
BRD-K92000912	0.3133264418593491	0.0635174273444522	-0.24980901451489687
BRD-K81694556	0.3132508907251741	0.1492559672425846	-0.16399492348258948
BRD-K77677632	0.3131455082418829	0.15727054828722659	-0.15587495995465633
BRD-K84798689	0.31231055472042185	0.1907020872865275	-0.12160846743389436
BRD-K34073885	0.3108948626525776	0.24013782083291724	-0.07075704181966036
BRD-K13810148	0.3099230740297354	0.14111654848696692	-0.16880652554276845
BRD-K33743361	0.30974765272677984	0.17836812144212522	-0.13137953128465463
BRD-A72716251	0.3096844232368051	0.09332867272545689	-0.21635575051134825
BRD-K76239644	0.30925089591323485	0.22313492459802253	-0.08611597131521231
BRD-K59753975	0.30885109098431773	0.17954159592529706	-0.12930949505902067
BRD-K78659596	0.3082917531883876	0.153076001198442	-0.15521575198994558
BRD-K21152241	0.3079195098320235	0.23114950564266445	-0.07677000418935903
BRD-K58148589	0.3075900679765656	0.20815439928093482	-0.09943566869563074
BRD-K78815826	0.30731477650482947	0.10251672825327074	-0.20479804825155873
BRD-A95886749	0.3070579674993937	0.13729651453110958	-0.1697614529682841
BRD-K27771035	0.30671101593901956	0.22111255368021576	-0.0855984622588038
BRD-A72711497	0.30647820171439466	0.2544192549685409	-0.05205894674585376
BRD-K09549677	0.30637541326146134	0.21377209627484267	-0.09260331698661867
BRD-K43860855	0.30608196357721973	0.10199240986717267	-0.20408955371004708
BRD-K38003476	0.3059593956428072	0.15896834115649655	-0.14699105448631067
BRD-K87696786	0.30584428554567383	0.1439378807550185	-0.16190640479065532
BRD-K83988098	0.305759655305246	0.08049535603715169	-0.22526429926809433
BRD-K45551181	0.3053961668013401	0.09093178867472285	-0.21446437812661723
BRD-K00673382	0.3050871529349508	0.14825726555477875	-0.15682988738017203
BRD-K19540840	0.30477522078440883	0.17642065315090383	-0.128354567633505
BRD-K47832606	0.30456834686336337	0.10973234794766806	-0.1948359989156953
BRD-K13094524	0.3041027184141136	0.09332867272545689	-0.21077404568865676
BRD-K64866502	0.30409072102370815	0.20198741635873363	-0.1021033046649745
BRD-A36057565	0.30178235825893873	0.1694047737940677	-0.13237758446487102
BRD-K71822263	0.3017820340051439	0.11340257665035447	-0.18837945735478945
BRD-K09900591	0.30171264369306916	0.1664086687306502	-0.135303974962419
BRD-K53734668	0.30150512126443424	0.12528712673524423	-0.17621799452919001
BRD-K31476763	0.3001267183829852	0.1809148107460301	-0.1192119076369551
BRD-K66296774	0.2995809992464341	0.23471986417657043	-0.06486113506986371
BRD-K17075857	0.29886796515179614	0.17554678917407368	-0.12332117597772246
BRD-A53134341	0.2987032442240672	0.17614601018675724	-0.12255723403730995
BRD-K39841531	0.2983637505009721	0.1547488265255168	-0.14361492397545528
BRD-K83834509	0.2980946198513362	0.16201438130430446	-0.13608023854703172
BRD-K39987650	0.29790104033587506	0.1793668231299311	-0.11853421720594397
BRD-K69650333	0.297603051098507	0.18678218316188955	-0.11082086793661745
BRD-K73391359	0.2972817155879175	0.04439229002297007	-0.2528894255649474
BRD-A97739905	0.29716465996801555	0.18433536402676517	-0.11282929594125038
BRD-K26619122	0.29696881067599135	0.19914111654848698	-0.09782769412750439
BRD-K78055238	0.29627847434698534	0.2437081793668232	-0.052570294980162136
BRD-A57382968	0.2949247147539367	0.2139468690702087	-0.08097784568372801
BRD-A25608658	0.2948825617606202	0.17417357435334058	-0.12070898740727964
BRD-K18157228	0.2946944945596699	0.16491061619894143	-0.12978387836072847
BRD-K11636097	0.2943754288256435	0.12705982223109957	-0.16731560659454392
BRD-A71033472	0.29435759486693286	0.07065814441226409	-0.22369945045466877
BRD-K18779551	0.2940346380873696	0.08990811944472188	-0.20412651864264775
BRD-K73293050	0.2936358059198367	0.18870468391091577	-0.10493112200892091
BRD-A42699921	0.2922149257912765	0.09257964645960248	-0.19963527933167402
BRD-K67511046	0.29176615853935334	0.06561470088884447	-0.22615145765050887
BRD-A22707317	0.2914136946644687	0.1157994607010886	-0.1756142339633801
BRD-K42938903	0.2903501422177143	0.20326076101068608	-0.08708938120702825
BRD-K82928847	0.28982874211576903	0.06301807650054936	-0.2268106656152197
BRD-K76011241	0.2898235540550531	0.17552182163187857	-0.11430173242317454
BRD-K18163608	0.28968607044608247	0.12176670328572858	-0.16791936716035388
BRD-K21025364	0.28890299753178017	0.15112853290722061	-0.13777446462455956
BRD-A98299281	0.28854696686515324	0.19344851692799359	-0.09509844993715966
BRD-K40992116	0.288256759718859	0.1910266653350644	-0.0972300943837946
BRD-K20755323	0.28764035325505416	0.15637171676820133	-0.13126863648685283
BRD-K49075727	0.28743672187195607	0.11792170178767603	-0.16951502008428004
BRD-K77791657	0.287251897208953	0.18955358034555075	-0.09769831686340225
BRD-K87737963	0.2868196669005617	0.1012433836013183	-0.18557628329924342
BRD-K92049597	0.2867752441306821	0.14431239388794567	-0.14246285024273642
BRD-K43905307	0.2863504716595698	0.14481174473184855	-0.14153872692772124
BRD-K48141473	0.2862554652977104	0.056376710276640374	-0.22987875502107002
BRD-K97101532	0.28436506567436354	0.11195445920303604	-0.1724106064713275
BRD-K03390685	0.28427070782009356	0.14358833516428637	-0.1406823726558072
BRD-K43002771	0.2839169469300299	0.08978328173374611	-0.19413366519628378
BRD-K19615002	0.28360242074913	0.13292719464695896	-0.15067522610217107
BRD-K49071277	0.2834558580339066	0.15152801358234297	-0.13192784445156364
BRD-K14385366	0.2832042370891866	0.12266553480475378	-0.1605387022844328
BRD-K03549949	0.2830845874389267	0.12056826126036146	-0.16251632617856526
BRD-K14796088	0.28269742840800466	0.08553879956057124	-0.1971586288474334
BRD-K01295354	0.2823744716284415	0.09008289224008792	-0.19229157938835356
BRD-K74671368	0.282105989486395	0.16381204434235497	-0.11829394514404001
BRD-K24715592	0.2817463920280259	0.08394087686008195	-0.19780551516794398
BRD-K12068470	0.2812603355897074	0.043668231299310856	-0.23759210429039654
BRD-K68202742	0.28061766456852844	0.1407670028962349	-0.13985066167229354
BRD-K60997853	0.279766822611125	0.10656147008888445	-0.17320535252224056
BRD-K19284129	0.2791202605444091	0.185334065714571	-0.09378619482983808
BRD-A12417644	0.27906805568345566	0.1983920902826326	-0.08067596540082306
BRD-K39252998	0.27843900332165594	0.15469889144112658	-0.12374011188052933
BRD-K85751432	0.2784234391395082	0.05814940577249572	-0.22027403336701246
BRD-K77625799	0.2783890682372655	0.014705882352941124	-0.2636831858843244
BRD-K76674262	0.2778796655257256	0.17519724358334166	-0.10268242194238397
BRD-K65814004	0.2773819359507964	0.0533806052132228	-0.2240013307375736
BRD-K62213621	0.27718770792774594	0.06546489563567359	-0.21172281229207235
BRD-K03109492	0.275972728958847	0.11659842205133325	-0.15937430690751375
BRD-K64381438	0.27595781328428887	0.12398881454109656	-0.1519689987431923
BRD-K09132007	0.2759578132842888	0.1809148107460301	-0.0950430025382587
BRD-A50311610	0.27587383155145073	0.09854688904424258	-0.17732694250720815
BRD-K59317601	0.27574348152596423	0.10748526915010481	-0.16825821237585942
BRD-K11073688	0.27539620571179546	0.15806950963747135	-0.11732669607432411
BRD-K45446451	0.2752515885193405	0.2218865474882653	-0.053365041031075186
BRD-K71164191	0.27487415710226054	0.12546189953061015	-0.1494122575716504
BRD-K62762455	0.2743397868485255	0.13697193648257266	-0.13736785036595284
BRD-K13514097	0.2743238984125831	0.12626086088085486	-0.14806303753172825
BRD-K40718343	0.27416274427659637	0.027039848197343508	-0.24712289607925286
BRD-A10903566	0.273695170304578	0.1594427244582043	-0.11425244584637376
BRD-K07106112	0.2734999695201433	0.19185059422750428	-0.08164937529263905
BRD-A14886633	0.2733333030696458	0.12256566463597318	-0.15076763843367263
BRD-K88429204	0.27332000866406136	0.0015230200739039246	-0.27179698859015744
BRD-K77908580	0.2730583358517046	0.21050134824727862	-0.06255698760442593
BRD-A50998626	0.27261864770603406	0.1268351143513432	-0.14578353335469085
BRD-K87774949	0.27261410815290776	0.10798461999400788	-0.16462948815889988
BRD-K35245662	0.2722567804711019	0.15779486667332476	-0.11446191379777715
BRD-K49456274	0.2722097636708642	0.16176470588235292	-0.11044505778851127
BRD-K50071428	0.27212480917664184	0.16803155897333466	-0.10409325020330717
BRD-K95785345	0.2710589869533243	0.08074503145910317	-0.19031395549422114
BRD-K70163715	0.2708508160170998	0.19896634375312094	-0.07188447226397887
BRD-K39467894	0.2707347331585821	0.24126136023169875	-0.029473372926883346
BRD-K37618799	0.2703731901774447	0.10716069110156795	-0.16321249907587676
BRD-K65377893	0.26909271194200785	0.15087885748526908	-0.11821385445673877
BRD-K28578425	0.2685317528771039	0.16650853889943074	-0.10202321397767317
BRD-K47150025	0.2684004300902333	0.12745930290622187	-0.14094112718401142
BRD-K94353609	0.2681478363841292	0.073379606511535	-0.19476822987259418
BRD-K40530731	0.2676520523319684	0.25531808648756615	-0.012333965844402278
BRD-A59303141	0.2675437515645246	0.09327873764106664	-0.17426501392345795
BRD-K37379014	0.26723603471331425	0.19624488165385	-0.07099115305946424
BRD-K72420232	0.26723084665259844	0.23616798162388897	-0.031062865028709447
BRD-K77943374	0.2669111324109825	0.04172076300808948	-0.22519036940289305
BRD-K86687746	0.2667340898390535	0.128657744931589	-0.1380763449074645
BRD-K68997413	0.266533376740108	0.09232997103765106	-0.17420340570245693
BRD-A66419424	0.2665077606903233	0.0656896035154299	-0.20081815717489337
BRD-K18250272	0.26593091318947715	0.20390991710775996	-0.062020996081717156
BRD-A60197193	0.2656322754445195	0.06469090182762405	-0.20094137361689546
BRD-K82244583	0.265314830979467	0.20865375012483778	-0.05666108085462923
BRD-K05445342	0.265217879094839	0.040372515729551584	-0.22484536336528743
BRD-K35687421	0.26483785364740126	0.13777089783281737	-0.12706695581458388
BRD-K17894950	0.26477105736568435	0.11839608508938376	-0.14637497227630059
BRD-K68532323	0.26458136889576017	0.0378507939678418	-0.22673057492791837
BRD-K68065987	0.26452430022788564	0.09038250274642967	-0.17414179748145597
BRD-K62391742	0.2642869464501343	0.14753320683111953	-0.11675373961901478
BRD-K83607951	0.2641692423226429	0.16503545390991708	-0.0991337884127258
BRD-K95581532	0.2638125631484265	0.1579696394686907	-0.10584292367973583
BRD-K16277217	0.2637220963396935	0.14341356236892044	-0.12030853397077305
BRD-K56851771	0.2636971287974983	0.18276240886847095	-0.08093471992902733
BRD-K22064724	0.26369421051334563	0.09003295715569758	-0.17366125335764804
BRD-K88172511	0.2633900604538776	0.16575951263357636	-0.09763054782030123
BRD-K93779381	0.2633031604368866	0.20460900828922401	-0.058694152147662576
BRD-K03243820	0.2632165846736904	0.1305802456806152	-0.13263633899307523
BRD-K84564571	0.2630894771861515	0.12174173574353339	-0.14134774144261814
BRD-A43809092	0.2630489454618087	0.062643563367622	-0.20040538209418668
BRD-K29173907	0.2630129532905924	0.12913212823329667	-0.13388082505729568
BRD-K01614093	0.262792136456373	0.06279336862079299	-0.19999876783558
BRD-K45462423	0.26278111182735164	0.14543593328672721	-0.11734517854062446
BRD-K08078237	0.26239492555781385	0.21437131728752623	-0.04802360827028759
BRD-K70402238	0.26217281170841544	0.1123539398781584	-0.14981887183025705
BRD-K08893438	0.2621572475262678	0.13677219614501146	-0.12538505138125633
BRD-K43389675	0.26120815666905745	0.12441326275841402	-0.13679489391064342
BRD-K36021395	0.26086898719975715	0.2088285229202037	-0.052040464279553444
BRD-K25279140	0.26032975313910106	0.10089383801058627	-0.1594359151285148
BRD-K67844266	0.2601397404153821	0.1526765205233197	-0.10746321989206242
BRD-K19061412	0.26004376129213835	0.152401877559173	-0.10764188373296535
BRD-K92723993	0.2596948642089958	0.1283831019674423	-0.1313117622415535
BRD-A58564983	0.25913747193583403	0.184135623689204	-0.07500184824663003
BRD-K18375018	0.259006797656553	0.14750823928892443	-0.11149855836762856
BRD-K28453807	0.2589682114549786	0.08523918905422948	-0.17372902240074914
BRD-K05674516	0.2579056317696087	0.11632377908718672	-0.14158185268242196
BRD-K61397605	0.2578783944508502	0.1592929192050334	-0.09858547524581679
BRD-K36740062	0.2577840365965803	0.22792869269949062	-0.02985534389708966
BRD-K68870568	0.2576270977599251	0.03937381404174578	-0.21825328371817931
BRD-K59866480	0.2573929865201212	0.040322580645161255	-0.21707040587495996
BRD-K44227013	0.25725031485043476	0.12753420553280737	-0.1297161093176274
BRD-K50388907	0.2562461008481183	0.11282832317986624	-0.14341777766825203
BRD-K68693535	0.2555742469854124	0.0677369419754319	-0.18783730500998053
BRD-A28301258	0.2555350122762487	0.23691700788974335	-0.018618004386505335
BRD-K54314721	0.25522859244021734	0.09140617197643064	-0.1638224204637867
BRD-K74305673	0.2548835864026117	0.051083591331269385	-0.20379999507134233
BRD-A70858459	0.2548031714615156	0.210925796464596	-0.043877374996919585
BRD-K37723606	0.25474739980882	0.10748526915010481	-0.14726213065871518
BRD-K44009692	0.25473442965703025	0.2080045940277639	-0.04672983562926636
BRD-K11851476	0.2545262587208058	0.12271546988914409	-0.1318107888316617
BRD-A23067620	0.25408073400683	0.11355238190352535	-0.14052835210330467
BRD-K49027941	0.25405414519566116	0.13142914211525014	-0.12262500308041104
BRD-K15567136	0.2540369597445399	0.18371117547188653	-0.07032578427265335
BRD-K25224017	0.2537373492381982	0.19811744731848602	-0.05561990191971216
BRD-K16195444	0.2530706834362083	0.17145211225406976	-0.08161857118213856
BRD-K26997899	0.25304766141678153	0.07480275641665832	-0.17824490500012322
BRD-A03216249	0.25180414811394536	0.009412763407570163	-0.24239138470637522
BRD-K44408410	0.2517548615371446	0.14888145410965747	-0.10287340742748713
BRD-K26530649	0.25112516066775525	0.24555577748926394	-0.005569383178491344
BRD-K00535541	0.2508031766495762	0.08793568361130522	-0.16286749303827097
BRD-K19034817	0.25051523927984526	0.15969239988015577	-0.09082283939968949
BRD-K38548312	0.250124513457181	0.14763307699990014	-0.10249143645728087
BRD-K13409143	0.2496663428452104	0.13844502147208637	-0.11122132137312402
BRD-K47976015	0.24961186820769365	0.05313092979127132	-0.19648093841642233
BRD-K25340465	0.2495823611123721	0.21214920603215826	-0.03743315508021383
BRD-K51662849	0.24950000064850764	0.11187955657645066	-0.13762044407205698
BRD-K23228615	0.24928275060603033	0.1349995006491561	-0.11428324995687422
BRD-K07972848	0.24899286771353085	0.11552481773694201	-0.13346804997658884
BRD-K77634909	0.24872600684045806	0.10541296314790774	-0.14331304369255032
BRD-K92428153	0.24767023648477762	0.09527614101667836	-0.15239409546809926
BRD-K56301217	0.24763067752181905	0.09697393388594827	-0.15065674363587078
BRD-K84783599	0.2474844390603903	0.20383501448117447	-0.043649424579215834
BRD-K64538373	0.2467253609268989	0.23504444222510734	-0.011680918701791568
BRD-K34411947	0.2467023389074724	0.1303305702586638	-0.1163717686488086
BRD-K62814476	0.2465437788018433	0.15939278937381401	-0.08715098942802929
BRD-K61642990	0.24645071796275228	0.21674323379606508	-0.0297074841666872
BRD-K53523901	0.24623638620442778	0.05365524817736944	-0.19258113802705834
BRD-K02389548	0.24585798202596365	0.10800958753620293	-0.13784839448976072
BRD-K68164687	0.245305453559723	0.1579696394686907	-0.0873358140910323
BRD-K33425534	0.24516116062106272	0.13310196744232494	-0.11205919317873778
BRD-K17294426	0.24513165352574118	0.14790771996404672	-0.09722393356169445
BRD-K14618467	0.24501913745896564	0.1425646659342854	-0.10245447152468024
BRD-A24397426	0.24427075970070067	0.17032857285528802	-0.07394218684541265
BRD-K39558284	0.2440804227231871	0.1822380904823729	-0.0618423322408142
BRD-A70083328	0.24378956706930344	0.22293518426046144	-0.020854382808841998
BRD-K93918653	0.24374903534496062	0.14675921302307	-0.09698982232189063
BRD-K51575138	0.2435509162763732	0.0627184659942075	-0.1808324502821657
BRD-K43236057	0.24333009944215384	0.04192050334565067	-0.20140959609650316
BRD-K38350380	0.24259015228255215	0.1960451413162888	-0.046545010966263345
BRD-K57080016	0.24244521083630244	0.10091880555278138	-0.14152640528352106
BRD-K28542495	0.24220558728198804	0.10096874063717176	-0.14123684664481628
BRD-K11630072	0.24163522485703645	0.07602616598422049	-0.16560905887281596
BRD-K50010139	0.2414526699705966	0.06576450614201534	-0.17568816382858127
BRD-K83022601	0.2411851605899344	0.09402776390692102	-0.14715739668301336
BRD-K99792991	0.2410930725122276	0.1263107959652452	-0.11478227654698242
BRD-K47000838	0.24085442171929733	0.13355138320183757	-0.10730303851745976
BRD-K40496271	0.24052919516317106	0.21192449815240189	-0.028604697010769176
BRD-K07442505	0.240452347013817	0.21928992309996997	-0.021162423913847053
BRD-K28061410	0.24021369622088687	0.05527813842005391	-0.18493555780083296
BRD-K61036791	0.24017575852690198	0.0727554179566563	-0.16742034057024568
BRD-A31095847	0.24005675738423168	0.11862079296914013	-0.12143596441509155
BRD-K67298865	0.2398994942937817	0.13212823329671425	-0.10777126099706746
BRD-K84892605	0.23968613529684138	0.14321382203135924	-0.09647231326548214
BRD-K30431096	0.23924125909045518	0.2100019974033756	-0.029239261687079576
BRD-A67862938	0.23900131128234603	0.11467592130230708	-0.12432538998003895
BRD-K19687926	0.23893646052339756	0.12296514531109559	-0.11597131521230197
BRD-K68552125	0.23887744633275454	0.15305103365624695	-0.08582641267650759
BRD-K23952234	0.23880611049791117	0.18123938879456708	-0.05756672170334409
BRD-K62374002	0.23842057273596268	0.21749226006191946	-0.02092831267404323
BRD-A10070317	0.23752952330801133	0.23332168181364232	-0.004207841494369008
BRD-K07359318	0.23720364824429543	0.0037700988714670924	-0.23343354937282834
BRD-K79633074	0.237202999736706	0.10239189054229503	-0.13481110919441097
BRD-K16505263	0.23717868070210024	0.08391590931788673	-0.15326277138421351
BRD-K89391146	0.237170250103437	0.1781434135623689	-0.059026836541068106
BRD-K45401373	0.23709307770028837	0.09392789373814042	-0.14316518396214795
BRD-K92441787	0.2368875007944218	0.21377209627484273	-0.02311540451957908
BRD-K36363294	0.23627660664512753	0.10364026765205231	-0.13263633899307523
BRD-K66808046	0.23525099189235815	0.15227703984819735	-0.0829739520441608
BRD-K04923131	0.23523023964949472	0.14119145111355247	-0.09403878853594225
BRD-K94176593	0.2346212910229688	0.11043143912913211	-0.12418985189383669
BRD-K53417444	0.23431260141037427	0.18201338260261657	-0.05229921880775771
BRD-K16803204	0.2340489830752489	0.14036752222111254	-0.09368146085413637
BRD-A64242993	0.2339705136569214	0.07929691401178468	-0.15467359964513672
BRD-K37890730	0.23354444417063025	0.05882352941176472	-0.17472091475886553
BRD-K22822991	0.23317674036739253	0.12254069709377807	-0.11063604327361445
BRD-K42805893	0.23313069632853914	0.10808449016278837	-0.12504620616575077
BRD-K48443249	0.23289917911909325	0.12204134624987517	-0.11085783286921808
BRD-K89839824	0.23265890705718936	0.14718366124038748	-0.08547524581680188
BRD-K92073408	0.23181844122121759	0.08294217517227603	-0.14887626604894155
BRD-K29656036	0.23139302024251585	0.2091031658843503	-0.02228985435816555
BRD-K32372024	0.23118809184423883	0.0856386697293518	-0.14554942211488703
BRD-A64743628	0.231122592577701	0.024617996604414258	-0.20650459597328674
BRD-K87990216	0.23108108809197386	0.12863277738939372	-0.10244831070258015
BRD-K13314656	0.23098964852185666	0.11257864775791471	-0.11841100076394194
BRD-K78789465	0.23090534253522374	0.15637171676820139	-0.07453362576702235
BRD-K86118762	0.22995268488627124	0.14800759013282733	-0.08194509475344391
BRD-K69694239	0.22942026015530453	0.15682113252771396	-0.07259912762759058
BRD-K92968657	0.22941993590150989	0.07662538699690402	-0.15279454890460586
BRD-K45662124	0.2291576145815635	0.13375112353939883	-0.09540649104216467
BRD-K28537285	0.22892512461073333	0.18510935783481475	-0.043815766775918585
BRD-K67536197	0.22890112982992242	0.11779686407670029	-0.11110426575322213
BRD-K90027355	0.22881293279775256	0.10436432637571158	-0.12444860642204097
BRD-K99946902	0.22861611074434396	0.17934185558773585	-0.049274255156608104
BRD-K50140147	0.22833530695809728	0.1672076300808948	-0.0611276768772025
BRD-K99475619	0.22826526813843295	0.09018276240886847	-0.1380825057295645
BRD-K98548675	0.22690761749984756	0.11277838809547586	-0.1141292294043717
BRD-A50064262	0.22606358487213385	0.13317687006891044	-0.09288671480322341
BRD-A23072235	0.2258563866972935	0.218266253869969	-0.007590132827324478
BRD-K79131256	0.2258349859468406	0.07714970538300214	-0.14868528056383845
BRD-K01669786	0.22548544035610857	0.012284030760011985	-0.21320140959609657
BRD-K68392338	0.2253735727969224	0.0762508738639768	-0.1491226989329456
BRD-K92213669	0.22510217237072327	0.11702287026865077	-0.1080793021020725
BRD-K21680192	0.22510119960933897	0.07567662039348844	-0.14942457921585053
BRD-A92537424	0.22497830742113178	0.09325377009887148	-0.1317245373222603
BRD-K29254801	0.22486870963850886	0.14221512034355333	-0.08265358929495553
BRD-A12994259	0.22475359954137553	0.12528712673524423	-0.0994664728061313
BRD-K24603946	0.22425781548921464	0.13881953460501345	-0.08543828088420119
BRD-K54095730	0.22410963150501748	0.1577698991311295	-0.06633973237388799
BRD-K23925186	0.22401430088936333	0.07025866373714174	-0.1537556371522216
BRD-K62810658	0.22397798446435224	0.1058873464496155	-0.11809063801473674
BRD-K42495768	0.22360963215352508	0.09792270048936386	-0.12568693166416123
BRD-K63828191	0.22326268059315096	0.11010686108059525	-0.11315581951255571
BRD-K51791723	0.2232552227558719	0.1370468391091581	-0.0862083836467138
BRD-K44844162	0.2231618376629862	0.08953360631179474	-0.13362823135119145
BRD-K24576554	0.22244296700004274	0.09632477778887438	-0.12611818921116835
BRD-K50168500	0.22232915391808827	0.09894636971936477	-0.1233827841987235
BRD-K85146014	0.22227824607231378	0.1861080595226206	-0.03617018654969319
BRD-K07265709	0.2221702695586646	0.15170278637770895	-0.07046748318095564
BRD-K58466253	0.22185801315432802	0.09492659542594628	-0.12693141772838173
BRD-K41104902	0.2216598940857406	0.13185359033256772	-0.08980630375317289
BRD-K97365803	0.22160217691027645	0.09420253670228701	-0.12739964020798944
BRD-K10845183	0.2213379100675614	0.13315190252671524	-0.08818600754084616
BRD-K91370081	0.2212892719983502	0.12276540497353439	-0.0985238670248158
BRD-K19318328	0.2211300633851318	0.031284330370518365	-0.18984573301461344
BRD-K36222532	0.22073771629349384	0.08693698192349944	-0.1338007343699944
BRD-K28360340	0.22038946771794068	0.11941975431938479	-0.1009697133985559
BRD-K88789588	0.22037293077440884	0.2063817037850794	-0.013991226989329447
BRD-K23677682	0.21996404673923897	0.19861679816238886	-0.021347248576850095
BRD-K01029106	0.21968583698335026	0.13402576650354536	-0.0856600704798049
BRD-K30519779	0.2196187164478386	0.15874363327674024	-0.060875083171098354
BRD-K24556098	0.21941184252679308	0.1423399580545291	-0.07707188447226399
BRD-K50590187	0.21935801639686586	0.07842305003495453	-0.14093496636191133
BRD-A56085258	0.2192020503215949	0.04933586337760909	-0.1698661869439858
BRD-K23403298	0.2191511424758204	0.16590931788674723	-0.05324182458907317
BRD-K43187018	0.21901722565859189	0.07495256166982922	-0.14406466398876266
BRD-K79612754	0.21876171366833502	0.17909218016578443	-0.03966953350255058
BRD-K50853363	0.21865406140848062	0.1935733546389693	-0.025080706769511324
BRD-K56405753	0.21852241436781533	0.0828672725456906	-0.13565514182212474
BRD-K68408467	0.2184747490599883	0.1275841406171977	-0.0908906084427906
BRD-A07704283	0.21832332253784364	0.051408169379806246	-0.1669151531580374
BRD-K11640013	0.21796242806429567	0.11470088884450214	-0.10326153921979353
BRD-K07310275	0.21791443850267375	0.018975332068311146	-0.1989391064343626
BRD-M92675308	0.21761353098115305	0.145236192949166	-0.07237733803198704
BRD-K10799896	0.21726236412144723	0.10823429541595919	-0.10902806870548803
BRD-K82181219	0.21659245578151004	0.20276141016678323	-0.013831045614726811
BRD-K55187425	0.21643584119864956	0.15891840607210628	-0.05751743512654329
BRD-K66956375	0.21616508928003986	0.19736842105263158	-0.018796668227408265
BRD-K98572433	0.21614206726061325	0.1889543593328673	-0.02718770792774594
BRD-K61734568	0.21588590676276687	0.14978028562868273	-0.06610562113408414
BRD-K54256913	0.21584440227703983	0.20540796963946867	-0.010436432637571158
BRD-K59369769	0.21548091377313391	0.10056925996204935	-0.11491165381108456
BRD-K82928892	0.21541152346105907	0.09522620593228803	-0.12018531752877104
BRD-K06519765	0.2153998503244484	0.19489663437531213	-0.02050321594913626
BRD-K64120610	0.21529641336392558	0.08826026165984213	-0.12703615170408344
BRD-K45528773	0.2148849352983978	0.15477379406771197	-0.06011114123068584
BRD-K65877271	0.21469362555949997	0.13245281134525122	-0.08224081421424875
BRD-A16700644	0.21460737405009866	0.10398981324278445	-0.11061756080731422
BRD-K24696047	0.2143161941424202	0.03792569659442735	-0.17639049754799285
BRD-K83003151	0.21412780268767478	0.18281234395286122	-0.03131545873481356
BRD-K19796430	0.21370011193240995	0.09295415959252978	-0.12074595233988017
BRD-K79315489	0.21339466485776282	0.08129431738739634	-0.13210034747036647
BRD-K72327355	0.21335283611824102	0.0728552881254369	-0.14049754799280412
BRD-K18619710	0.21293195469266576	0.10496354738839508	-0.10796840730427068
BRD-K06294530	0.21281716884932705	0.18483471487066816	-0.027982453978658894
BRD-K35189033	0.2122241086587436	0.20463397583141912	-0.007590132827324478
BRD-K13387373	0.21192709218275974	0.14476180964745822	-0.06716528253530152
BRD-K37312348	0.2119076369550753	0.0014231499051233776	-0.21048448704995193
BRD-A73556557	0.2118048485021421	0.17709477679017283	-0.03471007171196927
BRD-K73303757	0.21178539327445745	0.09352841306301807	-0.11825698021143938
BRD-K51544265	0.211745834311499	0.17966643363627288	-0.032079400675226105
BRD-K42898655	0.21170984214028266	0.18495955258164387	-0.026750289558638785
BRD-K27217864	0.21157300703890136	0.06484070708079492	-0.14673229995810644
BRD-K72533376	0.21145530291141001	0.11744731848596823	-0.09400798442544178
BRD-K69776681	0.21138072453861928	0.10648656746229901	-0.10489415707632027
BRD-K80060353	0.2108949923540956	0.10371517027863775	-0.10717982207545784
BRD-K20722021	0.21053215235777917	0.11467592130230708	-0.09585623105547209
BRD-K81839095	0.21051853369839982	0.1729251972435833	-0.03759333645481653
BRD-K86816506	0.2101012190645667	0.08007090781983417	-0.13003031124473252
BRD-K66094457	0.2098975876814687	0.12653550384500156	-0.08336208383646715
BRD-K11196887	0.20989142685936854	0.06439129132128232	-0.14550013553808622
BRD-K82823804	0.2092805327100743	0.060046938979326836	-0.14923359373074746
BRD-K90948141	0.20920011776897823	0.18857984619994006	-0.020620271569038173
BRD-K34533029	0.20916412559776193	0.03827524218515932	-0.1708888834126026
BRD-K25244359	0.2088560844927568	0.10611205432937179	-0.10274403016338501
BRD-A26032986	0.20883144120435637	0.14501148506940975	-0.06381995613494662
BRD-K17849083	0.2088090676925192	0.13664735843403575	-0.07216170925848345
BRD-A57886255	0.2087918822413978	0.18608309198042539	-0.022708790260972424
BRD-K78177893	0.20858695384312081	0.11242884250474383	-0.09615811133837698
BRD-K23204545	0.20848221986741916	0.06356736242884253	-0.14491485743857663
BRD-K38332599	0.20817158473205608	0.17010386497553176	-0.03806771975652431
BRD-K17061841	0.2081641268947771	0.09552581643862978	-0.1126383104561473
BRD-K38868394	0.20810089740480237	0.11864576051133524	-0.08945513689346712
BRD-K93568044	0.2080869544916285	0.07867272545690607	-0.12941422903472244
BRD-K99113996	0.2080399376913909	0.0954509138120444	-0.1125890238793465
BRD-K26026438	0.2071268390053969	0.18833017077798864	-0.018796668227408265
BRD-K44084986	0.2068654904468346	0.12313991810646152	-0.0837255723403731
BRD-K53123955	0.20632333810202574	0.07807350444422245	-0.1282498336578033
BRD-K07220430	0.20617126307229172	0.038375112353939866	-0.16779615071835186
BRD-K52256627	0.20552761928972857	0.1387196644362329	-0.06680795485349567
BRD-K49669041	0.20532852745975683	0.08022071307300505	-0.12510781438675178
BRD-K31866293	0.2051926651197598	0.09252971137521215	-0.11266295374454767
BRD-K89015388	0.20495855387995607	0.19309897133726156	-0.011859582542694497
BRD-K95773607	0.20483339191518557	0.023119944072705456	-0.1817134478424801
BRD-K33720171	0.204319773904314	0.1111804653949865	-0.0931393085093275
BRD-K42981054	0.20429318509314512	0.10960751023669224	-0.09468567485645288
BRD-K60348325	0.2041582955145324	0.0811944472186158	-0.12296384829591661
BRD-K69726342	0.20404577944775687	0.14416258863477477	-0.0598831908129821
BRD-K85140930	0.20385382120126955	0.10850893838010589	-0.09534488282116366
BRD-A88138582	0.2037688667070471	0.12094277439328877	-0.08282609231375834
BRD-K70914287	0.20370790699363553	0.1304803755118346	-0.07322753148180092
BRD-K84810405	0.20281685756568413	0.09412763407570163	-0.1086892234899825
BRD-K63504947	0.202405703753951	0.11844602017377406	-0.08395968358017694
BRD-K38287497	0.2013726311639025	0.13709677419354838	-0.06427585697035412
BRD-K70401845	0.20131815652638582	0.08546389693398582	-0.1158542595924
BRD-K17555800	0.20100849415240707	0.05260661140517331	-0.14840188274723376
BRD-K00494077	0.20071504446816538	0.11682312993108956	-0.08389191453707581
BRD-K64052750	0.20059215227995808	0.12206631379207034	-0.07852583848788774
BRD-K78126613	0.20044267128058196	0.035603715170278605	-0.16483895611030336
BRD-K89714990	0.19954059722360928	0.1668081494057725	-0.03273244781783681
BRD-K23363278	0.1995243845338722	0.04933586337760909	-0.1501885211562631
BRD-K06222852	0.1990908572103019	0.15969239988015577	-0.03939845733014613
BRD-K61195623	0.19883858775799254	0.13979326875062417	-0.05904531900736837
BRD-K13112821	0.19866284220124228	0.18128932387895735	-0.017373518322284925
BRD-K03449891	0.1985973429347044	0.10319085189253974	-0.09540649104216467
BRD-K46937689	0.19834020967547383	0.09857185658643763	-0.0997683530890362
BRD-K93034159	0.19802179244903706	0.07073304703884953	-0.12728874541018753
BRD-K73982490	0.19791414018918274	0.13265255168281243	-0.06526158850637032
BRD-K84466663	0.19772931552617967	0.10039448716668331	-0.09733482835949636
BRD-K83508485	0.19695759149469322	0.14486167981623888	-0.05209591167845434
BRD-K59647213	0.19678184593794298	0.06301807650054927	-0.1337637694373937
BRD-K73197500	0.1963596674971887	0.11210426445620691	-0.0842554030409818
BRD-K78431006	0.1958830144189178	0.12426345750524326	-0.07161955691367455
BRD-K49522529	0.1953460501348247	0.18443523419554575	-0.010910815939278937
BRD-K64888243	0.19517127733945872	0.1761959452711475	-0.018975332068311195
BRD-A10523515	0.19515571315731106	0.15507340457405372	-0.04008230858325734
BRD-K30933884	0.19499066797578735	0.13951862578647756	-0.05547204218930979
BRD-K52233191	0.19482173174872666	0.1748976330769999	-0.019924098671726755
BRD-K14003026	0.194776011963668	0.08361629881154498	-0.11115971315212303
BRD-K72726508	0.19475266569044652	0.04766303805053429	-0.14708962763991223
BRD-K13169950	0.1943528607615295	0.12598621791670828	-0.06836664284482122
BRD-K79584249	0.19429125254052845	0.10606211924498149	-0.08822913329554696
BRD-K17702546	0.19422964431952747	0.1468590831918506	-0.047370561127676875
BRD-K95292280	0.19400007263285013	0.1732997103765106	-0.020700362256339533
BRD-K06593056	0.19385480693280555	0.1616398681713772	-0.032214938761428336
BRD-K03384561	0.1935999434501382	0.09410266653350643	-0.09949727691663177
BRD-A85667082	0.19353671396016348	0.15564765804454211	-0.037889055915621375
BRD-K72280606	0.1932238090482373	0.18800559272945172	-0.005218216318785579
BRD-K32007074	0.19309897133726156	0.16036652351942476	-0.03273244781783681
BRD-K15766189	0.19289728547693208	0.11068111455108365	-0.08221617092584843
BRD-K98157055	0.19259118989469537	0.14735843403575355	-0.04523275585894182
BRD-K37237504	0.19230908909326971	0.08578847498252273	-0.10652061411074698
BRD-K62310379	0.19222186482248405	0.14121641865574752	-0.05100544616673652
BRD-K21528677	0.19146181392760842	0.14958054529112152	-0.04188126863648689
BRD-K51474575	0.19108178848017066	0.04109657445321091	-0.14998521402695975
BRD-K97810537	0.19050494097932424	0.03605313092979123	-0.154451810049533
BRD-K48684885	0.19046894880810789	0.09637471287326477	-0.09409423593484312
BRD-K31698212	0.19036194505584297	0.09335364026765204	-0.09700830478819093
BRD-K65928735	0.19011745769460736	0.05887346449615499	-0.13124399319845237
BRD-A95121829	0.18969819753800582	0.04793768101468093	-0.1417605165233249
BRD-K23566484	0.1896926852234952	0.06079596524518127	-0.12889671997831392
BRD-K12932420	0.18969106395452145	0.11617397383401579	-0.07351709012050567
BRD-K23190681	0.18923775714947189	0.0959752321981424	-0.0932625249513295
BRD-K28965160	0.18907400898312712	0.1118296214920603	-0.07724438749106682
BRD-K15108141	0.18887588991453969	0.070483371616898	-0.11839251829764169
BRD-A43885598	0.18838010586237888	0.15991710775991208	-0.028462998102466792
BRD-K52911425	0.18750397210898553	0.07822330969739333	-0.1092806624115922
BRD-A68631409	0.18718263659839607	0.11609907120743032	-0.07108356539096575
BRD-K30480208	0.18618328640300075	0.143513432537701	-0.042669853865299756
BRD-K19388745	0.1859841945730291	0.11917007889743336	-0.06681411567559573
BRD-K81405859	0.18566350757002906	0.04324378308199339	-0.14241972448803566
BRD-K31086665	0.1856602650320817	0.0818935384000799	-0.10376672663200179
BRD-K28383148	0.1855263482148532	0.09292919205033456	-0.09259715616451863
BRD-K99964838	0.1853976194583405	0.054079696394686905	-0.13131792306365359
BRD-K59522102	0.18536616684025053	0.10573754119644463	-0.0796286256438059
BRD-K59632282	0.18525948734178033	0.04581543992809345	-0.13944404741368688
BRD-K40331046	0.18507271715600881	0.12820832917207625	-0.05686438798393258
BRD-K37865504	0.1845289435422263	0.13377609108159394	-0.05075285246063235
BRD-K77245796	0.18407952778271358	0.09347847797862774	-0.09060104980408584
BRD-K51350053	0.18402797142934957	0.11844602017377404	-0.06558195125557553
BRD-A74765037	0.18365734934195935	0.1805153300709078	-0.003142019271051528
BRD-A60594020	0.1834663638568563	0.08753620293618303	-0.09593016092067327
BRD-K13646352	0.18308698691700795	0.17170178767602123	-0.011385199240986717
BRD-K24601397	0.1830081932448855	0.16658344152601612	-0.016424751718869365
BRD-K68346641	0.18280877716111915	0.09382802356935982	-0.08898075359175933
BRD-K49759007	0.18273614431109686	0.07827324478178366	-0.1044628995293132
BRD-K74057757	0.1823791408830857	0.12431339258963348	-0.058065748293452235
BRD-K29968218	0.1822562486948785	0.09824727853790072	-0.08400897015697778
BRD-K88807631	0.18123938879456705	0.16178967342454809	-0.019449715370018977
BRD-K97472745	0.181064615999201	0.17821831618895434	-0.0028462998102466793
BRD-K89162000	0.18097350068287849	0.07110756017177669	-0.1098659405111018
BRD-A23127772	0.1808674696919978	0.0989963048037551	-0.0818711648882427
BRD-K90382497	0.18072479802231117	0.09180565265155294	-0.08891914537075823
BRD-K70159787	0.18069820921114238	0.07694996504544094	-0.10374824416570144
BRD-K60585088	0.18001630348079967	0.039623489463697203	-0.14039281401710246
BRD-A45498368	0.1798084567983699	0.07437830819934085	-0.10543014859902905
BRD-K69280563	0.179791919854838	0.13382602616598427	-0.04596589368885373
BRD-K02407574	0.17935514999332036	0.09260461400179765	-0.0867505359915227
BRD-K87512222	0.1786100147730029	0.16805652651552982	-0.010553488257473077
BRD-A38350138	0.1784605337736267	0.10104364326375709	-0.07741689050986961
BRD-K29542628	0.17835320576756708	0.11934485169279929	-0.05900835407476779
BRD-K07955840	0.1782903005313871	0.04476680315589733	-0.1335234973754898
BRD-K50677762	0.1780613773522992	0.13624787775891345	-0.04181349959338576
BRD-K05638300	0.17778478886538412	0.07699990012983127	-0.10078488873555286
BRD-M97302542	0.17771183176156713	0.10885848397083786	-0.06885334779072927
BRD-K00634421	0.17714633314353678	0.13884450214720861	-0.038301830996328154
BRD-A44500574	0.176824024871563	0.1643113951862578	-0.012512629685305199
BRD-K73073971	0.17663757893958631	0.14568560870867872	-0.030951970230907608
BRD-A79981887	0.17660872035185426	0.05522820333566363	-0.12138051701619064
BRD-K74514084	0.17656040653643773	0.031109557575152325	-0.1454508489612854
BRD-K94720315	0.17633796843324454	0.11549985019474679	-0.06083811823849774
BRD-K56908511	0.17615022548608883	0.11148007590132825	-0.06467014958476058
BRD-K27184429	0.1760133903847076	0.14601018675721555	-0.03000320362749205
BRD-K77638923	0.17539698392090292	0.16448616798162397	-0.010910815939278937
BRD-K22520627	0.17514730849895133	0.16708279236991908	-0.008064516129032258
BRD-K64925568	0.17510061595250848	0.1212673524418256	-0.05383326351068288
BRD-K65781196	0.17477992894950845	0.04771297313492456	-0.12706695581458388
BRD-A54927599	0.17407370418456014	0.14086687306501555	-0.03320683111954459
BRD-K11267252	0.1735597619198937	0.05622690502346944	-0.11733285689642425
BRD-K37590257	0.1735026932520191	0.09168081494057723	-0.08182187831144189
BRD-K43471985	0.17343459995512336	0.11774692899231001	-0.05568767096281335
BRD-A73427433	0.1729239002284044	0.03667731948466993	-0.13624658074373447
BRD-K85872723	0.17275010019442255	0.08781084590032956	-0.08493925429409299
BRD-K63736853	0.1727124867542324	0.06878557874762803	-0.10392690800660437
BRD-K72815923	0.17243914080526482	0.16728253270748025	-0.005156608097784572
BRD-K60446698	0.17239309676641146	0.12199141116548487	-0.05040168560092658
BRD-K65924316	0.1723772083304691	0.06668830520323576	-0.10568890312723334
BRD-K47598052	0.17172740372580575	0.09824727853790072	-0.07348012518790503
BRD-K53972329	0.17136553649087352	0.03575352042344951	-0.135612016067424
BRD-K35520305	0.17110580920128507	0.058923399580545294	-0.11218240962073978
BRD-K81225797	0.17090444759475015	0.12928193348646755	-0.041622514108282604
BRD-K14329163	0.17016482468894334	0.03722660541296313	-0.1329382192759802
BRD-K62398570	0.16972156975153077	0.13829521621891538	-0.03142635353261539
BRD-K34332569	0.16968979287964597	0.08793568361130522	-0.08175410926834076
BRD-K10784860	0.1696252663744924	0.03742634575052431	-0.1321989206239681
BRD-K84163249	0.1695296115050434	0.1647857784879656	-0.004743833017077799
BRD-A19585813	0.16950464396284828	0.1623888944372316	-0.007115749525616698
BRD-K78096648	0.16927215399201812	0.14970538300209724	-0.019566770989920892
BRD-K15916496	0.16907565619240442	0.073379606511535	-0.09569604968086942
BRD-K58435339	0.16906398305579365	0.13035553780085885	-0.038708445254934803
BRD-K52662033	0.16903674573703537	0.018675721561969436	-0.15036102417506592
BRD-K45724504	0.16891515056400702	0.021172475781484068	-0.14774267478252295
BRD-A63546914	0.1686518564826764	0.11949465694597022	-0.04915719953670618
BRD-K60237333	0.16816061198364196	0.11202936182962142	-0.05613125015402054
BRD-K09443272	0.16814731757805762	0.07874762808349145	-0.08939968949456617
BRD-K12244279	0.16810192204679375	0.0686108059522621	-0.09949111609453165
BRD-A24514565	0.1679615201536704	0.07487765904324384	-0.09308386111042657
BRD-A93477898	0.16761748687744893	0.02371916508538896	-0.14389832179205997
BRD-K99023089	0.16740347937291908	0.13769599520623188	-0.0297074841666872
BRD-A12230535	0.1673626233947817	0.13692200139818245	-0.03044062199659925
BRD-K11853856	0.16721541217196867	0.1512034355338061	-0.01601197663816256
BRD-K26833429	0.16705782482772388	0.16610905822430833	-0.0009487666034155598
BRD-K43449605	0.1669751401100647	0.13222810346549485	-0.03474703664456985
BRD-K69726595	0.1669252050256744	0.14688405073404573	-0.02004115429162867
BRD-A73871920	0.16671281879011823	0.1357485269150105	-0.03096429187510774
BRD-K13949769	0.16660938182959548	0.03385598721661831	-0.13275339461297717
BRD-K46862739	0.16643006948110312	0.12393887945670623	-0.042491190024396885
BRD-K70511574	0.16630588027771692	0.0778487965644662	-0.08845708371325073
BRD-K09372874	0.16603739813567048	0.06286827124737848	-0.103169126888292
BRD-K91623615	0.16552994094689885	0.11629881154499153	-0.049231129401907325
BRD-K81728688	0.1654171006263287	0.03787576151003702	-0.12754133911629167
BRD-K25596805	0.16430750414072104	0.14408768600818944	-0.0202198181325316
BRD-K13249881	0.1641829906835401	0.04911115549785283	-0.11507183518568725
BRD-K67566344	0.1640377249834955	0.04788774593029062	-0.11614997905320487
BRD-K73319509	0.1630772852434692	0.04034754818735642	-0.12272973705611279
BRD-K13533483	0.16307404270552178	0.05100868870468389	-0.11206535400083789
BRD-K97764662	0.16298422440437826	0.1299560571257366	-0.03302816727864166
BRD-K14991967	0.16278124152886964	0.10056925996204935	-0.062211981566820285
BRD-K63750851	0.16256561275536602	0.07827324478178366	-0.08429236797358236
BRD-M80207679	0.16221703992601824	0.027239588534904623	-0.1349774513911136
BRD-K78318619	0.16187754620292327	0.033356636372715465	-0.1285209098302078
BRD-K09602097	0.16143396701171595	0.10925796464596027	-0.052176002365755675
BRD-A20644369	0.16138500468870984	0.023419554579047236	-0.1379654501096626
BRD-K48988407	0.16125951847014475	0.03510436432637576	-0.126155154143769
BRD-K74501079	0.16085614674948545	0.05527813842005391	-0.10557800832943154
BRD-K96358241	0.16077248927044194	0.027014880655148305	-0.13375760861529362
BRD-K53581288	0.1607037474659566	0.07010885848397083	-0.09059488898198576
BRD-K16485616	0.1604913612304005	0.14720862878258267	-0.013282732447817837
BRD-K21283037	0.16039149106161996	0.1589683411564966	-0.0014231499051233396
BRD-K70177501	0.16020536938343793	0.05118346150004993	-0.109021907883388
BRD-K61295575	0.15994337231728617	0.046664336362728376	-0.1132790359545578
BRD-K75295174	0.15976859952192013	0.13235294117647056	-0.027415658345449567
BRD-A60786380	0.15961393046182817	0.06446619394786776	-0.09514773651396041
BRD-K75958547	0.15938500728274022	0.14361330270648157	-0.015771704576258656
BRD-K81528515	0.15899849675940758	0.0488614800759013	-0.11013701668350628
BRD-K85554912	0.15871866573454507	0.13784580045940276	-0.020872865275142316
BRD-K14560436	0.15860712242915376	0.11597423349645458	-0.042632888932699176
BRD-K21673112	0.15843040411101933	0.03737641066613401	-0.12105399344488532
BRD-K01109406	0.15840867910677148	0.06511535004494151	-0.09329332906182997
BRD-K97799481	0.1582666559446746	0.062244082692499814	-0.09602257325217478
BRD-K08859203	0.1577948666733247	0.1388195346050135	-0.018975332068311195
BRD-K43389698	0.15777930249117708	0.09160591231399184	-0.06617339017718524
BRD-K49313711	0.1577569289793398	0.11123040047937677	-0.04652652849996303
BRD-A49035384	0.15761944537036918	0.08166883052032359	-0.07595061485004559
BRD-K40787673	0.15754519125137323	0.1347747927693998	-0.022770398481973434
BRD-K50000283	0.1574077076424025	0.05777489263956856	-0.09963281500283394
BRD-K47869605	0.15739830428235502	0.10069409767302506	-0.056704206609329955
BRD-K04552268	0.1572705482872266	0.13497453310696095	-0.022296015180265655
BRD-K51324732	0.15701471204317502	0.08918406072106261	-0.06783065132211241
BRD-A11132253	0.156701482877454	0.07455308099470681	-0.08214840188274719
BRD-A05906449	0.15638274139722258	0.04384300409467692	-0.11253973730254566
BRD-K10843433	0.15557275541795673	0.12236592429841214	-0.03320683111954459
BRD-A06627858	0.15551309271972413	0.13247777888744627	-0.02303531383227786
BRD-K57284066	0.15545505129046525	0.09337860780984719	-0.062076443480618054
BRD-A95696066	0.15498164075014176	0.03937381404174578	-0.11560782670839598
BRD-A27887842	0.15496575231419932	0.06756216918006591	-0.0874035831341334
BRD-K12539581	0.15486912468336617	0.06628882452811347	-0.0885803001552527
BRD-A48237631	0.15451179700156037	0.026915010486367796	-0.12759678651519257
BRD-A75726477	0.15368948937809418	0.036177968640767	-0.11751152073732718
BRD-K96259238	0.15362528712673526	0.12753420553280737	-0.026091081593927895
BRD-K83837640	0.15349850389299113	0.11729751323279736	-0.03620099066019378
BRD-K03601870	0.15346316022936413	0.051483072006391684	-0.10198008822297244
BRD-A75850590	0.15326795944492944	0.14935583741136527	-0.0039121220335641554
BRD-K11590034	0.15294338139639246	0.06411664835713571	-0.08882673303925676
BRD-K18424115	0.15289506758097593	0.08506441625886352	-0.06783065132211241
BRD-K15600710	0.15262204588580303	0.05882352941176472	-0.09379851647403831
BRD-K58550667	0.15242684510136822	0.1457854788774593	-0.006641366223908918
BRD-K95763993	0.15227477007163412	0.09944572056326773	-0.052829049508366394
BRD-K68408772	0.15187691066548553	0.04983521422151205	-0.10204169644397348
BRD-K04196797	0.15167781883551387	0.10471387196644366	-0.04696394686907021
BRD-A41304429	0.15166938823685044	0.06326775192250067	-0.08840163631434977
BRD-K63932022	0.1515143949229638	0.04801258364126637	-0.10350181128169744
BRD-A70649075	0.15147742999036318	0.08596324777788875	-0.06551418221247443
BRD-K56277358	0.1514696478992894	0.06306801158493963	-0.08840163631434977
BRD-K29673530	0.15146413558477867	0.06691301308299202	-0.08455112250178665
BRD-K03289018	0.15128709301284962	0.13202836312793376	-0.019258729884915865
BRD-K74193284	0.15120343553380605	0.14361330270648157	-0.007590132827324478
BRD-K73309154	0.1511784679916109	0.14501148506940975	-0.006166982922201139
BRD-K15898725	0.1509537601118546	0.11869569559572557	-0.03225806451612903
BRD-K59831625	0.15059837795281728	0.061445121342255105	-0.08915325661056217
BRD-K08248804	0.15043884508580407	0.122690502346949	-0.02774834273885507
BRD-K93754473	0.15027509691945923	0.07592629581543991	-0.07434880110401931
BRD-K15424032	0.15021575847502147	0.09602516728253274	-0.05419059119248873
BRD-K12885236	0.14992749685149565	0.10703585339059218	-0.04289164346090346
BRD-K75037734	0.14975304830992436	0.11447618096474582	-0.03527686734517854
BRD-K37687095	0.14970019494138148	0.03165884350344561	-0.11804135143793587
BRD-K20468903	0.14965382664873328	0.12296514531109559	-0.026688681337637687
BRD-K71823332	0.14876861378908712	0.10603715170278633	-0.0427314620863008
BRD-A28329383	0.1485413118789729	0.10893338659742335	-0.039607925281549564
BRD-K87112191	0.14827445100590012	0.08126934984520123	-0.06700510116069888
BRD-K80700417	0.14818171442060385	0.06511535004494157	-0.08306636437566228
BRD-K08799216	0.14797094945402145	0.1304803755118346	-0.017490573942186845
BRD-K99604664	0.14720019818391938	0.06306801158493963	-0.08413218659897975
BRD-K04264130	0.14714215675466047	0.07899730350544298	-0.06814485324921749
BRD-K28307902	0.14713372615599712	0.11535004494157586	-0.03178368121442125
BRD-K13167095	0.14713145637943398	0.04544092679516626	-0.10169052958426772
BRD-K80480517	0.14705104143833794	0.12795865375012483	-0.019092387688213114
BRD-K33610132	0.1470027276229213	0.08249275941276335	-0.06450996821015795
BRD-A85651701	0.14696900522826828	0.11594926595425947	-0.031019739274008806
BRD-K08109215	0.14676115854583843	0.11607410366523518	-0.03068705488060325
BRD-K99879819	0.14667425852884758	0.042969140117846805	-0.10370511841100076
BRD-K92657060	0.14666485516879996	0.10818436033156886	-0.03848049483723108
BRD-K34251960	0.1466441029259366	0.06246879057225607	-0.08417531235368053
BRD-K03273112	0.14657730664421975	0.1251622890242685	-0.021415017619951238
BRD-K13390322	0.1465393689502348	0.0662638569859183	-0.08027551196431651
BRD-K54262262	0.1465332081281347	0.09282932188155396	-0.053703886246580734
BRD-K99107520	0.14646122378570192	0.03178368121442121	-0.11467754257128071
BRD-A86248581	0.14640966743233794	0.11842105263157893	-0.027988614800759013
BRD-K67772619	0.14608281960723787	0.026840107859782303	-0.11924271174745557
BRD-K04394237	0.1459440389830882	0.061220413462498735	-0.08472362552058946
BRD-A10039652	0.14546090082892238	0.1426146010186757	-0.0028462998102466793
BRD-K10670311	0.1449955966334674	0.12006891041645862	-0.024926686217008776
BRD-K37069697	0.14482503913743305	0.1036153001098572	-0.04120973902757584
BRD-K94420399	0.1446946891119466	0.1310546289823229	-0.01364006012962371
BRD-A39390670	0.1438419016317749	0.1374962548686708	-0.006345646763104118
BRD-K99170882	0.14327121495302864	0.10968241286327773	-0.0335888020897509
BRD-K39974922	0.14309838768043098	0.10016977928692694	-0.04292860839350403
BRD-K35952844	0.14306563804716205	0.12279037251572955	-0.02027526553143251
BRD-K06152156	0.14232439387238155	0.12548686707280543	-0.016837526799576133
BRD-K60160658	0.14222192967324288	0.08344152601617894	-0.05878040365706394
BRD-K24048528	0.14196414790642292	0.09869669429741335	-0.043267453609009576
BRD-K91614056	0.1418947575943481	0.11991910516328774	-0.021975652431060366
BRD-K16664969	0.14167458926771817	0.07355437930690101	-0.06812020996081716
BRD-A13964793	0.14165416127864944	0.10945770498352142	-0.03219645629512802
BRD-K37720887	0.14164508217239657	0.044242484769799195	-0.09740259740259738
BRD-K49954789	0.14121252761021053	0.12905722560671118	-0.012155302003499346
BRD-K81916719	0.1411165484869669	0.13827024867672022	-0.0028462998102466793
BRD-K08791496	0.14068431817857568	0.1187456306801159	-0.021938687498459793
BRD-K97464279	0.14039962334679199	0.10109357834814736	-0.039306044998644624
BRD-K44665581	0.14036363117557563	0.1206181963447518	-0.019745434830823822
BRD-A14395271	0.1403552005769123	0.10051932487765902	-0.03983587569925329
BRD-K54247840	0.139965771769427	0.07622590632178167	-0.06373986544764534
BRD-K60341624	0.13991032437052608	0.11559972036352739	-0.024310604006998693
BRD-K01773560	0.13990643332498923	0.12526215919304906	-0.014644274131940166
BRD-K11927976	0.13980591464861913	0.09095675621691801	-0.04884915843170112
BRD-K95523387	0.13933704366142197	0.08948367122740436	-0.04985337243401761
BRD-K38305202	0.13910909324371828	0.052007390392489805	-0.08710170285122847
BRD-K36889451	0.13887498200391438	0.12695995206231897	-0.011915029941595406
BRD-K89490285	0.13873782264873846	0.032432837311495044	-0.10630498533724342
BRD-K24556407	0.13866194726076872	0.09679916109058218	-0.04186278617018655
BRD-K60443845	0.13865027412415812	0.01810146809148111	-0.12054880603267701
BRD-K91701654	0.13853808231117737	0.07777389393788081	-0.06076418837329656
BRD-A58193911	0.1384161628843542	0.10491361230400476	-0.03350255058034944
BRD-K09951645	0.13834223301915294	0.11155497852791363	-0.02678725449123931
BRD-K68174511	0.1382329594903249	0.04336862079296914	-0.09486433869735578
BRD-K00259736	0.13813341357533904	0.07080794966543491	-0.06732546390990413
BRD-K73589491	0.1380523501266535	0.06978428043543394	-0.06826806969121957
BRD-K15025317	0.1378231026937709	0.11617397383401579	-0.021649128859755118
BRD-K96344439	0.13753516532403987	0.0811944472186158	-0.05634071810542407
BRD-K76840893	0.13718983503263937	0.11864576051133524	-0.018544074521304132
BRD-K03406345	0.13706370030648463	0.040622191151503007	-0.09644150915498162
BRD-K55675242	0.1363727154698891	0.12973134924598018	-0.006641366223908918
BRD-K84868168	0.1354521589466161	0.03512933186857081	-0.1003228270780453
BRD-K51040301	0.13534515519435122	0.09093178867472285	-0.04441336651962838
BRD-K21670884	0.13499950064915608	0.1302556676320783	-0.004743833017077799
BRD-K37764012	0.134941783473692	0.12818336162988117	-0.006758421843810834
BRD-K55305701	0.13468659573722996	0.10284130630180764	-0.03184528943542231
BRD-K38860038	0.133936920963786	0.09682412863277734	-0.03711279233100867
BRD-K31468676	0.13371383435300346	0.09862179167082796	-0.0350920426821755
BRD-K46392623	0.13348847796565763	0.017701987416358728	-0.1157864905492989
BRD-K13302470	0.1333879592892876	0.032258064516129004	-0.10112989477315859
BRD-K49111258	0.13325631224862222	0.1065614700888845	-0.02669484215973772
BRD-K96631475	0.1332550152334433	0.06281833616298811	-0.07043667907045517
BRD-K96253961	0.13321124097115306	0.07367921701787675	-0.05953202395327632
BRD-K38527262	0.1331768700689104	0.08763607310496355	-0.04554079696394687
BRD-K81613478	0.13314412043564144	0.01632877259562568	-0.11681534784001577
BRD-K76973696	0.1324450292541774	0.07682512733446523	-0.05561990191971216
BRD-K20545304	0.13235294117647056	0.10768500948766602	-0.024667931688804556
BRD-K18518344	0.1318685060071258	0.06279336862079299	-0.06907513738633282
BRD-A55913614	0.13167979029858584	0.05205732547688005	-0.07962246482170579
BRD-K90647725	0.13122551073215216	0.03937381404174578	-0.09185169669040637
BRD-K21565985	0.13121772864107828	0.10281633875961249	-0.02840138988146579
BRD-K11510141	0.13112499205578196	0.09757315489863172	-0.03355183715715024
BRD-K26011976	0.1311126704115818	0.041595925297113756	-0.08951674511446805
BRD-K08703257	0.1310458741298649	0.09100669130130834	-0.04003918282855656
BRD-U25960968	0.13087596514142003	0.12109257964645959	-0.009783385494960446
BRD-A91366704	0.13080495356037156	0.12558673724158598	-0.005218216318785579
BRD-K86003836	0.13060067366968386	0.057200639169080136	-0.07340003450060373
BRD-A94624445	0.13050793708438768	0.04673923898931387	-0.08376869809507381
BRD-A07986123	0.13030560271646857	0.11939478677718962	-0.010910815939278937
BRD-A20239487	0.1301308299211026	0.10071906521522023	-0.029411764705882353
BRD-K13049116	0.12994924779604694	0.08910915809447717	-0.04084008970156977
BRD-K26824830	0.12938374917801648	0.03702686507540187	-0.09235688410261461
BRD-K13571841	0.12923199840207733	0.11262858284230504	-0.016603415559772294
BRD-K41859756	0.12850566990185483	0.11125536802157193	-0.017250301880282898
BRD-K87782578	0.12775891341256362	0.1073604314391291	-0.020398481973434534
BRD-K26756394	0.1276107294283665	0.08314191550983721	-0.04446881391852929
BRD-K25690923	0.12760521711385586	0.07512733446519523	-0.05247788264866063
BRD-K15519488	0.12721935509811283	0.06771197443323684	-0.059507380664875986
BRD-K06749501	0.12705982223109957	0.10998202336961949	-0.017077798861480076
BRD-K85307935	0.1269093684703393	0.0765754519125138	-0.05033391655782549
BRD-K56981171	0.1263201993252927	0.06583940876860081	-0.06048079055669188
BRD-K17743125	0.12592817648744947	0.06411664835713571	-0.061811528130313764
BRD-K04993719	0.12591131529012287	0.12448816538499952	-0.0014231499051233396
BRD-K43457670	0.12577123765079418	0.09093178867472285	-0.03483944897607133
BRD-K69172251	0.12527545359863348	0.11869569559572557	-0.006579758002907908
BRD-K42828737	0.12490094046570627	0.05760011984420253	-0.06730082062150373
BRD-K41337261	0.12477156320160418	0.06329271946469589	-0.06147884373690829
BRD-K80343549	0.12454296427631091	0.10024468191351242	-0.02429828236279849
BRD-A81513827	0.12423070787197428	0.09849695395985225	-0.02573375391212203
BRD-K62200014	0.12420444331460007	0.0428692699490662	-0.08133517336553386
BRD-A47953250	0.12410911269894591	0.02888744631978428	-0.09522166637916163
BRD-K24844714	0.1240906302326456	0.10905822430839907	-0.015032405924246539
BRD-A29485665	0.12408868470987713	0.11887046839109155	-0.005218216318785579
BRD-K38852836	0.12393887945670627	0.09310396484570058	-0.030834914611005692
BRD-K68938568	0.12385230369351016	0.10731049635473888	-0.016541807338771287
BRD-K45875383	0.12368531298921798	0.11342754419254975	-0.010257768796668225
BRD-K67537649	0.12339834838087116	0.09939578547887751	-0.02400256290199365
BRD-K69932463	0.1233069088107538	0.09852192150204733	-0.02478498730870647
BRD-K38458514	0.12291521022670532	0.11437631079596527	-0.008538899430740038
BRD-K47114202	0.12279783035300862	0.03133426545490858	-0.09146356489810004
BRD-K22588750	0.12257539224981556	0.03365624687905733	-0.08891914537075823
BRD-K27351809	0.12222941345082564	0.09098172375911318	-0.03124768969171246
BRD-K95785537	0.12213537985035039	0.07994607010885846	-0.04218930974149193
BRD-K45252063	0.1220212425146012	0.027039848197343508	-0.09498139431725769
BRD-K00077635	0.1217433570125071	0.05640167781883551	-0.06534167919367159
BRD-A64092382	0.12157636630821488	0.089084190552282	-0.03249217575593287
BRD-K60866521	0.12148233270773978	0.03725157295515835	-0.08423075975258143
BRD-K62779383	0.12117818264827157	0.07977129731349247	-0.0414068853347791
BRD-K87024524	0.12116748227304508	0.11310296614401283	-0.008064516129032258
BRD-K89085489	0.12100373410670032	0.016528512933186912	-0.1044752211735134
BRD-A00077618	0.12085133482317134	0.04416758214321381	-0.07668375267995753
BRD-K28570407	0.12083123108789741	0.08863477479276939	-0.03219645629512802
BRD-K48826825	0.12079102361734945	0.056127034854688895	-0.06466398876266055
BRD-K84663978	0.12049595266413402	0.0229701388195346	-0.09752581384459941
BRD-K61688984	0.12041845600719074	0.11757215619694406	-0.0028462998102466793
BRD-K75478907	0.1202530865718721	0.015180265654648917	-0.10507282091722318
BRD-K37249724	0.11995347606553039	0.09552581643862978	-0.024427659626900605
BRD-K85920262	0.11978356707708551	0.07817337461300308	-0.04161019246408243
BRD-K77685957	0.11948233530177002	0.04169579546589433	-0.07778653983587569
BRD-K70358946	0.11940808118277418	0.10144312393887955	-0.017964957243894623
BRD-A25687296	0.11907020872865277	0.11764705882352944	-0.0014231499051233396
BRD-K56334280	0.119019625136673	0.030735044442225107	-0.08828458069444789
BRD-K83963101	0.11865321834861431	0.08696194946569458	-0.03169126888291973
BRD-K12343256	0.11842332240814213	0.06166982922201136	-0.056753493186130766
BRD-K11071038	0.11789673424548087	0.11410166783181863	-0.003795066413662239
BRD-A02180903	0.11775406257579434	0.014406271846599414	-0.10334779072919492
BRD-K58262659	0.11773136481016237	0.07907220613202837	-0.038659158678134006
BRD-K00662280	0.11688246837552739	0.06826126036153	-0.048621208013997386
BRD-K06814349	0.1168480974732848	0.11542494756816146	-0.0014231499051233396
BRD-K95142244	0.11683026351457398	0.06851093578348155	-0.04831932773109243
BRD-A67516570	0.1165734545091381	0.11372715469889141	-0.0028462998102466793
BRD-K81473043	0.11627773504833328	0.10898332168181368	-0.007294413366519592
BRD-K26634012	0.11612760554136758	0.009188055527813765	-0.10693955001355382
BRD-K05104363	0.11561949984500668	0.06826126036153	-0.04735823948347667
BRD-K31812033	0.1155293572900683	0.0874113652252072	-0.028117992064861097
BRD-K76064317	0.11549985019474679	0.09699890142814338	-0.018500948766603416
BRD-K75352575	0.11548752855054663	0.02489263956856087	-0.09059488898198576
BRD-K12829205	0.11544440279584595	0.09083191850594224	-0.024612484289903702
BRD-K78086729	0.11527903336052742	0.10561270348546886	-0.009666329875058555
BRD-K52751261	0.11518078446072055	0.06246879057225607	-0.05271199388846448
BRD-K59325863	0.11517527214620987	0.11327773893937876	-0.0018975332068311196
BRD-K82135108	0.11507540197742934	0.1112803355637671	-0.003795066413662239
BRD-K26603252	0.11503324898411285	0.10139318885448914	-0.01364006012962371
BRD-K37793595	0.1148993321668843	0.007590132827324458	-0.10730919933955985
BRD-A91452556	0.11487566163986815	0.11392689503645259	-0.0009487666034155598
BRD-K86887724	0.11425860666847387	0.01375711574952565	-0.10050149091894822
BRD-K76908866	0.11361788117006333	0.08349146110056926	-0.030126420069494064
BRD-K70821460	0.11339933411240721	0.05859882153200846	-0.05480051258039875
BRD-K02900412	0.11296969783437373	0.08908419055228202	-0.02388550728209171
BRD-K42205652	0.11293402991695206	0.01565464895635671	-0.09727938096059535
BRD-K82850175	0.11293143588659416	0.07475282133226802	-0.03817861455432614
BRD-K76634210	0.11293013887141524	0.0381254369319884	-0.07480470193942684
BRD-A53151380	0.11222683239061945	0.05512833316688304	-0.057098499223736415
BRD-K32572029	0.11179687185879136	0.061395186257864776	-0.05040168560092658
BRD-K49371609	0.11120251465302905	0.06638869469689407	-0.04481381995613498
BRD-A91733352	0.11073558918860016	0.06743733146909014	-0.043298257719510014
BRD-K00317371	0.11068889664215736	0.09420253670228701	-0.016486359939870354
BRD-A06352418	0.11040063501863165	0.06821132527713972	-0.04218930974149193
BRD-K75911534	0.11035653650254676	0.10324078697693007	-0.007115749525616698
BRD-K96123349	0.11013571966832725	0.1056876061120543	-0.004448113556272948
BRD-K21782625	0.10956308746681262	0.04641466094077698	-0.06314842652603564
BRD-K95573441	0.10933286727254564	0.08608808548886443	-0.023244781783681213
BRD-K52756523	0.10887566942195925	0.06748726655348047	-0.04138840286847877
BRD-K28822270	0.10886788733088543	0.058349146110056926	-0.0505187412208285
BRD-K79239947	0.10859648690468626	0.04456706281833616	-0.0640294240863501
BRD-K87510569	0.10816166256593708	0.0737041845600719	-0.03445747800586518
BRD-K47978074	0.10815323196727372	0.012808349146110065	-0.09534488282116366
BRD-K40109029	0.1080345550783981	0.08289224008788576	-0.025142314990512334
BRD-K57136142	0.10762372552045979	0.06881054628982325	-0.03881317923063654
BRD-K32744045	0.10747132623693095	0.08838509937081793	-0.019086226866113026
BRD-K89561498	0.10683773432200476	0.02062318985319085	-0.08621454446881391
BRD-K35329391	0.10666231301904924	0.02371916508538896	-0.08294314793366028
BRD-K99616396	0.10645770887456693	0.09335364026765203	-0.013104068606914907
BRD-K04430056	0.10637891520244461	0.04933586337760909	-0.05704305182483551
BRD-K14175878	0.10600051102398052	0.07190652152202137	-0.034093989501959146
BRD-K84937637	0.10543014859902905	0.03700189753320682	-0.06842825106582223
BRD-A51964809	0.10514707503621915	0.039873164885648626	-0.06527391015057052
BRD-K84091759	0.10512210749402398	0.015180265654648917	-0.08994184183937506
BRD-K48195801	0.10479428690753967	0.08528912413861978	-0.019505162768919893
BRD-K26531771	0.1046493454612899	0.04803755118346148	-0.05661179427782842
BRD-K74141488	0.10445122639270249	0.05887346449615505	-0.04557776189654744
BRD-K25835157	0.103943769203931	0.09522620593228803	-0.00871756327164297
BRD-K96006502	0.10392788076798865	0.09400279636472586	-0.009925084403262785
BRD-K16478699	0.10388378225190373	0.005218216318785607	-0.09866556593311812
BRD-K76719364	0.10362081242436785	0.06846100069909122	-0.03515981172527663
BRD-K44993696	0.10345900978079137	0.03702686507540187	-0.0664321447053895
BRD-K53097745	0.10340875044260647	0.05450414461200439	-0.04890460583060208
BRD-K67261995	0.10331568960351546	0.09145610706082097	-0.011859582542694497
BRD-A81129465	0.10311692202733849	0.05100868870468389	-0.0521082333226546
BRD-K13060017	0.1030793085871484	0.05380505343054029	-0.049274255156608104
BRD-A55312468	0.10304104663936882	0.08880954758813542	-0.014231499051233396
BRD-A25234499	0.1030215914116843	0.04509138120443423	-0.05793021020725006
BRD-K71221037	0.10299759663087343	0.007665035453909952	-0.09533256117696348
BRD-K38904395	0.10226705283131929	0.09704883651253371	-0.005218216318785579
BRD-A08187463	0.1016389732309038	0.09517627084789781	-0.006462702383005989
BRD-A48300215	0.10154720940699169	0.030235693598322178	-0.07131151580866951
BRD-K42191735	0.10151867507305423	0.05934784779786273	-0.0421708272751915
BRD-A17883755	0.10136757280470451	0.07997103765105362	-0.021396535153650892
BRD-K85606544	0.10128456383325057	0.06598921402177171	-0.03529534981147886
BRD-A03506276	0.10126835114351339	0.10079396784180561	-0.0004743833017077799
BRD-K92991072	0.10123560151024438	0.061744731848596746	-0.039490869661647644
BRD-K92428232	0.10050149091894817	0.010436432637571103	-0.09006505828137706
BRD-K91601245	0.09992399491051229	0.0931039648457005	-0.0068200300648117995
BRD-K40175214	0.09982120645757911	0.07380405472885243	-0.02601715172872668
BRD-A84174393	0.09954786050861164	0.06935983221811648	-0.03018802829049516
BRD-K28907958	0.09936303584560849	0.07647558174373315	-0.02288745410187535
BRD-K20655524	0.09921420335382186	0.07355437930690101	-0.025659824046920854
BRD-K06854232	0.09905661600957716	0.012558673724158592	-0.08649794228541857
BRD-A55484088	0.0987920249130676	0.03250773993808054	-0.06628428497498706
BRD-K52762805	0.09877937901507261	0.07565165285129327	-0.02312772616377934
BRD-K47557313	0.09875214169631424	0.0688105462898232	-0.02994159540649105
BRD-K57927309	0.09859682412863277	0.06586437631079596	-0.03273244781783681
BRD-K99383816	0.09856796554090075	0.08831019674423252	-0.010257768796668225
BRD-K25433859	0.09854688904424247	0.053954858683711165	-0.04459203036053131
BRD-K21547160	0.09850570881231024	0.07829821232397882	-0.020207496488331422
BRD-K68747584	0.09834714870668132	0.08791071606911016	-0.010436432637571158
BRD-A13133631	0.0983471487066813	0.07747428343153899	-0.020872865275142316
BRD-K26667523	0.09819734345351047	0.05170777988614805	-0.046489563567362426
BRD-K85849709	0.09817723971823644	0.04162089283930889	-0.05655634687892755
BRD-A69651145	0.0981665393430099	0.0488614800759013	-0.0493050592671086
BRD-K13183738	0.09748657913543568	0.08568860481374219	-0.011797974321693487
BRD-K29415052	0.09739838210326573	0.050908818535903316	-0.046489563567362426
BRD-K41876534	0.09718696862909385	0.0868121442125237	-0.010374824416570151
BRD-K81645907	0.09713897906747204	0.05228203335663639	-0.04485694571083565
BRD-K70505054	0.09702386897033853	0.07994607010885846	-0.017077798861480076
BRD-K82746043	0.09697490664733247	0.02019874163587332	-0.07677616501145915
BRD-K61192372	0.09648787744762985	0.05480375511834623	-0.04168412232928362
BRD-K93441486	0.09642464795765497	0.07697493258763599	-0.019449715370018977
BRD-K45293975	0.09614611394797151	0.08399081194447217	-0.012155302003499346
BRD-K66175015	0.09552354666206653	0.010436432637571103	-0.08508711402449542
BRD-K62965247	0.09487276929601907	0.038599820233696194	-0.05627294906232287
BRD-K49840922	0.0948533140683346	0.04943573354638975	-0.04541758052194485
BRD-K61717546	0.09472296404284809	0.041770698092479686	-0.05295226595036841
BRD-K19761926	0.09403165495245791	0.08958354139618496	-0.004448113556272948
BRD-K78960041	0.09387795865375012	0.08059522620593228	-0.013282732447817837
BRD-A22081593	0.09379884072783307	0.023744132627584125	-0.07005470810024894
BRD-K95435023	0.09344345856879564	0.06611405173274743	-0.027329406836048217
BRD-K16180792	0.09334747944555194	0.05777489263956856	-0.03557258680598338
BRD-K81074237	0.09327192831137704	0.07188155397982621	-0.021390374331550832
BRD-A74208568	0.09315389993009086	0.09078198342155197	-0.0023719165085388993
BRD-K77008974	0.09304332938608384	0.046689303904923596	-0.046354025481160244
BRD-K07612980	0.09256019123191804	0.06831119544592035	-0.024248995785997693
BRD-K15071410	0.09242984120643163	0.08389094177569159	-0.008538899430740038
BRD-K36788280	0.09221842773225977	0.08136922001398184	-0.01084920771827793
BRD-K54606188	0.09217627473894324	0.050609208029561537	-0.041567066709381706
BRD-K20290250	0.09198042544691903	0.07300509337860783	-0.018975332068311195
BRD-K13087974	0.09185558773594327	0.07098272246080095	-0.020872865275142316
BRD-K36269323	0.09175571756716269	0.08843503445520823	-0.003320683111954459
BRD-K40797222	0.09168081494057723	0.06369220013981822	-0.027988614800759013
BRD-K36627727	0.0914943690086005	0.04981024667931688	-0.04168412232928362
BRD-K68095457	0.09142270891996247	0.0665884350344552	-0.02483427388550727
BRD-A06426627	0.09092757337539115	0.01944971537001894	-0.07147785800537221
BRD-K33622447	0.09088574463586954	0.08833516428642765	-0.002550580349441889
BRD-A93093700	0.09079527782713645	0.015904324378308243	-0.0748909534488282
BRD-A80017228	0.09073561512890393	0.05400479376810152	-0.03673082136080241
BRD-K73237276	0.09057997330742755	0.057200639169080136	-0.033379334138347413
BRD-K81016934	0.09043211357702524	0.0733296714271447	-0.017102442149880548
BRD-K31928526	0.0903792602084823	0.009487666034155628	-0.08089159417432668
BRD-K17068645	0.09018016837851056	0.07622590632178167	-0.013954262056728894
BRD-K49865102	0.0900384694702082	0.053455507839808236	-0.036582961630399966
BRD-K13606314	0.09000409856796557	0.0664635973234795	-0.023540501244486065
BRD-K16338837	0.0897832817337461	0.08314191550983718	-0.006641366223908918
BRD-K07202345	0.089758314191551	0.06793668231299313	-0.021821631878557873
BRD-K88625236	0.08968276305737605	0.0317587136722261	-0.057924049385149945
BRD-K68507560	0.0896295854350384	0.08174373314690908	-0.007885852288129328
BRD-K41213548	0.08859813411396353	0.03790072905223209	-0.05069740506173144
BRD-A92630576	0.08858127291663692	0.045615699590532244	-0.04296557332610468
BRD-K33818169	0.0885099370817936	0.06526515529811239	-0.023244781783681213
BRD-K07487750	0.0883773172797441	0.03228303205832417	-0.05609428522141994
BRD-K62627508	0.08828522920203734	0.06883551383201836	-0.019449715370018977
BRD-K68395654	0.08821583888996254	0.0649156097073804	-0.023300229182582136
BRD-K86797399	0.088210326575452	0.05358034555078406	-0.03462998102466793
BRD-K67173685	0.08811045640667134	0.06628882452811347	-0.021821631878557873
BRD-K82122102	0.08765714960162178	0.05605213222810346	-0.031605017373518327
BRD-A36267905	0.08738639768301215	0.08311694796764213	-0.004269449715370019
BRD-K64881305	0.08728036669213143	0.0436432637571158	-0.04363710293501563
BRD-K76406695	0.08666428448212132	0.047912713472485824	-0.0387515710096355
BRD-K12251893	0.08653782550217183	0.012084290422450813	-0.07445353507972102
BRD-K79254416	0.08640488144632755	0.005168281234395278	-0.08123660021193227
BRD-K84683831	0.08636661949854799	0.073379606511535	-0.012987012987012991
BRD-K41278234	0.0860255045064792	0.057550184759812245	-0.02847531974666695
BRD-K55966568	0.08596324777788877	0.06935983221811648	-0.016603415559772294
BRD-K90497590	0.08541396184959552	0.06548986317786876	-0.019924098671726755
BRD-K45033733	0.08515780135174916	0.07327973634275436	-0.011878065008994798
BRD-K92241597	0.08490682891461879	0.04683910915809447	-0.03806771975652431
BRD-K33127281	0.08468990312593637	0.05907320483371625	-0.025616698292220113
BRD-K00152668	0.08451286055400706	0.006541496055128326	-0.07797136449887873
BRD-K02241333	0.08451123928503332	0.048636772196144984	-0.035874467088888334
BRD-A90272038	0.08437083739191	0.05490362528712672	-0.029467212104783272
BRD-K21728777	0.08434035753520423	0.08149405772495755	-0.0028462998102466793
BRD-K08547377	0.08415002055769058	0.06826126036153	-0.015888760196160576
BRD-K69608737	0.08387699886251768	0.058623789074203514	-0.025253209788314163
BRD-K59983611	0.08377939847030033	0.029286926994906648	-0.05449247147539368
BRD-K86204871	0.08354139618495958	0.07690002996105066	-0.006641366223908918
BRD-K28352084	0.0831419155098372	0.07744931588934384	-0.0056925996204933585
BRD-K62196610	0.08308192855781	0.021596923998801643	-0.06148500455900836
BRD-A10977446	0.08299373152564007	0.056551483072006414	-0.02644224845363366
BRD-K08619838	0.08263640384383414	0.03805053430540295	-0.04458586953843119
BRD-K49049886	0.0823140955718605	0.06873564366323781	-0.013578451908622686
BRD-K19669037	0.08216818136422657	0.06651353240786984	-0.015654648956356737
BRD-K88510285	0.08193893393134383	0.038425047438330195	-0.04351388649301363
BRD-K20958582	0.08145871406133065	0.04034754818735642	-0.04111116587397423
BRD-K19085898	0.08143082823498277	0.06476580445420949	-0.01666502378077328
BRD-K43578482	0.08117110094539436	0.041920503345650645	-0.03925059759974371
BRD-K32405725	0.08104010241231854	0.06551483072006392	-0.015525271692254622
BRD-K66527818	0.0809447717966644	0.0738290222710477	-0.007115749525616698
BRD-K72167406	0.0805514519436421	0.05919804254469185	-0.02135340939895025
BRD-K06753942	0.0805407515684155	0.03323179866173964	-0.04730895290667586
BRD-K63712959	0.07980728948470889	0.005692599620493399	-0.07411468986421549
BRD-K70463136	0.07968666707306482	0.040047937681014674	-0.039638729392050154
BRD-K93123848	0.0796847215502963	0.05460401478078497	-0.025080706769511324
BRD-K00615600	0.07954658943373615	0.06436632377908719	-0.015180265654648957
BRD-K66097663	0.07932188155397983	0.0684110656147009	-0.010910815939278937
BRD-K20285085	0.07911403487155011	0.02346948966343753	-0.05564454520811257
BRD-K58049875	0.07897233596324778	0.02441825626685309	-0.05455407969639469
BRD-K50866992	0.07891397028019412	0.03130929791271342	-0.0476046723674807
BRD-K23984367	0.07798303763548944	0.03884949565564766	-0.039133541979841785
BRD-K63126190	0.07783939320441868	0.06384200539298912	-0.013997387811429562
BRD-K21937671	0.07769510026575838	0.07170678118446017	-0.005988319081298207
BRD-K07572174	0.0776240886847099	0.07620093877958656	-0.0014231499051233396
BRD-A57798112	0.07753751292151369	0.04581543992809345	-0.03172207299342024
BRD-K08303368	0.07727616436295154	0.03755118346150005	-0.03972498090145149
BRD-K22503835	0.07712084679527004	0.0317587136722261	-0.045362133123043935
BRD-K96153583	0.07702097662648946	0.04494157595126336	-0.032079400675226105
BRD-K18849474	0.07691332436663506	0.06843603315689603	-0.00847729120973903
BRD-K46690591	0.07689386913895051	0.056501547987616085	-0.020392321151334422
BRD-A68304895	0.07668083439580492	0.06571457105762507	-0.010966263338179849
BRD-K18613660	0.07662538699690404	0.07283032058324179	-0.003795066413662239
BRD-K27182532	0.07640067911714771	0.06169479676420653	-0.014705882352941176
BRD-K64890080	0.07637571157495257	0.07542694497153701	-0.0009487666034155598
BRD-K32821942	0.07625638617848754	0.04109657445321091	-0.03515981172527663
BRD-K61250484	0.07616364959319119	0.04771297313492462	-0.02845067645826657
BRD-K87827419	0.07595126335763511	0.07500249675421955	-0.0009487666034155598
BRD-K28192623	0.07592240476990302	0.042419854189553574	-0.03350255058034944
BRD-K04833372	0.07590619208016594	0.027414361330270642	-0.0484918307498953
BRD-K62008436	0.07555178268251272	0.05657645061420152	-0.018975332068311195
BRD-K96424892	0.07550346886709616	0.049535603715170275	-0.02596786515192588
BRD-K55696337	0.07547688005592727	0.06883551383201836	-0.006641366223908918
BRD-K86525559	0.07503038258056727	0.012633576350744025	-0.06239680622982324
BRD-K60025295	0.07501352138324077	0.023194846699290922	-0.05181867468394985
BRD-K69001009	0.07490262658543892	0.06683811045640667	-0.008064516129032258
BRD-K89014967	0.07470288624787773	0.07233096973933884	-0.0023719165085388993
BRD-K72093121	0.07443602537480504	0.06364226505542797	-0.010793760319377066
BRD-A57833392	0.07420353540397484	0.057600119844202546	-0.016603415559772294
BRD-A91831168	0.07385009876770587	0.04082193148906421	-0.03302816727864166
BRD-K35960502	0.07369802373797174	0.034804753820033896	-0.038893269917937845
BRD-K00312224	0.07319705162509513	0.03512933186857081	-0.03806771975652431
BRD-K11973162	0.07317208408290007	0.030834914611005737	-0.04233716947189433
BRD-K39624409	0.07305502846299813	0.06783681214421255	-0.005218216318785579
BRD-K29950728	0.07216106075089401	0.0696844102666534	-0.0024766504842406167
BRD-K61536336	0.07188155397982625	0.05670128832517729	-0.015180265654648957
BRD-K18910433	0.07181767598226194	0.0532058324178567	-0.018611843564405234
BRD-K90027121	0.07163187855787477	0.07115749525616699	-0.0004743833017077799
BRD-K97746869	0.07116916839277765	0.061619894137621034	-0.009549274255156615
BRD-A09722536	0.07112636689187174	0.025591730750024966	-0.045534636141846774
BRD-K49328571	0.07009945512392335	0.05894836712274043	-0.011151088001182918
BRD-K81418486	0.06993084315065738	0.03695196244881653	-0.03297888070184085
BRD-A80213327	0.06964225727333673	0.053630280635174166	-0.01601197663816256
BRD-K24593301	0.0696017255489941	0.02584140617197643	-0.043760319377017666
BRD-K21164796	0.06921002696494559	0.0312593628283232	-0.03795066413662239
BRD-A92439610	0.06908518925396992	0.06576450614201546	-0.003320683111954459
BRD-K19295594	0.0690650855186958	0.0428692699490662	-0.026195815569629605
BRD-K60184833	0.06906022171177471	0.06858583841006693	-0.0004743833017077799
BRD-K14109347	0.0690141776729214	0.05887346449615505	-0.010140713176766347
BRD-K09416995	0.06895192094433072	0.010436432637571103	-0.05851548830675962
BRD-K71847383	0.06890263436753002	0.030360531309297945	-0.03854210305823209
BRD-K13756951	0.06874893806882224	0.0578997303505443	-0.01084920771827793
BRD-A30886737	0.06858194736453001	0.038400079896135024	-0.03018186746839498
BRD-K78809024	0.06831119544592025	0.052182163187855735	-0.016129032258064516
BRD-K42497885	0.06776190951762708	0.06301807650054927	-0.004743833017077799
BRD-K54838207	0.06767663076960995	0.05502846299810249	-0.012648167771507457
BRD-K89053832	0.06756216918006597	0.059023269749325924	-0.008538899430740038
BRD-K87036601	0.06735626802040462	0.01185958254269448	-0.05549668547771014
BRD-K43621685	0.06688804554079698	0.06309297912713474	-0.003795066413662239
BRD-K92872987	0.06683811045640667	0.06399181064615998	-0.0028462998102466793
BRD-K36739687	0.06683584067984351	0.03630280635174277	-0.03053303432810074
BRD-A65248799	0.06665134027063513	0.015454908618795504	-0.051196431651839625
BRD-K71512533	0.0664136622390892	0.04269449715370022	-0.023719165085388995
BRD-K77841042	0.06633875961250377	0.044517127733945894	-0.021821631878557873
BRD-K44067360	0.06628882452811344	0.0601218416059123	-0.006166982922201139
BRD-K79555887	0.06626385698591827	0.050609208029561537	-0.015654648956356737
BRD-K10961822	0.06567403933328231	0.014680914810746029	-0.05099312452253628
BRD-K36198571	0.06566463597323478	0.06376710276640367	-0.0018975332068311196
BRD-K08996725	0.06555374117543297	0.01632877259562568	-0.04922496857980729
BRD-K08525451	0.0648656746229901	0.0601218416059123	-0.004743833017077799
BRD-K13050303	0.06461599920103868	0.060820932787376436	-0.003795066413662239
BRD-K29582115	0.06459103165884353	0.030435433935883383	-0.03415559772296015
BRD-K06426971	0.06438740027574541	0.04416758214321381	-0.0202198181325316
BRD-A08545410	0.06435238086591327	0.0205982223109957	-0.04375415855491757
BRD-A93695607	0.0639817587785229	0.0437681014680914	-0.020213657310431496
BRD-A54275602	0.06338869858793955	0.05977229601518025	-0.0036164025727593065
BRD-M89827113	0.06278169548418225	0.01967442324977529	-0.043107272234406954
BRD-K68488863	0.06255698760442595	0.05882352941176472	-0.0037334581926612292
BRD-K75466013	0.06237832376352298	0.007590132827324458	-0.05478819093619852
BRD-K54955827	0.06236048980481221	0.04986018176370721	-0.012500308041104996
BRD-K47079459	0.061719115798812174	0.0033206831119544367	-0.05839843268685774
BRD-K73425385	0.0610706082093279	0.050159792270048964	-0.010910815939278937
BRD-K33588785	0.06097073804054724	0.05622690502346944	-0.004743833017077799
BRD-K73838513	0.06058228199444618	0.02109757315489863	-0.03948470883954755
BRD-K35240538	0.06024667931688807	0.034155597722960174	-0.026091081593927895
BRD-K71075609	0.06000640725498407	0.04079696394686905	-0.019209443308115026
BRD-K57169635	0.05955634298788198	0.016104064715869365	-0.04345227827201262
BRD-A55962179	0.059532023953276295	0.036527514231499025	-0.02300450972177727
BRD-K43644456	0.05948922245237029	0.03892439828223304	-0.020564824170137247
BRD-K93869735	0.05943604483003264	0.04147108758613802	-0.017964957243894623
BRD-A13561534	0.05925802949671932	0.041521022670528374	-0.01773700682619095
BRD-K34851558	0.05896944361939868	0.024992509737341462	-0.03397693388205722
BRD-K04568635	0.058854333522265156	0.032258064516129004	-0.026596269006136153
BRD-K56483981	0.0586160069831297	0.03383101967442323	-0.02478498730870647
BRD-K85333151	0.05859882153200842	0.05290622191151506	-0.0056925996204933585
BRD-K61228301	0.05789973035054426	0.0522071307300509	-0.0056925996204933585
BRD-K60230970	0.057707772104056865	0.045965245181264325	-0.01174252692279254
BRD-K71106091	0.05747366086425311	0.03790072905223209	-0.01957293181202102
BRD-K47878171	0.05673468646603567	0.028438030560271645	-0.028296655905764023
BRD-K86727142	0.05653754015883248	0.028438030560271645	-0.028099509598560835
BRD-K52313696	0.05635174273444517	0.04638969339858179	-0.009962049335863378
BRD-K51318897	0.05623079606900627	0.044192549685408866	-0.012038246383597406
BRD-K20463415	0.055977229601518026	0.04791271347248577	-0.008064516129032258
BRD-A90547603	0.055889032569348185	0.027364426245880313	-0.02852460632346787
BRD-K94559059	0.055752521721761684	0.04246978927394385	-0.013282732447817837
BRD-A17846016	0.055577748926395616	0.053680215719564495	-0.0018975332068311196
BRD-K25412176	0.055053430540297515	0.049835214221511936	-0.005218216318785579
BRD-K16730910	0.0546957786046971	0.018026565464895672	-0.036669213139801426
BRD-K66911501	0.054179566563467466	0.04231998402077297	-0.011859582542694497
BRD-K67977190	0.053968153089295604	0.03884949565564766	-0.015118657433647945
BRD-A72703248	0.05360531309297914	0.0379506641366224	-0.015654648956356737
BRD-K20605374	0.052977233492563475	0.05030959752321973	-0.002667635969343749
BRD-K72723676	0.05218216318785582	0.05123339658444026	-0.0009487666034155598
BRD-K86972824	0.05215719564566064	0.023219814241486066	-0.028937381404174574
BRD-K90947825	0.052074510928001444	0.049585538799560624	-0.002488972128440816
BRD-A81370665	0.05192956948175165	0.01185958254269448	-0.04006998693905717
BRD-K59929863	0.051907520223709175	0.046689303904923596	-0.005218216318785579
BRD-K81197548	0.051880282904950864	0.005218216318785607	-0.04666206658616526
BRD-K98795921	0.051701619064047855	0.002846299810246644	-0.04885531925380121
BRD-K03294269	0.05131608130209953	0.044317387396384696	-0.006998693905714837
BRD-K87349682	0.0507340457405374	0.0459902127234596	-0.004743833017077799
BRD-A92872453	0.0506263934806829	0.02014880655148307	-0.03047758692919983
BRD-A35588707	0.05054403301681848	0.009063217816838165	-0.041480815199980314
BRD-K98203492	0.05048437031858587	0.041471087586138045	-0.009013282732447819
BRD-K58770988	0.05038060910426834	0.025891341256366718	-0.024489267847901623
BRD-K61323504	0.05023469489663437	0.04691401178467991	-0.003320683111954459
BRD-K66241279	0.05018865085778094	0.03909917107759912	-0.011089479780181821
BRD-K54395039	0.050142606818927564	0.034130630180765	-0.01601197663816256
BRD-K54997624	0.04981024667931688	0.024667931688804545	-0.025142314990512334
BRD-K37798499	0.0494162783187051	0.021846599420752955	-0.027569678897952143
BRD-K56957086	0.049257069705486795	0.03188355138320187	-0.017373518322284925
BRD-K78496197	0.04922821111775469	0.030135823429541575	-0.019092387688213114
BRD-K07762753	0.04886472261384872	0.008788574852691466	-0.040076147761157255
BRD-K04111260	0.04862736883609753	0.01992409867172673	-0.028703270164370798
BRD-K62304154	0.048437031858583876	0.03752621591930494	-0.010910815939278937
BRD-A98990573	0.048338134451187426	0.022320982722460747	-0.02601715172872668
BRD-K23779958	0.04793638399950195	0.01036153001098572	-0.03757485398851623
BRD-K81801188	0.04757386825698018	0.003795066413662229	-0.04377880184331795
BRD-K48578705	0.04751323279736346	0.034704883651253404	-0.012808349146110056
BRD-A30582499	0.04723469878767991	0.025591730750024966	-0.021642968037654944
BRD-K24869513	0.047103700254604045	0.04017277539199038	-0.006930924862613666
BRD-K01683783	0.04693897932687506	0.04456706281833616	-0.0023719165085388993
BRD-A68969091	0.04688904424248477	0.021746729251972435	-0.025142314990512334
BRD-K59574735	0.04618995306102067	0.041446120043942866	-0.004743833017077799
BRD-K34022604	0.04604014780784972	0.00903825027464289	-0.03700189753320683
BRD-K98384930	0.045990212723459496	0.03982322980125836	-0.006166982922201139
BRD-K80725821	0.0457687473816506	0.008064516129032251	-0.03770423125261835
BRD-M29182745	0.0455907320483372	0.04179566563467496	-0.003795066413662239
BRD-K02594908	0.04513742524328765	0.019699390791970472	-0.02543803445131718
BRD-K21396683	0.04511245770109244	0.009712373913911887	-0.035400083787180556
BRD-A55424491	0.045066413662239097	0.03368121442125238	-0.011385199240986717
BRD-K47635719	0.04504144612004394	0.03223309697393388	-0.012808349146110056
BRD-K63784565	0.04486667332467788	0.03917407370418452	-0.0056925996204933585
BRD-K09090949	0.044716868071507015	0.04376810146809146	-0.0009487666034155598
BRD-A67748489	0.04461699790272638	0.04224508139418748	-0.0023719165085388993
BRD-K87700323	0.04457646617838368	0.01635374013782083	-0.02822272604056285
BRD-A74391928	0.044192549685408915	0.041820633176870015	-0.0023719165085388993
BRD-K62607865	0.04399280934784784	0.013157894736842146	-0.030834914611005692
BRD-K81332461	0.04356836113053031	0.03313192849295915	-0.010436432637571158
BRD-K04622161	0.0435106439550662	0.010661140517327472	-0.03284950343773873
BRD-K66715657	0.04343963237401767	0.018950364526116044	-0.024489267847901623
BRD-K17518951	0.04319384799760309	0.027539199041246354	-0.015654648956356737
BRD-K06858286	0.04302685729331093	0.020373514431239387	-0.022653342862071546
BRD-K19333160	0.04283652031579721	0.018525916308798518	-0.024310604006998693
BRD-K58529924	0.04266952961150504	0.03460501348247278	-0.008064516129032258
BRD-A81541225	0.04262964639475179	0.013507440327574153	-0.029122206067177636
BRD-K91543828	0.042494756816139	0.033481474083691176	-0.009013282732447819
BRD-K27799744	0.04234106051743125	0.030185758513931904	-0.012155302003499346
BRD-K76703230	0.041471087586138086	0.03482972136222917	-0.006641366223908918
BRD-K40308497	0.040297613102966146	0.025591730750024966	-0.014705882352941176
BRD-K26253904	0.04027264556077099	0.026515529811245372	-0.013757115749525617
BRD-K38183498	0.04016531755471139	0.01825127334465195	-0.021914044210059436
BRD-K83699324	0.039959092141255315	0.007115749525616666	-0.03284334261563865
BRD-K60369935	0.03984819734345354	0.038425047438330195	-0.0014231499051233396
BRD-K64800655	0.039786589122452524	0.01755218216318788	-0.022234406959264645
BRD-K80608265	0.03950254279825839	0.03410566263856986	-0.005396880159688533
BRD-K82967180	0.03947206294155263	0.019899131129531608	-0.01957293181202102
BRD-K78567475	0.03928107745644947	0.027014880655148305	-0.012266196801301171
BRD-K97883416	0.03895487813893882	0.010910815939278895	-0.028044062199659922
BRD-K94441233	0.03867472286028162	0.0344052731449116	-0.004269449715370019
BRD-K18834913	0.038250274642964155	0.03398082492759413	-0.004269449715370019
BRD-K41783120	0.037251572955158324	0.032033356636372745	-0.005218216318785579
BRD-K02898090	0.03720163787076798	0.031509038250274624	-0.0056925996204933585
BRD-K06234293	0.03694028931220579	0.007115749525616666	-0.029824539786589124
BRD-K01507359	0.036879329598794364	0.011909517627084809	-0.024969811971709555
BRD-K89704198	0.036635166491353434	0.02394387296514531	-0.012691293526208125
BRD-A03932035	0.036577449315889354	0.01570458404074704	-0.020872865275142316
BRD-K50850824	0.03652751423149901	0.010910815939278895	-0.025616698292220113
BRD-K51747290	0.03650287094309862	0.0004743833017077925	-0.03602848764139083
BRD-K03063480	0.03627783880954759	0.01730250674123639	-0.018975332068311195
BRD-K97714174	0.035899434631083485	0.024218515929291917	-0.011680918701791568
BRD-A11990600	0.0353384755661796	0.00189753320683117	-0.03344094235934843
BRD-K41141507	0.03527913712174173	0.03053530410466393	-0.004743833017077799
BRD-K88568253	0.035221419946277664	0.018026565464895672	-0.017194854481381992
BRD-K30867024	0.035165972547376745	0.018500948766603464	-0.01666502378077328
BRD-K52020312	0.035029461699790265	0.03455507839808249	-0.0004743833017077799
BRD-K39484304	0.034961692656689164	0.029811245381004686	-0.005150447275684478
BRD-A75975749	0.03495455907320481	0.0283131928492959	-0.006641366223908918
BRD-K56032964	0.03482972136222914	0.033406571457105794	-0.0014231499051233396
BRD-A74914197	0.033502550580349455	0.017077798861480087	-0.016424751718869365
BRD-K80129304	0.03291111165873972	0.01992409867172673	-0.012987012987012991
BRD-K76037122	0.03210696224777917	0.01825127334465195	-0.013855688903127217
BRD-K77987382	0.0320333566363727	0.030135823429541575	-0.0018975332068311196
BRD-K51199656	0.03200838909417757	0.02584140617197643	-0.006166982922201139
BRD-K30990140	0.031134525117347475	0.030660141815639697	-0.0004743833017077799
BRD-K79930101	0.031072916896346447	0.01737740936782184	-0.013695507528524609
BRD-A50049929	0.030942566870860142	0.011609907120743033	-0.01933265975011711
BRD-K34157611	0.030656250770102773	0.0004743833017077925	-0.03018186746839498
BRD-K14880289	0.03051033656246883	0.02671527014880659	-0.003795066413662239
BRD-K15409150	0.028462998102466847	0.027039848197343508	-0.0014231499051233396
BRD-A49765801	0.028462998102466844	0.022770398481973486	-0.0056925996204933585
BRD-K74763371	0.02846299810246674	0.010436432637571103	-0.018026565464895637
BRD-K97440753	0.02843803056027164	0.026540497353440523	-0.0018975332068311196
BRD-K64785675	0.028213322680515327	0.02394387296514531	-0.004269449715370019
BRD-A25004090	0.027988614800759027	0.02134724857685011	-0.006641366223908918
BRD-K07736136	0.027738939378807552	0.02441825626685309	-0.003320683111954459
BRD-K32285926	0.027696786385491112	0.018326175971237424	-0.009370610414253688
BRD-K12787259	0.027539199041246316	0.026116049136122976	-0.0014231499051233396
BRD-K82818427	0.0270148806551483	0.026540497353440523	-0.0004743833017077799
BRD-K06543683	0.02686507540197743	0.02544192549685409	-0.0014231499051233396
BRD-K66788707	0.026790172775391988	0.016828123439528612	-0.009962049335863378
BRD-K54187111	0.02617149653502393	0.015205233196844081	-0.010966263338179849
BRD-K98521173	0.025142314990512386	0.022770398481973486	-0.0023719165085388993
BRD-K23301018	0.025142314990512296	0.015180265654648917	-0.009962049335863378
BRD-A49358627	0.02491760711075605	0.019699390791970472	-0.005218216318785579
BRD-K61443650	0.024667931688804604	0.022770398481973486	-0.0018975332068311196
BRD-K39381259	0.024489267847901616	0.008064516129032251	-0.016424751718869365
BRD-A16997652	0.02441825626685309	0.017776890042944173	-0.006641366223908918
BRD-K63923597	0.02419354838709681	0.022296015180265694	-0.0018975332068311196
BRD-K97752965	0.023993808049535607	0.02209627484270449	-0.0018975332068311196
BRD-K49555808	0.023494457205632736	0.020648157395386058	-0.0028462998102466793
BRD-K55462201	0.02331968441026667	0.019524617996604432	-0.003795066413662239
BRD-K70246307	0.02299510636172975	0.01967442324977529	-0.003320683111954459
BRD-A75919782	0.022296015180265624	0.007115749525616666	-0.015180265654648957
BRD-K96104201	0.022225003599217072	0.015404973534405272	-0.0068200300648117995
BRD-A43082461	0.02165853221980263	0.003095975232198178	-0.01856255698760445
BRD-K89299012	0.02136832507350833	0.010636172975132321	-0.010732152098376007
BRD-K70301465	0.02089783281733743	0.014730849895136289	-0.006166982922201139
BRD-K28143534	0.020748027564166556	0.017901727753919877	-0.0028462998102466793
BRD-K56707426	0.020398481973434558	0.01755218216318788	-0.0028462998102466793
BRD-K01653460	0.019924098671726773	0.009013282732447836	-0.010910815939278937
BRD-K08619574	0.018975332068311167	0.01565464895635671	-0.003320683111954459
BRD-K85406984	0.017801857585139337	0.014955557774892658	-0.0028462998102466793
BRD-K17472821	0.017185451121334457	0.008763607310496354	-0.008421843810838103
BRD-K68567222	0.016403675222211107	0.014980525317087767	-0.0014231499051233396
BRD-K79145628	0.016129032258064512	0.012333965844402273	-0.003795066413662239
BRD-K76210423	0.016011976638162673	0.000948766603415585	-0.015063210034747088
BRD-K09877029	0.01587935683611305	0.013507440327574153	-0.0023719165085388993
BRD-K42756753	0.01575451912513729	0.012908219314890612	-0.0028462998102466793
BRD-A99888680	0.015654648956356768	0.01375711574952565	-0.0018975332068311196
BRD-K75009076	0.014231499051233354	0.010910815939278895	-0.003320683111954459
BRD-K54634444	0.011859582542694475	0.0033206831119544367	-0.008538899430740038
BRD-K91825936	0.01091081593927895	0.0004743833017077925	-0.010436432637571158
BRD-K12184916	0.00901328273244777	0.0023719165085388516	-0.006641366223908918
BRD-K18574842	0.00901328273244777	0.0023719165085388516	-0.006641366223908918
BRD-K11663430	0.008538899430740005	0.007115749525616666	-0.0014231499051233396
BRD-K41599323	0.006641366223908896	0.0033206831119544367	-0.003320683111954459
BRD-K13050541	0.0	0.0	-0.03397693388205722
BRD-A27883417	0.0	0.0	-0.01282067079031024
BRD-A39935389	0.0	0.0	-0.009783385494960446
BRD-A71725768	0.0	0.0	-0.011970477340496333
BRD-A67097164	0.0	0.0	-0.008538899430740038
BRD-K16189898	0.0	0.0	-0.03415559772296015
BRD-K85402309	0.0	0.0	-0.025142314990512334
BRD-K02130563	0.0	0.0	-0.02170457625865596
