Compound	CMap_Score	a_score	b_score
BRD-K06753942	0.5720900076277651	0.26910755148741416	-0.3029824561403509
BRD-K51747290	0.496559877955759	0.22164759725400457	-0.27491228070175444
BRD-A72716251	0.49345537757437075	0.2127536231884058	-0.28070175438596495
BRD-K06519765	0.4876887871853547	0.19540808543096877	-0.2922807017543859
BRD-K39171998	0.48749046529366896	0.16292906178489708	-0.3245614035087719
BRD-K92657060	0.4479862700228834	0.17517925247902372	-0.27280701754385966
BRD-K52256627	0.44639969488939735	0.18341723874904647	-0.2629824561403509
BRD-K03243820	0.44426392067124326	0.2658428680396643	-0.17842105263157898
BRD-K51544265	0.43432494279176204	0.2325705568268498	-0.20175438596491224
BRD-K72167406	0.4263539282990084	0.22652936689549963	-0.1998245614035088
BRD-A06352418	0.42263920671243316	0.25597254004576653	-0.16666666666666666
BRD-K68567222	0.4205339435545385	0.1707093821510297	-0.24982456140350878
BRD-K04833372	0.41717772692601074	0.18594965675057207	-0.23122807017543867
BRD-K66296774	0.4152936689549962	0.13511823035850498	-0.28017543859649124
BRD-K32405725	0.4143630816170862	0.10295957284515639	-0.3114035087719298
BRD-K31086665	0.41165522501906937	0.1972692601067887	-0.2143859649122807
BRD-A57798112	0.41105263157894734	0.21719298245614033	-0.193859649122807
BRD-K79315489	0.4084973302822273	0.1625324180015255	-0.24596491228070178
BRD-K49840922	0.4075209763539283	0.10576659038901604	-0.3017543859649123
BRD-A06426627	0.40363081617086205	0.18503432494279182	-0.21859649122807023
BRD-A91831168	0.40069412662090004	0.2720976353928299	-0.12859649122807015
BRD-K39558284	0.39630816170861943	0.1289397406559878	-0.26736842105263164
BRD-K06749501	0.38690312738367666	0.1954996186117468	-0.19140350877192985
BRD-K33818169	0.38558352402745993	0.10172387490465296	-0.283859649122807
BRD-K31627533	0.3837528604118993	0.25954233409610983	-0.1242105263157895
BRD-K47000838	0.3825934401220442	0.19662852784134244	-0.18596491228070178
BRD-K23403298	0.3759344012204424	0.1975133485888635	-0.17842105263157892
BRD-K79584249	0.3738672768878718	0.07070938215102973	-0.30315789473684207
BRD-K05638300	0.3730358504958046	0.17110602593440116	-0.20192982456140346
BRD-K47598052	0.3728451563691837	0.1356521739130434	-0.2371929824561403
BRD-K38287497	0.37270785659801686	0.1888482074752098	-0.18385964912280706
BRD-K23301018	0.37203661327231113	0.13835240274599542	-0.23368421052631572
BRD-K60025295	0.3719527078565981	0.14721586575133494	-0.22473684210526318
BRD-K18787491	0.3712662090007628	0.13249427917620138	-0.2387719298245614
BRD-K96123349	0.37012967200610214	0.13469107551487408	-0.23543859649122806
BRD-K64120610	0.3696414950419527	0.1384134248665141	-0.23122807017543862
BRD-A53134341	0.3685583524027459	0.18610221205186872	-0.18245614035087718
BRD-K58299615	0.3646071700991609	0.1863615560640732	-0.1782456140350877
BRD-K47978074	0.36041189931350115	0.1407627765064836	-0.21964912280701754
BRD-K60446698	0.35961861174675824	0.19119755911517933	-0.16842105263157892
BRD-K28453807	0.35912280701754384	0.19298245614035087	-0.16614035087719298
BRD-K90647725	0.35633104500381396	0.15264683447749816	-0.2036842105263158
BRD-K30933884	0.3524561403508771	0.17614035087719293	-0.17631578947368415
BRD-K81016934	0.3514950419527079	0.16781083142639214	-0.18368421052631578
BRD-K59866480	0.35002288329519454	0.23493516399694891	-0.11508771929824563
BRD-K98548675	0.3495728451563692	0.18132723112128152	-0.16824561403508773
BRD-A72703248	0.3480930587337909	0.28546147978642256	-0.06263157894736837
BRD-A67862938	0.3467505720823798	0.16446987032799387	-0.18228070175438593
BRD-K00535541	0.3450266971777269	0.15502669717772688	-0.19
BRD-K82861010	0.3448970251716247	0.17226544622425627	-0.1726315789473684
BRD-K84091759	0.3420137299771167	0.1132418001525553	-0.2287719298245614
BRD-K15108141	0.340884820747521	0.2352707856598017	-0.10561403508771933
BRD-K37618799	0.34054157131960344	0.19475209763539292	-0.14578947368421052
BRD-K42938903	0.337581998474447	0.10442410373760486	-0.23315789473684212
BRD-K51199656	0.3361784897025171	0.19459954233409604	-0.14157894736842108
BRD-K52762805	0.33331045003813886	0.17769641495041955	-0.15561403508771932
BRD-K94176593	0.3332036613272311	0.15548436308161706	-0.17771929824561405
BRD-K17555800	0.33313501144164764	0.08892448512585815	-0.2442105263157895
BRD-K18424115	0.33257055682684983	0.10730739893211294	-0.2252631578947369
BRD-K51474575	0.3307246376811594	0.11282990083905414	-0.21789473684210525
BRD-K82091397	0.33013729977116707	0.12645308924485127	-0.2036842105263158
BRD-K89714990	0.329260106788711	0.11417238749046532	-0.21508771929824566
BRD-K31309378	0.3277955758962624	0.12147978642257817	-0.20631578947368423
BRD-K51350053	0.32731502669717777	0.17906941266209003	-0.14824561403508774
BRD-K97799481	0.32664378337147215	0.1678718535469108	-0.15877192982456134
BRD-K80129304	0.3260793287566742	0.2062547673531655	-0.11982456140350872
BRD-K85751432	0.3256674294431732	0.23110602593440122	-0.09456140350877194
BRD-K26634012	0.32329519450800914	0.13066361556064074	-0.1926315789473684
BRD-K29968218	0.3230511060259344	0.18270022883295195	-0.14035087719298245
BRD-K92213669	0.32149504195270784	0.14956521739130435	-0.1719298245614035
BRD-K65781196	0.31949656750572086	0.09282990083905418	-0.22666666666666668
BRD-A81513827	0.31755911517925256	0.14948893974065602	-0.16807017543859654
BRD-K99792991	0.31720823798627	0.07720823798627002	-0.24
BRD-K38458514	0.3170404271548437	0.11247902364607176	-0.20456140350877194
BRD-K69001009	0.31585812356979404	0.121998474446987	-0.19385964912280707
BRD-K86687746	0.31582761250953467	0.13670480549199082	-0.17912280701754385
BRD-K04394237	0.3157055682684973	0.18675819984744474	-0.1289473684210526
BRD-A26503646	0.31565980167810825	0.2060106788710907	-0.10964912280701755
BRD-K97810537	0.31536994660564455	0.19098398169336384	-0.12438596491228071
BRD-K97752965	0.315072463768116	0.15647597254004575	-0.15859649122807024
BRD-K37249724	0.3149351639969489	0.13598779557589624	-0.17894736842105263
BRD-K24187789	0.3148207475209764	0.13534706331045004	-0.17947368421052634
BRD-A42746051	0.3144012204424104	0.08738367658276125	-0.22701754385964917
BRD-K13810148	0.3114797864225781	0.1509534706331045	-0.16052631578947363
BRD-K34022604	0.31131960335621667	0.10675819984744472	-0.20456140350877194
BRD-K89015388	0.3110983981693363	0.16180015255530122	-0.1492982456140351
BRD-K89704198	0.31051868802440885	0.20367658276125095	-0.10684210526315788
BRD-K75009076	0.307673531655225	0.18416475972540042	-0.12350877192982457
BRD-K26657438	0.30665903890160184	0.13630816170861937	-0.17035087719298247
BRD-K63784565	0.3048131197559114	0.1509534706331045	-0.15385964912280692
BRD-K28578425	0.30458428680396643	0.11458428680396648	-0.18999999999999995
BRD-K68532323	0.304515636918383	0.0785507246376812	-0.22596491228070179
BRD-K74501079	0.30387490465293676	0.16983981693363848	-0.13403508771929828
BRD-K54997624	0.30381388253241803	0.10381388253241797	-0.20000000000000007
BRD-K83988098	0.3035011441647597	0.19315026697177723	-0.11035087719298248
BRD-K47557313	0.3032875667429444	0.1617086193745233	-0.14157894736842108
BRD-K13514097	0.3024485125858123	0.20157131960335617	-0.10087719298245615
BRD-A55424491	0.3017391304347826	0.049458428680396654	-0.25228070175438594
BRD-A06627858	0.3014797864225781	0.1330587337909992	-0.16842105263157892
BRD-K68065987	0.3010907704042715	0.18196796338672772	-0.1191228070175438
BRD-A23072235	0.30047292143401977	0.12398169336384435	-0.17649122807017542
BRD-K59369769	0.2994355453852021	0.027856598016781087	-0.27157894736842103
BRD-A69815203	0.2993745232646834	0.1993745232646834	-0.09999999999999998
BRD-K98157055	0.29874141876430205	0.13575896262395118	-0.1629824561403509
BRD-K76674262	0.29742944317315034	0.1891838291380626	-0.10824561403508773
BRD-A74208568	0.29740655987795567	0.12091533180778025	-0.17649122807017542
BRD-K56334280	0.29706331045003814	0.18811594202898552	-0.10894736842105263
BRD-K92150287	0.29694889397406554	0.11379099923722347	-0.18315789473684208
BRD-K13087974	0.2968344774980931	0.10964149504195275	-0.18719298245614038
BRD-K95573441	0.29565980167810824	0.08180015255530126	-0.21385964912280697
BRD-K53720352	0.29537757437070944	0.0648512585812357	-0.23052631578947375
BRD-K80343549	0.29537757437070933	0.17713196033562165	-0.11824561403508771
BRD-K96159438	0.29366132723112126	0.20717009916094584	-0.08649122807017542
BRD-A27883417	0.2924637681159421	0.12018306636155607	-0.17228070175438603
BRD-K79612754	0.2922425629290617	0.18294431731502664	-0.10929824561403506
BRD-K70821460	0.2919908466819222	0.11374523264683448	-0.1782456140350877
BRD-A55312468	0.29142639206712434	0.18721586575133486	-0.10421052631578948
BRD-K35520305	0.290976353928299	0.21606407322654464	-0.07491228070175437
BRD-K66094457	0.2903737604881769	0.13282990083905416	-0.15754385964912276
BRD-A58564983	0.29009153318077796	0.14851258581235693	-0.14157894736842103
BRD-K21528677	0.2898779557589627	0.07987795575896267	-0.21
BRD-K96188950	0.2898321891685736	0.07000762776506486	-0.21982456140350876
BRD-K11590034	0.2893745232646835	0.13726926010678875	-0.15210526315789472
BRD-K16664969	0.2892829900839055	0.16980930587337917	-0.11947368421052634
BRD-K15179879	0.28645308924485124	0.1471548436308161	-0.13929824561403514
BRD-K21728777	0.28634630053394355	0.0726620900076278	-0.21368421052631575
BRD-K37890730	0.2860259344012204	0.12427154843630818	-0.16175438596491226
BRD-K33425534	0.28596491228070176	0.11824561403508771	-0.16771929824561405
BRD-K49954789	0.2858657513348588	0.1699008390541571	-0.11596491228070172
BRD-K72280606	0.28567505720823794	0.052341723874904655	-0.23333333333333328
BRD-K95292280	0.2856674294431731	0.14303585049580475	-0.14263157894736833
BRD-K14796088	0.28515636918382903	0.0851563691838291	-0.19999999999999996
BRD-K37270826	0.28485888634630047	0.13135011441647593	-0.15350877192982454
BRD-K12251893	0.2846300533943555	0.06375286041189931	-0.22087719298245617
BRD-K54094468	0.2845614035087719	0.10035087719298241	-0.1842105263157895
BRD-K76037122	0.2844469870327994	0.12286803966437837	-0.16157894736842104
BRD-A24397426	0.2843325705568268	0.08538520213577422	-0.1989473684210526
BRD-K63123526	0.2835697940503432	0.2239206712433257	-0.05964912280701751
BRD-K13167095	0.2831655225019068	0.15702517162471386	-0.12614035087719294
BRD-K82122102	0.28202135774218157	0.1916704805491991	-0.09035087719298247
BRD-K26530649	0.2818535469107552	0.15080091533180784	-0.13105263157894737
BRD-K09416995	0.28184591914569024	0.0895652173913043	-0.19228070175438594
BRD-K13662825	0.28161708619374526	0.06968726163234173	-0.21192982456140352
BRD-K73589491	0.2814111365369946	0.1521128909229596	-0.12929824561403502
BRD-K49371609	0.28111365369946595	0.16041189931350108	-0.12070175438596487
BRD-K67566344	0.28055682684973304	0.07336384439359267	-0.20719298245614037
BRD-K13050541	0.28028222730739893	0.1288787185354691	-0.15140350877192985
BRD-A09722536	0.2790846681922196	0.11241800152555292	-0.16666666666666669
BRD-K48988407	0.2782990083905416	0.17250953470633107	-0.10578947368421054
BRD-K39987650	0.27820747520976363	0.12750572082379866	-0.15070175438596495
BRD-K06814349	0.2780396643783371	0.07996948893974065	-0.19807017543859645
BRD-A68631409	0.27770404271548443	0.12033562166285283	-0.15736842105263157
BRD-K77554836	0.27751334858886345	0.08172387490465294	-0.1957894736842105
BRD-K12068470	0.27745232646834483	0.09710144927536235	-0.18035087719298248
BRD-K97746869	0.2772768878718535	0.059206712433257036	-0.21807017543859647
BRD-K75295174	0.27722349351639974	0.20634630053394354	-0.0708771929824562
BRD-K56707426	0.27607932875667435	0.11081617086193746	-0.1652631578947369
BRD-K87036601	0.2748283752860412	0.15623188405797106	-0.11859649122807017
BRD-K76973696	0.2742105263157894	0.16140350877192977	-0.11280701754385963
BRD-K29254801	0.2739893211289091	0.08837528604118988	-0.18561403508771923
BRD-A36331462	0.27265446224256296	0.13809305873379102	-0.13456140350877194
BRD-K43002771	0.2721967963386728	0.13517925247902368	-0.1370175438596491
BRD-K84868168	0.27173150266971785	0.17102974828375295	-0.1007017543859649
BRD-K81613478	0.27158657513348583	0.1622883295194507	-0.1092982456140351
BRD-K35960502	0.2714111365369947	0.06790236460717014	-0.20350877192982458
BRD-A42699921	0.27131960335621663	0.12009153318077803	-0.15122807017543863
BRD-K03549949	0.27130434782608703	0.19621662852784139	-0.07508771929824565
BRD-A94756469	0.2712738367658276	0.10495804729214342	-0.1663157894736842
BRD-K81418486	0.2712051868802441	0.15313501144164765	-0.11807017543859644
BRD-K84683831	0.27057971014492754	0.24057971014492752	-0.03
BRD-K31698212	0.27033562166285274	0.02875667429443174	-0.24157894736842103
BRD-K73197500	0.27012967200610216	0.07784897025171622	-0.19228070175438594
BRD-A64092382	0.269717772692601	0.1251563691838291	-0.1445614035087719
BRD-K49294207	0.26836765827612513	0.1281922196796339	-0.14017543859649123
BRD-K87512222	0.26814645308924484	0.08709382151029749	-0.18105263157894735
BRD-K04993719	0.2681311975591152	0.1386575133485889	-0.1294736842105263
BRD-K97714174	0.2681006864988558	0.08880244088482075	-0.17929824561403507
BRD-K03390685	0.26733028222730737	0.08575133485888631	-0.18157894736842106
BRD-K08525451	0.2669412662090008	0.153257055682685	-0.11368421052631583
BRD-K85606544	0.2667124332570556	0.07337909992372227	-0.19333333333333333
BRD-K03273112	0.2666590389016018	0.14262395118230353	-0.12403508771929828
BRD-K10784860	0.2661632341723875	0.08651411136536996	-0.17964912280701756
BRD-A36456202	0.26463005339435547	0.16901601830663615	-0.09561403508771932
BRD-K93869735	0.2645766590389017	0.18317315026697178	-0.08140350877192992
BRD-K87510569	0.26450800915331807	0.04854309687261632	-0.21596491228070175
BRD-K45293975	0.2639206712433258	0.13058733790999238	-0.13333333333333341
BRD-K37723606	0.26362318840579707	0.11818459191456904	-0.14543859649122803
BRD-K03765900	0.2635926773455377	0.17183829138062545	-0.09175438596491226
BRD-K27182532	0.2631045003813883	0.18713958810068654	-0.07596491228070174
BRD-K44665581	0.262837528604119	0.06915331807780323	-0.1936842105263158
BRD-K19540840	0.26277650648360035	0.08418001525553015	-0.1785964912280702
BRD-K14618467	0.26264683447749815	0.22422578184591924	-0.03842105263157894
BRD-K17075857	0.2625629290617849	0.18852784134248668	-0.07403508771929823
BRD-A34751532	0.26198321891685733	0.13952707856598012	-0.12245614035087721
BRD-K25837718	0.26166285278413426	0.18061022120518688	-0.08105263157894738
BRD-K00312224	0.26141113653699455	0.13070938215102967	-0.13070175438596487
BRD-K66956375	0.2612204424103737	0.08332570556826846	-0.17789473684210522
BRD-K10705233	0.2612128146453089	0.13542334096109837	-0.1257894736842105
BRD-K04111260	0.26103737604881766	0.15226544622425625	-0.10877192982456141
BRD-M89827113	0.26061022120518695	0.06938215102974829	-0.19122807017543864
BRD-K41876534	0.2604958047292143	0.17225019069412661	-0.08824561403508768
BRD-K23204545	0.2601983218916857	0.20405797101449274	-0.056140350877192935
BRD-M92675308	0.2598093058733791	0.15016018306636153	-0.10964912280701755
BRD-K46690591	0.2591838291380626	0.09795575896262396	-0.1612280701754386
BRD-K42436189	0.25913043478260867	0.18544622425629287	-0.0736842105263158
BRD-K25340465	0.25900076277650647	0.06338672768878718	-0.1956140350877193
BRD-K12932420	0.2589549961861175	0.09737604881769646	-0.16157894736842107
BRD-K63736853	0.25848970251716247	0.1448054919908467	-0.11368421052631578
BRD-K67537649	0.2584134248665141	0.12297482837528603	-0.13543859649122808
BRD-A03623303	0.2579023646071701	0.11702517162471393	-0.14087719298245616
BRD-K81728688	0.2576659038901602	0.039771167048054945	-0.21789473684210525
BRD-K71847383	0.2574446987032799	0.053058733790999235	-0.20438596491228067
BRD-K36055864	0.25680396643783365	0.18610221205186872	-0.0707017543859649
BRD-A10903566	0.2561784897025171	0.11284515636918382	-0.1433333333333333
BRD-K18613660	0.2561174675819985	0.181906941266209	-0.0742105263157895
BRD-K64888243	0.25610221205186884	0.10855835240274603	-0.1475438596491228
BRD-K87124298	0.25556826849733016	0.07609458428680396	-0.17947368421052623
BRD-K77008974	0.25524790236460715	0.09121281464530889	-0.16403508771929826
BRD-K58262659	0.2549046529366895	0.08613272311212813	-0.16877192982456135
BRD-A43885598	0.254836003051106	0.1108009153318078	-0.14403508771929818
BRD-K85333151	0.2548207475209764	0.12376811594202897	-0.13105263157894742
BRD-A73556557	0.254790236460717	0.13566742944317317	-0.11912280701754385
BRD-K43905307	0.2545308924485126	0.14909229595728457	-0.10543859649122805
BRD-K79145628	0.2545003813882532	0.05537757437070938	-0.1991228070175438
BRD-K55462201	0.2543554538520214	0.14593440122044243	-0.10842105263157897
BRD-K80608265	0.2539435545385202	0.1227154843630816	-0.13122807017543858
BRD-K71281111	0.2535011441647598	0.18262395118230357	-0.0708771929824562
BRD-K87737963	0.253257055682685	0.17922196796338674	-0.07403508771929826
BRD-K69726595	0.2532494279176201	0.032372234935164	-0.22087719298245612
BRD-A91733352	0.2531731502669718	0.06176964149504195	-0.19140350877192985
BRD-K42828737	0.2530282227307399	0.09478260869565214	-0.15824561403508774
BRD-K16180792	0.2527993897787948	0.16051868802440883	-0.09228070175438596
BRD-K24556407	0.25267734553775745	0.1368878718535469	-0.11578947368421055
BRD-K98521173	0.2522501906941266	0.133302822273074	-0.11894736842105258
BRD-K44084986	0.25216628527841345	0.022868039664378337	-0.22929824561403508
BRD-A85651701	0.25138825324180014	0.09717772692601068	-0.15421052631578946
BRD-K66715657	0.2509687261632342	0.1320213577421816	-0.11894736842105258
BRD-K69608737	0.2506864988558353	0.020335621662852854	-0.23035087719298247
BRD-K58122457	0.25067887109077047	0.08892448512585815	-0.16175438596491232
BRD-K85920262	0.250511060259344	0.056125095347063336	-0.1943859649122807
BRD-K44827188	0.2504500381388254	0.08483600305110603	-0.16561403508771932
BRD-A60786380	0.24942028985507242	0.034157131960335596	-0.21526315789473682
BRD-K07972848	0.24930587337909993	0.05316552250190698	-0.19614035087719295
BRD-K89299012	0.24926010678871077	0.0924180015255529	-0.15684210526315787
BRD-A90547603	0.24909992372234946	0.11208237986270031	-0.13701754385964915
BRD-K20545304	0.2487871853546912	0.11159420289855082	-0.13719298245614037
BRD-K27316855	0.24861174675819986	0.12212051868802443	-0.12649122807017543
BRD-A12417644	0.24761250953470637	0.0995423340961098	-0.14807017543859657
BRD-K13409143	0.24713958810068648	0.04749046529366896	-0.19964912280701752
BRD-K42973005	0.2470709382151029	0.1384744469870327	-0.10859649122807019
BRD-K26833429	0.24647597254004572	0.10489702517162469	-0.14157894736842103
BRD-K53561341	0.246323417238749	0.1233409610983981	-0.12298245614035092
BRD-K08619574	0.2457818459191457	0.11139588100686498	-0.13438596491228072
BRD-K67977190	0.2455072463768116	0.09112128146453091	-0.15438596491228068
BRD-A20239487	0.24549199084668186	0.10479023646071695	-0.1407017543859649
BRD-K29415052	0.24546910755148743	0.10424103737604884	-0.1412280701754386
BRD-K44067360	0.2446758199847444	0.08414950419527079	-0.16052631578947363
BRD-K18375018	0.24433257055682686	0.21064836003051107	-0.03368421052631579
BRD-K24715592	0.24405034324942787	0.15931350114416476	-0.08473684210526311
BRD-K56908511	0.24379099923722358	0.07379099923722354	-0.17000000000000004
BRD-K10845183	0.24366895499618615	0.14700228832951945	-0.0966666666666667
BRD-A31521121	0.24326468344774987	0.07940503432494278	-0.1638596491228071
BRD-K25279140	0.24287566742944322	0.03322654462242569	-0.20964912280701753
BRD-K52911425	0.24250953470633105	0.0777726926010679	-0.16473684210526315
BRD-K71823332	0.2420442410373761	0.09993897787948136	-0.14210526315789473
BRD-K44227013	0.24199084668192217	0.16356979405034322	-0.07842105263157895
BRD-K21396683	0.24193745232646846	0.04474446987032804	-0.19719298245614042
BRD-K09372874	0.2412738367658276	0.11127383676582758	-0.13
BRD-K85090592	0.24124332570556833	0.09896262395118238	-0.14228070175438595
BRD-K36222532	0.2407856598016781	0.17534706331045002	-0.06543859649122807
BRD-K97883416	0.2407780320366133	0.1509534706331045	-0.0898245614035088
BRD-A83650191	0.24030511060259346	0.035041952707856594	-0.20526315789473687
BRD-K18518344	0.2401754385964912	0.15929824561403505	-0.08087719298245614
BRD-K73391359	0.23997711670480548	0.11243325705568269	-0.1275438596491228
BRD-K91543828	0.2396567505720824	0.14684973302822274	-0.09280701754385967
BRD-A50064262	0.2392524790236461	0.11118230358504955	-0.12807017543859656
BRD-K31928526	0.23924485125858125	0.11485888634630054	-0.12438596491228071
BRD-K15519488	0.23897025171624714	0.06721586575133487	-0.17175438596491227
BRD-K43457670	0.2387414187643021	0.18277650648360033	-0.05596491228070177
BRD-K92723993	0.23848970251716242	0.08831426392067121	-0.1501754385964912
BRD-K53417444	0.2378184591914569	0.16869565217391308	-0.06912280701754381
BRD-K96424892	0.23766590389016023	0.1011746758199848	-0.13649122807017544
BRD-K40255344	0.237070938215103	0.07812356979405034	-0.15894736842105264
BRD-A74914197	0.2370175438596491	0.11543859649122806	-0.12157894736842104
BRD-K13050303	0.2369641495041953	0.1650343249427918	-0.07192982456140351
BRD-K30480208	0.2368268497330282	0.09437070938215103	-0.14245614035087717
BRD-K81074237	0.23653699466056444	0.12601067887109074	-0.1105263157894737
BRD-K75958547	0.2363539282990084	0.11179252479023644	-0.12456140350877196
BRD-K32107296	0.2360411899313501	0.03937452326468349	-0.1966666666666666
BRD-K29656036	0.2358276125095347	0.10231884057971014	-0.13350877192982458
BRD-K05524748	0.2358276125095346	0.12828375286041183	-0.10754385964912277
BRD-K58148589	0.23532418001525546	0.11935926773455374	-0.11596491228070172
BRD-K18619710	0.23523264683447748	0.12803966437833714	-0.10719298245614034
BRD-K59929863	0.2351411136536994	0.13110602593440113	-0.10403508771929829
BRD-K99475619	0.2343554538520214	0.1143554538520214	-0.12
BRD-K59325863	0.23406559877955757	0.11371472158657514	-0.12035087719298243
BRD-K12244279	0.23365369946605657	0.16698703279938987	-0.06666666666666671
BRD-K70301465	0.23359267734553768	0.07289092295957278	-0.1607017543859649
BRD-A75919782	0.23339435545385206	0.12392067124332573	-0.10947368421052633
BRD-K46386702	0.23312738367658276	0.15540808543096873	-0.07771929824561402
BRD-A85667082	0.23288329519450796	0.08604118993135013	-0.14684210526315783
BRD-K32372024	0.23254004576659043	0.13218916857360796	-0.10035087719298247
BRD-K08303368	0.23246376811594194	0.14544622425629283	-0.0870175438596491
BRD-K37687095	0.23043478260869568	0.17850495804729216	-0.05192982456140352
BRD-K81330143	0.23042715484363085	0.1397254004576659	-0.09070175438596495
BRD-K68747584	0.22967200610221206	0.05633867276887872	-0.17333333333333334
BRD-K40530731	0.2296262395118231	0.10576659038901604	-0.12385964912280706
BRD-K01683783	0.22934401220442407	0.09162471395881006	-0.13771929824561402
BRD-K76064317	0.229115179252479	0.07209763539282987	-0.15701754385964914
BRD-K49313711	0.2290083905415713	0.10988558352402744	-0.11912280701754385
BRD-K89839824	0.2288863463005339	0.13292143401983214	-0.09596491228070175
BRD-A57833392	0.22874141876430207	0.14944317315026698	-0.07929824561403509
BRD-K45401373	0.22857360793287568	0.141906941266209	-0.08666666666666667
BRD-K28307902	0.2275438596491228	0.12035087719298243	-0.10719298245614037
BRD-K77625799	0.22720823798627007	0.1200152555301297	-0.10719298245614037
BRD-K62008436	0.2270938215102975	0.10814645308924486	-0.11894736842105263
BRD-A80017228	0.22701754385964906	0.013684210526315743	-0.21333333333333332
BRD-K41337261	0.22659801678108316	0.11905415713196033	-0.10754385964912283
BRD-K54955827	0.22654462242562928	0.15250953470633105	-0.07403508771929823
BRD-K10961822	0.2263157894736843	0.1375438596491228	-0.0887719298245615
BRD-K39252998	0.2260564454614798	0.12044241037376052	-0.10561403508771927
BRD-K49865102	0.2259267734553775	0.12294431731502664	-0.10298245614035087
BRD-K98203492	0.225484363081617	0.1323264683447749	-0.0931578947368421
BRD-K79684402	0.22498093058733792	0.10199847444698701	-0.12298245614035092
BRD-K75478907	0.22493516399694885	0.15704042715484362	-0.06789473684210523
BRD-K96344439	0.22470633104500382	0.1252326468344775	-0.09947368421052633
BRD-K68693535	0.22421052631578947	0.03368421052631576	-0.1905263157894737
BRD-K79821389	0.22363081617086203	0.06503432494279182	-0.1585964912280702
BRD-A09349126	0.22337147215865755	0.10547673531655227	-0.11789473684210527
BRD-A44090213	0.22327231121281457	0.038535469107551484	-0.1847368421052631
BRD-A10977446	0.22302059496567506	0.13354691075514868	-0.08947368421052637
BRD-A73871920	0.22284515636918378	0.1072311212814645	-0.11561403508771928
BRD-K87112191	0.22252479023646068	0.14164759725400455	-0.08087719298245613
BRD-K13094524	0.22212814645308926	0.10546147978642256	-0.11666666666666668
BRD-K96233303	0.2217543859649123	0.1070175438596491	-0.11473684210526319
BRD-K45724504	0.22140350877192985	0.001052631578947416	-0.22035087719298244
BRD-K36889451	0.22124332570556832	0.05299771167048056	-0.16824561403508775
BRD-K28822270	0.22114416475972545	0.10921434019832191	-0.11192982456140355
BRD-K53972329	0.22106025934401208	0.045446224256292855	-0.17561403508771922
BRD-K35687421	0.220793287566743	0.060442410373760525	-0.16035087719298247
BRD-A67748489	0.22025171624713957	0.06288329519450803	-0.15736842105263155
BRD-K96253961	0.21971014492753624	0.1849733028222731	-0.034736842105263156
BRD-K82928892	0.21960335621662846	0.14311212814645302	-0.07649122807017544
BRD-K36467523	0.21958810068649887	0.11151792524790238	-0.10807017543859648
BRD-K75911534	0.21926010678871094	0.027856598016781087	-0.19140350877192985
BRD-A00758722	0.21926010678871088	0.07908466819221971	-0.14017543859649118
BRD-A50311610	0.21910755148741412	0.13542334096109837	-0.08368421052631575
BRD-K21673112	0.2183829138062548	0.11908466819221969	-0.09929824561403511
BRD-K95435023	0.2176353928299009	0.15307398932112898	-0.06456140350877193
BRD-K39974922	0.21741418764302056	0.11794050343249429	-0.09947368421052627
BRD-K25630527	0.21737604881769634	0.05176201372997702	-0.16561403508771932
BRD-K17705806	0.21736842105263154	0.11859649122807014	-0.0987719298245614
BRD-A27887842	0.2172234935163997	0.12213577421815403	-0.09508771929824567
BRD-K68164687	0.21691838291380627	0.09551487414187643	-0.12140350877192985
BRD-K05444225	0.21665903890160182	0.10999237223493513	-0.10666666666666669
BRD-K69932463	0.21611746758199846	0.10190694126620897	-0.11421052631578948
BRD-A23127772	0.21594202898550727	0.07594202898550725	-0.14
BRD-K99023089	0.215858123569794	0.07006864988558348	-0.14578947368421052
BRD-K68392338	0.2158504958047292	0.12286803966437837	-0.09298245614035083
BRD-A08840375	0.2151868802440886	0.17290617848970258	-0.04228070175438603
BRD-K20482099	0.21482837528604115	0.12149504195270788	-0.09333333333333327
BRD-K66788707	0.21463005339435545	0.1679633867276888	-0.04666666666666667
BRD-K49522529	0.21459191456903126	0.04038138825324181	-0.17421052631578945
BRD-K95523387	0.21449275362318843	0.14747520976353934	-0.06701754385964909
BRD-K45446451	0.21446224256292912	0.07095347063310453	-0.14350877192982459
BRD-K38003476	0.21437070938215103	0.09261632341723876	-0.12175438596491228
BRD-K73982490	0.2142105263157894	0.10561403508771927	-0.10859649122807014
BRD-A25608658	0.21415713196033562	0.1566132723112128	-0.057543859649122814
BRD-K01669786	0.21396643783371472	0.18010678871090768	-0.03385964912280702
BRD-K68997413	0.21356979405034326	0.09304347826086956	-0.1205263157894737
BRD-K18961567	0.2133104500381388	0.1299771167048055	-0.08333333333333331
BRD-K47079459	0.2128756674294432	0.11533180778032037	-0.09754385964912282
BRD-K95142244	0.21282227307398932	0.0845766590389016	-0.12824561403508772
BRD-K03406345	0.21274599542334097	0.18344774980930587	-0.0292982456140351
BRD-A38350138	0.21272311212814643	0.1369336384439359	-0.07578947368421052
BRD-K62310379	0.21203661327231116	0.08782608695652172	-0.12421052631578944
BRD-K76180386	0.2114035087719297	0.03368421052631576	-0.17771929824561394
BRD-A22081593	0.21139588100686504	0.10929061784897023	-0.10210526315789481
BRD-K82135108	0.21110602593440114	0.03321128909229587	-0.17789473684210527
BRD-K97440753	0.21100686498855836	0.08486651411136537	-0.126140350877193
BRD-K69280563	0.21083142639206717	0.04556826849733028	-0.1652631578947369
BRD-K16730910	0.21081617086193746	0.052570556826849746	-0.15824561403508772
BRD-K23779958	0.21069412662090006	0.05174675819984742	-0.15894736842105264
BRD-K74305673	0.2105720823798627	0.11267734553775743	-0.09789473684210526
BRD-K94455792	0.21040427154843627	0.08654462242562928	-0.123859649122807
BRD-K77677632	0.20990846681922193	0.11394355453852023	-0.0959649122807017
BRD-K50850824	0.20938977879481313	0.09938977879481314	-0.10999999999999999
BRD-K31812033	0.20920671243325703	0.07885583524027459	-0.13035087719298244
BRD-K61936403	0.20900839054157128	0.08462242562929057	-0.12438596491228071
BRD-K49456274	0.20897025171624717	0.14440884820747524	-0.06456140350877193
BRD-K05445342	0.2086880244088482	0.06465293668955002	-0.14403508771929818
BRD-K35245662	0.2085278413424868	0.08642257818459198	-0.12210526315789483
BRD-K07762753	0.20813882532418	0.06129672006102216	-0.14684210526315783
BRD-K47832606	0.2078565980167811	0.12013729977116708	-0.08771929824561403
BRD-A19585813	0.20782608695652177	0.16642257818459194	-0.04140350877192983
BRD-K55187425	0.20779557589626235	0.14779557589626235	-0.06
BRD-A11815689	0.20766590389016026	0.10608695652173916	-0.1015789473684211
BRD-K00077635	0.20758962623951177	0.058291380625476744	-0.14929824561403504
BRD-K47869605	0.20700228832951945	0.11121281464530891	-0.09578947368421054
BRD-K11636097	0.20690312738367655	0.15479786422578184	-0.05210526315789471
BRD-K51143828	0.20685736079328754	0.06352402745995422	-0.1433333333333333
BRD-K54247840	0.20614797864225787	0.10474446987032804	-0.10140350877192983
BRD-K21670884	0.20602593440122044	0.1639206712433257	-0.042105263157894736
BRD-K34073885	0.20599542334096116	0.0726620900076278	-0.13333333333333336
BRD-K67173685	0.2059649122807017	0.11333333333333331	-0.0926315789473684
BRD-K78318619	0.20562929061784896	0.056155606407322645	-0.14947368421052631
BRD-K22385716	0.20549961861174681	0.09128909229595733	-0.11421052631578948
BRD-A24587114	0.20521739130434785	0.0785507246376812	-0.12666666666666665
BRD-K99964838	0.203951182303585	0.04535469107551482	-0.15859649122807018
BRD-K28542495	0.20382151029748283	0.05206712433257055	-0.15175438596491228
BRD-K45033733	0.2035087719298245	0.1540350877192982	-0.049473684210526316
BRD-K81528515	0.2032036613272311	0.08530892448512584	-0.11789473684210527
BRD-K15424032	0.20318840579710146	0.19687261632341724	-0.00631578947368421
BRD-K12867552	0.2029214340198322	0.12730739893211296	-0.07561403508771924
BRD-K84663978	0.2025171624713959	0.11760488176964151	-0.08491228070175438
BRD-K53523901	0.20234935163996948	0.06585812356979404	-0.13649122807017544
BRD-K65924316	0.20196033562166288	0.09406559877955761	-0.10789473684210527
BRD-K74763371	0.20196033562166282	0.07581998474446983	-0.126140350877193
BRD-K07106112	0.20169336384439362	0.11151792524790238	-0.09017543859649124
BRD-K44408410	0.2016018306636156	0.09704042715484362	-0.10456140350877197
BRD-K13049116	0.20128909229595732	0.08532418001525555	-0.11596491228070177
BRD-A13964793	0.20128909229595726	0.09514874141876428	-0.106140350877193
BRD-K77943374	0.20113653699466055	0.03604881769641499	-0.16508771929824556
BRD-K47976015	0.2009000762776506	0.05739130434782608	-0.14350877192982453
BRD-A53951045	0.20064836003051112	0.08433257055682686	-0.11631578947368426
BRD-K77685957	0.20052631578947372	0.010526315789473717	-0.19
BRD-K01507359	0.2003966437833714	0.12811594202898546	-0.07228070175438595
BRD-K58550667	0.20016781083142637	0.1233257055682685	-0.07684210526315788
BRD-K73753850	0.19991609458428672	0.05342486651411138	-0.14649122807017534
BRD-K90382497	0.1998398169336385	0.09685736079328766	-0.10298245614035084
BRD-K57169635	0.19945080091533185	0.1752402745995424	-0.024210526315789474
BRD-K66241279	0.19916857360793286	0.1895194508009153	-0.009649122807017546
BRD-K14991967	0.19885583524027467	0.14341723874904655	-0.05543859649122812
BRD-A75726477	0.19875667429443167	0.0992829900839054	-0.09947368421052627
BRD-K77908580	0.1982227307398933	0.08997711670480557	-0.10824561403508773
BRD-K54634444	0.19796338672768882	0.0023493516399695213	-0.1956140350877193
BRD-K47150025	0.19784897025171633	0.10276125095347066	-0.09508771929824567
BRD-K85307935	0.1978184591914569	0.07781845919145691	-0.12
BRD-K58770988	0.19773455377574378	0.15264683447749816	-0.04508771929824562
BRD-K21782625	0.1977040427154843	0.1455987795575896	-0.05210526315789471
BRD-K81548480	0.19769641495041962	0.1489244851258582	-0.048771929824561404
BRD-K78815826	0.19749809305873373	0.07644546147978637	-0.12105263157894736
BRD-K04196797	0.19747520976353936	0.14536994660564462	-0.05210526315789474
BRD-A23067620	0.19720823798627002	0.13159420289855073	-0.06561403508771929
BRD-K15766189	0.19716247139588106	0.09014492753623193	-0.10701754385964912
BRD-A02180903	0.19712433257055675	0.10677345537757435	-0.0903508771929824
BRD-K85140930	0.1967200610221205	0.10233409610983982	-0.09438596491228068
BRD-K37561857	0.19629290617848974	0.08927536231884059	-0.10701754385964915
BRD-K42898655	0.19605644546147982	0.07412662090007632	-0.1219298245614035
BRD-A67516570	0.19594202898550728	0.15769641495041953	-0.03824561403508775
BRD-K03109492	0.19574370709382155	0.08065598779557592	-0.11508771929824563
BRD-K96631475	0.19560640732265444	0.09665903890160182	-0.09894736842105262
BRD-A26032986	0.1955911517925248	0.04401220442410375	-0.15157894736842104
BRD-K86972824	0.1949504195270786	0.020564454614797865	-0.17438596491228073
BRD-K07220430	0.19485888634630055	0.03450800915331809	-0.16035087719298247
BRD-A24514565	0.19477498093058737	0.0788100686498856	-0.11596491228070177
BRD-A54927599	0.19470633104500384	0.06733790999237227	-0.12736842105263158
BRD-A51571244	0.19463768115942026	0.1141113653699466	-0.08052631578947367
BRD-K79930101	0.19459191456903127	0.13160945842868038	-0.06298245614035089
BRD-K24601397	0.19429443173150274	0.040259344012204434	-0.1540350877192983
BRD-K80725821	0.1940655987795576	0.15196033562166286	-0.042105263157894736
BRD-K09549677	0.1939740655987795	0.11607932875667426	-0.07789473684210524
BRD-K68488863	0.19364607170099157	0.13241800152555294	-0.06122807017543863
BRD-K57136142	0.19327993897787943	0.05626239511823035	-0.1370175438596491
BRD-K94441233	0.1932265446224256	0.07778794813119752	-0.11543859649122808
BRD-K48488978	0.19311975591151787	0.06890922959572843	-0.12421052631578944
BRD-K11663430	0.1928832951945081	0.10253241800152557	-0.09035087719298251
BRD-K71221037	0.19286041189931336	0.10900076277650639	-0.08385964912280697
BRD-K19318328	0.19273836765827612	0.11905415713196033	-0.0736842105263158
BRD-K38350380	0.19250953470633103	0.09847444698703278	-0.09403508771929825
BRD-A43671941	0.19235697940503432	0.10183066361556065	-0.09052631578947368
BRD-K72420232	0.1923112128146453	0.07196033562166287	-0.12035087719298243
BRD-K49759007	0.1922501906941267	0.11365369946605647	-0.07859649122807022
BRD-K51313569	0.1915560640732265	0.06085430968726163	-0.13070175438596487
BRD-K72723676	0.19151029748283752	0.06466819221967962	-0.1268421052631579
BRD-K85402309	0.1914263920671243	0.0637070938215103	-0.127719298245614
BRD-K12184916	0.19126620900076274	0.09038901601830662	-0.10087719298245612
BRD-K27184429	0.19102212051868805	0.13646071700991613	-0.054561403508771936
BRD-K76840893	0.19078565980167816	0.16166285278413428	-0.029122807017543884
BRD-K95926480	0.1907780320366133	0.10919908466819223	-0.08157894736842108
BRD-K99113996	0.19077040427154857	0.030770404271548535	-0.16000000000000003
BRD-K95763993	0.19071700991609453	0.08527841342486653	-0.105438596491228
BRD-K36529613	0.1906483600305111	0.11345537757437074	-0.07719298245614037
BRD-K28392481	0.19038138825324175	0.09792524790236457	-0.09245614035087718
BRD-K31866293	0.19012204424103735	0.08994660564454614	-0.10017543859649122
BRD-K25596805	0.1896109839816934	0.057330282227307405	-0.132280701754386
BRD-A93093700	0.18960335621662844	0.08030511060259343	-0.109298245614035
BRD-K06152156	0.18956521739130433	0.02044241037376049	-0.16912280701754384
BRD-K97010173	0.1893135011441648	0.12773455377574372	-0.061578947368421066
BRD-K13646352	0.1889702517162471	0.06861937452326466	-0.12035087719298243
BRD-A60594020	0.18862700228832951	0.16003051106025934	-0.02859649122807018
BRD-K20958582	0.18846681922196795	0.15127383676582762	-0.03719298245614033
BRD-K82846253	0.18844393592677344	0.08405797101449275	-0.1043859649122807
BRD-K14385366	0.18819984744469864	0.08837528604118988	-0.09982456140350876
BRD-K90948141	0.18778032036613268	0.0783066361556064	-0.10947368421052628
BRD-K80480517	0.18745995423340955	0.09272311212814643	-0.09473684210526312
BRD-K59831625	0.187070938215103	0.13672006102212053	-0.05035087719298248
BRD-A18696154	0.18701754385964905	0.10596491228070173	-0.08105263157894732
BRD-K85872723	0.1868268497330282	0.16384439359267733	-0.022982456140350882
BRD-K64800655	0.18681922196796347	0.08822273073989323	-0.09859649122807024
BRD-K38183498	0.18671243325705572	0.112326468344775	-0.07438596491228072
BRD-K76011241	0.18668954996186116	0.15598779557589626	-0.030701754385964897
BRD-K07442505	0.18666666666666676	0.010526315789473717	-0.17614035087719304
BRD-K49075727	0.1864378337147216	0.09871853546910758	-0.08771929824561403
BRD-K14003026	0.18615560640732268	0.07790999237223495	-0.10824561403508773
BRD-K99107520	0.18613272311212825	0.15385202135774223	-0.03228070175438602
BRD-K60341624	0.18604881769641496	0.025171624713958812	-0.16087719298245615
BRD-K78431006	0.18569794050343247	0.12903127383676583	-0.05666666666666664
BRD-K54606188	0.1856369183829138	0.17177726926010678	-0.013859649122807016
BRD-K49071277	0.18534706331045003	0.03920671243325702	-0.14614035087719301
BRD-K60443845	0.18527078565980168	0.01877955758962624	-0.16649122807017544
BRD-A31095847	0.18508771929824558	0.010526315789473717	-0.17456140350877186
BRD-A36057565	0.18506483600305107	0.11453852021357741	-0.07052631578947366
BRD-K40718343	0.18495804729214338	0.14530892448512583	-0.039649122807017545
BRD-K08791496	0.18479786422578187	0.1200610221205187	-0.06473684210526318
BRD-K99749624	0.184508009153318	0.14924485125858122	-0.035263157894736774
BRD-K08109215	0.18448512585812357	0.10553775743707094	-0.07894736842105263
BRD-K47114202	0.18437070938215108	0.08349351639969493	-0.10087719298245615
BRD-K43860855	0.18429443173150273	0.11008390541571322	-0.0742105263157895
BRD-A17883755	0.1842105263157895	0.09824561403508769	-0.0859649122807018
BRD-K56981171	0.18419527078565995	0.04980930587337917	-0.13438596491228078
BRD-K56291712	0.18418001525553013	0.13049580472921435	-0.05368421052631578
BRD-K32501161	0.18399694889397408	0.14118993135011443	-0.042807017543859655
BRD-K82746043	0.18360030511060263	0.1509687261632342	-0.03263157894736843
BRD-K53734668	0.18347063310450035	0.05627765064835999	-0.12719298245614036
BRD-A83937277	0.18325705568268508	0.15395881006864992	-0.029298245614035157
BRD-K39624409	0.18321891685736083	0.11655225019069415	-0.06666666666666668
BRD-K46862739	0.18294431731502675	0.05803203661327233	-0.12491228070175442
BRD-K42497885	0.18279176201372999	0.09577421815408085	-0.08701754385964913
BRD-K60866521	0.18278413424866513	0.040503432494279235	-0.1422807017543859
BRD-K76634210	0.18248665141113662	0.09897787948131198	-0.08350877192982464
BRD-A16700644	0.18196796338672766	0.05916094584286802	-0.12280701754385964
BRD-K88429204	0.18178489702517167	0.08459191456903128	-0.09719298245614039
BRD-A70858459	0.18164759725400464	0.0044546147978642425	-0.1771929824561404
BRD-K01109406	0.18135011441647603	0.11801678108314267	-0.06333333333333335
BRD-K42495768	0.18125858123569796	0.10774980930587338	-0.07350877192982458
BRD-K23984367	0.18081617086193746	0.03537757437070938	-0.1454385964912281
BRD-K03601870	0.18060259344012203	0.06253241800152554	-0.11807017543859649
BRD-K19085898	0.180373760488177	0.11423340961098398	-0.066140350877193
BRD-A74765037	0.18034324942791763	0.09665903890160182	-0.0836842105263158
BRD-K06294530	0.1802135774218154	0.014248665141113654	-0.16596491228070176
BRD-K24048528	0.18019069412662087	0.07650648360030511	-0.10368421052631577
BRD-K08893438	0.18005339435545387	0.06479023646071702	-0.11526315789473685
BRD-K16189898	0.180045766590389	0.100045766590389	-0.08000000000000002
BRD-A10070317	0.17981693363844398	0.06332570556826855	-0.11649122807017542
BRD-K57284066	0.17954996186117467	0.1070938215102975	-0.07245614035087716
BRD-K41278234	0.1792143401983219	0.10079328756674295	-0.07842105263157893
BRD-K72951360	0.1790846681922197	0.02469870327993895	-0.15438596491228074
BRD-K37764012	0.17900839054157125	0.08883295194508001	-0.09017543859649124
BRD-K26667523	0.17872616323417229	0.07574370709382144	-0.10298245614035084
BRD-K61323504	0.17869565217391298	0.05150266971777262	-0.12719298245614036
BRD-K08859203	0.17855835240274603	0.05171624713958811	-0.12684210526315792
BRD-K23952234	0.17853546910755147	0.08555301296720058	-0.09298245614035089
BRD-K11073688	0.17815408085430973	0.08657513348588863	-0.0915789473684211
BRD-K22822991	0.1779710144927536	0.03516399694889394	-0.14280701754385966
BRD-K35189033	0.1778718535469107	0.07102974828375286	-0.10684210526315785
BRD-A39390670	0.177864225781846	0.10803966437833723	-0.06982456140350876
BRD-K14880289	0.1775591151792525	0.13580472921434028	-0.04175438596491221
BRD-K64881305	0.17701754385964907	0.09508771929824555	-0.08192982456140352
BRD-K73425385	0.1769260106788711	0.09113653699466057	-0.08578947368421053
BRD-K94420399	0.17676582761250959	0.07501144164759732	-0.10175438596491226
BRD-K84564571	0.17657513348588866	0.042364607170099156	-0.1342105263157895
BRD-K38868394	0.17651411136536999	0.0882684973302823	-0.08824561403508768
BRD-K13044802	0.17614797864225773	0.0591304347826086	-0.11701754385964913
BRD-K59983611	0.17612509534706328	0.061739130434782574	-0.11438596491228072
BRD-K98572433	0.17602593440122044	0.04076277650648363	-0.1352631578947368
BRD-K15898725	0.17594965675057211	0.07858123569794051	-0.0973684210526316
BRD-K40992116	0.17587337909992373	0.04446987032799388	-0.13140350877192986
BRD-K33720171	0.17581998474446991	0.014416475972540033	-0.16140350877192988
BRD-K61192372	0.17581998474446986	0.14634630053394354	-0.02947368421052632
BRD-K81197548	0.17564454614797867	0.013363844393592728	-0.16228070175438594
BRD-A12230535	0.1749961861174676	0.02587337909992371	-0.14912280701754388
BRD-K28360340	0.1749275362318841	0.024927536231884068	-0.15000000000000002
BRD-A10523515	0.17458428680396632	0.10651411136536992	-0.06807017543859639
BRD-K60997853	0.17427154843630818	0.10497330282227307	-0.06929824561403511
BRD-K02407574	0.17417238749046532	0.14013729977116707	-0.034035087719298245
BRD-K57927309	0.1740655987795576	0.1277498093058734	-0.0463157894736842
BRD-A92630576	0.17405797101449277	0.0812509534706331	-0.09280701754385967
BRD-K66527818	0.17353928299008398	0.10353928299008391	-0.07000000000000006
BRD-K54847683	0.17337909992372233	0.06039664378337148	-0.11298245614035085
BRD-K89121095	0.17289092295957287	0.03850495804729215	-0.13438596491228072
BRD-K78496197	0.17286041189931353	0.14935163996948897	-0.023508771929824562
BRD-K62696033	0.1725705568268498	0.11818459191456904	-0.05438596491228076
BRD-K27799744	0.172463768115942	0.0535163996948894	-0.11894736842105258
BRD-K88172511	0.17233409610983985	0.10093058733791005	-0.0714035087719298
BRD-K71106091	0.17218916857360794	0.03464530892448513	-0.13754385964912283
BRD-K71822263	0.17217391304347823	0.09743707093821508	-0.07473684210526316
BRD-A08187463	0.17217391304347818	0.04585812356979402	-0.12631578947368416
BRD-K82850175	0.17210526315789476	0.13298245614035087	-0.03912280701754389
BRD-K26824830	0.17199847444698702	0.06655987795575902	-0.105438596491228
BRD-A78391468	0.1719908466819222	0.12813119755911517	-0.043859649122807015
BRD-K37237504	0.17183829138062545	0.03394355453852016	-0.1378947368421053
BRD-A03506276	0.1716628527841343	0.10271548436308164	-0.06894736842105265
BRD-K22134346	0.17163996948893975	0.06953470633104503	-0.10210526315789473
BRD-K02241333	0.1715636918382914	0.06559877955758964	-0.10596491228070175
BRD-K33882852	0.17138825324180015	0.16068649885583525	-0.010701754385964907
BRD-A49358627	0.1713348588863463	0.09203661327231122	-0.07929824561403509
BRD-K13606314	0.17125095347063318	0.06405797101449284	-0.10719298245614034
BRD-K29673530	0.17123569794050342	0.11842868039664378	-0.052807017543859636
BRD-K76406695	0.17111365369946602	0.08567505720823798	-0.08543859649122804
BRD-K66097663	0.17083142639206716	0.07995423340961094	-0.09087719298245622
BRD-A74391928	0.17077040427154844	0.11006864988558351	-0.06070175438596492
BRD-K60369935	0.1706712433257056	0.060671243325705615	-0.10999999999999999
BRD-K67868012	0.16971014492753628	0.05865751334858893	-0.11105263157894735
BRD-K61496577	0.1696948893974065	0.07022120518688024	-0.09947368421052627
BRD-K55696337	0.16960335621662842	0.054691075514874066	-0.11491228070175435
BRD-K37793595	0.16903890160183072	0.052021357742181584	-0.11701754385964913
BRD-A10039652	0.168977879481312	0.03231121281464533	-0.13666666666666666
BRD-K19615002	0.16878718535469112	0.0751029748283753	-0.09368421052631581
BRD-K78809024	0.16877192982456138	0.16666666666666663	-0.002105263157894737
BRD-K23925186	0.16864225781845915	0.04215102974828372	-0.12649122807017543
BRD-A07704283	0.1684744469870328	0.10619374523264685	-0.062280701754385936
BRD-K41141507	0.16816933638443932	0.023081617086193718	-0.1450877192982456
BRD-K56957086	0.1677345537757437	0.04492753623188406	-0.12280701754385964
BRD-K81473043	0.1676125095347063	0.10094584286803965	-0.06666666666666665
BRD-K74671368	0.16756674294431728	0.03177726926010682	-0.13578947368421046
BRD-K55305701	0.16700228832951935	0.07156369183829138	-0.09543859649122799
BRD-K45551181	0.1665903890160183	0.12694126620900076	-0.039649122807017545
BRD-K65928735	0.16649122807017536	0.0803508771929824	-0.08614035087719296
BRD-K76239644	0.1663157894736842	0.02947368421052632	-0.13684210526315788
BRD-K29950728	0.16597254004576656	0.05386727688787185	-0.11210526315789471
BRD-K50000283	0.16596491228070165	0.09192982456140342	-0.07403508771929823
BRD-K83003151	0.1659572845156369	0.059115179252479	-0.1068421052631579
BRD-K26026438	0.16532418001525545	0.04672768878718525	-0.1185964912280702
BRD-K44590731	0.16524790236460715	0.0624408848207475	-0.10280701754385965
BRD-K36021395	0.165118230358505	0.047749809305873386	-0.11736842105263162
BRD-K96104201	0.16471395881006867	0.11524027459954234	-0.049473684210526336
BRD-K08078237	0.1632646834477498	0.01589626239511821	-0.1473684210526316
BRD-K26011976	0.16319603356216628	0.09986270022883292	-0.06333333333333334
BRD-K19796430	0.16318077803203657	0.04511060259344013	-0.11807017543859644
BRD-K99498722	0.16316552250190686	0.08123569794050334	-0.08192982456140352
BRD-K42805893	0.16254004576659042	0.042364607170099156	-0.12017543859649127
BRD-K81801188	0.16244088482074753	0.10068649885583525	-0.061754385964912284
BRD-K08547377	0.16201372997711666	0.10025934401220438	-0.06175438596491227
BRD-K66911501	0.1619603356216629	0.02283752860411903	-0.13912280701754387
BRD-K89053832	0.16196033562166284	0.1421357742181541	-0.019824561403508745
BRD-K54262262	0.16184591914569035	0.09833714721586578	-0.06350877192982457
BRD-K17610631	0.16180015255530134	0.0670633104500381	-0.09473684210526323
BRD-K17068645	0.16178489702517163	0.07862700228832953	-0.0831578947368421
BRD-K56851771	0.1617391304347826	0.10454614797864226	-0.05719298245614035
BRD-K82967180	0.1617086193745233	0.11012967200610224	-0.05157894736842105
BRD-A64242993	0.16165522501906937	0.13130434782608696	-0.030350877192982406
BRD-K28192623	0.16142639206712434	0.08581235697940504	-0.0756140350877193
BRD-K70463136	0.16121281464530884	0.07647597254004573	-0.08473684210526311
BRD-A11132253	0.16103737604881768	0.11331807780320363	-0.04771929824561405
BRD-K04923131	0.16073226544622427	0.07687261632341724	-0.08385964912280701
BRD-K25224017	0.1601601830663615	0.1512128146453089	-0.008947368421052627
BRD-K87700323	0.15953470633104505	0.07795575896262397	-0.08157894736842108
BRD-K87696786	0.15951945080091534	0.08846681922196797	-0.07105263157894737
BRD-K14560436	0.1593897787948132	0.07833714721586582	-0.08105263157894738
BRD-K11973162	0.15936689549961858	0.07533180778032034	-0.08403508771929824
BRD-K18779551	0.1590389016018307	0.05447749809305874	-0.10456140350877197
BRD-K16277217	0.15868039664378342	0.04341723874904657	-0.11526315789473685
BRD-K90947825	0.15853546910755154	0.04625476735316558	-0.11228070175438595
BRD-K80431395	0.15825324180015254	0.043340961098398134	-0.11491228070175441
BRD-K05674516	0.1581617086193745	0.09377574370709385	-0.06438596491228066
BRD-K15025317	0.1581083142639207	0.08652936689549962	-0.07157894736842108
BRD-K07359318	0.15787948131197554	0.0680549199084668	-0.08982456140350875
BRD-K18834913	0.1578794813119755	0.08489702517162467	-0.07298245614035082
BRD-K15916496	0.15772692601067878	0.08123569794050334	-0.07649122807017543
BRD-K68507560	0.15771167048054918	0.11420289855072463	-0.04350877192982456
BRD-K83508485	0.15770404271548433	0.06910755148741415	-0.08859649122807017
BRD-K38527262	0.15729977116704807	0.07800152555301298	-0.07929824561403509
BRD-K13249881	0.15726926010678868	0.1530587337909992	-0.004210526315789474
BRD-K68938568	0.15700991609458426	0.10367658276125091	-0.053333333333333344
BRD-A14886633	0.15670480549199092	0.019511823035850494	-0.13719298245614042
BRD-K56032964	0.1566895499618612	0.07423340961098399	-0.08245614035087723
BRD-A28467416	0.15659801678108318	0.11273836765827616	-0.043859649122807015
BRD-K83963101	0.15647597254004586	0.10138825324180023	-0.05508771929824563
BRD-K96153583	0.15624713958810066	0.11414187643020593	-0.04210526315789473
BRD-K45462423	0.15623951182303583	0.03220442410373761	-0.12403508771929822
BRD-K56301217	0.15612509534706326	0.053318077803203634	-0.10280701754385964
BRD-K97764662	0.15574370709382154	0.08135774218154082	-0.07438596491228072
BRD-K07265709	0.15572845156369186	0.034324942791762014	-0.12140350877192985
BRD-K78659596	0.15569794050343252	0.051136536994660586	-0.10456140350877194
BRD-K15409150	0.15524027459954234	0.025415713196033557	-0.1298245614035088
BRD-K82181219	0.15504195270785662	0.136094584286804	-0.018947368421052633
BRD-K61250484	0.15461479786422577	0.03286041189931349	-0.12175438596491228
BRD-K12829205	0.1545614035087719	0.07614035087719295	-0.07842105263157893
BRD-K86887724	0.15439359267734543	0.08544622425629289	-0.06894736842105254
BRD-K70163715	0.15437833714721585	0.12262395118230357	-0.031754385964912285
BRD-K60585088	0.15425629290617848	0.1137299771167048	-0.04052631578947369
BRD-K63828191	0.15418764302059496	0.06015255530129672	-0.09403508771929825
BRD-K26619122	0.15390541571319605	0.0674141876430206	-0.08649122807017545
BRD-K61734568	0.15365369946605648	0.015057208237986269	-0.13859649122807022
BRD-A56085258	0.15335621662852783	0.04826849733028227	-0.10508771929824556
BRD-A73427433	0.15318077803203667	0.0391456903127384	-0.11403508771929827
BRD-K19388745	0.15308924485125858	0.09203661327231122	-0.061052631578947365
BRD-K44009692	0.15295957284515638	0.12085430968726163	-0.03210526315789475
BRD-A55484088	0.15254767353165521	0.03131960335621664	-0.12122807017543857
BRD-A64743628	0.15225019069412665	0.08277650648360035	-0.0694736842105263
BRD-K85014146	0.15219679633867284	0.08395118230358506	-0.06824561403508778
BRD-K77791657	0.15205186880244093	0.09170099160945844	-0.06035087719298249
BRD-K34157611	0.15189168573607933	0.04680396643783369	-0.10508771929824565
BRD-K79239947	0.1518840579710145	0.03398932112890923	-0.11789473684210527
BRD-K56405753	0.15187643020594965	0.12713958810068648	-0.024736842105263168
BRD-K24576554	0.15185354691075503	0.03676582761250946	-0.11508771929824557
BRD-K17979676	0.15151792524790242	0.04344774980930588	-0.10807017543859654
BRD-U25960968	0.15140350877192987	0.032631578947368456	-0.11877192982456142
BRD-K63923597	0.15122807017543854	0.09543859649122804	-0.0557894736842105
BRD-K53665955	0.151212814645309	0.037177726926010735	-0.11403508771929827
BRD-K16136380	0.15106788710907712	0.0915942028985508	-0.05947368421052632
BRD-K41859756	0.15095347063310446	0.09411136536994658	-0.056842105263157895
BRD-K68174511	0.15034324942791763	0.08999237223493517	-0.06035087719298246
BRD-K14175878	0.15025934401220448	0.07429443173150269	-0.07596491228070179
BRD-A97701745	0.14905415713196035	0.0064225781845919094	-0.14263157894736844
BRD-K04622161	0.1488863463005339	0.038535469107551484	-0.11035087719298242
BRD-K53414658	0.14887109077040434	0.009397406559877974	-0.13947368421052636
BRD-A28970875	0.14881769641495046	0.09583524027459955	-0.05298245614035091
BRD-K52662033	0.14880244088482086	0.025995423340961166	-0.1228070175438597
BRD-K06426971	0.14869565217391306	0.04904652936689549	-0.09964912280701757
BRD-K02113016	0.14845919145690317	0.03986270022883298	-0.10859649122807019
BRD-K84011460	0.1484134248665141	0.12262395118230357	-0.02578947368421053
BRD-K21025364	0.14835240274599548	0.06221205186880252	-0.08614035087719296
BRD-A95886749	0.1483066361556064	0.043569794050343225	-0.10473684210526318
BRD-K61717546	0.14798627002288334	0.09307398932112898	-0.05491228070175436
BRD-K95581532	0.14778794813119753	0.07357742181540805	-0.07421052631578948
BRD-K10843433	0.14720061022120512	0.054919908466819156	-0.09228070175438596
BRD-K73293050	0.14714721586575136	0.13083142639206713	-0.016315789473684214
BRD-K78177893	0.14714721586575136	0.03293668954996187	-0.11421052631578948
BRD-K87349682	0.14684210526315788	0.002105263157894721	-0.14473684210526316
BRD-K87990216	0.14630816170861938	0.01806254767353166	-0.12824561403508772
BRD-K61228301	0.14626239511823036	0.0559115179252479	-0.09035087719298247
BRD-A68083442	0.14590389016018313	0.07502669717772692	-0.0708771929824562
BRD-K93034159	0.14560640732265448	0.10613272311212815	-0.03947368421052633
BRD-K09443272	0.14513348588863462	0.050221205186880225	-0.09491228070175439
BRD-K00673382	0.14511060259344016	0.0391456903127384	-0.10596491228070176
BRD-K13387373	0.1447673531655225	0.08564454614797865	-0.059122807017543855
BRD-K61036791	0.14462242562929056	0.05514874141876425	-0.08947368421052632
BRD-K09426783	0.1445690312738367	0.0959725400457665	-0.04859649122807019
BRD-A57382968	0.14410373760488177	0.07147215865751333	-0.07263157894736842
BRD-K33813875	0.14405797101449275	0.04791762013729978	-0.09614035087719297
BRD-K87909389	0.1439816933638443	0.07801678108314264	-0.06596491228070167
BRD-K77987382	0.14367658276125095	0.07560640732265445	-0.0680701754385965
BRD-K60348325	0.1436765827612509	0.06683447749809301	-0.07684210526315788
BRD-K50388907	0.14362318840579713	0.05853546910755149	-0.08508771929824563
BRD-K36386086	0.14334096109839817	0.08684973302822274	-0.05649122807017544
BRD-K54314721	0.14329519450800915	0.06504958047292142	-0.07824561403508773
BRD-A17846016	0.14293668954996183	0.12381388253241798	-0.019122807017543857
BRD-K64890080	0.14292906178489698	0.059420289855072445	-0.08350877192982453
BRD-K20605374	0.14229595728451566	0.03334858886346301	-0.10894736842105264
BRD-K61295575	0.14216628527841343	0.06111365369946606	-0.08105263157894738
BRD-K84937637	0.14196033562166294	0.057574370709382205	-0.08438596491228073
BRD-K63712959	0.14192219679633866	0.06964149504195272	-0.07228070175438595
BRD-A01643550	0.1417467581998474	0.05385202135774214	-0.08789473684210525
BRD-K30867024	0.1417467581998474	0.054202898550724576	-0.08754385964912281
BRD-K16803204	0.14170099160945848	0.09485888634630057	-0.04684210526315789
BRD-K93779381	0.14163996948893975	0.08251716247139584	-0.05912280701754391
BRD-K15567136	0.14139588100686495	0.0836765827612509	-0.05771929824561406
BRD-K03449891	0.14139588100686495	0.04543096872616326	-0.0959649122807017
BRD-K11927976	0.14126620900076275	0.13600305110602592	-0.005263157894736842
BRD-K17061841	0.14080854309687274	0.09379099923722356	-0.04701754385964918
BRD-K32285926	0.14079328756674303	0.1225476735316553	-0.01824561403508773
BRD-K52233191	0.14067887109077035	0.06857360793287567	-0.07210526315789467
BRD-K65377893	0.1405263157894737	0.09578947368421054	-0.04473684210526316
BRD-K02898090	0.1401983218916858	0.07142639206712442	-0.06877192982456137
BRD-K20463415	0.1400076277650647	0.0959725400457665	-0.044035087719298205
BRD-K41312087	0.13983981693363845	0.06773455377574372	-0.07210526315789473
BRD-K23190681	0.13981693363844397	0.061922196796338674	-0.0778947368421053
BRD-K70177501	0.1397406559877956	0.03868802440884822	-0.10105263157894737
BRD-K17203476	0.13971014492753625	0.08813119755911519	-0.05157894736842106
BRD-A90272038	0.13966437833714723	0.021769641495041958	-0.11789473684210527
BRD-K38548312	0.1394355453852021	0.06259344012204426	-0.07684210526315782
BRD-K71467466	0.13942791762013718	0.039954233409610906	-0.09947368421052627
BRD-K78096648	0.13913806254767358	0.06106788710907707	-0.07807017543859651
BRD-K00634421	0.13901601830663612	0.011823035850495822	-0.1271929824561403
BRD-A88138582	0.13876430205949652	0.08192219679633866	-0.05684210526315786
BRD-K53097745	0.13854309687261634	0.06222730739893212	-0.07631578947368423
BRD-K71035033	0.13846681922196796	0.05934401220442411	-0.07912280701754384
BRD-K24869513	0.13830663615560634	0.016201372997711627	-0.12210526315789472
BRD-K50010139	0.1381769641495042	0.07273836765827613	-0.06543859649122807
BRD-K06234293	0.13813119755911518	0.06707856598016781	-0.07105263157894737
BRD-K36627727	0.13803966437833715	0.018215102974828375	-0.11982456140350878
BRD-A58193911	0.13800152555301315	0.09168573607932884	-0.04631578947368431
BRD-K51324732	0.1379862700228833	0.07974065598779559	-0.05824561403508771
BRD-K70402238	0.1378413424866514	0.05310450038138824	-0.08473684210526315
BRD-K07736136	0.13775743707093818	0.12933638443935924	-0.008421052631578947
BRD-K54095730	0.1376659038901602	0.07661327231121284	-0.06105263157894736
BRD-K07310275	0.13759725400457667	0.11461479786422579	-0.022982456140350882
BRD-K12502280	0.1374523264683448	0.12482074752097638	-0.01263157894736842
BRD-A80213327	0.13722349351639973	0.06003051106025936	-0.07719298245614037
BRD-K91623615	0.13700228832951947	0.07226544622425629	-0.06473684210526318
BRD-K31468676	0.13698703279938976	0.022425629290617848	-0.11456140350877192
BRD-K07955840	0.1369488939740655	0.07098398169336384	-0.06596491228070167
BRD-K23677682	0.1369412662090007	0.02799389778794814	-0.10894736842105257
BRD-K19761926	0.13678871090770411	0.1295957284515637	-0.007192982456140418
BRD-K74227499	0.13678108314263926	0.03643020594965675	-0.10035087719298252
BRD-A25687296	0.13649122807017539	0.04385964912280699	-0.0926315789473684
BRD-K69650333	0.13620137299771168	0.10041189931350114	-0.035789473684210524
BRD-K66175015	0.13617086193745237	0.04494279176201377	-0.0912280701754386
BRD-K40109029	0.13598016781083144	0.03685736079328761	-0.09912280701754383
BRD-K62810658	0.1359649122807018	0.07859649122807016	-0.057368421052631624
BRD-A49035384	0.13585049580472924	0.08953470633104502	-0.04631578947368421
BRD-K08619838	0.13580472921434017	0.11475209763539285	-0.021052631578947323
BRD-K21565985	0.13567505720823803	0.04392067124332577	-0.09175438596491226
BRD-K91601245	0.13562166285278415	0.027200610221205186	-0.10842105263157897
BRD-A64064900	0.13543859649122814	0.023157894736842155	-0.11228070175438598
BRD-K17518951	0.13520976353928302	0.0506483600305111	-0.08456140350877192
BRD-K66808046	0.13503432494279183	0.1106483600305111	-0.024385964912280733
BRD-K83699324	0.13495804729214336	0.052326468344774946	-0.08263157894736842
BRD-A11551002	0.13468344774980934	0.10433257055682688	-0.03035087719298246
BRD-K67043667	0.13456140350877188	0.0052631578947368585	-0.12929824561403502
BRD-K02389548	0.1345232646834477	0.012067124332570511	-0.12245614035087718
BRD-K90027121	0.13434782608695647	0.02680396643783367	-0.1075438596491228
BRD-K79259477	0.13428680396643777	0.04884820747520979	-0.08543859649122798
BRD-K64785675	0.1342639206712433	0.05075514874141876	-0.08350877192982453
BRD-A36267905	0.13424103737604884	0.08564454614797865	-0.04859649122807019
BRD-K94485812	0.13412662090007627	0.04710907704042716	-0.0870175438596491
BRD-K00259736	0.13363844393592675	0.06100686498855834	-0.07263157894736841
BRD-K43449605	0.13362318840579712	0.07713196033562164	-0.05649122807017548
BRD-A67097164	0.13360793287566736	0.08097635392829894	-0.05263157894736842
BRD-K93123848	0.13347063310450036	0.05417238749046527	-0.07929824561403509
BRD-K51575138	0.13344012204424105	0.05484363081617094	-0.07859649122807011
BRD-K31491153	0.13341723874904649	0.07113653699466055	-0.062280701754385936
BRD-K91614056	0.13331807780320365	0.06314263920671243	-0.07017543859649122
BRD-K65877271	0.1330282227307399	0.09232646834477498	-0.040701754385964906
BRD-K01773560	0.13292906178489697	0.027841342486651405	-0.10508771929824556
BRD-K26712974	0.13289855072463763	0.07553012967200612	-0.05736842105263151
BRD-K59436580	0.13280701754385962	0.011578947368421022	-0.1212280701754386
BRD-A75850590	0.13241037376048823	0.10451563691838292	-0.027894736842105305
BRD-K42981054	0.13210526315789467	0.05789473684210522	-0.07421052631578945
BRD-K62304154	0.1320442410373761	0.11467581998474452	-0.017368421052631575
BRD-K59574735	0.13176964149504194	0.05650648360030512	-0.07526315789473681
BRD-K27351809	0.13147215865751333	0.01673531655225019	-0.11473684210526314
BRD-M29182745	0.13142639206712436	0.1166895499618612	-0.014736842105263158
BRD-K25690923	0.13120518688024407	0.07313501144164758	-0.058070175438596494
BRD-K85554912	0.13101449275362315	0.0025934401220442105	-0.12842105263157894
BRD-K11433652	0.13096872616323424	0.10044241037376056	-0.030526315789473683
BRD-K74514084	0.13061022120518684	0.0834172387490465	-0.047192982456140356
BRD-K14109347	0.130511060259344	0.11226544622425627	-0.018245614035087718
BRD-K48141473	0.1304881769641495	0.055225019069412684	-0.07526315789473681
BRD-K84810405	0.13030511060259342	0.05749809305873377	-0.07280701754385965
BRD-K19333160	0.13025934401220446	0.056750572082379866	-0.07350877192982458
BRD-K63750851	0.13009916094584284	0.10553775743707094	-0.024561403508771895
BRD-K03063480	0.13002288329519454	0.09458428680396647	-0.035438596491228075
BRD-K76908866	0.12996186117467584	0.11171624713958811	-0.018245614035087718
BRD-K33277808	0.1298321891685736	0.027200610221205186	-0.10263157894736841
BRD-K69726342	0.1297787948131197	0.06697177726926007	-0.06280701754385964
BRD-K13314656	0.12962623951182303	0.06927536231884057	-0.06035087719298246
BRD-A57886255	0.1291685736079328	0.04390541571319595	-0.08526315789473685
BRD-K99170882	0.12906941266209	0.036262395118230345	-0.09280701754385964
BRD-K86816506	0.12900076277650646	0.12057971014492752	-0.008421052631578947
BRD-K41213548	0.12899313501144166	0.04881769641495043	-0.08017543859649123
BRD-K49669041	0.12879481311975594	0.08721586575133489	-0.04157894736842105
BRD-K64381438	0.1281998474446987	0.06486651411136535	-0.06333333333333335
BRD-K26603252	0.12816170861937448	0.09272311212814643	-0.03543859649122805
BRD-K09602097	0.12800915331807788	0.09993897787948136	-0.028070175438596523
BRD-K43578482	0.12773455377574372	0.06106788710907707	-0.06666666666666665
BRD-K78567475	0.127536231884058	0.04367658276125097	-0.08385964912280701
BRD-K52020312	0.12748283752860412	0.006956521739130431	-0.1205263157894737
BRD-K47337578	0.12715484363081614	0.06364607170099157	-0.06350877192982457
BRD-K68103045	0.1269031273836765	0.10356979405034317	-0.023333333333333334
BRD-K73309154	0.12688787185354689	0.11127383676582758	-0.015614035087719302
BRD-K36269323	0.1268573607932876	0.0438749046529367	-0.08298245614035091
BRD-A81541225	0.12673531655225012	0.021296720061022123	-0.105438596491228
BRD-K60184833	0.12672006102212047	0.07672006102212053	-0.04999999999999993
BRD-K54256913	0.12655225019069405	0.050938215102974804	-0.07561403508771924
BRD-K25244359	0.12649122807017543	0.01684210526315788	-0.10964912280701755
BRD-K17849083	0.12632341723874907	0.019832189168573613	-0.10649122807017547
BRD-A13561534	0.12603356216628525	0.05006864988558357	-0.07596491228070168
BRD-K88677950	0.12601067887109063	0.09337909992372229	-0.032631578947368345
BRD-K80060353	0.1258810068649886	0.10219679633867274	-0.023684210526315863
BRD-K17894950	0.1258733790999237	0.05815408085430962	-0.06771929824561407
BRD-K84163249	0.12556064073226542	0.05135011441647597	-0.07421052631578945
BRD-K20285085	0.12553012967200616	0.0828985507246377	-0.042631578947368465
BRD-K11630072	0.12505720823798622	0.019267734553775742	-0.10578947368421049
BRD-K43471985	0.12499618611746754	0.09429443173150265	-0.030701754385964897
BRD-K53123955	0.12495041952707847	0.07495041952707854	-0.04999999999999993
BRD-K52756523	0.12481311975591154	0.07305873379099925	-0.05175438596491229
BRD-A14344385	0.12477498093058734	0.012143401983218918	-0.11263157894736842
BRD-K71480163	0.12464530892448517	0.08236460717009919	-0.042280701754385974
BRD-A71033472	0.12416475972540053	0.0796033562166285	-0.044561403508772024
BRD-K42673188	0.12416475972540042	0.11574370709382148	-0.008421052631578947
BRD-K74141488	0.12415713196033568	0.03591151792524794	-0.08824561403508774
BRD-A48300215	0.12415713196033566	0.08924485125858128	-0.03491228070175438
BRD-K58529924	0.12410373760488173	0.07778794813119752	-0.04631578947368421
BRD-K41599323	0.12401983218916857	0.021739130434782594	-0.10228070175438597
BRD-K51471001	0.12387490465293671	0.04843630816170863	-0.07543859649122808
BRD-K42191735	0.12367658276125093	0.10051868802440883	-0.0231578947368421
BRD-K26818574	0.12364607170099162	0.031014492753623224	-0.0926315789473684
BRD-K68904758	0.12341723874904653	0.014645308924485123	-0.10877192982456141
BRD-A43809092	0.12306636155606399	0.07745232646834477	-0.04561403508771922
BRD-K20290250	0.12302822273073985	0.0765369946605644	-0.046491228070175444
BRD-K44993696	0.12273836765827613	0.06993135011441648	-0.05280701754385965
BRD-K59197931	0.12270785659801679	0.030602593440122044	-0.09210526315789475
BRD-K39160765	0.12255530129671999	0.08834477498093052	-0.03421052631578947
BRD-K13571841	0.12245614035087715	0.011578947368421022	-0.11087719298245613
BRD-K07572174	0.12241037376048819	0.0750419527078566	-0.04736842105263158
BRD-K63932022	0.12225781845919145	0.08506483600305109	-0.037192982456140354
BRD-K04568635	0.12218154080854304	0.04253241800152552	-0.07964912280701753
BRD-K27771035	0.12208237986270032	0.08997711670480557	-0.03210526315789475
BRD-K69195780	0.12194508009153314	0.06492753623188406	-0.05701754385964908
BRD-K76719364	0.12192982456140344	0.0803508771929824	-0.04157894736842105
BRD-A30886737	0.12173913043478266	0.10559877955758967	-0.016140350877192983
BRD-K87024524	0.12155606407322658	0.08892448512585815	-0.03263157894736842
BRD-K02130563	0.12151792524790245	0.06836003051106032	-0.053157894736842126
BRD-K19034817	0.1213272311212815	0.09395881006864992	-0.02736842105263158
BRD-A25004090	0.1210297482837529	0.07208237986270027	-0.04894736842105263
BRD-K21152241	0.12102974828375289	0.019099923722349352	-0.10192982456140354
BRD-K84466663	0.12077040427154839	0.09217391304347822	-0.028596491228070176
BRD-K88510285	0.1203890160183067	0.04723112128146456	-0.07315789473684214
BRD-A71725768	0.11987795575896254	0.08479023646071693	-0.03508771929824561
BRD-K68408772	0.11985507246376814	0.059328756674294436	-0.060526315789473706
BRD-K47635719	0.11968726163234178	0.05670480549199086	-0.06298245614035092
BRD-K40496271	0.11948893974065602	0.05159420289855077	-0.06789473684210526
BRD-K35329391	0.11942028985507247	0.04819221967963383	-0.07122807017543864
BRD-K06854232	0.11937452326468344	0.1141113653699466	-0.005263157894736842
BRD-K71512533	0.11932112890922958	0.06511060259344015	-0.05421052631578943
BRD-K98384930	0.11879481311975593	0.06511060259344015	-0.05368421052631578
BRD-K70505054	0.11877192982456142	0.004210526315789442	-0.11456140350877198
BRD-K56343971	0.11877192982456139	0.002105263157894721	-0.11666666666666667
BRD-K34332569	0.11858886346300523	0.03700991609458426	-0.08157894736842097
BRD-K04430056	0.11849733028222731	0.07516399694889397	-0.043333333333333335
BRD-K61097567	0.11842105263157893	0.1101754385964912	-0.008245614035087723
BRD-K06543683	0.11835240274599543	0.0015102974828375415	-0.11684210526315789
BRD-K88568253	0.11820747520976355	0.038382913806254804	-0.07982456140350874
BRD-K91825936	0.11811594202898555	0.017238749046529375	-0.10087719298245618
BRD-K95773607	0.11803203661327222	0.07662852784134244	-0.041403508771929776
BRD-K73838513	0.11795575896262389	0.05620137299771166	-0.06175438596491223
BRD-K23228615	0.11790999237223493	0.06527841342486651	-0.05263157894736842
BRD-K33588785	0.11775743707093811	0.07459954233409605	-0.04315789473684206
BRD-K88625236	0.11770404271548437	0.0803356216628528	-0.03736842105263158
BRD-K62814476	0.11720823798627004	0.05124332570556828	-0.06596491228070177
BRD-K30577245	0.1171929824561404	0.010526315789473717	-0.10666666666666669
BRD-K97472745	0.11702517162471388	0.036323417238749045	-0.08070175438596483
BRD-K32821942	0.1169488939740656	0.10221205186880244	-0.014736842105263158
BRD-K15071410	0.11693363844393578	0.03798627002288324	-0.07894736842105254
BRD-K32572029	0.11689549961861166	0.051807780320366134	-0.06508771929824553
BRD-K59753975	0.11683447749809314	0.047185354691075515	-0.06964912280701763
BRD-K62398570	0.11680396643783375	0.025751334858886366	-0.09105263157894739
BRD-K73073971	0.11677345537757439	0.0706331045003814	-0.04614035087719298
BRD-K36739687	0.1167124332570557	0.033028222730739895	-0.0836842105263158
BRD-K11215326	0.1165522501906941	0.045675057208237946	-0.07087719298245615
BRD-K18157228	0.11626239511823036	0.058367658276125084	-0.05789473684210528
BRD-K49350383	0.11611746758199849	0.03945080091533182	-0.07666666666666667
BRD-K86204871	0.11591151792524781	0.022578184591914546	-0.09333333333333327
BRD-K50168500	0.1159038901601831	0.06309687261632346	-0.052807017543859636
BRD-K50866992	0.11572082379862692	0.03414187643020594	-0.08157894736842097
BRD-K68552125	0.11524027459954242	0.10471395881006873	-0.010526315789473684
BRD-K45662124	0.11524027459954231	0.09348588863463003	-0.021754385964912276
BRD-K37865504	0.11507246376811597	0.09086193745232651	-0.02421052631578946
BRD-K52172416	0.11497330282227303	0.09935926773455372	-0.015614035087719302
BRD-K28143534	0.11485125858123568	0.06239511823035848	-0.0524561403508772
BRD-K74193284	0.11473684210526308	0.013684210526315743	-0.10105263157894734
BRD-K80700417	0.11465293668954993	0.05553012967200613	-0.0591228070175438
BRD-K07202345	0.11458428680396643	0.08440884820747524	-0.03017543859649119
BRD-K83834509	0.11455377574370706	0.042623951182303554	-0.07192982456140351
BRD-K97101532	0.11418764302059502	0.09418764302059501	-0.02
BRD-A72711497	0.11414187643020596	0.048527841342486666	-0.06561403508771929
BRD-K62196610	0.1141266209000763	0.08114416475972541	-0.03298245614035089
BRD-K81694556	0.1141037376048819	0.08655987795575903	-0.02754385964912287
BRD-K40797222	0.11401983218916856	0.039633867276887835	-0.07438596491228072
BRD-K51040301	0.11401983218916856	0.045949656750572054	-0.0680701754385965
BRD-K50071428	0.11399694889397408	0.07382151029748285	-0.040175438596491225
BRD-K28824103	0.1134172387490465	0.09815408085430966	-0.01526315789473684
BRD-K86797399	0.11311212814645305	0.06486651411136535	-0.0482456140350877
BRD-K41783120	0.11298245614035084	0.06701754385964909	-0.04596491228070175
BRD-K04623885	0.11295194508009154	0.06488176964149506	-0.048070175438596485
BRD-K35240538	0.11253241800152558	0.04007627765064836	-0.07245614035087722
BRD-K22127577	0.11252479023646067	0.009717772692601101	-0.10280701754385957
BRD-K45528773	0.11245614035087724	0.032631578947368456	-0.07982456140350878
BRD-K40787673	0.11223493516399698	0.08065598779557592	-0.031578947368421054
BRD-K72703948	0.11207475209763539	0.019969488939740654	-0.09210526315789473
BRD-A97739905	0.11199084668192205	0.009885583524027353	-0.1021052631578947
BRD-A51964809	0.11147978642257822	0.09130434782608698	-0.020175438596491235
BRD-K84783599	0.11133485888634627	0.0018611746758199852	-0.10947368421052628
BRD-K62627508	0.11128146453089247	0.061983218916857374	-0.04929824561403509
BRD-K27217864	0.11114416475972544	0.04956521739130437	-0.061578947368421066
BRD-K89014967	0.11114416475972534	0.04535469107551482	-0.06578947368421052
BRD-K58435339	0.11108314263920671	0.09371472158657512	-0.01736842105263159
BRD-A46813902	0.11101449275362318	0.033119755911517945	-0.07789473684210524
BRD-K68095457	0.11091533180778032	0.02372234935163997	-0.08719298245614035
BRD-K89490285	0.11064836003051111	0.08924485125858128	-0.021403508771929827
BRD-K34251960	0.11060259344012206	0.09972540045766592	-0.010877192982456138
BRD-A75975749	0.1105263157894737	0.020000000000000018	-0.09052631578947368
BRD-K78789465	0.11	0.0052631578947368585	-0.10473684210526314
BRD-K36740062	0.10977879481311978	0.06591914569031276	-0.043859649122807015
BRD-K33127281	0.10958047292143404	0.010282227307398932	-0.09929824561403511
BRD-K91370081	0.10939740655987795	0.10027459954233409	-0.009122807017543866
BRD-A03216249	0.10930587337909992	0.08544622425629289	-0.023859649122807025
BRD-A28301258	0.10903127383676585	0.049382151029748286	-0.05964912280701756
BRD-A65248799	0.10896262395118235	0.04598016781083143	-0.06298245614035092
BRD-K06222852	0.1087643020594965	0.031045003813882532	-0.07771929824561397
BRD-K72827473	0.10868039664378334	0.0739435545385202	-0.03473684210526315
BRD-K13302470	0.1086803966437833	0.05815408085430962	-0.05052631578947368
BRD-A69651145	0.10826086956521741	0.08562929061784896	-0.022631578947368447
BRD-K07612980	0.10808543096872623	0.047383676582761325	-0.06070175438596491
BRD-K48684885	0.10784134248665139	0.06327993897787948	-0.04456140350877191
BRD-K61443650	0.10774218154080856	0.08932112890922961	-0.01842105263157895
BRD-K33622447	0.1076659038901602	0.07591151792524792	-0.031754385964912285
BRD-A47953250	0.1073531655225019	0.050511060259344015	-0.05684210526315789
BRD-K81645907	0.10704805491990846	0.02704805491990847	-0.07999999999999999
BRD-K10799896	0.106834477498093	0.046834477498093	-0.06
BRD-K58049875	0.10681159420289853	0.030846681922196795	-0.07596491228070174
BRD-K81839095	0.10677345537757443	0.0885278413424867	-0.01824561403508773
BRD-A98299281	0.10641495041952709	0.059923722349351616	-0.04649122807017547
BRD-A95121829	0.10611746758199847	0.07453852021357743	-0.03157894736842104
BRD-K22588750	0.10538520213577421	0.06608695652173913	-0.03929824561403508
BRD-K35629949	0.10520213577421815	0.04064073226544622	-0.06456140350877193
BRD-K19295594	0.10507246376811602	0.06454614797864233	-0.04052631578947369
BRD-K17743125	0.10499618611746755	0.0834172387490465	-0.02157894736842106
BRD-K76703230	0.1046300533943555	0.0900686498855835	-0.014561403508771997
BRD-K23566484	0.10460717009916087	0.0726773455377574	-0.031929824561403475
BRD-A86248581	0.10440122044241038	0.031243325705568273	-0.0731578947368421
BRD-K56277358	0.10433257055682683	0.04994660564454613	-0.054385964912280704
BRD-K17702546	0.10423340961098401	0.0668649885583524	-0.037368421052631606
BRD-K50018155	0.10423340961098398	0.01949656750572082	-0.08473684210526317
BRD-K09951645	0.10392829900839062	0.03498093058733798	-0.06894736842105265
BRD-K32744045	0.10321128909229604	0.09250953470633105	-0.01070175438596499
BRD-K91701654	0.10315789473684212	0.032631578947368456	-0.07052631578947366
BRD-K85406984	0.10304347826086954	0.07304347826086954	-0.03
BRD-K61536336	0.10302059496567509	0.013196033562166285	-0.0898245614035088
BRD-K13533483	0.10300533943554535	0.08019832189168574	-0.02280701754385961
BRD-K77638923	0.10289855072463774	0.0583371472158658	-0.044561403508771934
BRD-K78126613	0.10275362318840586	0.0639816933638444	-0.03877192982456146
BRD-K49111258	0.10241037376048817	0.02065598779557587	-0.0817543859649123
BRD-K40331046	0.10226544622425635	0.024546147978642296	-0.07771929824561405
BRD-K08799216	0.10221205186880244	0.085720823798627	-0.016491228070175445
BRD-K30990140	0.10216628527841343	0.09374523264683449	-0.008421052631578947
BRD-A92872453	0.10201372997711677	0.04341723874904657	-0.0585964912280702
BRD-K86930074	0.10199084668192215	0.052341723874904655	-0.0496491228070175
BRD-K11640013	0.10186880244088481	0.026956521739130435	-0.07491228070175437
BRD-K45252063	0.10164759725400466	0.018138825324180097	-0.08350877192982456
BRD-K83837640	0.10161708619374515	0.06547673531655224	-0.03614035087719292
BRD-K67261995	0.10146453089244845	0.09409610983981687	-0.007368421052631579
BRD-K07881437	0.10080854309687264	0.007124332570556827	-0.09368421052631581
BRD-K32730239	0.10061784897025175	0.07623188405797104	-0.024385964912280702
BRD-K21164796	0.10045003813882536	0.04588863463005341	-0.05456140350877195
BRD-K36198571	0.1003432494279176	0.05525553012967199	-0.04508771929824561
BRD-K32007074	0.10022883295194507	0.060228832951945074	-0.04
BRD-K13949769	0.10011441647597254	0.02169336384439359	-0.07842105263157895
BRD-K86727142	0.0999847444698703	0.08384439359267731	-0.016140350877192983
BRD-K15600710	0.0998321891685735	0.010709382151029678	-0.08912280701754383
BRD-K02900412	0.09982456140350882	0.02947368421052632	-0.0703508771929825
BRD-A16997652	0.09974065598779563	0.06430205949656753	-0.0354385964912281
BRD-K31476763	0.0996186117467582	0.08909229595728452	-0.010526315789473684
BRD-K41104902	0.09959572845156368	0.04257818459191455	-0.057017543859649134
BRD-K69776681	0.09925247902364609	0.06170861937452321	-0.03754385964912288
BRD-K72093121	0.09904652936689551	0.06413424866514106	-0.03491228070175445
BRD-A50157456	0.09897787948131193	0.07581998474446983	-0.0231578947368421
BRD-K46392623	0.09893211289092296	0.052616323417238764	-0.0463157894736842
BRD-K84892605	0.09849733028222729	0.030953470633104496	-0.0675438596491228
BRD-A12994259	0.09840579710144928	0.07998474446987033	-0.01842105263157895
BRD-K82818427	0.09837528604118985	0.054691075514874066	-0.043684210526315784
BRD-K76210423	0.09828375286041191	0.06828375286041188	-0.030000000000000027
BRD-K81405859	0.09817696414950419	0.0050190694126620895	-0.0931578947368421
BRD-K53581288	0.09807017543859653	0.023157894736842155	-0.07491228070175437
BRD-K92441787	0.09795575896262397	0.09585049580472924	-0.002105263157894737
BRD-K06858286	0.09791762013729985	0.07423340961098399	-0.023684210526315863
BRD-A07986123	0.09758199847444693	0.03354691075514871	-0.06403508771929822
BRD-A68304895	0.09756674294431733	0.06300533943554543	-0.034561403508771904
BRD-K38904395	0.0971395881006865	0.03520976353928297	-0.06192982456140353
BRD-A20644369	0.09707093821510299	0.010755148741418752	-0.08631578947368423
BRD-K34411947	0.09691838291380625	0.01481311975591152	-0.08210526315789474
BRD-K68633617	0.09649122807017552	0.0031578947368421373	-0.09333333333333338
BRD-K49962337	0.0964607170099161	0.014004576659038901	-0.0824561403508772
BRD-K48578705	0.09632341723874904	0.03316552250190696	-0.06315789473684208
BRD-A25234499	0.09574370709382152	0.05890160183066362	-0.03684210526315789
BRD-K25835157	0.09550724637681152	0.013928299008390543	-0.08157894736842097
BRD-K46585355	0.09549199084668197	0.03356216628527847	-0.0619298245614035
BRD-K22064724	0.0954462242562929	0.04825324180015256	-0.04719298245614034
BRD-K55703048	0.0954385964912281	0.01684210526315788	-0.07859649122807022
BRD-A29485665	0.09519450800915324	0.07414187643020592	-0.021052631578947323
BRD-K39381259	0.09508771929824561	0.08596491228070174	-0.009122807017543866
BRD-K75352575	0.09484363081617077	0.010282227307398932	-0.08456140350877184
BRD-K05104363	0.09476735316552244	0.08529366895499613	-0.009473684210526316
BRD-K81225797	0.09475972540045768	0.07388253241800152	-0.02087719298245616
BRD-K28061410	0.09468344774980927	0.03345537757437067	-0.061228070175438604
BRD-K07487750	0.09449275362318843	0.014843630816170905	-0.07964912280701753
BRD-K59146805	0.09437070938215102	0.08805491990846681	-0.00631578947368421
BRD-K14329163	0.09430968726163236	0.024134248665141134	-0.07017543859649122
BRD-K51791723	0.09429443173150268	0.08271548436308163	-0.011578947368421053
BRD-K12539581	0.09427917620137316	0.018138825324180097	-0.07614035087719306
BRD-K71075609	0.09384439359267735	0.04173913043478261	-0.05210526315789474
BRD-K52751261	0.09365369946605646	0.011899313501144163	-0.0817543859649123
BRD-K81916719	0.09357742181540805	0.06796338672768876	-0.025614035087719297
BRD-K38852836	0.09349351639969483	0.045247902364607184	-0.04824561403508765
BRD-K51318897	0.0929900839054158	0.04684973302822276	-0.04614035087719304
BRD-K64925568	0.09295957284515637	0.050678871090770405	-0.04228070175438596
BRD-K28965160	0.09295957284515635	0.040152555301296716	-0.052807017543859636
BRD-K51967704	0.09285278413424869	0.04601067887109078	-0.04684210526315791
BRD-A99888680	0.09282990083905414	0.0907246376811594	-0.002105263157894737
BRD-K43236057	0.09279938977879484	0.052799389778794836	-0.04
BRD-K18898553	0.09277650648360036	0.024530892448512583	-0.06824561403508778
BRD-K73303757	0.09270022883295193	0.006559877955758964	-0.08614035087719296
BRD-A13133631	0.0926239511823036	0.03806254767353168	-0.05456140350877192
BRD-K59317601	0.09223493516399695	0.04872616323417239	-0.04350877192982455
BRD-K50677762	0.09195270785659804	0.0623035850495805	-0.029649122807017536
BRD-K89162000	0.09122807017543866	0.001052631578947416	-0.09017543859649124
BRD-K92049597	0.09116704805491982	0.06204424103737605	-0.029122807017543773
BRD-K04264130	0.09102212051868801	0.023478260869565216	-0.0675438596491228
BRD-K22503835	0.09098398169336384	0.006071700991609459	-0.08491228070175438
BRD-K52313696	0.09089244851258582	0.04808543096872617	-0.042807017543859655
BRD-M97302542	0.09073989321128913	0.07670480549199088	-0.014035087719298248
BRD-K13060017	0.09067887109077034	0.06015255530129672	-0.030526315789473624
BRD-K69694239	0.09052631578947368	0.0094736842105263	-0.08105263157894738
BRD-K92073408	0.09048817696414935	0.021891685736079247	-0.0685964912280701
BRD-K55966568	0.0904500381388253	0.06799389778794812	-0.022456140350877174
BRD-K29173907	0.09044241037376047	0.04921434019832191	-0.04122807017543856
BRD-A93236127	0.09039664378337148	0.033379099923722344	-0.057017543859649134
BRD-K00152668	0.09028222730739888	0.06536994660564455	-0.02491228070175433
BRD-A91452556	0.09006864988558358	0.0370861937452327	-0.052982456140350874
BRD-K01614093	0.08964912280701756	0.056842105263157916	-0.032807017543859646
BRD-K77841042	0.08910755148741417	0.03823035850495804	-0.05087719298245614
BRD-K82244583	0.08909229595728452	0.07154843630816171	-0.017543859649122806
BRD-K77634909	0.08901601830663619	0.03919145690312742	-0.04982456140350878
BRD-K52075715	0.08899313501144163	0.044958047292143366	-0.04403508771929826
BRD-K19061412	0.08873379099923724	0.06961098398169338	-0.019122807017543857
BRD-K92872987	0.08858886346300521	0.029992372234935116	-0.05859649122807009
BRD-A22707317	0.08846681922196792	0.061800152555301247	-0.026666666666666665
BRD-A35588707	0.08789473684210525	0.004210526315789442	-0.0836842105263158
BRD-A63546914	0.08781845919145687	0.01992372234935158	-0.06789473684210529
BRD-K18910433	0.08771929824561409	0.017894736842105297	-0.06982456140350879
BRD-K03384561	0.08761250953470637	0.05392829900839058	-0.03368421052631579
BRD-A93477898	0.08758962623951183	0.04039664378337148	-0.04719298245614034
BRD-K67298865	0.08743707093821518	0.052875667429443274	-0.034561403508771904
BRD-A00077618	0.08736079328756685	0.07279938977879485	-0.014561403508771997
BRD-K68502831	0.08726163234172385	0.08305110602593438	-0.004210526315789474
BRD-K16505263	0.0872616323417238	0.006559877955758964	-0.08070175438596483
BRD-K78055238	0.08715484363081619	0.033119755911517945	-0.05403508771929824
BRD-K56751279	0.0868802440884821	0.048634630053394357	-0.03824561403508775
BRD-K60160658	0.08681159420289854	0.0340045766590389	-0.052807017543859636
BRD-A06352508	0.08643783371472163	0.04222730739893216	-0.04421052631578948
BRD-K90574421	0.08643783371472158	0.07801678108314264	-0.008421052631578947
BRD-K28570407	0.08614035087719295	0.046666666666666634	-0.039473684210526314
BRD-K61314889	0.08613272311212815	0.07350114416475972	-0.01263157894736842
BRD-K33379087	0.08601830663615563	0.037772692601067914	-0.04824561403508772
BRD-K68870568	0.08595728451563689	0.025781845919145674	-0.060175438596491215
BRD-K65678996	0.0858886346300534	0.05430968726163235	-0.031578947368421054
BRD-K04552268	0.08583524027459954	0.0530282227307399	-0.032807017543859646
BRD-K62965247	0.08554538520213575	0.01238749046529367	-0.07315789473684209
BRD-K02764365	0.08549199084668188	0.08128146453089244	-0.004210526315789442
BRD-K56614220	0.08543096872616321	0.06648360030511058	-0.018947368421052633
BRD-K62391742	0.08518688024408849	0.04799389778794813	-0.037192982456140354
BRD-A92537424	0.08504195270785653	0.05434019832189163	-0.030701754385964897
BRD-A68969091	0.0850190694126621	0.011334858886346302	-0.0736842105263158
BRD-A41304429	0.08485888634630057	0.01696414950419528	-0.06789473684210529
BRD-A30582499	0.08484363081617087	0.01238749046529367	-0.0724561403508772
BRD-K20655524	0.0846910755148742	0.07188405797101449	-0.012807017543859711
BRD-K08248804	0.08450038138825325	0.004851258581235696	-0.07964912280701755
BRD-K34533029	0.08440122044241039	0.06878718535469108	-0.015614035087719302
BRD-K06593056	0.08410373760488177	0.018138825324180097	-0.06596491228070167
BRD-K63068307	0.08389778794813119	0.06723112128146447	-0.01666666666666672
BRD-K75037734	0.08363081617086193	0.08257818459191456	-0.0010526315789473684
BRD-K36711084	0.08348588863462997	0.05559115179252477	-0.027894736842105194
BRD-K64866502	0.08289855072463781	0.0583371472158658	-0.024561403508772006
BRD-K12040459	0.08288329519450799	0.06569031273836767	-0.017192982456140316
BRD-K43621685	0.08280701754385963	0.002105263157894721	-0.08070175438596491
BRD-A27376179	0.08271548436308161	0.027276887871853547	-0.055438596491228065
BRD-K43389675	0.08260869565217396	0.0647139588100687	-0.017894736842105262
BRD-K04548931	0.08245614035087717	0.04842105263157892	-0.034035087719298245
BRD-K71164191	0.08225781845919146	0.04541571319603356	-0.0368421052631579
BRD-K22520627	0.08220442410373763	0.011502669717772696	-0.07070175438596493
BRD-K66030860	0.08215102974828375	0.03127383676582762	-0.05087719298245614
BRD-K08996725	0.08192982456140356	0.008421052631578996	-0.07350877192982457
BRD-K51911221	0.08192219679633872	0.055957284515636974	-0.025964912280701746
BRD-K59522102	0.08188405797101449	0.04556826849733028	-0.036315789473684204
BRD-K68336408	0.08176964149504196	0.05755911517925248	-0.024210526315789474
BRD-A94624445	0.08173150266971785	0.023661327231121354	-0.058070175438596494
BRD-K08703257	0.08168573607932882	0.06431731502669724	-0.017368421052631575
BRD-A98990573	0.08155606407322658	0.04471395881006868	-0.03684210526315789
BRD-K86525559	0.08094584286803969	0.030068649885583554	-0.05087719298245614
BRD-K05804044	0.08090007627765064	0.03282990083905413	-0.04807017543859651
BRD-K86003836	0.08075514874141876	0.06689549961861174	-0.013859649122807016
BRD-K61567297	0.08055682684973298	0.04599542334096107	-0.034561403508771904
BRD-K72327355	0.0804958047292144	0.023478260869565216	-0.05701754385964919
BRD-K17472821	0.08037376048817702	0.05037376048817699	-0.030000000000000027
BRD-K18163608	0.07998474446987036	0.045949656750572054	-0.03403508771929831
BRD-K92428232	0.07996948893974065	0.07260106788710907	-0.007368421052631579
BRD-K26756394	0.07943554538520209	0.028909229595728392	-0.0505263157894737
BRD-K37312348	0.07919908466819221	0.023585049580472917	-0.055614035087719296
BRD-K38332599	0.07877192982456138	0.020000000000000018	-0.058771929824561364
BRD-K68346641	0.07849733028222727	0.009900839054157173	-0.0685964912280701
BRD-K94720315	0.07833714721586582	0.0625476735316553	-0.015789473684210527
BRD-K93568044	0.07798627002288329	0.07588100686498855	-0.002105263157894737
BRD-K19669037	0.07768878718535469	0.009794050343249427	-0.06789473684210526
BRD-K93918653	0.07765827612509535	0.03221967963386727	-0.04543859649122807
BRD-K70159787	0.07761250953470633	0.011823035850495822	-0.06578947368421051
BRD-K61688984	0.07757437070938222	0.033363844393592745	-0.04421052631578948
BRD-K70914287	0.07706331045003806	0.04390541571319595	-0.03315789473684211
BRD-K13756951	0.07698703279938982	0.06277650648360034	-0.014210526315789479
BRD-K59647213	0.07696414950419526	0.07064836003051106	-0.00631578947368421
BRD-K35952844	0.07645308924485128	0.055225019069412684	-0.0212280701754386
BRD-K00494077	0.07637681159420284	0.02778032036613265	-0.04859649122807019
BRD-K29582115	0.07631578947368417	0.020000000000000018	-0.05631578947368415
BRD-A70083328	0.0758810068649885	0.03798627002288324	-0.037894736842105266
BRD-A91366704	0.07581235697940503	0.06195270785659801	-0.013859649122807016
BRD-M80207679	0.07578184591914572	0.03490465293668954	-0.04087719298245618
BRD-K81458380	0.07557589626239508	0.01943554538520209	-0.056140350877192984
BRD-K99616396	0.07512585812356987	0.01635392829900839	-0.058771929824561475
BRD-K70358946	0.07508771929824565	0.012631578947368438	-0.06245614035087721
BRD-K48195008	0.07489702517162466	0.009809305873379137	-0.06508771929824553
BRD-K39484304	0.07488176964149508	0.06733790999237227	-0.007543859649122808
BRD-K96259238	0.07474446987032801	0.06860411899313501	-0.0061403508771930015
BRD-K16195444	0.07417238749046517	0.04610221205186871	-0.028070175438596467
BRD-K48826825	0.07394355453852021	0.042364607170099156	-0.031578947368421054
BRD-K16478699	0.07391304347826087	0.06128146453089245	-0.01263157894736842
BRD-A95696066	0.07354691075514884	0.0068802440884820765	-0.06666666666666676
BRD-K67772619	0.07323417238749047	0.06498855835240275	-0.008245614035087723
BRD-K19412355	0.07296720061022122	0.03612509534706332	-0.0368421052631579
BRD-A81370665	0.07289092295957285	0.07183829138062547	-0.0010526315789473684
BRD-A43082461	0.07234935163996947	0.0437528604118993	-0.028596491228070176
BRD-K37720887	0.07231121281464534	0.042486651411136556	-0.029824561403508774
BRD-K83257731	0.07180015255530126	0.010221205186880189	-0.061578947368421066
BRD-K13183738	0.0717238749046529	0.012951945080091534	-0.058771929824561364
BRD-K45875383	0.07151792524790238	0.0673073989321129	-0.004210526315789474
BRD-K74057757	0.07148741418764301	0.06411899313501143	-0.007368421052631579
BRD-K89391146	0.07094584286803973	0.01498093058733796	-0.05596491228070177
BRD-K79131256	0.07084668192219679	0.037162471395881004	-0.03368421052631579
BRD-K44844162	0.07059496567505728	0.005507246376811659	-0.06508771929824562
BRD-K72414522	0.07054157131960334	0.041418764302059485	-0.029122807017543856
BRD-K59058747	0.07052631578947366	0.004210526315789442	-0.06631578947368422
BRD-K25412176	0.07035087719298255	0.001052631578947416	-0.06929824561403514
BRD-K04701033	0.07008390541571313	0.023066361556064063	-0.04701754385964907
BRD-K58772419	0.07000762776506474	0.03141113653699466	-0.03859649122807007
BRD-K18574842	0.06992372234935162	0.013607932875667417	-0.05631578947368421
BRD-K92000912	0.06978642257818457	0.03417238749046525	-0.03561403508771932
BRD-K01295354	0.06977116704805493	0.04889397406559877	-0.02087719298245616
BRD-K84798689	0.06962623951182303	0.05699466056445462	-0.01263157894736842
BRD-K26531771	0.06954996186117465	0.018321891685736058	-0.051228070175438595
BRD-K63504947	0.06937452326468345	0.03902364607170099	-0.03035087719298246
BRD-K11071038	0.06930587337909999	0.0335163996948894	-0.03578947368421059
BRD-K61642990	0.06919908466819227	0.021128909229595733	-0.04807017543859654
BRD-K47878171	0.06909229595728456	0.060671243325705615	-0.008421052631578947
BRD-K25433859	0.0683829138062547	0.027154843630816106	-0.0412280701754386
BRD-K49328571	0.06834477498093056	0.026239511823035855	-0.0421052631578947
BRD-K42205652	0.06830663615560628	0.025675057208237928	-0.042631578947368354
BRD-K37590257	0.06786422578184592	0.014004576659038901	-0.053859649122807024
BRD-K21680192	0.06783371472158659	0.05432494279176201	-0.013508771929824581
BRD-K11196887	0.0677803203661328	0.03374523264683449	-0.03403508771929831
BRD-K28352084	0.06760488176964152	0.0414645308924485	-0.02614035087719302
BRD-K17026858	0.06738367658276122	0.04282227307398932	-0.024561403508771895
BRD-A44500574	0.06717772692601073	0.057879481311975595	-0.009298245614035139
BRD-K68202742	0.0670938215102975	0.009549961861174676	-0.057543859649122814
BRD-K88807631	0.06707856598016781	0.026727688787185344	-0.04035087719298247
BRD-K13112821	0.06691838291380625	0.017971014492753623	-0.04894736842105263
BRD-K98795921	0.06684210526315792	0.017894736842105297	-0.04894736842105263
BRD-K96358241	0.06681922196796339	0.028573607932875666	-0.038245614035087715
BRD-K37069697	0.06663615560640732	0.00558352402745995	-0.06105263157894736
BRD-K08542803	0.06655987795575906	0.06024408848207485	-0.00631578947368421
BRD-A48237631	0.06642257818459199	0.04747520976353936	-0.018947368421052633
BRD-K38860038	0.06630816170861938	0.05315026697177727	-0.013157894736842105
BRD-K12343256	0.06590389016018305	0.030114416475972537	-0.035789473684210524
BRD-K62607865	0.06557589626239514	0.033119755911517945	-0.0324561403508772
BRD-K54838207	0.06545385202135784	0.021067887109077144	-0.044385964912280695
BRD-K00317371	0.06544622425629285	0.054919908466819156	-0.010526315789473684
BRD-K39467894	0.06541571319603356	0.0099771167048055	-0.055438596491228065
BRD-K48443249	0.06530129672006103	0.05670480549199086	-0.008596491228070175
BRD-K90027355	0.0648665141113654	0.04907704042715488	-0.015789473684210527
BRD-K30431096	0.06450038138825322	0.06344774980930584	-0.0010526315789473684
BRD-K88789588	0.06435545385202136	0.026636155606407322	-0.03771929824561404
BRD-K87782578	0.0643401983218917	0.058199847444698694	-0.0061403508771930015
BRD-K28537285	0.06429443173150266	0.03990846681922196	-0.024385964912280702
BRD-K09877029	0.06420289855072464	0.03806254767353168	-0.026140350877192964
BRD-K38305202	0.06394355453852031	0.053592677345537756	-0.010350877192982555
BRD-K83029223	0.06385202135774215	0.0317467581998474	-0.03210526315789475
BRD-A14395271	0.06350877192982463	0.015789473684210575	-0.04771929824561405
BRD-A05906449	0.0634706331045003	0.01662852784134239	-0.04684210526315791
BRD-K59632282	0.06327993897787942	0.04819221967963383	-0.015087719298245594
BRD-K23363278	0.06325705568268494	0.03781845919145688	-0.02543859649122807
BRD-K90497590	0.06311212814645306	0.04486651411136533	-0.01824561403508773
BRD-K62779383	0.06269260106788718	0.04427154843630818	-0.018421052631579005
BRD-K46937689	0.06263157894736848	0.0052631578947368585	-0.057368421052631624
BRD-K61195623	0.06254004576659034	0.04868039664378332	-0.013859649122807016
BRD-K33743361	0.0622883295194507	0.0591304347826086	-0.003157894736842105
BRD-K29542628	0.061823035850495756	0.03603356216628528	-0.025789473684210473
BRD-A92439610	0.06175438596491234	0.008421052631578996	-0.053333333333333344
BRD-K79555887	0.06152555301296714	0.02398169336384437	-0.03754385964912277
BRD-A84174393	0.06140350877192981	0.05192982456140349	-0.009473684210526316
BRD-K70401845	0.0613577421815408	0.025568268497330293	-0.03578947368421051
BRD-K87827419	0.061311975591151785	0.04306636155606407	-0.018245614035087718
BRD-K20468903	0.060915331807780415	0.02372234935163997	-0.037192982456140444
BRD-K09900591	0.06090007627765057	0.03949656750572081	-0.021403508771929758
BRD-K61397605	0.06060259344012195	0.013760488176964153	-0.046842105263157796
BRD-K51662849	0.060076277650648345	0.024286803966437835	-0.03578947368421051
BRD-K11267252	0.059862700228832964	0.04933638443935928	-0.010526315789473684
BRD-A64553394	0.05972540045766593	0.054462242562929086	-0.005263157894736842
BRD-K95785345	0.059481311975591034	0.03491990846681914	-0.024561403508771895
BRD-A39935389	0.05930587337909994	0.019832189168573613	-0.03947368421052633
BRD-K94559059	0.059145690312738475	0.019847444698703365	-0.03929824561403511
BRD-K26305185	0.05912280701754391	0.027368421052631597	-0.03175438596491231
BRD-K78960041	0.05906941266209001	0.030999237223493514	-0.028070175438596495
BRD-K90374350	0.058802440884820756	0.007749809305873379	-0.05105263157894738
BRD-K87774949	0.058520213577421806	0.05325705568268496	-0.005263157894736842
BRD-K48195801	0.05841342486651413	0.0401678108314264	-0.01824561403508773
BRD-K21361524	0.0583905415713196	0.029794050343249424	-0.028596491228070176
BRD-K01029106	0.05838291380625479	0.011014492753623206	-0.04736842105263158
BRD-K69172251	0.05836765827612507	0.029946605644546126	-0.028421052631578948
BRD-K19284129	0.05832189168573608	0.02077803203661327	-0.03754385964912281
BRD-K79633074	0.05792524790236464	0.011609458428680441	-0.0463157894736842
BRD-K12787259	0.05788710907704042	0.04648360030511056	-0.01140350877192986
BRD-K72533376	0.05771167048054915	0.015957284515636938	-0.04175438596491221
BRD-K26838195	0.05770404271548424	0.016475972540045736	-0.0412280701754385
BRD-K20722021	0.05742181540808544	0.05005339435545386	-0.007368421052631579
BRD-K60230970	0.05723874904652937	0.0530282227307399	-0.004210526315789474
BRD-K16485616	0.05709382151029747	0.004286803966437831	-0.052807017543859636
BRD-K29905972	0.057078565980167806	0.004622425629290605	-0.0524561403508772
BRD-K49049886	0.0568421052631579	0.04421052631578948	-0.01263157894736842
BRD-K11853856	0.05654462242562937	0.049702517162471385	-0.006842105263157983
BRD-K33610132	0.056384439359267846	0.030770404271548535	-0.02561403508771931
BRD-K16551357	0.056331045003813945	0.03966437833714723	-0.01666666666666672
BRD-K88506063	0.05531655225019064	0.04373760488176959	-0.011578947368421053
BRD-A79981887	0.055163996948893956	0.03235697940503435	-0.02280701754385961
BRD-K93754473	0.054736842105263195	0.0031578947368421373	-0.05157894736842106
BRD-K24603946	0.05453852021357747	0.007170099160945853	-0.047368421052631615
BRD-K55675242	0.05448512585812358	0.026239511823035855	-0.028245614035087727
BRD-K21937671	0.05445461479786429	0.02234935163996954	-0.03210526315789475
BRD-K99383816	0.05430968726163232	0.040976353928299014	-0.013333333333333308
BRD-K78086729	0.0537909992372235	0.011334858886346302	-0.04245614035087719
BRD-K62213621	0.053760488176964154	0.04007627765064836	-0.01368421052631579
BRD-K18849474	0.05371472158657513	0.015118230358504958	-0.03859649122807017
BRD-K00615600	0.05340198321891687	0.006559877955758964	-0.04684210526315791
BRD-K37798499	0.0531807780320366	0.03949656750572081	-0.01368421052631579
BRD-K29458283	0.052814645308924546	0.031060259344012242	-0.021754385964912304
BRD-K67844266	0.052631578947368474	0.013684210526315743	-0.03894736842105273
BRD-K97464279	0.052463768115942035	0.029305873379099928	-0.023157894736842106
BRD-K63126190	0.05242562929061786	0.02768878718535469	-0.024736842105263168
BRD-A14240607	0.05132723112128157	0.018169336384439405	-0.033157894736842164
BRD-K28907958	0.05110602593440117	0.029000762776506428	-0.022105263157894735
BRD-K99545815	0.05106025934401222	0.034218154080854324	-0.016842105263157894
BRD-K89085489	0.050686498855835205	0.014370709382151015	-0.03631578947368419
BRD-K43187018	0.0506788710907704	0.047520976353928296	-0.003157894736842105
BRD-K64538373	0.05035087719298248	0.04105263157894734	-0.009298245614035139
BRD-K49555808	0.04940503432494286	0.007124332570556827	-0.04228070175438603
BRD-A81129465	0.049191456903127484	0.023401983218916955	-0.02578947368421053
BRD-K73319509	0.04919145690312743	0.02234935163996954	-0.02684210526315789
BRD-K79254416	0.048604118993134944	0.040183066361556	-0.008421052631578947
BRD-K26997899	0.04831426392067126	0.011823035850495822	-0.036491228070175435
BRD-K56483981	0.04819221967963386	0.04398169336384439	-0.004210526315789474
BRD-K81332461	0.047948131197559196	0.04093058733791005	-0.007017543859649145
BRD-K54395039	0.04744469870327996	0.005339435545385206	-0.04210526315789476
BRD-K70246307	0.04714721586575141	0.030831426392067124	-0.016315789473684283
BRD-K62762455	0.047078565980167686	0.023569794050343207	-0.02350877192982448
BRD-K19687926	0.04701754385964914	0.012631578947368438	-0.0343859649122807
BRD-A47706533	0.046887871853546814	0.02916857360793279	-0.017719298245614024
BRD-K49027941	0.04666666666666666	0.02421052631578946	-0.0224561403508772
BRD-K69116396	0.04596491228070165	0.013684210526315743	-0.03228070175438591
BRD-K20755323	0.04572082379862701	0.026422578184591927	-0.019298245614035085
BRD-K42756753	0.04558352402745995	0.016109839816933636	-0.02947368421052632
BRD-K11510141	0.045453852021357766	0.03896262395118233	-0.00649122807017544
BRD-K37379014	0.045247902364607184	0.022440884820747575	-0.02280701754385961
BRD-K70511574	0.0451563691838291	0.04410373760488173	-0.0010526315789473684
BRD-K26253904	0.04456140350877191	0.0094736842105263	-0.03508771929824561
BRD-K68408467	0.044149504195270785	0.01432494279176201	-0.029824561403508774
BRD-K09397065	0.044065598779557597	0.022486651411136538	-0.02157894736842106
BRD-A93695607	0.044012204424103724	0.03980167810831425	-0.004210526315789474
BRD-A50049929	0.04396643783371468	0.02326468344774979	-0.020701754385964888
BRD-K77245796	0.04342486651411148	0.026758199847444764	-0.01666666666666672
BRD-A59303141	0.04333333333333331	0.011578947368421022	-0.031754385964912285
BRD-A66419424	0.04315789473684206	0.021052631578947323	-0.02210526315789474
BRD-K17294426	0.043119755911517954	0.022593440122044228	-0.020526315789473726
BRD-K57080016	0.04199847444698711	0.010770404271548517	-0.03122807017543859
BRD-K22025381	0.04178489702517163	0.01967963386727689	-0.022105263157894735
BRD-K62374002	0.04154080854309689	0.040488176964149525	-0.0010526315789473684
BRD-K99879819	0.041479786422578185	0.021128909229595733	-0.020350877192982453
BRD-K00662280	0.04106788710907705	0.03369946605644547	-0.007368421052631579
BRD-K58466253	0.04081617086193745	0.023798627002288325	-0.017017543859649122
BRD-K92968657	0.040701754385964795	0.02421052631578946	-0.016491228070175334
BRD-K94353609	0.039641495041952746	0.002273073989321195	-0.03736842105263155
BRD-A28329383	0.03961098398169337	0.035225019069412666	-0.0043859649122807015
BRD-K67578145	0.039549961861174716	0.02639206712433257	-0.013157894736842146
BRD-K65814004	0.039435545385202074	0.021540808543096812	-0.017894736842105262
BRD-K10670311	0.03929824561403507	0.015087719298245594	-0.024210526315789474
BRD-K09090949	0.039122807017543906	0.001052631578947416	-0.03807017543859649
BRD-K43644456	0.03871853546910753	0.033104500381388235	-0.0056140350877192935
BRD-K28383148	0.03842105263157891	0.002105263157894721	-0.03631578947368419
BRD-A55962179	0.037894736842105294	0.0031578947368421373	-0.034736842105263156
BRD-K64052750	0.03765827612509534	0.019588100686498855	-0.01807017543859649
BRD-K75466013	0.037437070938215106	0.013928299008390543	-0.023508771929824562
BRD-K89561498	0.037368421052631606	0.011578947368421022	-0.025789473684210584
BRD-K21718444	0.036948893974065644	0.0008085430968726159	-0.03614035087719303
BRD-A11990600	0.03639206712433259	0.005339435545385206	-0.031052631578947387
BRD-K36234266	0.03607170099160955	0.007124332570556827	-0.02894736842105272
BRD-K24696047	0.03565217391304343	0.02231884057971012	-0.013333333333333308
BRD-K83022601	0.03543859649122807	0.024912280701754386	-0.010526315789473684
BRD-K72231366	0.03543859649122807	0.032280701754385965	-0.003157894736842105
BRD-K21547160	0.034774980930587424	0.013196033562166285	-0.021578947368421142
BRD-K36788280	0.03457665903890167	0.029138062547673538	-0.0054385964912281315
BRD-K24593301	0.03438596491228074	0.01473684210526316	-0.019649122807017583
BRD-K36363294	0.034103737604881834	0.012875667429443238	-0.021228070175438596
BRD-K67511046	0.03408085430968727	0.014080854309687266	-0.02
BRD-K60237333	0.03408085430968726	0.018291380625476736	-0.015789473684210527
BRD-K99604664	0.03403508771929827	0.0031578947368421373	-0.030877192982456135
BRD-K16338837	0.03336384439359271	0.030205949656750608	-0.003157894736842105
BRD-K24844714	0.0330129672006102	0.007048054919908453	-0.025964912280701746
BRD-K47049295	0.032982456140350835	0.02631578947368418	-0.006666666666666654
BRD-A54275602	0.03263157894736837	0.0063157894736841635	-0.02631578947368421
BRD-A60197193	0.032448512585812384	0.013852021357742217	-0.018596491228070167
BRD-K85849709	0.03221967963386728	0.028009153318077802	-0.004210526315789474
BRD-K85146014	0.031228070175438577	0.0094736842105263	-0.021754385964912276
BRD-A53151380	0.030701754385965008	0.0052631578947368585	-0.02543859649122815
BRD-K03289018	0.030655987795575837	0.010129672006102153	-0.020526315789473684
BRD-A49765801	0.03057208237986269	0.024256292906178478	-0.00631578947368421
BRD-K34851558	0.03028222730739893	0.01238749046529367	-0.017894736842105262
BRD-A03932035	0.03017543859649119	0.011578947368421022	-0.018596491228070167
BRD-A45498368	0.02947368421052627	0.021052631578947323	-0.008421052631578947
BRD-K24556098	0.029153318077803254	0.028100686498855887	-0.0010526315789473684
BRD-K11851476	0.02762013729977115	0.011655225019069411	-0.015964912280701737
BRD-K13169950	0.02754385964912284	0.010526315789473717	-0.017017543859649122
BRD-K92241597	0.026636155606407322	0.023478260869565216	-0.003157894736842105
BRD-K72815923	0.026209000762776602	0.020244088482074818	-0.005964912280701784
BRD-K43389698	0.024942791762013812	0.023890160183066445	-0.0010526315789473684
BRD-K40175214	0.02491990846681926	0.013516399694889401	-0.01140350877192986
BRD-K86118762	0.024866514111365392	0.021708619374523286	-0.003157894736842105
BRD-K01653460	0.024843630816170865	0.009229595728451563	-0.015614035087719302
BRD-K95785537	0.024561403508771895	0.004210526315789442	-0.020350877192982453
BRD-K92093830	0.02445461479786426	0.009717772692601101	-0.014736842105263158
BRD-K11244467	0.02433257055682689	0.020122044241037418	-0.004210526315789474
BRD-K50140147	0.02405797101449284	0.012479023646071785	-0.011578947368421053
BRD-K50853363	0.024035087719298298	0.010526315789473717	-0.013508771929824581
BRD-K62200014	0.02361556064073221	0.006071700991609459	-0.01754385964912275
BRD-K99946902	0.021929824561403577	0.0094736842105263	-0.012456140350877276
BRD-K67536197	0.021670480549199067	0.010617848970251642	-0.011052631578947425
BRD-A70649075	0.021281464530892445	0.01707093821510297	-0.004210526315789474
BRD-K03294269	0.020625476735316506	0.0030816170861937	-0.017543859649122806
BRD-K38197229	0.0202440884820748	0.01498093058733796	-0.005263157894736842
BRD-K13566078	0.02017543859649126	0.0031578947368421373	-0.017017543859649122
BRD-K39841531	0.02017543859649123	0.00736842105263158	-0.012807017543859649
BRD-K30519779	0.019649122807017583	0.00736842105263158	-0.012280701754386003
BRD-K21283037	0.019191456903127416	0.01708619374523268	-0.002105263157894737
BRD-K83607951	0.01902364607170099	0.011655225019069411	-0.007368421052631579
BRD-K40308497	0.018070175438596486	0.0052631578947368585	-0.012807017543859628
BRD-K12885236	0.01789473684210531	0.001052631578947416	-0.016842105263157894
BRD-K92991072	0.01765064836003051	0.011334858886346302	-0.00631578947368421
BRD-K96006502	0.01620900076277654	0.009717772692601101	-0.00649122807017544
BRD-A55913614	0.01607170099160946	0.01238749046529367	-0.00368421052631579
BRD-K92428153	0.015964912280701737	0.002105263157894721	-0.013859649122807016
BRD-A25569250	0.015789473684210544	0.012631578947368438	-0.003157894736842105
BRD-K40438880	0.015789473684210496	0.004210526315789442	-0.011578947368421053
BRD-K55044200	0.015789473684210496	0.011578947368421022	-0.004210526315789474
BRD-K82928847	0.015545385202135775	0.01238749046529367	-0.003157894736842105
BRD-K09132007	0.015057208237986269	0.014004576659038901	-0.0010526315789473684
BRD-K18250272	0.014843630816170881	0.0050190694126620895	-0.009824561403508791
BRD-K13390322	0.01473684210526311	0.013684210526315743	-0.0010526315789473684
BRD-K82823804	0.014416475972540112	0.011258581235698006	-0.003157894736842105
BRD-K75649340	0.013684210526315837	0.008421052631578996	-0.005263157894736842
BRD-K72726508	0.01109077040427155	0.0068802440884820765	-0.004210526315789474
BRD-A08545410	0.010350877192982527	0.001052631578947416	-0.009298245614035111
BRD-K50590187	0.0073684210526315476	0.004210526315789442	-0.003157894736842105
BRD-K54187111	0.006315789473684227	0.0052631578947368585	-0.0010526315789473684
BRD-K97365803	0.005263157894736811	0.004210526315789442	-0.0010526315789473684
BRD-K08586861	0.0	0.0	-0.03315789473684211
BRD-K68395654	0.0	0.0	-0.16210526315789475
BRD-K02594908	0.0	0.0	-0.10526315789473684
BRD-K73237276	0.0	0.0	-0.11350877192982456
BRD-K26823213	0.0	0.0	-0.02824561403508774
BRD-K93441486	0.0	0.0	-0.1501754385964912
BRD-A50998626	0.0	0.0	-0.056842105263157916
