Compound	CMap_Score	a_score	b_score
BRD-K92428153	1.0709750566893426	0.8692743764172336	-0.2017006802721089
BRD-K71106091	0.9935374149659864	0.6877551020408164	-0.30578231292517005
BRD-K90027355	0.9868480725623583	0.6502267573696145	-0.3366213151927438
BRD-K52762805	0.8907029478458051	0.7189342403628118	-0.17176870748299322
BRD-K09416995	0.844671201814059	0.4324263038548753	-0.4122448979591837
BRD-K25279140	0.8377551020408164	0.7688208616780046	-0.06893424036281182
BRD-K86687746	0.8049886621315192	0.6517006802721088	-0.1532879818594104
BRD-M80207679	0.8007936507936508	0.5193877551020408	-0.28140589569160995
BRD-K64800655	0.7993197278911566	0.6596371882086168	-0.13968253968253969
BRD-K26657438	0.7975056689342404	0.4468253968253968	-0.3506802721088435
BRD-A84174393	0.7896825396825397	0.7736961451247165	-0.015986394557823136
BRD-K47114202	0.7858276643990929	0.44784580498866217	-0.3379818594104308
BRD-K39252998	0.7763038548752835	0.607936507936508	-0.1683673469387755
BRD-K81458380	0.7726757369614513	0.46734693877551026	-0.30532879818594105
BRD-K82928847	0.7722222222222224	0.6273242630385488	-0.14489795918367349
BRD-K51313569	0.7648526077097506	0.5207482993197279	-0.24410430839002273
BRD-K38305202	0.7630385487528345	0.7310657596371882	-0.03197278911564627
BRD-K13087974	0.7472789115646258	0.5165532879818594	-0.2307256235827664
BRD-A20239487	0.7396825396825397	0.5922902494331066	-0.14739229024943312
BRD-K90382497	0.736734693877551	0.4806122448979592	-0.25612244897959185
BRD-A42746051	0.7343537414965986	0.5880952380952381	-0.14625850340136054
BRD-K97010173	0.7287981859410431	0.5087301587301587	-0.22006802721088436
BRD-K48141473	0.723015873015873	0.6064625850340136	-0.11655328798185938
BRD-K71847383	0.7192743764172336	0.4876417233560091	-0.23163265306122446
BRD-A27887842	0.7124716553287983	0.5444444444444445	-0.16802721088435377
BRD-K95581532	0.7091836734693877	0.556235827664399	-0.15294784580498866
BRD-K85402309	0.7082766439909297	0.4548752834467121	-0.25340136054421764
BRD-K35189033	0.7051020408163264	0.5439909297052153	-0.1611111111111111
BRD-K62607865	0.7002267573696146	0.5671201814058957	-0.13310657596371883
BRD-K87349682	0.7000000000000001	0.5069160997732427	-0.19308390022675734
BRD-K84810405	0.6995464852607709	0.46870748299319726	-0.2308390022675737
BRD-K69195780	0.6943310657596372	0.6638321995464853	-0.0304988662131519
BRD-K99498722	0.6901360544217687	0.3785714285714286	-0.31156462585034017
BRD-K50590187	0.6895691609977324	0.47619047619047616	-0.2133786848072562
BRD-K26756394	0.6891156462585034	0.44580498866213153	-0.24331065759637188
BRD-A22081593	0.6891156462585033	0.4975056689342403	-0.19160997732426305
BRD-K19333160	0.6884353741496598	0.5926303854875283	-0.0958049886621315
BRD-K07265709	0.6858276643990929	0.30419501133786847	-0.38163265306122446
BRD-K97746869	0.6856009070294784	0.4391156462585034	-0.24648526077097505
BRD-K89714990	0.6833333333333333	0.4709750566893424	-0.21235827664399093
BRD-K78177893	0.6833333333333333	0.5515873015873016	-0.13174603174603172
BRD-K27316855	0.6807256235827663	0.5382086167800453	-0.14251700680272109
BRD-K52662033	0.6785714285714285	0.3984126984126984	-0.2801587301587301
BRD-K95292280	0.6735827664399093	0.4493197278911565	-0.22426303854875282
BRD-K10799896	0.6725623582766439	0.4879818594104308	-0.18458049886621308
BRD-K63736853	0.6722222222222222	0.5269841269841269	-0.14523809523809525
BRD-K31086665	0.6693877551020408	0.46145124716553293	-0.20793650793650792
BRD-K58435339	0.6664399092970522	0.5122448979591837	-0.1541950113378685
BRD-K66527818	0.6646258503401361	0.38945578231292516	-0.2751700680272109
BRD-A81513827	0.6612244897959184	0.5441043083900228	-0.11712018140589564
BRD-K11510141	0.6604308390022676	0.3710884353741497	-0.2893424036281179
BRD-K42191735	0.6598639455782314	0.3708616780045352	-0.2890022675736962
BRD-K63068307	0.6563492063492065	0.46916099773242637	-0.1871882086167801
BRD-K93754473	0.6562358276643991	0.2816326530612245	-0.37460317460317466
BRD-K59983611	0.653514739229025	0.3003401360544218	-0.3531746031746032
BRD-K39987650	0.6532879818594105	0.545578231292517	-0.10770975056689343
BRD-K79131256	0.6526077097505669	0.37108843537414965	-0.2815192743764173
BRD-A99888680	0.6509070294784581	0.5226757369614513	-0.1282312925170068
BRD-K62213621	0.6496598639455782	0.5255102040816326	-0.12414965986394555
BRD-A08840375	0.6493197278911564	0.3901360544217687	-0.25918367346938775
BRD-K06814349	0.648639455782313	0.5031746031746032	-0.14546485260770975
BRD-K26603252	0.6484126984126983	0.49761904761904757	-0.1507936507936508
BRD-K28824103	0.6461451247165533	0.3659863945578231	-0.2801587301587302
BRD-K09602097	0.6456916099773242	0.4545351473922903	-0.19115646258503394
BRD-A92439610	0.6434240362811791	0.4775510204081632	-0.16587301587301584
BRD-K82823804	0.6419501133786849	0.4757369614512472	-0.16621315192743763
BRD-A24514565	0.6419501133786848	0.5955782312925171	-0.046371882086167715
BRD-K41876534	0.6403628117913833	0.5887755102040817	-0.051587301587301584
BRD-K85307935	0.6388888888888888	0.34795918367346934	-0.29092970521541955
BRD-K46862739	0.6384353741496598	0.3572562358276644	-0.2811791383219954
BRD-K83837640	0.6375283446712018	0.2972789115646258	-0.34024943310657596
BRD-M92675308	0.63718820861678	0.5843537414965987	-0.05283446712018141
BRD-A30582499	0.6368480725623582	0.35884353741496594	-0.27800453514739226
BRD-K17472821	0.6367346938775511	0.32460317460317456	-0.3121315192743765
BRD-K81016934	0.6341269841269841	0.4963718820861678	-0.1377551020408163
BRD-K74193284	0.634013605442177	0.3680272108843538	-0.2659863945578232
BRD-K33379087	0.6337868480725624	0.40907029478458046	-0.22471655328798187
BRD-K29173907	0.6337868480725622	0.5458049886621315	-0.0879818594104308
BRD-K68938568	0.6327664399092972	0.5856009070294785	-0.04716553287981859
BRD-K29415052	0.6324263038548754	0.4243764172335601	-0.20804988662131524
BRD-K47337578	0.6319727891156462	0.5446712018140589	-0.0873015873015873
BRD-K30519779	0.6316326530612244	0.5439909297052153	-0.08764172335600912
BRD-A71725768	0.6310657596371883	0.3888888888888889	-0.2421768707482993
BRD-K16338837	0.6300453514739229	0.3980725623582766	-0.23197278911564634
BRD-K00662280	0.6281179138321995	0.4250566893424036	-0.20306122448979594
BRD-K80608265	0.6263038548752834	0.5441043083900227	-0.08219954648526073
BRD-K23566484	0.6255102040816326	0.39399092970521543	-0.23151927437641717
BRD-K76973696	0.625170068027211	0.4386621315192744	-0.1865079365079365
BRD-K02900412	0.6235827664399093	0.4693877551020408	-0.15419501133786848
BRD-K49071277	0.6234693877551021	0.36859410430839	-0.254875283446712
BRD-A57833392	0.623015873015873	0.42585034013605444	-0.19716553287981853
BRD-K16505263	0.6229024943310657	0.25260770975056684	-0.37029478458049886
BRD-K18779551	0.6202947845804989	0.468140589569161	-0.15215419501133787
BRD-K97799481	0.6193877551020408	0.4264172335600907	-0.1929705215419501
BRD-A60197193	0.6189342403628117	0.5207482993197279	-0.09818594104308387
BRD-K36529613	0.61859410430839	0.4104308390022676	-0.20816326530612245
BRD-K14003026	0.6184807256235827	0.5741496598639455	-0.04433106575963719
BRD-K43644456	0.6174603174603175	0.4191609977324263	-0.19829931972789117
BRD-K13302470	0.6174603174603175	0.37766439909297056	-0.23979591836734693
BRD-K21937671	0.616326530612245	0.3840136054421769	-0.23231292517006802
BRD-A91831168	0.614172335600907	0.48730158730158735	-0.12687074829931966
BRD-K37312348	0.6126984126984127	0.35850340136054426	-0.25419501133786854
BRD-K58529924	0.610997732426304	0.430952380952381	-0.18004535147392298
BRD-K16195444	0.6104308390022676	0.4250566893424036	-0.18537414965986398
BRD-K88172511	0.610204081632653	0.4145124716553288	-0.19569160997732427
BRD-K28192623	0.6099773242630384	0.40544217687074824	-0.20453514739229023
BRD-K26011976	0.6092970521541949	0.3136054421768707	-0.29569160997732424
BRD-K80725821	0.6092970521541949	0.4390022675736961	-0.17029478458049888
BRD-K74514084	0.608843537414966	0.4024943310657596	-0.20634920634920637
BRD-K37561857	0.6064625850340135	0.4479591836734694	-0.1585034013605442
BRD-K54838207	0.6054421768707483	0.28537414965986396	-0.3200680272108844
BRD-A59303141	0.605328798185941	0.526984126984127	-0.07834467120181404
BRD-K01773560	0.6048752834467119	0.459297052154195	-0.1455782312925169
BRD-K87696786	0.6045351473922902	0.46281179138322	-0.14172335600907027
BRD-K33588785	0.6036281179138322	0.3937641723356009	-0.20986394557823126
BRD-K28383148	0.6022675736961451	0.4562358276643991	-0.14603174603174607
BRD-A13133631	0.6021541950113378	0.4718820861678004	-0.13027210884353746
BRD-K09549677	0.6003401360544218	0.2429705215419501	-0.35736961451247173
BRD-K22588750	0.6002267573696145	0.5102040816326531	-0.09002267573696143
BRD-K54847683	0.5995464852607709	0.46281179138321993	-0.136734693877551
BRD-K97464279	0.5986394557823129	0.26587301587301587	-0.33276643990929705
BRD-A44500574	0.5978458049886621	0.32868480725623583	-0.2691609977324263
BRD-K72726508	0.5972789115646259	0.5615646258503402	-0.03571428571428571
BRD-K11071038	0.5971655328798187	0.3884353741496599	-0.20873015873015877
BRD-K34851558	0.5970521541950113	0.5387755102040817	-0.0582766439909297
BRD-K78126613	0.5968253968253967	0.40873015873015867	-0.1880952380952381
BRD-K91370081	0.5960317460317461	0.32346938775510203	-0.27256235827664405
BRD-K92723993	0.5951247165532879	0.28242630385487527	-0.31269841269841264
BRD-K18910433	0.5944444444444443	0.21882086167800452	-0.37562358276643987
BRD-K37379014	0.5943310657596372	0.4057823129251701	-0.18854875283446715
BRD-K54955827	0.5935374149659863	0.5558956916099773	-0.037641723356009016
BRD-A94624445	0.5924036281179139	0.3602040816326531	-0.23219954648526075
BRD-K17610631	0.5904761904761905	0.3604308390022676	-0.2300453514739229
BRD-K86003836	0.5901360544217686	0.25963718820861675	-0.33049886621315194
BRD-K21025364	0.5900226757369613	0.5117913832199545	-0.07823129251700678
BRD-A54275602	0.5899092970521542	0.3360544217687075	-0.25385487528344675
BRD-M97302542	0.5892290249433108	0.42664399092970523	-0.16258503401360547
BRD-K14991967	0.5888888888888889	0.5094104308390023	-0.07947845804988662
BRD-K37237504	0.5874149659863945	0.40963718820861683	-0.17777777777777776
BRD-K38197229	0.5854875283446712	0.5768707482993197	-0.008616780045351474
BRD-K26838195	0.584467120181406	0.3835600907029479	-0.20090702947845807
BRD-K48488978	0.5842403628117914	0.2481859410430839	-0.3360544217687075
BRD-A34751532	0.5839002267573695	0.44104308390022673	-0.1428571428571428
BRD-K81839095	0.5835600907029479	0.37630385487528345	-0.20725623582766445
BRD-K70301465	0.5832199546485262	0.39433106575963717	-0.18888888888888894
BRD-K79555887	0.5829931972789115	0.5029478458049886	-0.08004535147392292
BRD-K06593056	0.5826530612244898	0.28526077097505664	-0.2973922902494331
BRD-K70402238	0.5821995464852608	0.25170068027210885	-0.330498866213152
BRD-K80431395	0.5817460317460317	0.29149659863945576	-0.2902494331065759
BRD-K21547160	0.5790249433106577	0.4519274376417234	-0.1270975056689343
BRD-A93695607	0.5775510204081632	0.3112244897959183	-0.26632653061224487
BRD-A11551002	0.5763038548752835	0.40680272108843535	-0.16950113378684806
BRD-A09349126	0.57562358276644	0.40487528344671203	-0.1707482993197279
BRD-K05638300	0.5752834467120181	0.35839002267573694	-0.2168934240362812
BRD-K35629949	0.5743764172335601	0.36281179138322	-0.21156462585034008
BRD-K26530649	0.5740362811791383	0.25578231292517	-0.3182539682539683
BRD-K73197500	0.5723356009070295	0.36009070294784584	-0.21224489795918366
BRD-K96153583	0.5719954648526078	0.2368480725623583	-0.3351473922902494
BRD-K62008436	0.5698412698412699	0.37131519274376423	-0.1985260770975057
BRD-K07106112	0.5697278911564626	0.42448979591836733	-0.14523809523809525
BRD-A97739905	0.5696145124716554	0.31655328798185944	-0.25306122448979596
BRD-K63504947	0.5692743764172336	0.3282312925170068	-0.24104308390022677
BRD-K66030860	0.5642857142857143	0.3806122448979592	-0.18367346938775514
BRD-K84091759	0.5637188208616781	0.4924036281179139	-0.07131519274376419
BRD-K21528677	0.5634920634920636	0.5041950113378686	-0.05929705215419501
BRD-K88677950	0.5630385487528344	0.542063492063492	-0.02097505668934241
BRD-K38003476	0.5616780045351474	0.5242630385487528	-0.03741496598639456
BRD-K20545304	0.5615646258503402	0.396031746031746	-0.1655328798185941
BRD-K89839824	0.5615646258503401	0.5087301587301587	-0.05283446712018139
BRD-K48578705	0.5613378684807255	0.3164399092970521	-0.24489795918367346
BRD-K60160658	0.5607709750566894	0.2570294784580499	-0.30374149659863947
BRD-K14618467	0.5607709750566894	0.3996598639455783	-0.16111111111111112
BRD-K21782625	0.5607709750566893	0.35498866213151925	-0.20578231292517005
BRD-K96344439	0.560204081632653	0.40068027210884355	-0.1595238095238095
BRD-K96424892	0.5599773242630386	0.5520408163265307	-0.007936507936507936
BRD-A72711497	0.5599773242630385	0.4527210884353742	-0.1072562358276643
BRD-K23190681	0.5566893424036281	0.46893424036281184	-0.08775510204081627
BRD-K26997899	0.5561224489795917	0.2304988662131519	-0.3256235827664399
BRD-K70511574	0.5556689342403629	0.44727891156462585	-0.108390022675737
BRD-A10070317	0.5537414965986396	0.4656462585034014	-0.08809523809523812
BRD-K43389698	0.5514739229024943	0.4292517006802721	-0.12222222222222223
BRD-K61192372	0.551360544217687	0.2843537414965986	-0.26700680272108845
BRD-K58148589	0.5512471655328799	0.2734693877551021	-0.27777777777777785
BRD-K46690591	0.5498866213151927	0.3682539682539683	-0.1816326530612245
BRD-A13964793	0.5497732426303855	0.5192743764172336	-0.0304988662131519
BRD-K09372874	0.5493197278911564	0.31326530612244896	-0.23605442176870745
BRD-K32285926	0.5488662131519275	0.39603174603174607	-0.15283446712018145
BRD-K31476763	0.5480725623582767	0.4094104308390023	-0.13866213151927437
BRD-A03932035	0.5477324263038549	0.3876417233560091	-0.16009070294784578
BRD-K00077635	0.5477324263038548	0.27698412698412694	-0.2707482993197279
BRD-K07202345	0.5475056689342404	0.3354875283446712	-0.2120181405895692
BRD-K92968657	0.5469387755102041	0.17199546485260775	-0.37494331065759634
BRD-K72533376	0.546485260770975	0.4392290249433106	-0.10725623582766441
BRD-K89053832	0.5458049886621316	0.3422902494331066	-0.20351473922902494
BRD-K35687421	0.5453514739229025	0.4003401360544218	-0.14501133786848072
BRD-K25340465	0.5452380952380952	0.43582766439909293	-0.10941043083900226
BRD-K53734668	0.5446712018140589	0.5095238095238095	-0.035147392290249435
BRD-K42495768	0.5443310657596373	0.5192743764172336	-0.025056689342403682
BRD-K40787673	0.5443310657596372	0.4120181405895692	-0.13231292517006799
BRD-K72167406	0.54421768707483	0.40816326530612246	-0.13605442176870752
BRD-K26026438	0.5437641723356009	0.4709750566893424	-0.0727891156462585
BRD-K72951360	0.5436507936507936	0.3843537414965986	-0.15929705215419498
BRD-K43457670	0.5427437641723355	0.48730158730158724	-0.055442176870748296
BRD-K57080016	0.5426303854875284	0.4022675736961452	-0.1403628117913832
BRD-K59369769	0.541609977324263	0.29569160997732424	-0.24591836734693873
BRD-K18157228	0.540702947845805	0.3120181405895691	-0.22868480725623583
BRD-K49313711	0.5405895691609978	0.20804988662131518	-0.3325396825396826
BRD-K52313696	0.5396825396825397	0.4975056689342403	-0.04217687074829932
BRD-K03601870	0.5383219954648526	0.38469387755102047	-0.15362811791383219
BRD-K10845183	0.5382086167800455	0.3098639455782314	-0.22834467120181406
BRD-K40496271	0.5382086167800454	0.5092970521541951	-0.02891156462585034
BRD-K36627727	0.5382086167800453	0.42222222222222217	-0.11598639455782311
BRD-K56334280	0.5382086167800453	0.2602040816326531	-0.27800453514739226
BRD-K03109492	0.5365079365079365	0.42097505668934243	-0.11553287981859409
BRD-K74305673	0.536281179138322	0.2826530612244898	-0.25362811791383216
BRD-K26818574	0.5320861678004535	0.3833333333333333	-0.14875283446712018
BRD-K13756951	0.5315192743764172	0.3047619047619048	-0.22675736961451243
BRD-K57927309	0.5309523809523811	0.34727891156462587	-0.18367346938775514
BRD-A11990600	0.5306122448979592	0.35102040816326535	-0.17959183673469387
BRD-K69650333	0.530498866213152	0.363265306122449	-0.16723356009070295
BRD-K92657060	0.5302721088435374	0.3187074829931973	-0.21156462585034008
BRD-K85554912	0.5290249433106575	0.2789115646258503	-0.25011337868480726
BRD-K56405753	0.5282312925170067	0.4985260770975056	-0.029705215419501135
BRD-K87112191	0.5273242630385488	0.3682539682539683	-0.1590702947845805
BRD-K37720887	0.5270975056689342	0.476984126984127	-0.05011337868480725
BRD-K11244467	0.5257369614512472	0.2264172335600907	-0.29931972789115646
BRD-K81197548	0.5252834467120181	0.28707482993197275	-0.23820861678004535
BRD-K83022601	0.5244897959183674	0.4001133786848073	-0.1243764172335601
BRD-K65877271	0.5230158730158729	0.3815192743764172	-0.1414965986394558
BRD-A25687296	0.5219954648526077	0.4374149659863945	-0.08458049886621322
BRD-K09426783	0.5216553287981859	0.30804988662131516	-0.21360544217687072
BRD-K13167095	0.5214285714285716	0.21530612244897962	-0.3061224489795919
BRD-A71033472	0.5207482993197279	0.4383219954648526	-0.08242630385487526
BRD-K36363294	0.5205215419501134	0.18446712018140587	-0.3360544217687075
BRD-K58770988	0.5202947845804988	0.41666666666666663	-0.1036281179138322
BRD-K26253904	0.5200680272108844	0.4936507936507937	-0.026417233560090708
BRD-K92872987	0.5200680272108843	0.2833333333333333	-0.23673469387755097
BRD-K55703048	0.5190476190476191	0.40442176870748303	-0.11462585034013606
BRD-K38332599	0.5187074829931972	0.43503401360544214	-0.0836734693877551
BRD-K53581288	0.5184807256235828	0.3756235827664399	-0.14285714285714285
BRD-K62965247	0.5183673469387755	0.3486394557823129	-0.16972789115646258
BRD-K13662825	0.5178004535147391	0.4304988662131519	-0.08730158730158721
BRD-K75466013	0.5174603174603175	0.2792517006802721	-0.23820861678004537
BRD-K07762753	0.5150793650793651	0.3512471655328799	-0.16383219954648526
BRD-K68408772	0.5149659863945578	0.34138321995464854	-0.1735827664399093
BRD-K45446451	0.513718820861678	0.287641723356009	-0.22607709750566893
BRD-K30990140	0.5134920634920634	0.4667800453514739	-0.04671201814058956
BRD-K76406695	0.513265306122449	0.28140589569161	-0.23185941043083902
BRD-K56291712	0.513265306122449	0.3861678004535147	-0.1270975056689343
BRD-A50049929	0.5126984126984127	0.45102040816326533	-0.06167800453514738
BRD-K54395039	0.5116780045351474	0.40895691609977325	-0.1027210884353742
BRD-K64381438	0.5107709750566893	0.40646258503401367	-0.10430839002267572
BRD-K60184833	0.5104308390022676	0.3164399092970521	-0.19399092970521542
BRD-K37723606	0.5099773242630385	0.31666666666666665	-0.19331065759637187
BRD-K42898655	0.5094104308390023	0.37403628117913834	-0.13537414965986397
BRD-K75009076	0.5090702947845805	0.35918367346938773	-0.14988662131519281
BRD-K33277808	0.5089569160997733	0.38594104308390026	-0.12301587301587302
BRD-K81473043	0.5088435374149659	0.4512471655328798	-0.057596371882086106
BRD-K01295354	0.5087301587301588	0.34455782312925176	-0.16417233560090705
BRD-K18375018	0.5080498866213152	0.2264172335600907	-0.2816326530612245
BRD-A36456202	0.5069160997732427	0.22970521541950117	-0.2772108843537415
BRD-K67536197	0.5064625850340136	0.291156462585034	-0.21530612244897962
BRD-K68693535	0.5060090702947846	0.4257369614512472	-0.08027210884353742
BRD-K49350383	0.5051020408163265	0.4035147392290249	-0.10158730158730159
BRD-K17555800	0.504421768707483	0.3489795918367347	-0.15544217687074835
BRD-K51199656	0.5038548752834466	0.2603174603174603	-0.2435374149659864
BRD-K76180386	0.5037414965986395	0.2934240362811792	-0.21031746031746032
BRD-K22025381	0.5024943310657597	0.2989795918367347	-0.20351473922902497
BRD-K24715592	0.502154195011338	0.40181405895691613	-0.10034013605442177
BRD-K18619710	0.5001133786848073	0.44489795918367353	-0.05521541950113373
BRD-K33127281	0.4998866213151928	0.42097505668934243	-0.07891156462585035
BRD-K76840893	0.4989795918367347	0.3736961451247166	-0.12528344671201808
BRD-K61250484	0.4986394557823129	0.3319727891156462	-0.16666666666666669
BRD-K24556407	0.49841269841269836	0.34977324263038545	-0.1486394557823129
BRD-K82861010	0.4982993197278912	0.3032879818594104	-0.1950113378684808
BRD-K08078237	0.49807256235827674	0.41643990929705216	-0.08163265306122458
BRD-K26634012	0.4979591836734693	0.41995464852607706	-0.07800453514739225
BRD-K17743125	0.49773242630385495	0.31315192743764175	-0.18458049886621317
BRD-K55462201	0.49773242630385484	0.31587301587301586	-0.181859410430839
BRD-K29254801	0.4953514739229025	0.2606575963718821	-0.2346938775510204
BRD-K30431096	0.4950113378684808	0.27142857142857146	-0.22358276643990932
BRD-K08547377	0.49433106575963726	0.3624716553287982	-0.13185941043083904
BRD-K59831625	0.49421768707483	0.484920634920635	-0.009297052154195011
BRD-K61228301	0.4935374149659864	0.37732426303854877	-0.11621315192743764
BRD-K39974922	0.49342403628117915	0.3266439909297052	-0.16678004535147395
BRD-K50168500	0.49217687074829936	0.37403628117913834	-0.11814058956916101
BRD-K59325863	0.4913832199546485	0.29070294784580497	-0.2006802721088435
BRD-K28352084	0.49002267573696134	0.38469387755102036	-0.10532879818594099
BRD-A74914197	0.48990929705215425	0.23469387755102045	-0.2552154195011338
BRD-K17026858	0.4899092970521542	0.40941043083900225	-0.08049886621315193
BRD-K08525451	0.4899092970521542	0.4165532879818594	-0.07335600907029477
BRD-K36711084	0.48990929705215414	0.36009070294784584	-0.1298185941043083
BRD-K48684885	0.4897959183673469	0.353514739229025	-0.13628117913832194
BRD-K92991072	0.4895691609977325	0.3996598639455783	-0.08990929705215422
BRD-K88568253	0.4894557823129252	0.1994331065759638	-0.2900226757369614
BRD-A57886255	0.48911564625850346	0.2195011337868481	-0.26961451247165535
BRD-A14240607	0.4891156462585034	0.47301587301587306	-0.016099773242630344
BRD-K97883416	0.4888888888888888	0.43945578231292515	-0.04943310657596367
BRD-K53414658	0.4885487528344671	0.40532879818594103	-0.08321995464852606
BRD-A12994259	0.48741496598639455	0.31224489795918364	-0.1751700680272109
BRD-K24556098	0.48696145124716556	0.27052154195011335	-0.2164399092970522
BRD-K13514097	0.4868480725623583	0.31938775510204087	-0.16746031746031742
BRD-K44084986	0.486734693877551	0.34535147392290244	-0.14138321995464853
BRD-K63712959	0.48650793650793644	0.27210884353741494	-0.2143990929705215
BRD-K67844266	0.4861678004535148	0.4563492063492064	-0.029818594104308427
BRD-K81225797	0.48616780045351476	0.48571428571428577	-0.00045351473922902497
BRD-A65248799	0.4860544217687075	0.33843537414965985	-0.14761904761904765
BRD-A53951045	0.48571428571428577	0.3816326530612245	-0.10408163265306122
BRD-K56277358	0.48571428571428577	0.4755102040816327	-0.010204081632653073
BRD-A98299281	0.48560090702947845	0.42097505668934243	-0.06462585034013604
BRD-K38350380	0.4856009070294784	0.42233560090702943	-0.06326530612244896
BRD-K83963101	0.4853741496598639	0.37517006802721087	-0.11020408163265305
BRD-K31491153	0.4852607709750567	0.36530612244897964	-0.11995464852607707
BRD-K16803204	0.48480725623582765	0.3112244897959183	-0.1735827664399093
BRD-K29582115	0.48469387755102045	0.4605442176870749	-0.024149659863945572
BRD-K98157055	0.4841269841269841	0.2122448979591836	-0.27188208616780046
BRD-K50000283	0.48401360544217686	0.32551020408163267	-0.15850340136054422
BRD-K05524748	0.4833333333333333	0.41666666666666663	-0.06666666666666667
BRD-K79612754	0.4824263038548753	0.2759637188208617	-0.20646258503401363
BRD-A91452556	0.4821995464852608	0.4063492063492064	-0.0758503401360544
BRD-A51571244	0.4817460317460318	0.34841269841269845	-0.13333333333333336
BRD-K37270826	0.4816326530612245	0.15476190476190477	-0.3268707482993197
BRD-K81694556	0.4815192743764172	0.1664399092970521	-0.31507936507936507
BRD-K81801188	0.4806122448979592	0.4747165532879819	-0.005895691609977272
BRD-K37687095	0.4793650793650793	0.3222222222222222	-0.15714285714285714
BRD-K25433859	0.4790249433106577	0.3528344671201814	-0.1261904761904763
BRD-K43578482	0.4789115646258503	0.43571428571428567	-0.04319727891156463
BRD-K21565985	0.47879818594104306	0.36190476190476195	-0.11689342403628111
BRD-K58466253	0.47823129251700686	0.44195011337868484	-0.036281179138321996
BRD-K51474575	0.47732426303854875	0.30215419501133783	-0.1751700680272109
BRD-K04111260	0.4770975056689343	0.4143990929705216	-0.0626984126984127
BRD-K87737963	0.47664399092970516	0.30102040816326525	-0.1756235827664399
BRD-K96006502	0.4756235827664399	0.4163265306122449	-0.05929705215419501
BRD-K02407574	0.4736961451247165	0.44659863945578226	-0.027097505668934208
BRD-K68507560	0.4727891156462586	0.3648526077097506	-0.107936507936508
BRD-K80480517	0.4719954648526077	0.16360544217687073	-0.30839002267573695
BRD-K22822991	0.4719954648526077	0.46643990929705215	-0.005555555555555556
BRD-K39160765	0.4718820861678005	0.35294784580498867	-0.11893424036281178
BRD-K11590034	0.46972789115646263	0.363265306122449	-0.10646258503401362
BRD-A27376179	0.4697278911564626	0.4252834467120181	-0.04444444444444444
BRD-K07612980	0.46938775510204084	0.25918367346938775	-0.21020408163265308
BRD-K70463136	0.4692743764172336	0.30895691609977327	-0.1603174603174603
BRD-K73309154	0.46916099773242625	0.27573696145124715	-0.19342403628117913
BRD-K17294426	0.46859410430838994	0.40464852607709745	-0.06394557823129249
BRD-A01643550	0.4683673469387755	0.4117913832199546	-0.0565759637188209
BRD-K36269323	0.4682539682539682	0.37823129251700677	-0.09002267573696143
BRD-K13044802	0.4678004535147392	0.29455782312925166	-0.17324263038548754
BRD-K08893438	0.467687074829932	0.4335600907029479	-0.034126984126984145
BRD-K05804044	0.4675736961451247	0.430952380952381	-0.0366213151927437
BRD-K88789588	0.46746031746031746	0.29126984126984123	-0.1761904761904762
BRD-K60369935	0.46734693877551015	0.3164399092970521	-0.15090702947845805
BRD-K15600710	0.4658730158730158	0.4043083900226757	-0.061564625850340116
BRD-K18518344	0.46553287981859415	0.40963718820861683	-0.055895691609977316
BRD-K93779381	0.46553287981859415	0.38106575963718825	-0.0844671201814059
BRD-K94455792	0.46473922902494336	0.2590702947845805	-0.20566893424036287
BRD-K20722021	0.4642857142857143	0.33650793650793653	-0.1277777777777778
BRD-K82135108	0.4641723356009071	0.42097505668934243	-0.04319727891156466
BRD-K40438880	0.46417233560090704	0.40634920634920635	-0.05782312925170068
BRD-K31812033	0.4622448979591836	0.28185941043083895	-0.18038548752834466
BRD-K22134346	0.46190476190476204	0.32959183673469394	-0.1323129251700681
BRD-K65377893	0.4617913832199547	0.3561224489795919	-0.1056689342403628
BRD-K28965160	0.46167800453514735	0.39557823129251696	-0.06609977324263039
BRD-K78318619	0.46122448979591835	0.3266439909297052	-0.13458049886621318
BRD-K06858286	0.4600907029478458	0.2746031746031746	-0.1854875283446712
BRD-K47150025	0.4600907029478458	0.21383219954648525	-0.24625850340136057
BRD-A07986123	0.4599773242630385	0.3450113378684807	-0.11496598639455782
BRD-K35960502	0.4592970521541949	0.29931972789115646	-0.15997732426303846
BRD-K43236057	0.45861678004535145	0.4249433106575964	-0.03367346938775506
BRD-A49035384	0.45839002267573703	0.2157596371882086	-0.2426303854875284
BRD-K99107520	0.45827664399092977	0.2874149659863946	-0.17086167800453517
BRD-A10977446	0.45804988662131524	0.26088435374149666	-0.19716553287981858
BRD-K13112821	0.45770975056689345	0.340249433106576	-0.11746031746031743
BRD-A70083328	0.45668934240362813	0.3051020408163265	-0.1515873015873016
BRD-K95773607	0.4566893424036281	0.19195011337868478	-0.2647392290249433
BRD-K52172416	0.45612244897959187	0.40328798185941045	-0.052834467120181416
BRD-K27351809	0.4561224489795918	0.404421768707483	-0.05170068027210884
BRD-K07487750	0.45521541950113376	0.37573696145124713	-0.07947845804988662
BRD-K42973005	0.4551020408163265	0.41099773242630383	-0.04410430839002266
BRD-K64785675	0.45487528344671196	0.40941043083900225	-0.045464852607709716
BRD-A16997652	0.4541950113378685	0.27120181405895694	-0.18299319727891156
BRD-K25630527	0.45340136054421765	0.4081632653061224	-0.04523809523809524
BRD-K56851771	0.45317460317460323	0.3077097505668934	-0.14546485260770978
BRD-K05444225	0.4531746031746031	0.3776643990929705	-0.07551020408163261
BRD-K04394237	0.45294784580498865	0.26451247165532876	-0.18843537414965988
BRD-K11196887	0.4528344671201815	0.3511337868480726	-0.10170068027210885
BRD-K72420232	0.45260770975056697	0.4405895691609978	-0.012018140589569161
BRD-K06543683	0.4526077097505669	0.37142857142857144	-0.08117913832199547
BRD-K18849474	0.45238095238095244	0.32959183673469394	-0.12278911564625851
BRD-K06749501	0.4519274376417234	0.2719954648526077	-0.17993197278911566
BRD-K91543828	0.4519274376417234	0.26167800453514745	-0.19024943310657594
BRD-K44408410	0.4501133786848073	0.33321995464852605	-0.1168934240362812
BRD-K40308497	0.45	0.10249433106575967	-0.34750566893424034
BRD-K16664969	0.4498866213151928	0.3744897959183674	-0.07539682539682539
BRD-K42828737	0.449546485260771	0.42913832199546487	-0.020408163265306117
BRD-K47079459	0.4495464852607709	0.14897959183673468	-0.30056689342403625
BRD-K04701033	0.449092970521542	0.2658730158730159	-0.18321995464852608
BRD-K68164687	0.44863945578231296	0.3886621315192744	-0.05997732426303855
BRD-A64743628	0.4485260770975057	0.25736961451247165	-0.19115646258503405
BRD-K85406984	0.44852607709750564	0.05827664399092969	-0.39024943310657595
BRD-K25596805	0.44773242630385485	0.264172335600907	-0.18356009070294782
BRD-K56707426	0.44761904761904764	0.27993197278911564	-0.167687074829932
BRD-K62696033	0.4476190476190476	0.2781179138321995	-0.16950113378684808
BRD-A50998626	0.446938775510204	0.4198412698412698	-0.027097505668934208
BRD-K63126190	0.44648526077097506	0.31473922902494333	-0.13174603174603172
BRD-A91366704	0.446485260770975	0.37052154195011333	-0.07596371882086167
BRD-K59436580	0.44625850340136053	0.41598639455782316	-0.03027210884353737
BRD-K25244359	0.4459183673469388	0.4240362811791384	-0.021882086167800407
BRD-K21670884	0.4458049886621316	0.22052154195011342	-0.22528344671201816
BRD-K93918653	0.4458049886621315	0.18560090702947843	-0.2602040816326531
BRD-K86972824	0.445578231292517	0.3058956916099773	-0.13968253968253969
BRD-A31521121	0.4450113378684807	0.4370748299319728	-0.007936507936507936
BRD-K48826825	0.44478458049886616	0.3929705215419501	-0.05181405895691604
BRD-K89490285	0.44353741496598637	0.30623582766439905	-0.1373015873015873
BRD-K10961822	0.44308390022675737	0.19841269841269837	-0.244671201814059
BRD-K49962337	0.44285714285714284	0.33798185941043085	-0.10487528344671199
BRD-K81330143	0.4427437641723355	0.3878684807256235	-0.054875283446712
BRD-K92000912	0.4413832199546484	0.2861678004535147	-0.1552154195011337
BRD-A75975749	0.4410430839002268	0.32630385487528346	-0.11473922902494332
BRD-K74763371	0.44058956916099773	0.24761904761904763	-0.1929705215419501
BRD-A79981887	0.4396825396825397	0.11043083900226756	-0.3292517006802721
BRD-K69694239	0.43945578231292526	0.3538548752834467	-0.08560090702947853
BRD-K25690923	0.43900226757369615	0.413265306122449	-0.025736961451247153
BRD-K08586861	0.4383219954648527	0.40770975056689346	-0.030612244897959218
BRD-K10784860	0.4380952380952381	0.40521541950113377	-0.032879818594104306
BRD-A92630576	0.43775510204081636	0.2620181405895692	-0.17573696145124718
BRD-K02113016	0.4377551020408163	0.15476190476190477	-0.28299319727891153
BRD-A51964809	0.4365079365079365	0.1522675736961451	-0.28424036281179144
BRD-K49840922	0.4361678004535147	0.31972789115646255	-0.11643990929705217
BRD-K85872723	0.4357142857142857	0.22800453514739227	-0.20770975056689345
BRD-K33818169	0.435374149659864	0.2333333333333334	-0.2020408163265306
BRD-K60341624	0.4350340136054423	0.35544217687074836	-0.07959183673469394
BRD-K80129304	0.43412698412698414	0.27834467120181405	-0.15578231292517006
BRD-K20290250	0.43401360544217693	0.33673469387755106	-0.09727891156462587
BRD-K64538373	0.4339002267573696	0.2943310657596372	-0.13956916099773242
BRD-A67862938	0.4337868480725624	0.22619047619047616	-0.20759637188208624
BRD-A97701745	0.4334467120181406	0.29739229024943314	-0.13605442176870747
BRD-K42436189	0.43333333333333335	0.4301587301587302	-0.0031746031746031746
BRD-K13314656	0.4328798185941043	0.34727891156462587	-0.08560090702947845
BRD-A50157456	0.43276643990929703	0.12392290249433102	-0.308843537414966
BRD-K77943374	0.4326530612244898	0.4231292517006803	-0.009523809523809525
BRD-K44227013	0.43253968253968256	0.3935374149659864	-0.03900226757369618
BRD-A13561534	0.43231292517006803	0.30736961451247163	-0.12494331065759637
BRD-A41304429	0.4321995464852607	0.30260770975056683	-0.12959183673469388
BRD-K19412355	0.4318594104308389	0.14183673469387753	-0.2900226757369614
BRD-K41337261	0.43151927437641724	0.39852607709750565	-0.03299319727891156
BRD-K07359318	0.4312925170068028	0.2901360544217687	-0.14115646258503411
BRD-K33425534	0.4311791383219954	0.37777777777777777	-0.053401360544217624
BRD-K16730910	0.430498866213152	0.3373015873015873	-0.09319727891156465
BRD-K76064317	0.4303854875283446	0.32018140589569155	-0.11020408163265305
BRD-K38852836	0.43004535147392287	0.36190476190476184	-0.06814058956916103
BRD-K19295594	0.42993197278911566	0.27278911564625846	-0.1571428571428572
BRD-K94559059	0.4298185941043084	0.29070294784580497	-0.13911564625850342
BRD-K81916719	0.42959183673469387	0.3810657596371882	-0.048526077097505664
BRD-K36788280	0.4294784580498866	0.40759637188208614	-0.021882086167800453
BRD-K37890730	0.4289115646258504	0.4143990929705216	-0.014512471655328799
BRD-A06627858	0.428798185941043	0.21678004535147388	-0.21201814058956914
BRD-K47976015	0.42868480725623587	0.4027210884353742	-0.02596371882086168
BRD-K74057757	0.4283446712018141	0.3103174603174603	-0.11802721088435375
BRD-K12068470	0.42585034013605444	0.20498866213151928	-0.22086167800453516
BRD-K12343256	0.42585034013605444	0.18514739229024946	-0.24070294784580498
BRD-K22127577	0.4253968253968255	0.23151927437641728	-0.1938775510204082
BRD-K50071428	0.4246031746031746	0.2891156462585034	-0.1354875283446712
BRD-K40530731	0.4242630385487529	0.3099773242630386	-0.11428571428571432
BRD-K49522529	0.4230158730158731	0.07653061224489799	-0.34648526077097513
BRD-K72827473	0.42301587301587307	0.2893424036281179	-0.13367346938775512
BRD-M89827113	0.42256235827664396	0.24648526077097505	-0.1760770975056689
BRD-A83650191	0.42244897959183675	0.15056689342403629	-0.27188208616780046
BRD-K85014146	0.42244897959183675	0.24172335600907027	-0.18072562358276648
BRD-K64052750	0.4219954648526077	0.28287981859410427	-0.13911564625850342
BRD-K68095457	0.4212018140589569	0.12335600907029477	-0.29784580498866214
BRD-K16189898	0.42029478458049885	0.3952380952380953	-0.02505668934240357
BRD-A67748489	0.41972789115646275	0.35544217687074836	-0.06428571428571439
BRD-K49759007	0.41972789115646264	0.14739229024943312	-0.2723356009070295
BRD-K21396683	0.41927437641723353	0.3648526077097506	-0.05442176870748294
BRD-A14886633	0.4191609977324264	0.38888888888888895	-0.03027210884353742
BRD-K59522102	0.41848072562358274	0.327437641723356	-0.09104308390022675
BRD-K91601245	0.41825396825396827	0.31496598639455786	-0.10328798185941042
BRD-K71822263	0.41587301587301584	0.1900226757369614	-0.22585034013605443
BRD-K93034159	0.4143990929705216	0.1418367346938776	-0.272562358276644
BRD-K26833429	0.41428571428571437	0.21496598639455788	-0.19931972789115648
BRD-K88807631	0.41405895691609973	0.19750566893424035	-0.2165532879818594
BRD-A69651145	0.4139455782312926	0.36009070294784584	-0.053854875283446714
BRD-K62779383	0.41371882086167805	0.33832199546485264	-0.0753968253968254
BRD-K17979676	0.413718820861678	0.34886621315192745	-0.06485260770975054
BRD-K24696047	0.4130385487528344	0.18197278911564624	-0.2310657596371882
BRD-K71823332	0.41281179138322005	0.23299319727891166	-0.1798185941043084
BRD-K88510285	0.41281179138321994	0.1667800453514739	-0.24603174603174605
BRD-K19034817	0.4126984126984127	0.3258503401360544	-0.08684807256235827
BRD-K95785537	0.41235827664399094	0.30272108843537415	-0.10963718820861679
BRD-K63828191	0.41201814058956915	0.38877551020408163	-0.023242630385487528
BRD-K81332461	0.41145124716553283	0.41065759637188204	-0.0007936507936507937
BRD-K84783599	0.4113378684807256	0.30396825396825394	-0.10736961451247168
BRD-K68552125	0.41133786848072557	0.3143990929705215	-0.09693877551020408
BRD-K39841531	0.41111111111111104	0.35136054421768703	-0.059750566893424006
BRD-A36057565	0.41009070294784583	0.273015873015873	-0.13707482993197284
BRD-K51318897	0.40952380952380957	0.2430839002267574	-0.16643990929705216
BRD-A70858459	0.409297052154195	0.26893424036281177	-0.1403628117913832
BRD-K51791723	0.4091836734693878	0.2256235827664399	-0.18356009070294788
BRD-A47706533	0.40884353741496604	0.37687074829931977	-0.03197278911564626
BRD-K52256627	0.4086167800453515	0.1227891156462585	-0.285827664399093
BRD-K32730239	0.4083900226757369	0.25396825396825395	-0.15442176870748292
BRD-K25224017	0.40793650793650793	0.38458049886621315	-0.02335600907029478
BRD-K62814476	0.4075963718820862	0.17052154195011338	-0.2370748299319728
BRD-K66808046	0.40714285714285714	0.2812925170068027	-0.12585034013605445
BRD-A74765037	0.4069160997732426	0.24954648526077094	-0.15736961451247167
BRD-K90948141	0.4064625850340136	0.23786848072562355	-0.16859410430839006
BRD-K39381259	0.4053287981859411	0.37925170068027214	-0.026077097505668945
BRD-K61496577	0.4051020408163265	0.24331065759637183	-0.16179138321995468
BRD-K69172251	0.4047619047619047	0.17902494331065755	-0.22573696145124716
BRD-K54606188	0.40464852607709756	0.3325396825396826	-0.07210884353741498
BRD-K28392481	0.40362811791383224	0.37947845804988667	-0.02414965986394558
BRD-K24048528	0.4036281179138322	0.3895691609977324	-0.014058956916099773
BRD-K23925186	0.4027210884353742	0.21077097505668935	-0.19195011337868484
BRD-K01109406	0.4026077097505669	0.22448979591836737	-0.17811791383219958
BRD-K66788707	0.40260770975056687	0.2968253968253968	-0.10578231292517004
BRD-A70649075	0.40260770975056687	0.2387755102040816	-0.16383219954648526
BRD-K20482099	0.40192743764172345	0.2178004535147393	-0.18412698412698414
BRD-A46813902	0.40124716553287987	0.21938775510204078	-0.18185941043083909
BRD-K51544265	0.4012471655328798	0.3463718820861678	-0.054875283446712
BRD-A43809092	0.400907029478458	0.34637188208616776	-0.05453514739229026
BRD-K92150287	0.4005668934240363	0.2969387755102041	-0.1036281179138322
BRD-K82181219	0.4004535147392291	0.17040816326530617	-0.23004535147392288
BRD-K11433652	0.3996598639455782	0.12414965986394555	-0.2755102040816326
BRD-K14796088	0.39920634920634923	0.14818594104308389	-0.2510204081632654
BRD-K79239947	0.39909297052154197	0.21111111111111114	-0.18798185941043083
BRD-K99616396	0.39909297052154197	0.34659863945578234	-0.052494331065759625
BRD-K87774949	0.3981859410430839	0.37426303854875287	-0.023922902494331044
BRD-K57284066	0.3973922902494331	0.33390022675736963	-0.06349206349206349
BRD-K19615002	0.39603174603174607	0.21938775510204084	-0.1766439909297052
BRD-K82850175	0.39569160997732433	0.30374149659863947	-0.09195011337868486
BRD-K08791496	0.39512471655328807	0.2558956916099774	-0.1392290249433107
BRD-K51967704	0.3947845804988662	0.18015873015873018	-0.21462585034013604
BRD-K71512533	0.3945578231292517	0.26950113378684804	-0.12505668934240366
BRD-A11132253	0.3943310657596372	0.3207482993197279	-0.0735827664399093
BRD-K13949769	0.39433106575963717	0.23458049886621313	-0.15975056689342404
BRD-K33743361	0.3943310657596371	0.36451247165532874	-0.02981859410430839
BRD-K23677682	0.3935374149659864	0.3603174603174603	-0.03321995464852608
BRD-K78960041	0.3935374149659863	0.019274376417233507	-0.3742630385487528
BRD-K70914287	0.3930839002267574	0.3850340136054422	-0.008049886621315193
BRD-K31866293	0.39251700680272106	0.3503401360544217	-0.04217687074829932
BRD-K85920262	0.3924036281179138	0.38095238095238093	-0.01145124716553288
BRD-K89391146	0.3921768707482993	0.24931972789115647	-0.14285714285714288
BRD-K49328571	0.391156462585034	0.36473922902494327	-0.026417233560090736
BRD-K38548312	0.391156462585034	0.300453514739229	-0.090702947845805
BRD-K99475619	0.390702947845805	0.3574829931972789	-0.03321995464852612
BRD-K89014967	0.390702947845805	0.36643990929705217	-0.024263038548752835
BRD-K26531771	0.3905895691609978	0.11904761904761907	-0.2715419501133787
BRD-K51471001	0.390249433106576	0.2976190476190476	-0.09263038548752839
BRD-K95523387	0.38968253968253974	0.31655328798185944	-0.07312925170068027
BRD-A03623303	0.3896825396825397	0.2909297052154195	-0.09875283446712019
BRD-K15108141	0.38956916099773237	0.06088435374149659	-0.3286848072562358
BRD-K11636097	0.38900226757369616	0.3456916099773243	-0.043310657596371885
BRD-K14175878	0.38866213151927437	0.3647392290249433	-0.023922902494331065
BRD-K65678996	0.38854875283446716	0.11519274376417232	-0.27335600907029484
BRD-K76908866	0.38820861678004537	0.22766439909297054	-0.16054421768707483
BRD-K56614220	0.38809523809523805	0.28367346938775506	-0.10442176870748299
BRD-A74208568	0.3878684807256236	0.27936507936507937	-0.1085034013605442
BRD-K82122102	0.3876417233560091	0.3261904761904762	-0.06145124716553289
BRD-K41783120	0.387641723356009	0.36734693877551017	-0.020294784580498826
BRD-K53972329	0.38628117913832194	0.14954648526077097	-0.236734693877551
BRD-K01653460	0.38616780045351473	0.17131519274376417	-0.21485260770975056
BRD-K33610132	0.3860544217687075	0.3696145124716554	-0.016439909297052153
BRD-K90374350	0.3860544217687075	0.32018140589569166	-0.06587301587301587
BRD-K12867552	0.3860544217687074	0.3589569160997732	-0.027097505668934208
BRD-K22503835	0.3859410430839002	0.2781179138321995	-0.10782312925170068
BRD-K57136142	0.385827664399093	0.31496598639455786	-0.07086167800453513
BRD-K13169950	0.38560090702947847	0.18446712018140587	-0.2011337868480726
BRD-K94441233	0.3856009070294784	0.15668934240362808	-0.22891156462585033
BRD-K33622447	0.3856009070294784	0.2564625850340136	-0.12913832199546482
BRD-K09951645	0.3850340136054421	0.24591836734693873	-0.13911564625850337
BRD-K16478699	0.384920634920635	0.14569160997732425	-0.23922902494331072
BRD-K34533029	0.3844671201814059	0.21349206349206346	-0.17097505668934243
BRD-K99023089	0.38412698412698404	0.32834467120181404	-0.05578231292517
BRD-K14560436	0.38356009070294783	0.2605442176870748	-0.12301587301587305
BRD-K09132007	0.3835600907029478	0.31938775510204076	-0.06417233560090703
BRD-K20285085	0.3834467120181406	0.21927437641723357	-0.16417233560090705
BRD-K84564571	0.3832199546485261	0.33390022675736963	-0.04931972789115647
BRD-K11267252	0.3831065759637188	0.1551020408163265	-0.22800453514739227
BRD-K61717546	0.38287981859410436	0.33378684807256237	-0.04909297052154196
BRD-K67578145	0.3821995464852608	0.2846938775510204	-0.0975056689342404
BRD-K00152668	0.3820861678004535	0.10442176870748299	-0.2776643990929705
BRD-K37793595	0.38197278911564636	0.30804988662131527	-0.07392290249433106
BRD-K99170882	0.38163265306122446	0.26451247165532876	-0.1171201814058957
BRD-K46937689	0.38151927437641725	0.19841269841269843	-0.18310657596371882
BRD-K47869605	0.38106575963718825	0.29818594104308394	-0.08287981859410432
BRD-K58299615	0.380952380952381	0.24444444444444446	-0.13650793650793652
BRD-K65924316	0.3806122448979592	0.2733560090702948	-0.10725623582766441
BRD-K95926480	0.380498866213152	0.21496598639455788	-0.1655328798185941
BRD-A25608658	0.3803854875283446	0.2967120181405895	-0.0836734693877551
BRD-K36889451	0.38004535147392293	0.29217687074829934	-0.08786848072562359
BRD-K24869513	0.3798185941043084	0.29557823129251704	-0.08424036281179138
BRD-K66175015	0.3798185941043084	0.27664399092970526	-0.10317460317460314
BRD-K55966568	0.3790249433106576	0.29591836734693877	-0.08310657596371884
BRD-K36222532	0.3789115646258503	0.3337868480725623	-0.04512471655328798
BRD-K70358946	0.3787981859410432	0.22517006802721096	-0.15362811791383224
BRD-K99383816	0.37879818594104314	0.3718820861678005	-0.0069160997732426455
BRD-K78789465	0.3781179138321994	0.26428571428571423	-0.11383219954648516
BRD-K82818427	0.37766439909297056	0.06655328798185944	-0.3111111111111111
BRD-K61734568	0.37766439909297045	0.22086167800453516	-0.1568027210884353
BRD-K13050541	0.37732426303854866	0.07301587301587298	-0.3043083900226757
BRD-K70177501	0.37687074829931966	0.21417233560090698	-0.16269841269841268
BRD-K51040301	0.37675736961451245	0.1623582766439909	-0.21439909297052157
BRD-K85751432	0.3761904761904762	0.3566893424036281	-0.019501133786848073
BRD-K28061410	0.3760770975056689	0.09399092970521539	-0.28208616780045354
BRD-K97810537	0.37596371882086166	0.3370748299319728	-0.03888888888888886
BRD-A06426627	0.37562358276644003	0.3343537414965987	-0.041269841269841345
BRD-A55424491	0.37539682539682545	0.07018140589569166	-0.3052154195011338
BRD-A06352508	0.37539682539682534	0.2809523809523809	-0.09444444444444444
BRD-K67043667	0.37528344671201813	0.19648526077097506	-0.17879818594104308
BRD-K17702546	0.375170068027211	0.25487528344671206	-0.12029478458049891
BRD-K69726595	0.37505668934240366	0.2568027210884354	-0.11825396825396826
BRD-K29656036	0.3746031746031746	0.35306122448979593	-0.021541950113378686
BRD-A64064900	0.3744897959183674	0.10646258503401362	-0.2680272108843538
BRD-K82244583	0.373922902494331	0.23412698412698407	-0.13979591836734695
BRD-K00259736	0.37312925170068034	0.31655328798185944	-0.0565759637188209
BRD-K73982490	0.3731292517006802	0.29875283446712014	-0.07437641723356003
BRD-K04923131	0.373015873015873	0.21088435374149656	-0.16213151927437644
BRD-K29458283	0.3727891156462584	0.2527210884353741	-0.12006802721088428
BRD-K03243820	0.3718820861678005	0.24489795918367352	-0.12698412698412698
BRD-K43449605	0.37176870748299323	0.113265306122449	-0.2585034013605442
BRD-K12932420	0.3717687074829932	0.15612244897959182	-0.21564625850340136
BRD-A42699921	0.3716553287981859	0.22029478458049884	-0.15136054421768708
BRD-K41104902	0.37154195011337865	0.2134920634920635	-0.15804988662131514
BRD-K87036601	0.37074829931972797	0.10430839002267578	-0.2664399092970522
BRD-K74141488	0.370294784580499	0.19104308390022684	-0.17925170068027219
BRD-A85667082	0.36904761904761907	0.0975056689342404	-0.27154195011337867
BRD-K67977190	0.3689342403628118	0.3302721088435374	-0.03866213151927438
BRD-K29905972	0.3685941043083899	0.3204081632653061	-0.048185941043083824
BRD-K50010139	0.3684807256235828	0.3673469387755102	-0.0011337868480725624
BRD-K24601397	0.36848072562358275	0.24024943310657593	-0.12823129251700682
BRD-K21152241	0.3682539682539682	0.2393424036281179	-0.12891156462585032
BRD-K41599323	0.36802721088435375	0.18174603174603177	-0.18628117913832198
BRD-K47635719	0.36802721088435375	0.258843537414966	-0.10918367346938773
BRD-K78055238	0.36802721088435375	0.20170068027210886	-0.1663265306122449
BRD-K36234266	0.36791383219954643	0.31043083900226753	-0.0574829931972789
BRD-K26667523	0.3678004535147392	0.34183673469387754	-0.02596371882086168
BRD-K68408467	0.3674603174603174	0.09897959183673469	-0.2684807256235827
BRD-K80060353	0.3673469387755102	0.24149659863945583	-0.1258503401360544
BRD-K68392338	0.36712018140589575	0.3329931972789115	-0.03412698412698423
BRD-K76674262	0.36689342403628117	0.2594104308390022	-0.10748299319727894
BRD-A28329383	0.3659863945578231	0.18412698412698414	-0.181859410430839
BRD-K39558284	0.36485260770975053	0.35011337868480724	-0.01473922902494331
BRD-K66956375	0.3648526077097505	0.09217687074829928	-0.2726757369614512
BRD-K89704198	0.36451247165532885	0.2836734693877552	-0.08083900226757368
BRD-K38287497	0.36439909297052153	0.26598639455782314	-0.0984126984126984
BRD-K77634909	0.3643990929705214	0.32437641723356003	-0.04002267573696139
BRD-K59058747	0.364172335600907	0.17698412698412697	-0.18718820861678004
BRD-A11815689	0.364172335600907	0.3443310657596372	-0.01984126984126984
BRD-K87512222	0.36360544217687074	0.135827664399093	-0.22777777777777775
BRD-K56032964	0.3633786848072562	0.23446712018140586	-0.12891156462585035
BRD-K18250272	0.36247165532879816	0.2155328798185941	-0.14693877551020407
BRD-K42673188	0.3616780045351474	0.3301587301587302	-0.03151927437641722
BRD-K34332569	0.36167800453514737	0.1037414965986394	-0.25793650793650796
BRD-K34251960	0.3614512471655329	0.303968253968254	-0.0574829931972789
BRD-K67772619	0.3614512471655329	0.24172335600907024	-0.11972789115646265
BRD-K27184429	0.3608843537414966	0.11723356009070296	-0.24365079365079362
BRD-K59753975	0.3606575963718821	0.35000000000000003	-0.010657596371882086
BRD-K96123349	0.3605442176870748	0.16870748299319727	-0.19183673469387752
BRD-K54634444	0.3604308390022676	0.20408163265306123	-0.15634920634920635
BRD-K71075609	0.35997732426303863	0.3206349206349207	-0.03934240362811792
BRD-K77625799	0.3599773242630386	0.114172335600907	-0.24580498866213157
BRD-K36740062	0.35963718820861684	0.24229024943310662	-0.11734693877551022
BRD-K38183498	0.358843537414966	0.2264172335600907	-0.1324263038548753
BRD-K52020312	0.35873015873015873	0.14546485260770975	-0.21326530612244898
BRD-K12829205	0.35770975056689347	0.29478458049886624	-0.06292517006802721
BRD-K68395654	0.35770975056689336	0.3430839002267574	-0.01462585034013597
BRD-A12417644	0.35759637188208615	0.08990929705215422	-0.2676870748299319
BRD-K11973162	0.35736961451247157	0.12312925170068023	-0.23424036281179134
BRD-K15025317	0.3570294784580499	0.28786848072562354	-0.06916099773242634
BRD-K13060017	0.35691609977324273	0.18321995464852608	-0.17369614512471665
BRD-K88506063	0.3565759637188209	0.3275510204081633	-0.029024943310657594
BRD-K73589491	0.35657596371882083	0.16088435374149657	-0.19569160997732427
BRD-K06294530	0.35657596371882083	0.28934240362811786	-0.06723356009070296
BRD-K67261995	0.35634920634920636	0.2859410430839002	-0.07040816326530613
BRD-K76210423	0.3563492063492063	0.27233560090702946	-0.08401360544217687
BRD-A35588707	0.35634920634920625	0.3263038548752834	-0.030045351473922843
BRD-K99749624	0.3556689342403628	0.2304988662131519	-0.12517006802721087
BRD-K04196797	0.35487528344671193	0.20578231292517002	-0.1490929705215419
BRD-A68304895	0.3547619047619048	0.23628117913832197	-0.1184807256235828
BRD-K19761926	0.35453514739229025	0.2937641723356009	-0.060770975056689325
BRD-K60025295	0.354421768707483	0.19671201814058958	-0.1577097505668934
BRD-K04264130	0.3528344671201814	0.14569160997732428	-0.20714285714285713
BRD-K12885236	0.3526077097505669	0.27120181405895694	-0.08140589569160994
BRD-K01029106	0.3519274376417233	0.2196145124716553	-0.13231292517006799
BRD-K18163608	0.35147392290249435	0.19920634920634916	-0.15226757369614516
BRD-K97365803	0.3511337868480725	0.2621315192743764	-0.08900226757369614
BRD-K81418486	0.3506802721088435	0.30986394557823127	-0.040816326530612235
BRD-K74671368	0.35056689342403635	0.2430839002267574	-0.10748299319727894
BRD-K61323504	0.35034013605442166	0.19671201814058953	-0.15362811791383213
BRD-K39624409	0.35011337868480724	0.3021541950113379	-0.04795918367346935
BRD-K85849709	0.35	0.2447845804988662	-0.10521541950113378
BRD-K58049875	0.34965986394557824	0.1523809523809524	-0.19727891156462582
BRD-K97752965	0.34943310657596366	0.16485260770975052	-0.18458049886621314
BRD-K49555808	0.3493197278911565	0.3081632653061225	-0.041156462585034026
BRD-K25412176	0.34897959183673477	0.2751700680272109	-0.07380952380952388
BRD-K56981171	0.34897959183673466	0.0679138321995465	-0.28106575963718816
BRD-A93236127	0.3487528344671202	0.1842403628117914	-0.16451247165532878
BRD-K92213669	0.34852607709750566	0.30158730158730157	-0.04693877551020409
BRD-K48195801	0.3485260770975056	0.31247165532879817	-0.036054421768707434
BRD-K23228615	0.3476190476190476	0.3308390022675737	-0.016780045351473927
BRD-K08542803	0.347392290249433	0.21496598639455777	-0.13242630385487525
BRD-K38458514	0.34659863945578234	0.11269841269841274	-0.2339002267573696
BRD-A64242993	0.3463718820861678	0.3227891156462585	-0.023582766439909298
BRD-K20755323	0.3463718820861677	0.3105442176870748	-0.03582766439909291
BRD-A86248581	0.346031746031746	0.2519274376417233	-0.0941043083900227
BRD-K13606314	0.34523809523809523	0.15294784580498866	-0.19229024943310657
BRD-K08996725	0.3447845804988662	0.14852607709750565	-0.19625850340136056
BRD-K49371609	0.3446712018140589	0.3060090702947845	-0.038662131519274376
BRD-K97101532	0.34421768707482997	0.340702947845805	-0.0035147392290249433
BRD-K15916496	0.34410430839002265	0.17210884353741496	-0.1719954648526077
BRD-K36021395	0.34365079365079365	0.23594104308390024	-0.10770975056689343
BRD-K44665581	0.3434240362811791	0.32630385487528346	-0.01712018140589569
BRD-K75911534	0.3434240362811791	0.22936507936507933	-0.11405895691609977
BRD-K37798499	0.34263038548752844	0.33061224489795926	-0.012018140589569161
BRD-K96253961	0.3422902494331066	0.1462585034013606	-0.196031746031746
BRD-A78391468	0.34195011337868486	0.2629251700680273	-0.07902494331065757
BRD-K20605374	0.3417233560090703	0.21281179138321993	-0.12891156462585035
BRD-K98203492	0.3413832199546485	0.17834467120181408	-0.1630385487528344
BRD-A29485665	0.3412698412698413	0.1414965986394558	-0.19977324263038548
BRD-K79259477	0.3412698412698412	0.29501133786848066	-0.04625850340136055
BRD-K89561498	0.341156462585034	0.2902494331065759	-0.0509070294784581
BRD-K44590731	0.3408163265306122	0.04149659863945576	-0.29931972789115646
BRD-K78096648	0.34036281179138317	0.2839002267573696	-0.05646258503401361
BRD-K06234293	0.33979591836734696	0.22630385487528343	-0.11349206349206353
BRD-K32821942	0.33922902494331064	0.2647392290249433	-0.07448979591836735
BRD-K20655524	0.3382086167800453	0.14739229024943312	-0.19081632653061223
BRD-K83834509	0.3377551020408164	0.33333333333333337	-0.004421768707482994
BRD-K92049597	0.3375283446712018	0.2758503401360544	-0.06167800453514739
BRD-A58193911	0.3375283446712018	0.25396825396825395	-0.08356009070294784
BRD-K97472745	0.3370748299319729	0.2908163265306123	-0.04625850340136062
BRD-K49027941	0.33594104308390016	0.28866213151927433	-0.047278911564625846
BRD-K17518951	0.3356009070294785	0.15294784580498866	-0.18265306122448982
BRD-A94756469	0.3356009070294784	0.2766439909297052	-0.058956916099773236
BRD-K78815826	0.335374149659864	0.1470521541950114	-0.18832199546485262
BRD-K73303757	0.33503401360544216	0.3081632653061224	-0.02687074829931973
BRD-K81645907	0.33469387755102037	0.016099773242630344	-0.31859410430839
BRD-K13646352	0.33458049886621316	0.3116780045351474	-0.02290249433106576
BRD-K23301018	0.3345804988662131	0.22913832199546483	-0.1054421768707483
BRD-K68488863	0.33412698412698416	0.26700680272108845	-0.06712018140589568
BRD-K71467466	0.333673469387755	0.013492063492063444	-0.32018140589569155
BRD-K26824830	0.3334467120181406	0.15113378684807255	-0.18231292517006803
BRD-K07310275	0.3320861678004535	0.23888888888888893	-0.09319727891156462
BRD-K90947825	0.33208616780045347	0.20147392290249427	-0.1306122448979592
BRD-K15409150	0.3317460317460317	0.12811791383219953	-0.20362811791383217
BRD-K38868394	0.33140589569160994	0.16507936507936505	-0.1663265306122449
BRD-K04430056	0.3309523809523809	0.3066893424036281	-0.02426303854875278
BRD-A43082461	0.33072562358276636	0.10736961451247162	-0.22335600907029476
BRD-K11630072	0.33072562358276636	0.07902494331065757	-0.2517006802721088
BRD-K30480208	0.33038548752834473	0.24331065759637194	-0.0870748299319728
BRD-K58122457	0.33004535147392294	0.19217687074829937	-0.13786848072562358
BRD-K47878171	0.33004535147392294	0.26009070294784586	-0.06995464852607709
BRD-K15071410	0.3300453514739229	0.16145124716553289	-0.16859410430839003
BRD-A93093700	0.32981859410430847	0.2307256235827665	-0.09909297052154198
BRD-K50850824	0.32959183673469383	0.25589569160997727	-0.07369614512471656
BRD-K82928892	0.3291383219954648	0.2159863945578231	-0.11315192743764169
BRD-K86118762	0.3290249433106576	0.1554421768707483	-0.17358276643990933
BRD-A14395271	0.3285714285714286	0.17732426303854876	-0.15124716553287984
BRD-K61642990	0.32834467120181404	0.20136054421768707	-0.12698412698412698
BRD-K78086729	0.3282312925170068	0.29750566893424035	-0.03072562358276644
BRD-K70159787	0.3277777777777777	0.24988662131519268	-0.07789115646258504
BRD-K96358241	0.3275510204081633	0.11882086167800454	-0.20873015873015877
BRD-K66911501	0.3275510204081633	0.26099773242630386	-0.06655328798185944
BRD-K06152156	0.32743764172335604	0.2596371882086168	-0.06780045351473923
BRD-A55484088	0.3273242630385488	0.18253968253968256	-0.14478458049886622
BRD-K40109029	0.3273242630385488	0.2620181405895692	-0.0653061224489796
BRD-K72327355	0.32732426303854867	0.3014739229024943	-0.02585034013605436
BRD-K00535541	0.3272108843537415	0.12346938775510208	-0.20374149659863944
BRD-K11927976	0.32675736961451246	0.2702947845804988	-0.056462585034013635
BRD-K18613660	0.3261904761904762	0.23888888888888887	-0.08730158730158732
BRD-K98572433	0.3259637188208617	0.1568027210884354	-0.16916099773242632
BRD-A73556557	0.32596371882086167	0.3032879818594104	-0.022675736961451247
BRD-K33720171	0.3258503401360544	0.057936507936507925	-0.2679138321995465
BRD-A83937277	0.32573696145124714	0.29387755102040813	-0.03185941043083901
BRD-A75726477	0.32562358276643993	0.23650793650793656	-0.08911564625850338
BRD-K32372024	0.3253968253968254	0.014058956916099818	-0.3113378684807256
BRD-K13571841	0.32528344671201814	0.15113378684807255	-0.1741496598639456
BRD-K27217864	0.32471655328798177	0.2316326530612245	-0.09308390022675728
BRD-K78809024	0.32448979591836735	0.0243764172335601	-0.30011337868480725
BRD-K60997853	0.32369614512471656	0.17312925170068028	-0.15056689342403629
BRD-A90547603	0.3235827664399093	0.23276643990929707	-0.09081632653061222
BRD-A08187463	0.3233560090702948	0.12403628117913834	-0.19931972789115648
BRD-K56957086	0.3232426303854875	0.18934240362811788	-0.13390022675736965
BRD-K42981054	0.3231292517006803	0.25555555555555565	-0.06757369614512465
BRD-K08703257	0.32290249433106577	0.21927437641723357	-0.1036281179138322
BRD-K25835157	0.32278911564625856	0.1925170068027211	-0.13027210884353746
BRD-K07220430	0.3225623582766439	0.19251700680272107	-0.13004535147392288
BRD-K13094524	0.3223356009070295	0.29591836734693877	-0.026417233560090736
BRD-K94353609	0.32165532879818587	0.3128117913832199	-0.008843537414965987
BRD-K55044200	0.321201814058957	0.1410430839002268	-0.18015873015873018
BRD-K74501079	0.32108843537414966	0.1471655328798186	-0.17392290249433107
BRD-A73871920	0.32029478458049887	0.14126984126984127	-0.1790249433106576
BRD-K91701654	0.3201814058956916	0.22630385487528343	-0.09387755102040818
BRD-K41213548	0.32006802721088445	0.24489795918367352	-0.07517006802721093
BRD-K92073408	0.31984126984126987	0.1302721088435374	-0.18956916099773247
BRD-K06519765	0.3195011337868481	0.24897959183673468	-0.0705215419501134
BRD-K42205652	0.31882086167800455	0.31054421768707485	-0.008276643990929707
BRD-K29673530	0.31836734693877555	0.28548752834467117	-0.03287981859410438
BRD-K00494077	0.3182539682539682	0.2535147392290249	-0.06473922902494328
BRD-K10705233	0.31802721088435376	0.01292517006802718	-0.3051020408163266
BRD-K07442505	0.31768707482993197	0.17573696145124718	-0.1419501133786848
BRD-K51350053	0.31768707482993197	0.2863945578231292	-0.03129251700680272
BRD-K89121095	0.31757369614512465	0.19988662131519275	-0.1176870748299319
BRD-K15519488	0.31746031746031744	0.2751700680272109	-0.04229024943310655
BRD-A54927599	0.3170068027210884	0.27471655328798184	-0.04229024943310657
BRD-K49669041	0.3164399092970521	0.21303854875283446	-0.10340136054421768
BRD-K08859203	0.3164399092970521	0.3003401360544218	-0.016099773242630344
BRD-K12040459	0.3162131519274377	0.09331065759637192	-0.22290249433106576
BRD-K86887724	0.31609977324263033	0.07698412698412697	-0.23911564625850334
BRD-K93441486	0.3155328798185941	0.189795918367347	-0.12573696145124713
BRD-K67537649	0.31541950113378686	0.0357142857142857	-0.27970521541950116
BRD-K06426971	0.31473922902494333	0.20226757369614512	-0.11247165532879819
BRD-K15567136	0.3147392290249432	0.2178004535147392	-0.09693877551020402
BRD-K94485812	0.31462585034013607	0.2612244897959184	-0.05340136054421769
BRD-K51143828	0.3142857142857143	0.245578231292517	-0.06870748299319729
BRD-K61036791	0.314172335600907	0.09489795918367346	-0.21927437641723357
BRD-K07972848	0.314172335600907	0.19365079365079363	-0.12052154195011339
BRD-K87510569	0.313718820861678	0.1851473922902494	-0.1285714285714286
BRD-K96188950	0.3133786848072563	0.2472789115646259	-0.06609977324263039
BRD-K43621685	0.31326530612244896	0.23662131519274376	-0.0766439909297052
BRD-K61097567	0.3130385487528345	0.2795918367346939	-0.03344671201814059
BRD-A36267905	0.31292517006802717	0.29126984126984123	-0.021655328798185942
BRD-K28907958	0.3124716553287983	0.19217687074829937	-0.12029478458049891
BRD-A55962179	0.31235827664399096	0.3109977324263039	-0.0013605442176870747
BRD-K06753942	0.3123582766439909	0.2863945578231292	-0.02596371882086168
BRD-K56751279	0.31235827664399085	0.10056689342403627	-0.2117913832199546
BRD-K02389548	0.31213151927437643	0.24342403628117915	-0.06870748299319729
BRD-A43885598	0.31190476190476185	0.29535147392290245	-0.0165532879818594
BRD-K63750851	0.3117913832199547	0.12834467120181403	-0.18344671201814067
BRD-K98521173	0.31145124716553296	0.2784580498866214	-0.03299319727891156
BRD-K36055864	0.31145124716553285	0.196031746031746	-0.11541950113378685
BRD-K23779958	0.31099773242630385	0.15136054421768708	-0.15963718820861678
BRD-K40797222	0.31088435374149664	0.10464852607709751	-0.20623582766439913
BRD-K74227499	0.31088435374149664	0.113265306122449	-0.19761904761904764
BRD-K61397605	0.3100907029478458	0.1496598639455783	-0.1604308390022675
BRD-K19669037	0.3095238095238095	0.2496598639455782	-0.05986394557823127
BRD-A80213327	0.309297052154195	0.2902494331065759	-0.01904761904761909
BRD-K55187425	0.30929705215419495	0.14784580498866212	-0.16145124716553283
BRD-K81528515	0.30895691609977327	0.10113378684807262	-0.20782312925170066
BRD-K99604664	0.30884353741496595	0.22074829931972784	-0.08809523809523812
BRD-K03390685	0.30850340136054416	0.0758503401360544	-0.23265306122448975
BRD-K49954789	0.308390022675737	0.12029478458049891	-0.18809523809523807
BRD-K03765900	0.30827664399092974	0.24229024943310662	-0.06598639455782312
BRD-K72280606	0.3069160997732425	0.2046485260770975	-0.10226757369614503
BRD-K83699324	0.3065759637188209	0.18798185941043088	-0.11859410430839001
BRD-K18574842	0.3064625850340136	0.3034013605442177	-0.003061224489795918
BRD-A53151380	0.30600907029478464	0.1350340136054422	-0.17097505668934243
BRD-K43860855	0.3058956916099773	0.2160997732426304	-0.08979591836734693
BRD-K87782578	0.3058956916099773	0.13968253968253963	-0.16621315192743769
BRD-K99113996	0.3055555555555556	0.2701814058956916	-0.03537414965986395
BRD-K40992116	0.3040816326530612	0.23537414965986392	-0.06870748299319729
BRD-K91623615	0.303968253968254	0.2848072562358277	-0.019160997732426303
BRD-A68631409	0.3038548752834467	0.250907029478458	-0.05294784580498868
BRD-K67511046	0.30272108843537415	0.13979591836734695	-0.1629251700680272
BRD-K84466663	0.30238095238095236	0.15975056689342404	-0.14263038548752832
BRD-K28143534	0.3018140589569161	0.02358276643990931	-0.2782312925170068
BRD-K61195623	0.30158730158730157	0.2043083900226757	-0.09727891156462587
BRD-K39467894	0.30068027210884357	0.1336734693877551	-0.16700680272108848
BRD-K71164191	0.3006802721088435	0.2587301587301587	-0.04195011337868482
BRD-K87990216	0.30022675736961446	0.24274376417233556	-0.0574829931972789
BRD-K17203476	0.30011337868480725	0.2157596371882086	-0.08435374149659865
BRD-K87024524	0.3001133786848072	0.29841269841269835	-0.0017006802721088435
BRD-K15179879	0.29897959183673467	0.1929705215419501	-0.10600907029478457
BRD-K79633074	0.298639455782313	0.2229024943310658	-0.0757369614512472
BRD-K04993719	0.2984126984126984	0.15147392290249428	-0.14693877551020412
BRD-K67868012	0.29829931972789114	0.10510204081632657	-0.19319727891156457
BRD-A05906449	0.2979591836734694	0.055102040816326525	-0.24285714285714288
BRD-K73838513	0.2979591836734693	0.02607709750566889	-0.2718820861678004
BRD-K72815923	0.2978458049886622	0.16054421768707483	-0.13730158730158737
BRD-A53134341	0.2978458049886622	0.15702947845804993	-0.14081632653061227
BRD-K83029223	0.2969387755102041	0.17789115646258502	-0.11904761904761907
BRD-K59574735	0.2963718820861678	0.23911564625850346	-0.05725623582766437
BRD-K03289018	0.2956916099773243	0.027210884353741527	-0.26848072562358277
BRD-K01614093	0.29569160997732424	0.25294784580498864	-0.04274376417233561
BRD-K02898090	0.29523809523809513	0.2599773242630385	-0.03526077097505664
BRD-K06222852	0.29501133786848066	0.22097505668934236	-0.0740362811791383
BRD-K79315489	0.29444444444444445	0.200453514739229	-0.09399092970521544
BRD-K30933884	0.2944444444444444	0.21326530612244893	-0.08117913832199547
BRD-K04548931	0.2937641723356009	0.1437641723356009	-0.15000000000000002
BRD-K64925568	0.29365079365079366	0.24999999999999994	-0.04365079365079372
BRD-A68083442	0.2936507936507936	0.27233560090702946	-0.021315192743764172
BRD-A07704283	0.2934240362811792	0.1759637188208617	-0.11746031746031746
BRD-K37590257	0.2934240362811791	0.22664399092970522	-0.06678004535147386
BRD-A90272038	0.29331065759637187	0.14637188208616778	-0.14693877551020412
BRD-K83003151	0.29297052154195014	0.11224489795918369	-0.18072562358276645
BRD-K11851476	0.29297052154195014	0.23662131519274376	-0.05634920634920635
BRD-K34157611	0.2926303854875284	0.10861678004535147	-0.18401360544217693
BRD-K85140930	0.2917233560090703	0.0200680272108843	-0.271655328798186
BRD-K41312087	0.291609977324263	0.28616780045351475	-0.005442176870748299
BRD-K73073971	0.291609977324263	0.2857142857142857	-0.0058956916099773245
BRD-K68997413	0.291609977324263	0.27687074829931974	-0.01473922902494331
BRD-K14109347	0.29126984126984123	0.2456916099773242	-0.04557823129251701
BRD-K61443650	0.291156462585034	0.26099773242630386	-0.030158730158730163
BRD-K18898553	0.2910430839002268	0.16258503401360547	-0.12845804988662132
BRD-A92872453	0.29047619047619055	0.18956916099773247	-0.10090702947845809
BRD-K62304154	0.2903628117913832	0.20827664399092968	-0.0820861678004535
BRD-K83508485	0.2902494331065759	0.190702947845805	-0.09954648526077092
BRD-A67516570	0.2895691609977325	0.17641723356009076	-0.11315192743764173
BRD-K61688984	0.2894557823129252	0.17210884353741496	-0.11734693877551022
BRD-K29950728	0.28888888888888886	0.17823129251700676	-0.1106575963718821
BRD-K76719364	0.2886621315192744	0.2041950113378685	-0.0844671201814059
BRD-K35520305	0.28798185941043086	0.08809523809523812	-0.19988662131519275
BRD-K84163249	0.2879818594104308	0.19852607709750564	-0.08945578231292517
BRD-A72703248	0.28764172335600907	0.168140589569161	-0.11950113378684807
BRD-K21164796	0.286734693877551	0.06632653061224492	-0.2204081632653061
BRD-K92093830	0.2866213151927437	0.21269841269841272	-0.07392290249433098
BRD-K31627533	0.28616780045351475	0.14671201814058954	-0.1394557823129252
BRD-K66094457	0.28594104308390034	0.08458049886621322	-0.2013605442176871
BRD-K45528773	0.2859410430839002	0.07040816326530612	-0.21553287981859412
BRD-K17068645	0.285827664399093	0.22108843537414968	-0.06473922902494333
BRD-K91614056	0.285827664399093	0.12006802721088439	-0.16575963718820863
BRD-A08545410	0.28526077097505664	0.11927437641723349	-0.16598639455782313
BRD-K27771035	0.28514739229024944	0.06859410430838997	-0.21655328798185947
BRD-K31309378	0.2851473922902494	0.09637188208616776	-0.18877551020408162
BRD-K03294269	0.2849206349206349	0.2064625850340136	-0.0784580498866213
BRD-K54256913	0.28446712018140585	0.17063492063492058	-0.11383219954648527
BRD-K77685957	0.2841269841269841	0.12709750566893419	-0.1570294784580499
BRD-K21728777	0.2835600907029479	0.21893424036281184	-0.06462585034013607
BRD-A75850590	0.28310657596371885	0.2538548752834467	-0.029251700680272164
BRD-K18834913	0.28253968253968254	0.13446712018140594	-0.1480725623582766
BRD-K51911221	0.2820861678004535	0.141156462585034	-0.14092970521541948
BRD-K03273112	0.2819727891156463	0.22448979591836732	-0.05748299319727901
BRD-A26032986	0.28163265306122454	0.1532879818594104	-0.12834467120181414
BRD-K72231366	0.2812925170068027	0.21893424036281184	-0.06235827664399085
BRD-K35952844	0.2803854875283447	0.10691609977324268	-0.17346938775510204
BRD-K50018155	0.28004535147392295	0.1960317460317461	-0.08401360544217684
BRD-K11853856	0.2800453514739229	0.12312925170068029	-0.1569160997732426
BRD-K69776681	0.2795918367346939	0.16485260770975055	-0.11473922902494338
BRD-K78431006	0.27925170068027216	0.17312925170068028	-0.10612244897959189
BRD-K59632282	0.27913832199546484	0.005782312925170063	-0.2733560090702948
BRD-K70401845	0.27902494331065764	0.22947845804988665	-0.049546485260770975
BRD-K51575138	0.27868480725623584	0.1167800453514739	-0.16190476190476194
BRD-K51662849	0.2785714285714287	0.2655328798185942	-0.0130385487528345
BRD-A20644369	0.27823129251700673	0.22607709750566896	-0.05215419501133778
BRD-K77908580	0.2770975056689342	0.127437641723356	-0.14965986394557818
BRD-K96631475	0.276984126984127	0.16836734693877553	-0.10861678004535147
BRD-K71035033	0.27698412698412694	0.227891156462585	-0.049092970521541934
BRD-K84663978	0.2768707482993197	0.24274376417233556	-0.03412698412698412
BRD-K82967180	0.27619047619047626	0.26530612244897966	-0.0108843537414966
BRD-K56908511	0.2761904761904762	0.11258503401360542	-0.16360544217687079
BRD-K13533483	0.27607709750566894	0.2	-0.07607709750566893
BRD-K13387373	0.2758503401360544	0.051587301587301584	-0.22426303854875282
BRD-K13050303	0.2752834467120181	0.15804988662131517	-0.11723356009070296
BRD-A81129465	0.2751700680272109	0.18015873015873018	-0.09501133786848073
BRD-K55696337	0.2750566893424037	0.2630385487528345	-0.012018140589569161
BRD-A12230535	0.2750566893424036	0.15476190476190477	-0.12029478458049886
BRD-A28970875	0.27460317460317457	0.18424036281179135	-0.09036281179138321
BRD-K95142244	0.27448979591836736	0.18571428571428572	-0.08877551020408163
BRD-K07572174	0.27426303854875284	0.05634920634920637	-0.21791383219954646
BRD-K50388907	0.2741496598639456	0.2378684807256236	-0.036281179138321996
BRD-K03449891	0.27414965986394557	0.02868480725623579	-0.24546485260770978
BRD-K71281111	0.27403628117913825	0.17981859410430834	-0.09421768707482991
BRD-K16551357	0.27392290249433104	0.11133786848072558	-0.16258503401360547
BRD-K13390322	0.27369614512471657	0.06292517006802723	-0.21077097505668935
BRD-A24397426	0.2736961451247165	0.22335600907029485	-0.05034013605442167
BRD-K42497885	0.2732426303854877	0.08820861678004543	-0.18503401360544225
BRD-K14880289	0.27301587301587305	0.24705215419501136	-0.02596371882086168
BRD-A25234499	0.2729024943310657	0.07029478458049887	-0.20260770975056686
BRD-A50311610	0.2726757369614512	0.12902494331065759	-0.14365079365079358
BRD-A31095847	0.2724489795918367	0.05566893424036279	-0.21678004535147394
BRD-K58772419	0.2723356009070295	0.16757369614512474	-0.10476190476190478
BRD-K15766189	0.2721088435374149	0.2456916099773242	-0.0264172335600907
BRD-K77791657	0.2715419501133786	0.22505668934240358	-0.046485260770975055
BRD-K37069697	0.2708616780045352	0.16575963718820863	-0.10510204081632657
BRD-K45551181	0.2708616780045351	0.18866213151927436	-0.08219954648526073
BRD-K81728688	0.2702947845804989	0.24863945578231295	-0.021655328798185942
BRD-A50064262	0.2702947845804988	0.12086167800453507	-0.14943310657596376
BRD-K31928526	0.2699546485260771	0.2541950113378685	-0.01575963718820861
BRD-K19318328	0.2693877551020409	0.04580498866213156	-0.22358276643990932
BRD-K79930101	0.2681405895691611	0.23537414965986403	-0.03276643990929706
BRD-K14329163	0.26791383219954656	0.19614512471655332	-0.07176870748299324
BRD-K65814004	0.2678004535147393	0.18265306122448988	-0.08514739229024944
BRD-K01683783	0.26780045351473913	0.1507936507936507	-0.11700680272108843
BRD-K86204871	0.2676870748299319	0.16281179138322	-0.10487528344671193
BRD-K40718343	0.2674603174603174	0.21678004535147388	-0.050680272108843516
BRD-K38527262	0.26734693877551013	0.1534013605442176	-0.11394557823129252
BRD-K82746043	0.26678004535147387	0.05884353741496595	-0.20793650793650792
BRD-K22385716	0.2662131519274376	0.22290249433106574	-0.04331065759637187
BRD-A95696066	0.26609977324263034	0.21088435374149658	-0.05521541950113379
BRD-A45498368	0.26575963718820855	0.23854875283446708	-0.027210884353741496
BRD-K66241279	0.26530612244897955	0.16768707482993195	-0.0976190476190476
BRD-K63923597	0.2651927437641723	0.1229024943310657	-0.14229024943310659
BRD-K28578425	0.265079365079365	0.13730158730158729	-0.12777777777777777
BRD-K23403298	0.2639455782312925	0.19092970521541952	-0.07301587301587298
BRD-K61295575	0.26371882086167797	0.2038548752834467	-0.05986394557823127
BRD-K13810148	0.2630385487528345	0.2006802721088435	-0.06235827664399096
BRD-K59197931	0.26281179138322	0.18877551020408168	-0.07403628117913832
BRD-K41859756	0.26281179138322	0.21088435374149658	-0.05192743764172336
BRD-K34411947	0.2628117913832199	0.06405895691609975	-0.19875283446712017
BRD-K97440753	0.26167800453514733	0.13356009070294783	-0.1281179138321995
BRD-K92441787	0.2612244897959184	0.11179138321995463	-0.14943310657596376
BRD-A28301258	0.2612244897959184	0.15192743764172334	-0.10929705215419505
BRD-K17849083	0.2602040816326531	0.11258503401360542	-0.14761904761904765
BRD-K99879819	0.25952380952380955	0.23503401360544218	-0.024489795918367363
BRD-K42938903	0.2594104308390022	0.2444444444444444	-0.014965986394557823
BRD-K90027121	0.259297052154195	0.24274376417233562	-0.0165532879818594
BRD-K18424115	0.2581632653061225	0.17165532879818596	-0.08650793650793653
BRD-K75958547	0.2578231292517007	0.09727891156462587	-0.16054421768707486
BRD-K28453807	0.2575963718820862	0.14988662131519273	-0.10770975056689347
BRD-A93477898	0.25748299319727885	0.1908163265306122	-0.06666666666666665
BRD-K22064724	0.25736961451247165	0.20952380952380956	-0.047845804988662116
BRD-A69815203	0.2570294784580499	0.16099773242630383	-0.09603174603174605
BRD-K21673112	0.25646258503401365	0.19535147392290253	-0.061111111111111116
BRD-K60348325	0.25612244897959185	0.051700680272108834	-0.20442176870748302
BRD-A72716251	0.2560090702947846	0.11689342403628117	-0.13911564625850342
BRD-A88138582	0.25578231292517006	0.22857142857142854	-0.027210884353741527
BRD-K43389675	0.25476190476190474	0.2125850340136054	-0.04217687074829932
BRD-K84683831	0.2543083900226757	0.18582766439909293	-0.06848072562358276
BRD-K05674516	0.2532879818594104	0.15034013605442176	-0.10294784580498867
BRD-K84937637	0.25317460317460316	0.24195011337868477	-0.011224489795918367
BRD-K32744045	0.25294784580498875	0.07301587301587309	-0.17993197278911566
BRD-K85090592	0.25283446712018137	0.11337868480725623	-0.13945578231292516
BRD-K95763993	0.2526077097505669	0.11621315192743764	-0.13639455782312926
BRD-K62398570	0.2521541950113379	0.24841269841269842	-0.0037414965986394557
BRD-K62310379	0.2519274376417234	0.1777777777777778	-0.07414965986394556
BRD-A38350138	0.2514739229024944	0.19455782312925174	-0.05691609977324263
BRD-A95886749	0.2510204081632653	0.07823129251700679	-0.1727891156462585
BRD-K63784565	0.25090702947845805	0.14285714285714285	-0.1080498866213152
BRD-K09900591	0.25079365079365085	0.1316326530612245	-0.11916099773242633
BRD-K45462423	0.2507936507936508	0.22959183673469385	-0.021201814058956915
BRD-K47000838	0.25045351473922906	0.11020408163265305	-0.14024943310657598
BRD-U25960968	0.24988662131519268	0.196031746031746	-0.05385487528344668
BRD-K53720352	0.24977324263038544	0.21938775510204078	-0.030385487528344673
BRD-K12502280	0.24931972789115642	0.22278911564625847	-0.026530612244897958
BRD-K73425385	0.249092970521542	0.1916099773242631	-0.0574829931972789
BRD-K24844714	0.24897959183673474	0.15000000000000002	-0.09897959183673471
BRD-K52751261	0.24841269841269842	0.19546485260770974	-0.05294784580498868
BRD-A23072235	0.248185941043084	0.11190476190476195	-0.13628117913832205
BRD-K88429204	0.2481859410430839	0.19886621315192743	-0.04931972789115646
BRD-K61314889	0.24818594104308386	0.012811791383219945	-0.23537414965986392
BRD-K02130563	0.24784580498866213	0.227437641723356	-0.02040816326530612
BRD-K31698212	0.24761904761904774	0.1845804988662132	-0.06303854875283454
BRD-K08619574	0.24761904761904763	0.13832199546485258	-0.10929705215419505
BRD-A55913614	0.24761904761904763	0.11099773242630384	-0.1366213151927438
BRD-K52911425	0.24727891156462584	0.20884353741496597	-0.03843537414965987
BRD-K73319509	0.24648526077097505	0.11507936507936507	-0.13140589569160996
BRD-K17061841	0.24637188208616778	0.1828798185941043	-0.06349206349206349
BRD-K68103045	0.24625850340136052	0.21428571428571425	-0.03197278911564627
BRD-K15424032	0.24625850340136052	0.12777777777777777	-0.11848072562358276
BRD-K32572029	0.24591836734693873	0.16678004535147395	-0.07913832199546478
BRD-K12251893	0.24580498866213146	0.11088435374149658	-0.13492063492063489
BRD-A85651701	0.24569160997732425	0.14614512471655328	-0.09954648526077098
BRD-K28360340	0.24569160997732414	0.1486394557823129	-0.09705215419501123
BRD-K60585088	0.24557823129251705	0.17358276643990933	-0.07199546485260772
BRD-K93869735	0.24535147392290257	0.0022675736961451642	-0.2430839002267574
BRD-K76634210	0.24523809523809526	0.14501133786848072	-0.10022675736961452
BRD-K48443249	0.2447845804988662	0.07154195011337867	-0.17324263038548754
BRD-K77245796	0.24455782312925167	0.17482993197278907	-0.0697278911564626
BRD-K76703230	0.2439909297052154	0.09943310657596371	-0.1445578231292517
BRD-K90574421	0.24376417233560096	0.19557823129251706	-0.0481859410430839
BRD-K08303368	0.24353741496598635	0.1201814058956916	-0.12335600907029477
BRD-K69280563	0.24331065759637188	0.02596371882086168	-0.2173469387755102
BRD-K09397065	0.2430839002267574	0.09467120181405897	-0.14841269841269844
BRD-K80343549	0.2430839002267573	0.05714285714285705	-0.18594104308390025
BRD-K00673382	0.24217687074829936	0.021315192743764172	-0.22086167800453518
BRD-K69116396	0.24217687074829927	0.18730158730158727	-0.054875283446712
BRD-K19284129	0.24149659863945577	0.23253968253968252	-0.008956916099773242
BRD-A39935389	0.24138321995464856	0.21156462585034014	-0.029818594104308427
BRD-K76011241	0.24115646258503398	0.15827664399092967	-0.08287981859410432
BRD-K37865504	0.24104308390022677	0.17018140589569164	-0.07086167800453513
BRD-K58262659	0.2394557823129252	0.15839002267573699	-0.0810657596371882
BRD-K84011460	0.2391156462585034	0.16972789115646258	-0.06938775510204082
BRD-K73237276	0.23888888888888882	0.09920634920634919	-0.13968253968253963
BRD-K79684402	0.23877551020408164	0.1191609977324263	-0.11961451247165533
BRD-K03406345	0.2383219954648526	0.06632653061224492	-0.1719954648526077
BRD-K40331046	0.2382086167800453	0.1334467120181405	-0.10476190476190478
BRD-K53097745	0.23809523809523814	0.10306122448979593	-0.1350340136054422
BRD-A68969091	0.23752834467120182	0.20668934240362813	-0.03083900226757369
BRD-K91825936	0.23752834467120182	0.16950113378684806	-0.06802721088435376
BRD-K84892605	0.23673469387755097	0.17789115646258502	-0.05884353741496595
BRD-A73427433	0.2365079365079365	0.18310657596371882	-0.05340136054421769
BRD-K95435023	0.235374149659864	0.2099773242630386	-0.025396825396825397
BRD-K20463415	0.2352607709750566	0.20521541950113376	-0.030045351473922843
BRD-K76037122	0.2349206349206349	0.04297052154195011	-0.19195011337868478
BRD-K37249724	0.23458049886621324	0.11712018140589575	-0.11746031746031749
BRD-K70821460	0.23458049886621316	0.08265306122448979	-0.15192743764172337
BRD-A00077618	0.23424036281179145	0.08990929705215422	-0.14433106575963722
BRD-K06854232	0.2331065759637188	0.2277777777777778	-0.005328798185941008
BRD-K75649340	0.23299319727891163	0.05623582766439908	-0.17675736961451255
BRD-K98795921	0.23185941043083907	0.22936507936507944	-0.002494331065759637
BRD-K68633617	0.2317460317460317	0.15521541950113377	-0.07653061224489795
BRD-K51324732	0.2316326530612245	0.12312925170068026	-0.10850340136054422
BRD-A25569250	0.23095238095238102	0.09092970521541954	-0.14002267573696148
BRD-K50677762	0.2309523809523809	0.005555555555555536	-0.22539682539682537
BRD-K13183738	0.230498866213152	0.132312925170068	-0.09818594104308398
BRD-K68065987	0.22993197278911565	0.1085034013605442	-0.12142857142857144
BRD-K66296774	0.22936507936507944	0.16405895691609984	-0.0653061224489796
BRD-K46392623	0.22936507936507933	0.18367346938775508	-0.04569160997732424
BRD-K10670311	0.22902494331065756	0.15748299319727888	-0.07154195011337869
BRD-K24187789	0.2285714285714286	0.20634920634920634	-0.022222222222222254
BRD-K25837718	0.2281179138321996	0.19977324263038554	-0.02834467120181406
BRD-K29542628	0.22777777777777775	0.05646258503401358	-0.17131519274376417
BRD-K45252063	0.22766439909297054	0.15181405895691608	-0.07585034013605446
BRD-K86930074	0.22755102040816322	0.16791383219954648	-0.05963718820861674
BRD-K87827419	0.2273242630385487	0.21462585034013604	-0.012698412698412653
BRD-K59929863	0.2273242630385487	0.15702947845804982	-0.07029478458049887
BRD-K62196610	0.22709750566893427	0.14682539682539686	-0.08027210884353742
BRD-K62810658	0.22641723356009066	0.21099773242630382	-0.015419501133786848
BRD-K13566078	0.2253968253968254	0.18741496598639454	-0.03798185941043086
BRD-K17705806	0.22517006802721096	0.12505668934240366	-0.1001133786848073
BRD-K04552268	0.22494331065759643	0.07981859410430836	-0.14512471655328807
BRD-K45662124	0.22426303854875285	0.1873015873015873	-0.03696145124716554
BRD-K08109215	0.2242630385487528	0.08038548752834462	-0.14387755102040817
BRD-K43002771	0.22414965986394564	0.014058956916099818	-0.21009070294784582
BRD-K99964838	0.22414965986394553	0.028117913832199526	-0.196031746031746
BRD-K49111258	0.22403628117913832	0.17108843537414964	-0.05294784580498868
BRD-K73391359	0.22380952380952385	0.07709750566893425	-0.1467120181405896
BRD-K08619838	0.22380952380952374	0.1284580498866213	-0.09535147392290244
BRD-K21283037	0.223469387755102	0.10351473922902493	-0.11995464852607707
BRD-K57169635	0.2233560090702948	0.1891156462585034	-0.03424036281179139
BRD-A22707317	0.22324263038548753	0.09693877551020408	-0.12630385487528345
BRD-K96104201	0.22324263038548753	0.15612244897959182	-0.0671201814058957
BRD-K04568635	0.22278911564625853	0.12006802721088435	-0.1027210884353742
BRD-K71221037	0.2226757369614513	0.025396825396825418	-0.19727891156462588
BRD-A14344385	0.22267573696145126	0.09784580498866212	-0.12482993197278913
BRD-K03549949	0.222562358276644	0.18072562358276645	-0.041836734693877546
BRD-K11215326	0.2223356009070295	0.16598639455782313	-0.05634920634920637
BRD-K35245662	0.22233560090702945	0.17562358276643986	-0.04671201814058959
BRD-K17075857	0.222108843537415	0.08401360544217684	-0.13809523809523816
BRD-K55305701	0.22199546485260768	0.1299319727891156	-0.09206349206349207
BRD-A06352418	0.2217687074829932	0.17437641723356007	-0.047392290249433144
BRD-K73753850	0.22142857142857147	0.049206349206349254	-0.17222222222222222
BRD-K12539581	0.2213151927437642	0.053401360544217735	-0.16791383219954648
BRD-K21680192	0.22074829931972792	0.21213151927437646	-0.008616780045351474
BRD-K79254416	0.22074829931972784	0.15476190476190477	-0.06598639455782307
BRD-K75295174	0.22052154195011334	0.06564625850340133	-0.154875283446712
BRD-A16700644	0.22040816326530613	0.2139455782312925	-0.006462585034013605
BRD-K04833372	0.22006802721088436	0.2046485260770975	-0.015419501133786873
BRD-K49075727	0.2197278911564626	0.18253968253968256	-0.037188208616780044
BRD-K99792991	0.21916099773242637	0.002947845804988636	-0.21621315192743773
BRD-K79584249	0.2190476190476191	0.13866213151927442	-0.08038548752834467
BRD-A10039652	0.21904761904761907	0.19183673469387758	-0.027210884353741496
BRD-K52756523	0.21904761904761902	0.1517006802721088	-0.0673469387755102
BRD-K16485616	0.2187074829931972	0.04625850340136051	-0.1724489795918367
BRD-K38904395	0.21836734693877558	0.15975056689342404	-0.058616780045351535
BRD-K03384561	0.21825396825396826	0.18560090702947846	-0.0326530612244898
BRD-K33882852	0.21791383219954644	0.2151927437641723	-0.0027210884353741495
BRD-K30577245	0.217687074829932	0.0243764172335601	-0.1933106575963719
BRD-K16136380	0.21712018140589567	0.13344671201814057	-0.0836734693877551
BRD-K37764012	0.2170068027210884	0.17290249433106575	-0.04410430839002266
BRD-K27799744	0.21678004535147394	0.1497732426303855	-0.06700680272108844
BRD-K76239644	0.21678004535147388	0.12097505668934239	-0.0958049886621315
BRD-K45293975	0.21655328798185947	0.17052154195011338	-0.04603174603174609
BRD-A03216249	0.21655328798185944	0.0513605442176871	-0.16519274376417234
BRD-A64092382	0.2165532879818594	0.16712018140589568	-0.04943310657596372
BRD-K69932463	0.21598639455782312	0.16462585034013605	-0.05136054421768708
BRD-A57798112	0.21564625850340136	0.20056689342403633	-0.015079365079365026
BRD-A02180903	0.21553287981859418	0.20102040816326538	-0.014512471655328797
BRD-K84798689	0.2155328798185941	0.17789115646258502	-0.03764172335600907
BRD-K49049886	0.21553287981859404	0.146485260770975	-0.06904761904761902
BRD-A95121829	0.21541950113378683	0.08741496598639453	-0.1280045351473923
BRD-K94720315	0.2151927437641724	0.10839002267573705	-0.10680272108843536
BRD-A17883755	0.21519274376417233	0.1268707482993197	-0.08832199546485262
BRD-K00317371	0.21496598639455783	0.16281179138321994	-0.05215419501133789
BRD-K79821389	0.21473922902494327	0.18140589569160995	-0.033333333333333326
BRD-K40175214	0.21451247165532883	0.17630385487528344	-0.03820861678004539
BRD-K89162000	0.2138321995464852	0.00011337868480720825	-0.21371882086167798
BRD-A44090213	0.21349206349206348	0.10804988662131518	-0.1054421768707483
BRD-K45401373	0.21337868480725625	0.15975056689342404	-0.0536281179138322
BRD-K77638923	0.21326530612244898	0.13390022675736957	-0.07936507936507942
BRD-K23952234	0.21326530612244893	0.17834467120181402	-0.03492063492063492
BRD-K62627508	0.2131519274376418	0.19024943310657605	-0.02290249433106576
BRD-K07955840	0.21292517006802725	0.1351473922902494	-0.07777777777777783
BRD-K20468903	0.21258503401360535	0.09795918367346938	-0.11462585034013595
BRD-K45033733	0.2122448979591837	0.13219954648526078	-0.08004535147392292
BRD-K69726342	0.21145124716553293	0.026077097505669	-0.18537414965986393
BRD-A81370665	0.21133786848072555	0.12131519274376412	-0.09002267573696143
BRD-A23067620	0.21111111111111114	0.1244897959183674	-0.08662131519274374
BRD-A26503646	0.21088435374149664	0.18854875283446715	-0.02233560090702948
BRD-K48195008	0.21054421768707482	0.10600907029478457	-0.10453514739229025
BRD-K47049295	0.2105442176870748	0.2091836734693877	-0.0013605442176870747
BRD-K60443845	0.21054421768707476	0.20102040816326527	-0.00952380952380949
BRD-K19085898	0.20929705215419503	0.16337868480725626	-0.04591836734693877
BRD-K67566344	0.20873015873015877	0.16383219954648526	-0.04489795918367351
BRD-K47557313	0.2085034013605443	0.09512471655328802	-0.11337868480725627
BRD-K37618799	0.20850340136054424	0.06700680272108839	-0.14149659863945585
BRD-K87700323	0.20804988662131516	0.08616780045351469	-0.12188208616780047
BRD-K44067360	0.20759637188208624	0.10589569160997736	-0.10170068027210888
BRD-K68567222	0.20759637188208618	0.1399092970521542	-0.06768707482993197
BRD-A48300215	0.20748299319727892	0.1880952380952381	-0.019387755102040827
BRD-K19540840	0.20748299319727892	0.1603174603174603	-0.04716553287981862
BRD-K26305185	0.20680272108843545	0.07176870748299324	-0.1350340136054422
BRD-A25004090	0.20623582766439905	0.2024943310657596	-0.0037414965986394557
BRD-K85606544	0.2058956916099774	0.1768707482993198	-0.029024943310657594
BRD-K42805893	0.2056689342403628	0.0836734693877551	-0.12199546485260772
BRD-K86727142	0.20532879818594102	0.1577097505668934	-0.047619047619047616
BRD-A24587114	0.20487528344671196	0.13390022675736962	-0.07097505668934234
BRD-K42756753	0.20442176870748296	0.19229024943310657	-0.01213151927437639
BRD-K07881437	0.20430839002267573	0.15215419501133787	-0.05215419501133786
BRD-K60446698	0.20374149659863935	0.1875283446712018	-0.016213151927437552
BRD-K54247840	0.2031746031746032	0.14240362811791385	-0.060770975056689346
BRD-K43187018	0.20306122448979594	0.0697278911564626	-0.13333333333333333
BRD-K07736136	0.2029478458049887	0.03390022675736959	-0.1690476190476191
BRD-K95573441	0.2026077097505669	0.1219954648526077	-0.0806122448979592
BRD-K11663430	0.2021541950113379	0.17369614512471654	-0.028458049886621373
BRD-M29182745	0.20192743764172338	0.08571428571428574	-0.11621315192743764
BRD-K67298865	0.2017006802721088	0.19319727891156457	-0.008503401360544218
BRD-K09443272	0.2015873015873016	0.1699546485260771	-0.031632653061224494
BRD-A66419424	0.20136054421768707	0.1468253968253968	-0.05453514739229026
BRD-K46585355	0.20136054421768707	0.03990929705215418	-0.16145124716553289
BRD-K32107296	0.2012471655328799	0.12868480725623588	-0.07256235827664403
BRD-K59866480	0.20124716553287975	0.0967120181405895	-0.10453514739229025
BRD-K19796430	0.20022675736961448	0.135827664399093	-0.06439909297052149
BRD-A36331462	0.19999999999999996	0.10430839002267572	-0.09569160997732423
BRD-K61567297	0.19920634920634928	0.058730158730158744	-0.14047619047619053
BRD-K00615600	0.19897959183673466	0.16848072562358274	-0.030498866213151926
BRD-A03506276	0.19886621315192737	0.08718820861678	-0.11167800453514738
BRD-K04623885	0.1981859410430839	0.13061224489795917	-0.06757369614512472
BRD-K30867024	0.19795918367346937	0.18605442176870746	-0.011904761904761904
BRD-K96259238	0.1978458049886621	0.16587301587301584	-0.03197278911564627
BRD-A81541225	0.19716553287981858	0.11734693877551017	-0.07981859410430842
BRD-K47832606	0.1969387755102041	0.08253968253968258	-0.11439909297052153
BRD-K47598052	0.19659863945578232	0.1219954648526077	-0.07460317460317462
BRD-K10843433	0.19648526077097517	0.0653061224489796	-0.13117913832199557
BRD-K99946902	0.19421768707482995	0.18412698412698414	-0.010090702947845805
BRD-A57382968	0.19297052154195005	0.041269841269841234	-0.1517006802721088
BRD-K49456274	0.19138321995464852	0.03968253968253965	-0.15170068027210887
BRD-A10903566	0.19115646258503394	0.13526077097505662	-0.055895691609977316
BRD-K17894950	0.19024943310657594	0.12517006802721087	-0.06507936507936507
BRD-K56483981	0.1901360544217687	0.17811791383219955	-0.012018140589569161
BRD-K45875383	0.18922902494331065	0.1802721088435374	-0.008956916099773242
BRD-K13049116	0.18888888888888883	0.13129251700680267	-0.057596371882086175
BRD-K45724504	0.1884353741496599	0.1218820861678005	-0.06655328798185942
BRD-K12244279	0.18843537414965986	0.11020408163265305	-0.0782312925170068
BRD-K75352575	0.18798185941043083	0.005328798185941008	-0.18265306122448982
BRD-K68747584	0.18707482993197277	0.13095238095238093	-0.05612244897959184
BRD-K92428232	0.18673469387755104	0.030839002267573745	-0.1558956916099773
BRD-K61936403	0.18650793650793654	0.004875283446712064	-0.18163265306122447
BRD-A80017228	0.18650793650793648	0.18015873015873013	-0.006349206349206349
BRD-K64890080	0.18639455782312922	0.16326530612244894	-0.023129251700680274
BRD-K94176593	0.1850340136054422	0.1111111111111111	-0.07392290249433109
BRD-K60230970	0.18401360544217688	0.07573696145124716	-0.1082766439909297
BRD-K11073688	0.18378684807256238	0.12403628117913831	-0.05975056689342406
BRD-K09090949	0.1833333333333334	0.14807256235827665	-0.035260770975056754
BRD-K69608737	0.18276643990929708	0.06553287981859413	-0.11723356009070296
BRD-A49765801	0.18265306122448988	0.12154195011337876	-0.06111111111111111
BRD-K68174511	0.18253968253968256	0.06621315192743771	-0.11632653061224485
BRD-A67097164	0.18253968253968247	0.07777777777777772	-0.10476190476190475
BRD-K13249881	0.18219954648526082	0.0130385487528345	-0.16916099773242632
BRD-K59317601	0.18197278911564624	0.09693877551020405	-0.08503401360544217
BRD-K78496197	0.18106575963718818	0.15317460317460319	-0.027891156462585
BRD-K82091397	0.18106575963718816	0.17052154195011332	-0.01054421768707483
BRD-K16180792	0.18061224489795918	0.03537414965986396	-0.14523809523809522
BRD-K70163715	0.17981859410430837	0.1167800453514739	-0.06303854875283446
BRD-K24603946	0.17970521541950113	0.15192743764172334	-0.027777777777777776
BRD-K53665955	0.1794784580498866	0.10657596371882083	-0.07290249433106577
BRD-K46386702	0.17925170068027213	0.04999999999999999	-0.12925170068027214
BRD-K98384930	0.17891156462585034	0.15045351473922908	-0.02845804988662126
BRD-A48237631	0.1784580498866213	0.05804988662131516	-0.12040816326530615
BRD-K39171998	0.17845804988662128	0.15736961451247164	-0.02108843537414966
BRD-K92241597	0.17811791383219955	0.13605442176870752	-0.042063492063492025
BRD-K23204545	0.17709750566893426	0.1759637188208617	-0.0011337868480725624
BRD-K97714174	0.17698412698412705	0.06780045351473929	-0.10918367346938776
BRD-K77987382	0.17687074829931973	0.1481859410430839	-0.028684807256235827
BRD-K64881305	0.17641723356009065	0.10907029478458052	-0.06734693877551012
BRD-K44993696	0.1760770975056689	0.15136054421768708	-0.024716553287981835
BRD-K26619122	0.1747165532879819	0.13866213151927442	-0.03605442176870748
BRD-K82846253	0.1747165532879819	0.17380952380952386	-0.0009070294784580499
BRD-K68202742	0.1746031746031746	0.1659863945578231	-0.008616780045351477
BRD-K68904758	0.17448979591836733	0.031746031746031744	-0.14274376417233559
BRD-K54095730	0.17448979591836727	0.12448979591836734	-0.04999999999999993
BRD-A55312468	0.17437641723356012	0.14943310657596376	-0.024943310657596363
BRD-K70505054	0.1738095238095238	0.08922902494331064	-0.08458049886621316
BRD-K65781196	0.17335600907029478	0.1391156462585034	-0.03424036281179138
BRD-K53123955	0.17290249433106586	0.05578231292517011	-0.11712018140589575
BRD-K53523901	0.17210884353741507	0.032539682539682535	-0.13956916099773253
BRD-K51747290	0.17131519274376417	0.0357142857142857	-0.13560090702947847
BRD-A49358627	0.17131519274376414	0.0688208616780045	-0.10249433106575964
BRD-K54262262	0.17108843537414964	0.022789115646258518	-0.14829931972789112
BRD-K64888243	0.16927437641723359	0.016213151927437663	-0.15306122448979592
BRD-K62762455	0.1690476190476191	0.026303854875283417	-0.1427437641723357
BRD-K75037734	0.16870748299319727	0.0965986394557823	-0.07210884353741498
BRD-K35240538	0.16859410430838995	0.14047619047619042	-0.028117913832199526
BRD-K24576554	0.16791383219954648	0.07358276643990924	-0.09433106575963723
BRD-K85333151	0.16655328798185942	0.11031746031746031	-0.05623582766439911
BRD-K78567475	0.1663265306122449	0.04172335600907029	-0.1246031746031746
BRD-K61536336	0.16587301587301584	0.10317460317460314	-0.0626984126984127
BRD-K27182532	0.16553287981859408	0.0732426303854875	-0.09229024943310657
BRD-K72703948	0.1634920634920635	0.15634920634920635	-0.007142857142857143
BRD-K43471985	0.16303854875283444	0.15816326530612243	-0.004875283446712018
BRD-K95785345	0.1629251700680272	0.03979591836734697	-0.12312925170068023
BRD-K77554836	0.16269841269841268	0.05442176870748294	-0.10827664399092973
BRD-K68870568	0.1625850340136055	0.13027210884353746	-0.03231292517006803
BRD-K83257731	0.1612244897959183	0.04784580498866209	-0.11337868480725621
BRD-K75478907	0.16099773242630394	0.12256235827664408	-0.03843537414965986
BRD-K68532323	0.16077097505668933	0.14160997732426303	-0.019160997732426303
BRD-K56343971	0.16065759637188204	0.07528344671201814	-0.0853741496598639
BRD-K12787259	0.1604308390022676	0.08650793650793653	-0.07392290249433106
BRD-K50866992	0.15997732426303854	0.1577097505668934	-0.0022675736961451248
BRD-K01507359	0.1587301587301588	0.15646258503401367	-0.0022675736961451248
BRD-K36739687	0.15816326530612246	0.1062358276643991	-0.051927437641723355
BRD-A09722536	0.15804988662131514	0.1385487528344671	-0.019501133786848035
BRD-K89299012	0.15793650793650793	0.01473922902494329	-0.14319727891156464
BRD-K73293050	0.15759637188208617	0.13242630385487528	-0.025170068027210883
BRD-K66097663	0.15759637188208614	0.048979591836734684	-0.10861678004535147
BRD-K55675242	0.15691609977324272	0.1463718820861678	-0.01054421768707492
BRD-K96159438	0.1569160997732426	0.10442176870748299	-0.052494331065759625
BRD-K36386086	0.1569160997732426	0.053287981859410416	-0.10362811791383221
BRD-K36198571	0.15668934240362803	0.1552154195011337	-0.0014739229024943311
BRD-K40255344	0.1564625850340136	0.04693877551020409	-0.10952380952380952
BRD-A56085258	0.1561224489795918	0.03027210884353737	-0.12585034013605442
BRD-K62391742	0.15589569160997727	0.04081632653061218	-0.11507936507936509
BRD-K54997624	0.15555555555555556	0.14274376417233559	-0.012811791383219973
BRD-K54314721	0.15419501133786856	0.10215419501133793	-0.05204081632653061
BRD-K31468676	0.15362811791383224	0.010657596371882128	-0.1429705215419501
BRD-K97764662	0.15204081632653058	0.0444444444444444	-0.10759637188208618
BRD-K22520627	0.15136054421768705	0.05124716553287978	-0.10011337868480727
BRD-K43905307	0.1506802721088435	0.08616780045351469	-0.06451247165532879
BRD-K49865102	0.14909297052154194	0.1417233560090703	-0.007369614512471645
BRD-A63546914	0.14750566893424039	0.08276643990929704	-0.06473922902494333
BRD-K94420399	0.14750566893424033	0.13015873015873014	-0.01734693877551019
BRD-K70246307	0.14693877551020415	0.14070294784580506	-0.006235827664399093
BRD-K71480163	0.14693877551020407	0.09501133786848072	-0.051927437641723355
BRD-K05445342	0.1468253968253968	0.14614512471655328	-0.0006802721088435374
BRD-K32501161	0.14659863945578233	0.015419501133786873	-0.13117913832199546
BRD-A60594020	0.14603174603174596	0.07721088435374146	-0.0688208616780045
BRD-K54094468	0.14557823129251707	0.011678004535147446	-0.13390022675736962
BRD-K53561341	0.1454648526077098	0.10351473922902499	-0.04195011337868482
BRD-K23363278	0.14410430839002267	0.05668934240362811	-0.08741496598639456
BRD-K90497590	0.14376417233560085	0.09795918367346934	-0.04580498866213151
BRD-K02764365	0.14319727891156464	0.11179138321995463	-0.03140589569161001
BRD-A92537424	0.1428571428571428	0.10158730158730157	-0.041269841269841234
BRD-K52075715	0.14274376417233547	0.08219954648526073	-0.06054421768707474
BRD-A39390670	0.14195011337868485	0.07120181405895698	-0.07074829931972787
BRD-K18961567	0.1392290249433107	0.08469387755102042	-0.05453514739229026
BRD-K59647213	0.13922902494331063	0.0191609977324263	-0.12006802721088433
BRD-K36467523	0.1384353741496599	0.026417233560090736	-0.11201814058956916
BRD-K44844162	0.13832199546485263	0.06553287981859413	-0.0727891156462585
BRD-K44827188	0.13775510204081637	0.13605442176870752	-0.0017006802721088435
BRD-K35329391	0.13752834467120184	0.0246031746031746	-0.11292517006802724
BRD-K63123526	0.13696145124716552	0.08990929705215422	-0.0470521541950113
BRD-A43671941	0.1367346938775511	0.011451247165532918	-0.1252834467120182
BRD-K81548480	0.13503401360544215	0.09535147392290248	-0.03968253968253968
BRD-K01669786	0.13446712018140594	0.13367346938775515	-0.0007936507936507937
BRD-K56301217	0.13106575963718814	0.053287981859410416	-0.07777777777777772
BRD-A74391928	0.13095238095238082	0.049773242630385406	-0.08117913832199541
BRD-K81405859	0.13015873015873017	0.03786848072562357	-0.0922902494331066
BRD-K50140147	0.12811791383219953	0.0810657596371882	-0.047052154195011325
BRD-K98548675	0.1281179138321995	0.06643990929705212	-0.06167800453514738
BRD-K19061412	0.1280045351473923	0.09614512471655334	-0.03185941043083895
BRD-K02241333	0.12721088435374145	0.010090702947845753	-0.11712018140589568
BRD-K49294207	0.1263038548752834	0.0654195011337868	-0.060884353741496595
BRD-K96233303	0.12585034013605437	0.09274376417233557	-0.0331065759637188
BRD-K86816506	0.12482993197278913	0.08129251700680273	-0.04353741496598639
BRD-K26823213	0.1241496598639456	0.09909297052154198	-0.02505668934240363
BRD-K99545815	0.12176870748299329	0.06995464852607713	-0.051814058956916154
BRD-K87124298	0.12176870748299318	0.09863945578231291	-0.023129251700680274
BRD-K60866521	0.12074829931972789	0.11405895691609977	-0.006689342403628118
BRD-K44009692	0.11995464852607715	0.09614512471655334	-0.023809523809523808
BRD-K34022604	0.11893424036281183	0.0565759637188209	-0.062358276643990934
BRD-K77841042	0.11859410430839001	0.0922902494331066	-0.026303854875283417
BRD-A60786380	0.11780045351473918	0.08333333333333333	-0.03446712018140585
BRD-K41141507	0.11768707482993201	0.06054421768707485	-0.05714285714285716
BRD-A17846016	0.11768707482993196	0.0380952380952381	-0.07959183673469386
BRD-K60237333	0.11700680272108842	0.06031746031746031	-0.05668934240362811
BRD-A30886737	0.1168934240362812	0.07891156462585033	-0.03798185941043086
BRD-K08799216	0.11530612244897956	0.07981859410430836	-0.0354875283446712
BRD-K29968218	0.11507936507936511	0.04761904761904767	-0.06746031746031744
BRD-K86797399	0.11473922902494327	0.0071428571428571175	-0.10759637188208615
BRD-K85146014	0.11405895691609975	0.06666666666666665	-0.0473922902494331
BRD-A64553394	0.11303854875283448	0.1123582766439909	-0.0006802721088435826
BRD-K28537285	0.11292517006802721	0.04274376417233561	-0.0701814058956916
BRD-A91733352	0.11269841269841273	0.04977324263038552	-0.06292517006802721
BRD-K58550667	0.11269841269841269	0.07505668934240362	-0.03764172335600907
BRD-K64120610	0.11179138321995463	0.01575963718820861	-0.09603174603174602
BRD-K90647725	0.11156462585034015	0.05453514739229026	-0.057029478458049884
BRD-K32405725	0.11009070294784581	0.07834467120181406	-0.03174603174603175
BRD-K62200014	0.10907029478458047	0.08662131519274374	-0.022448979591836733
BRD-K86525559	0.10884353741496597	0.10759637188208615	-0.0012471655328798186
BRD-K52233191	0.10804988662131518	0.10340136054421767	-0.0046485260770975055
BRD-K34073885	0.10657596371882086	0.1002267573696145	-0.006349206349206349
BRD-K02594908	0.10646258503401362	0.007369614512471645	-0.09909297052154198
BRD-K62374002	0.10566893424036278	0.05646258503401358	-0.0492063492063492
BRD-K18787491	0.10487528344671204	0.02346938775510199	-0.08140589569161005
BRD-K68336408	0.10442176870748304	0.05192743764172336	-0.05249433106575968
BRD-A19585813	0.1038548752834467	0.043877551020408134	-0.059977324263038555
BRD-K53417444	0.10170068027210885	0.07551020408163267	-0.026190476190476188
BRD-K48988407	0.10113378684807248	0.06893424036281179	-0.03219954648526069
BRD-K19687926	0.10079365079365081	0.09648526077097508	-0.004308390022675737
BRD-K16277217	0.09988662131519277	0.0018140589569161092	-0.09807256235827666
BRD-K15898725	0.0997732426303855	0.00045351473922905505	-0.09931972789115645
BRD-K14385366	0.09954648526077094	0.09637188208616776	-0.0031746031746031746
BRD-K72093121	0.09795918367346937	0.057936507936507925	-0.04002267573696145
BRD-K59146805	0.09761904761904766	0.0208616780045352	-0.07675736961451246
BRD-K67173685	0.09671201814058966	0.012471655328798237	-0.08424036281179142
BRD-A00758722	0.09637188208616776	0.04863945578231288	-0.04773242630385487
BRD-K08248804	0.09580498866213148	0.017913832199546453	-0.07789115646258503
BRD-K93568044	0.09535147392290241	0.06473922902494322	-0.030612244897959183
BRD-K47978074	0.09047619047619054	0.0208616780045352	-0.06961451247165534
BRD-K54187111	0.08956916099773238	0.01893424036281177	-0.0706349206349206
BRD-K21718444	0.08945578231292517	0.02596371882086168	-0.06349206349206349
BRD-K28570407	0.08900226757369611	0.002947845804988636	-0.08605442176870748
BRD-K84868168	0.0888888888888889	0.025396825396825418	-0.06349206349206349
BRD-A47953250	0.08775510204081627	0.01734693877551019	-0.07040816326530608
BRD-K78659596	0.08718820861678006	0.061111111111111116	-0.026077097505668945
BRD-K87909389	0.08718820861678006	0.06950113378684808	-0.017687074829931974
BRD-K81613478	0.08639455782312921	0.036961451247165544	-0.04943310657596367
BRD-K63932022	0.08582766439909292	0.07698412698412693	-0.008843537414965987
BRD-K28822270	0.08526077097505672	0.011224489795918391	-0.07403628117913832
BRD-K21361524	0.08514739229024942	0.08038548752834467	-0.004761904761904762
BRD-K24593301	0.08424036281179141	0.004648526077097537	-0.07959183673469387
BRD-A18696154	0.08197278911564632	0.05408163265306121	-0.02789115646258511
BRD-K69001009	0.08117913832199541	0.015192743764172345	-0.06598639455782307
BRD-K68346641	0.08072562358276639	0.007709750566893381	-0.073015873015873
BRD-K11640013	0.07879818594104315	0.0331065759637188	-0.045691609977324354
BRD-K64866502	0.07857142857142863	0.03900226757369618	-0.039569160997732444
BRD-A58564983	0.07834467120181404	0.0383219954648526	-0.04002267573696145
BRD-K03063480	0.07789115646258499	0.024489795918367308	-0.05340136054421769
BRD-K66715657	0.07755102040816325	0.06678004535147392	-0.010770975056689336
BRD-K00634421	0.07687074829931972	0.010204081632653073	-0.06666666666666665
BRD-K00312224	0.07585034013605439	0.06723356009070292	-0.008616780045351474
BRD-A23127772	0.07562358276643988	0.025623582766439945	-0.04999999999999993
BRD-K83607951	0.07528344671201809	0.023922902494331044	-0.05136054421768704
BRD-K80700417	0.07471655328798191	0.020634920634920673	-0.05408163265306123
BRD-K20958582	0.0717687074829932	0.061111111111111116	-0.010657596371882086
BRD-A75919782	0.07176870748299316	0.011904761904761862	-0.05986394557823129
BRD-K23984367	0.0699546485260771	0.054421768707483	-0.015532879818594105
BRD-K83988098	0.06859410430839001	0.002154195011337845	-0.06643990929705217
BRD-K26712974	0.06859410430839	0.01575963718820861	-0.05283446712018139
BRD-K89085489	0.0682539682539682	0.06292517006802717	-0.005328798185941043
BRD-A10523515	0.068140589569161	0.06190476190476191	-0.006235827664399093
BRD-K65928735	0.06791383219954653	0.01224489795918371	-0.05566893424036281
BRD-K19388745	0.06598639455782308	0.0654195011337868	-0.0005668934240362812
BRD-K13409143	0.06485260770975057	0.026757369614512472	-0.0380952380952381
BRD-K72414522	0.06258503401360549	0.02879818594104311	-0.03378684807256238
BRD-K28307902	0.06235827664399085	0.003968253968253954	-0.0583900226757369
BRD-K12184916	0.06099773242630391	0.026643990929705264	-0.034353741496598644
BRD-K33813875	0.05827664399092969	0.0031746031746031633	-0.055102040816326525
BRD-K77677632	0.053174603174603166	0.03219954648526077	-0.020975056689342395
BRD-K38860038	0.05283446712018136	0.0104308390022676	-0.04240362811791376
BRD-K93123848	0.052494331065759625	0.036961451247165544	-0.01553287981859408
BRD-K50853363	0.050566893424036294	0.04455782312925172	-0.0060090702947845805
BRD-K77008974	0.050340136054421745	0.0013605442176870541	-0.04897959183673469
BRD-A98990573	0.049546485260770975	0.027551020408163263	-0.02199546485260771
BRD-K81074237	0.04251700680272103	0.0418367346938775	-0.0006802721088435374
BRD-K04622161	0.04240362811791387	0.019841269841269882	-0.02256235827664399
BRD-A27883417	0.042176870748299365	0.04160997732426308	-0.0005668934240362812
BRD-K39484304	0.04070294784580497	0.016780045351473927	-0.023922902494331044
BRD-K09877029	0.0383219954648526	0.006349206349206327	-0.03197278911564627
BRD-K72723676	0.03469387755102049	0.013832199546485291	-0.0208616780045352
BRD-K41278234	0.034693877551020436	0.023809523809523836	-0.010884353741496598
BRD-A28467416	0.03390022675736963	0.017006802721088454	-0.01689342403628118
BRD-K32007074	0.029478458049886583	0.006122448979591799	-0.023356009070294784
BRD-K88625236	0.026643990929705173	0.016099773242630344	-0.01054421768707483
BRD-K68502831	0.02346938775510199	0.017120181405895663	-0.006349206349206327
BRD-K05104363	0.02301587301587301	0.0191609977324263	-0.003854875283446712
BRD-K89015388	0.022108843537414977	0.010997732426303863	-0.011111111111111112
BRD-K79145628	0.02018140589569173	0.007482993197278964	-0.012698412698412764
BRD-K28542495	0.019387755102040775	0.0027210884353741083	-0.016666666666666666
